id,created_at,text
968299403558600704,2018-02-27 01:39:02,b'Welcome onboard. Marine National Facility is part of the 6CGC conference. #RVInvestigator #CSIRO @CSIROnews https://t.co/bLCX4zOz1h'
967840097734291456,2018-02-25 19:13:55,b'Quieres ver un amanecer como este?  Te esperamos en #Hobart 22-23 Noviembre en la #6CGC #Hobart2018 #PhD #science\xe2\x80\xa6 https://t.co/rGtETjWKKF'
967695672504758273,2018-02-25 09:40:01,"b""RT @ithinkwellHugh: Paper submitted. Celebration.\nPaper accepted. Celebration.\nPaper published. Celebration.\nIt's important to mark your ac\xe2\x80\xa6"""
967622582634610688,2018-02-25 04:49:35,b'Happy Sunday from #Hobart #Tasmania #6CGC #Australia #Chile https://t.co/sQ0nQyRBfV'
966799377879638016,2018-02-22 22:18:28,b'What about is your plan A is to come to Tassie on the 22-23 Nov 2018 for the 6th_CGC? and your plan B is to take th\xe2\x80\xa6 https://t.co/TLSbYvZkRV'
966460099706347520,2018-02-21 23:50:18,"b""RT @CSIROnews: Hi #Hobart, we're back! You look well. What has #RVInvestigator been doing since we left 42 days ago? Well, we've been busy.\xe2\x80\xa6"""
965915936476692480,2018-02-20 11:47:59,"b""RT @5th_CGC: Getting your work published is one of the most challenging tasks for graduate students... That's why a workshop with journal e\xe2\x80\xa6"""
965880206698332160,2018-02-20 09:26:01,"b""Getting your work published is one of the most challenging tasks for graduate students... That's why a workshop wit\xe2\x80\xa6 https://t.co/cRhMPqkBKI"""
965349761384562689,2018-02-18 22:18:13,"b'For our conference, the magic number is 276 days for 6CGC #Chile #Hobart #phdlife #Postgraduate #science @CSIROnews\xe2\x80\xa6 https://t.co/u3hNCcPjz9'"
965037515425001476,2018-02-18 01:37:27,b'DOG DAYS... Happy Chinese New Year 2018! see you in #Hobart #Chile #6CGC https://t.co/LcrfiGFkvA'
964323260543332352,2018-02-16 02:19:16,"b'Faltan 279 dias para la 6th #Chilean #Graduate #Conference en #Hobart (#Tasmania, #Australia) 22 y 23 de Noviembre\xe2\x80\xa6 https://t.co/ygrChjbX5l'"
963921460749254657,2018-02-14 23:42:39,b'Ya tenemos fecha para la Sexta version de la conferencia de estudiantes chilenos en Australia a realizarse en la ti\xe2\x80\xa6 https://t.co/0nHN76eWwP'
916078483058462720,2017-10-05 23:11:44,"b""Ya damos comienzo al segundo d\xc3\xada de conferencia! Dr. Rodrigo Palma. Goal: 'Sustainable Energy' #cgc #chile #science https://t.co/hgA3J4zH3p"""
915812792267030528,2017-10-05 05:35:59,b'Jornada de discusi\xc3\xb3n. Opciones de Reinserci\xc3\xb3n #BecasChile #sustainability #science https://t.co/zUi3Clkh26'
915773660538929152,2017-10-05 03:00:29,"b""rapuncelilla's photo https://t.co/Q8B6Zxx4mY"""
915724550951727104,2017-10-04 23:45:20,b'Ya damos comienzo a la Quinta conferencia de estudiantes Chilenos en Australia! #5_CGC #sustainability #chile\xe2\x80\xa6 https://t.co/jJfYalkSeg'
