id,created_at,text
969747498930552832,2018-03-03 01:33:15,"b""https://t.co/3Ykk1CP7Bv @MaxStossel great video! I wonder if the @TimeWellSpentio concept can apply to 'clean' tech\xe2\x80\xa6 https://t.co/oNe9d9RAH6"""
969419512809381889,2018-03-02 03:49:57,b'@QUT HDR Orientation. Good to know that my feeling of being both excited and overwhelmed is normal at the start of\xe2\x80\xa6 https://t.co/eZgftX8SQ8'
968321589031915520,2018-02-27 03:07:12,"b""RT @ABCthedrum: Would corporate tax cuts trickle down to workers' wages? @MingYLong &amp; @RebeccaHuntley2 don't buy Govt's line #auspol #TheDr\xe2\x80\xa6"""
968220340911407104,2018-02-26 20:24:52,"b'RT @zerohedge: Rick Rule: ""Water Is The Most Mispriced Commodity In The World""  https://t.co/fbPsUITvDe'"
967875063792857088,2018-02-25 21:32:52,"b'These four non-tech job skills are in demand: contextualisation, curiosity, critical thinking, and ethical judgment\xe2\x80\xa6 https://t.co/1zRwMNTGbP'"
967515565307805696,2018-02-24 21:44:20,"b""The findings 'present a serious challenge to the \xe2\x80\x9cbusiness-as-usual\xe2\x80\x9d approach to sustainable development.' Cleantec\xe2\x80\xa6 https://t.co/ASuBdG5gtp"""
966991110135410688,2018-02-23 11:00:21,b'RT @AcademiaObscura: The best graph you are likely to see this week. https://t.co/4YMUMRmOFP'
965116560833634305,2018-02-18 06:51:33,b'RT @TheSocReview: https://t.co/GRhWNCCzyc'
962560091281965056,2018-02-11 05:33:03,b'RT @engadget: Tesla\xe2\x80\x99s big battery is undercutting Australia\xe2\x80\x99s energy cartels https://t.co/vJThzHnWV4'
962455388074295296,2018-02-10 22:37:00,"b""Watched 'The Jetsons' for the first time since I was a kid *spoiler* it's about listening to an indigenous populati\xe2\x80\xa6 https://t.co/SJ7sC3q0gL"""
951360797082501120,2018-01-11 07:51:04,"b'RT @NaomiAKlein: Why are so many news orgs, including @nytimes, not splashing this story on their front pages? NYC declared war on the rich\xe2\x80\xa6'"
948874440867106816,2018-01-04 11:11:10,b'RT @LSEImpactBlog: PhD students should be taught more about research impact and engagement https://t.co/I52BRHGHlA'
938181923662315520,2017-12-05 23:02:55,"b""Seeking: Coffee lovers who still use single-use cups in Brisbane - check out Brisbane City Council's #reusebne inti\xe2\x80\xa6 https://t.co/XykMRvzKIx"""
936128150412566528,2017-11-30 07:01:58,"b""@LohmeyerBen Thanks for the shout out @LohmeyerBen! I'm glad you could be present and will do :)"""
935149748436135936,2017-11-27 14:14:08,"b""@tasapostgrads @asintemple You're welcome \xf0\x9f\x98\x8a https://t.co/XYYuBrXn5q"""
882474454638448640,2017-07-05 05:41:20,"b'RT @stopadani: 5 hours later, and 15 @CommBank branches in the Hunter Valley closed their doors on the community rather than talk about Ada\xe2\x80\xa6'"
882453053336571904,2017-07-05 04:16:17,b'RT @stopadani: Apologies to any @CommBank customers in Newcastle that 7 branches chose to shut instead of talking about Adani. Time to swit\xe2\x80\xa6'
882428066076610561,2017-07-05 02:37:00,b'RT @BillRyan1922: Wonderful to be with this younger generation. Shutting #coalbank Future is in good hands #StopAdani 9 branches shut today\xe2\x80\xa6'
882428023391240192,2017-07-05 02:36:50,b'RT @FLACCoal: #CoalBank in Hamilton #StopAdani https://t.co/4VU2nkIxrU'
882420953531023360,2017-07-05 02:08:44,b'RT @FLACCoal: How many branches closed today @CommBank ? #StopAdani movement is growing. Rule out funding #coalbank and invest in #Renewabl\xe2\x80\xa6'
882420897750982656,2017-07-05 02:08:31,b'RT @stopadani: 1/4 @CommBank branches our community members in Newcastle are visiting today - nobody home! Leaving a message though. #StopA\xe2\x80\xa6'
882420858916003841,2017-07-05 02:08:22,"b'RT @stopadani: D.A.N.C.E. (Dancers Against New Coal Exports) outside @CommBank who shut before we got here, partying to keep it shut! #Stop\xe2\x80\xa6'"
882420775529005056,2017-07-05 02:08:02,"b'RT @reefdefenders: Invest in our future, a #renewable future! For generations to come, we will #StopAdani #ReefDefenders #Coalbank https://\xe2\x80\xa6'"
882410085783224320,2017-07-05 01:25:33,b'RT @HollyRoseBrooke: #stopadani protesters have shut down #coalbank branches across Newcastle https://t.co/w9rdCwZu19'
882409208263565312,2017-07-05 01:22:04,b'RT @FLACCoal: #coalbank @CommBank closed for climate wrecking business today in #newcastle #StopAdani pic by @knittingnannas https://t.co/0\xe2\x80\xa6'
882409161211781120,2017-07-05 01:21:53,"b'RT @stopadani: 200+ community members here in Newcastle pressuring @Commbank ahead of their August board meeting, to get a commitment to #S\xe2\x80\xa6'"
882409018609750017,2017-07-05 01:21:19,b'RT @3rdeyeguide: Fish are out of the water to #stopadani and fight the clowns on the ground. #coalbank @CommBank what about the dollarmites\xe2\x80\xa6'
882398372165853184,2017-07-05 00:39:00,"b'RT @CounterActOz: Uncle kenny, birri traditional owner thanks the students of sustainability @ASENenviro talking up strong to #stopadani #s\xe2\x80\xa6'"
882398259519512578,2017-07-05 00:38:33,"b'RT @reefdefenders: #ReefDefenders are gathering forces to #protectcountry &amp; #stopadani. Look out #CoalBank, you better dump @gautam_adani h\xe2\x80\xa6'"
882398192544792577,2017-07-05 00:38:17,"b'RT @GalileeBlockade: BREAKING: Citizens gathered in Newcastle have shut down 2 @CommBank branches, more to come. Follow and RT the action a\xe2\x80\xa6'"
882397960759255041,2017-07-05 00:37:22,b'RT @stopadani: 4 very lucky @CommBank branches here in Newcastle will soon hear in person why they should rule out funding Adani #Coalbank\xe2\x80\xa6'
882393322806853634,2017-07-05 00:18:56,"b""RT @stopadani: 200+ gathered in sunny Newcastle to let @CommBank know we're coming for em! #StopAdani #Coalbank https://t.co/0WfZ9Z6RFm"""
