id,created_at,text
970604662465363968,2018-03-05 10:19:19,"b'""Lakkaa puhumasta kiireest\xc3\xa4si ja ole l\xc3\xa4sn\xc3\xa4 \xe2\x80\x93 kiirett\xc3\xa4 voi itse v\xc3\xa4hent\xc3\xa4\xc3\xa4 ja se kannattaa."" Juuri n\xc3\xa4in! Jotkut tuntuv\xe2\x80\xa6 https://t.co/Jbxd7Z2Qxf'"
970234970374594560,2018-03-04 09:50:17,b'\xc3\x84l\xc3\xa4 keskity itseesi - hyv\xc3\xa4 el\xc3\xa4m\xc3\xa4 on yhteinen asia! Blogissani muutama ajatus el\xc3\xa4m\xc3\xa4n merkityksellisyydest\xc3\xa4 ja ihmiss\xe2\x80\xa6 https://t.co/zngiuRYQ3a'
969529849219043328,2018-03-02 11:08:23,"b'Mielenkiintoista, ett\xc3\xa4 t\xc3\xa4st\xc3\xa4 on tehty tutkimustakin - itse nimitt\xc3\xa4in kirjoitan usein seuraavan p\xc3\xa4iv\xc3\xa4n to do -listan\xe2\x80\xa6 https://t.co/m1IMBF6AMi'"
969489146858409984,2018-03-02 08:26:39,b'Kuinka ihana idea! https://t.co/TlCMK9Xf3U'
969128289599094784,2018-03-01 08:32:44,"b'Yll\xc3\xa4tys todellakin, mutta positiivinen sellainen! https://t.co/4YeroPS6Vv'"
968430381967073281,2018-02-27 10:19:30,b'RT @emmaseppala: Notice how you respond when people share good news with you. https://t.co/PgC7RXNoKV'
968040066525417472,2018-02-26 08:28:31,b'Kiinnostava teksti kosketuksen roolista hoitoty\xc3\xb6ss\xc3\xa4 :) https://t.co/0lhgbS1A04'
968039108735131648,2018-02-26 08:24:43,"b'Inspiroivia tarinoita meille, joille koululiikunta on j\xc3\xa4tt\xc3\xa4nyt l\xc3\xa4hinn\xc3\xa4 ik\xc3\xa4vi\xc3\xa4 muistoja ja huonommuudentunnetta. Its\xe2\x80\xa6 https://t.co/AcQDJpvQA6'"
967805597658832897,2018-02-25 16:56:50,"b'Blogissani ajatuksia siit\xc3\xa4, miten iso osa ihmisist\xc3\xa4 joutuu ty\xc3\xb6- ja kouluel\xc3\xa4m\xc3\xa4n vaatimana el\xc3\xa4m\xc3\xa4\xc3\xa4n eri aikaa kuin mit\xe2\x80\xa6 https://t.co/zOcPgXDjqT'"
966973733306068992,2018-02-23 09:51:18,"b'RT @hshyvinvointi: 26-vuotias mies paloi loppuun ty\xc3\xb6ss\xc3\xa4, eik\xc3\xa4 stressi hellitt\xc3\xa4nyt edes sairauslomalla \xe2\x80\x93 Tutkija: \xe2\x80\x9dOlen huolissani siit\xc3\xa4, mi\xe2\x80\xa6'"
966770054426750982,2018-02-22 20:21:57,b'Kulttuuriputki sen kun jatkuu hienoilla ja mieleenpainuvilla esityksill\xc3\xa4 - #1918teatteritaistelussa kannatti ehdott\xe2\x80\xa6 https://t.co/WEC1cftCRc'
966406734817488896,2018-02-21 20:18:15,"b'Kyll\xc3\xa4p\xc3\xa4 oli vaikuttava ooppera t\xc3\xa4m\xc3\xa4 #VeljeniVartija - hyvin rakennettu tarina, hieno musiikki, loistavat laulajat j\xe2\x80\xa6 https://t.co/MtAxbEIfIl'"
966212841266130944,2018-02-21 07:27:47,"b'""Ihminen on suhdelo, jonka \xe2\x80\x9ditsens\xc3\xa4\xe2\x80\x9d toteutus on parhaimmillaan l\xc3\xa4heisiin suuntautunutta ja yhteist\xc3\xa4 hyv\xc3\xa4\xc3\xa4 synnytt\xc3\xa4\xe2\x80\xa6 https://t.co/eEfq871dMZ'"
966212070386601984,2018-02-21 07:24:43,b'Hyvi\xc3\xa4 pointteja mielenterveysongelmista viestimisest\xc3\xa4 #mielenerveys #viestint\xc3\xa4 https://t.co/0OtUohB6tM'
965857018744659968,2018-02-20 07:53:52,b'Onpas kiinnostavaa! https://t.co/3TRE9Unk1t'
965845047165046784,2018-02-20 07:06:18,"b'RT @paraplyy: Vaikka oman ty\xc3\xb6n ja rauhoittumisen kannalta olisi hyv\xc3\xa4 l\xc3\xa4hett\xc3\xa4\xc3\xa4 s\xc3\xa4hk\xc3\xb6posteja ""ei-ty\xc3\xb6aikaan"" esim. \xc3\xb6isin ja viikonloppuisin, s\xe2\x80\xa6'"
965521346171146243,2018-02-19 09:40:02,"b'Tutkijan teht\xc3\xa4v\xc3\xa4n ei pit\xc3\xa4isi olla vain selvitt\xc3\xa4\xc3\xa4, miten asiat toimivat, vaan my\xc3\xb6s kertoa siit\xc3\xa4 - muillekin kuin kol\xe2\x80\xa6 https://t.co/Vkk4JvOGCo'"
965506262606675968,2018-02-19 08:40:05,"b'RT @MOulasmaa: Seksuaalikasvatusta tarvitaan vaippai\xc3\xa4st\xc3\xa4 l\xc3\xa4htien, jotta lapsi oppii kunnioittamaan itse\xc3\xa4\xc3\xa4n ja muita. https://t.co/4lMMZ46el\xe2\x80\xa6'"
965503455342350336,2018-02-19 08:28:56,"b'""Pelko on innostuneisuutta ilman hengityst\xc3\xa4"" - t\xc3\xa4m\xc3\xa4 huomattu monta kertaa k\xc3\xa4yt\xc3\xa4nn\xc3\xb6ss\xc3\xa4, mutta supert\xc3\xa4rke\xc3\xa4 ajatus ja\xe2\x80\xa6 https://t.co/khbwNBNcmb'"
965502176750600192,2018-02-19 08:23:51,b'T\xc3\xa4rke\xc3\xa4 n\xc3\xa4k\xc3\xb6kulma tutkimusty\xc3\xb6h\xc3\xb6n ja sen vaatimuksiin: palautumisesta ja omasta hyvinvoinnista huolehtiminen on t\xc3\xa4rke\xe2\x80\xa6 https://t.co/Ss9HaZsBXu'
964490735025377280,2018-02-16 13:24:45,"b'Tutkimusten mukaan sosiaalinen kanssak\xc3\xa4yminen lis\xc3\xa4\xc3\xa4 my\xc3\xb6nteisi\xc3\xa4 tunteita my\xc3\xb6s introverteilla, ja toisaalta ekstrover\xe2\x80\xa6 https://t.co/WHSqY3hBKD'"
964436629195599872,2018-02-16 09:49:45,b'#taide tekee hyv\xc3\xa4\xc3\xa4 :) #terveys #hyvinvointi https://t.co/OSXRqY1yuH'
964425340285153281,2018-02-16 09:04:53,"b'Todella mielenkiintoinen juttu ja t\xc3\xa4rke\xc3\xa4 muistutus siit\xc3\xa4, ett\xc3\xa4 erilaisista taustoista voi olla hy\xc3\xb6ty\xc3\xa4 terapeutin(ki\xe2\x80\xa6 https://t.co/z2PrwNNOyH'"
964047413831979008,2018-02-15 08:03:09,b'RT @jari_hakanen: Kiinnostava tutkimus: Esimiehen omat valtamotiivit v\xc3\xa4hent\xc3\xa4v\xc3\xa4t tukea ty\xc3\xb6ntekij\xc3\xa4n uusille ideoille ja varsinkin esimiehen k\xe2\x80\xa6'
963736338766946304,2018-02-14 11:27:03,b'RT @raevaara: Blogissa nyt: Tyhj\xc3\xa4 puhe br\xc3\xa4ndeist\xc3\xa4 turhauttaa https://t.co/dSwYhUiKOx'
963692717619470336,2018-02-14 08:33:43,b'RT @AnninaRop: Tolkkua asiantuntijan ty\xc3\xb6aikoihin https://t.co/g9GYEA41QM'
963495609733992449,2018-02-13 19:30:28,"b'Jospa offline onkin seuraava trendi - tai itse asiassa joissain porukoissa tuntuu jo v\xc3\xa4h\xc3\xa4n olevankin, ja siit\xc3\xa4 vois\xe2\x80\xa6 https://t.co/0q6ZRfhqar'"
963334823875051520,2018-02-13 08:51:34,b'Ett\xc3\xa4 sill\xc3\xa4 lailla. https://t.co/YFaXPrZvXw'
963332729604575232,2018-02-13 08:43:15,"b'RT @kristiinahalon1: Uunituoreen Ty\xc3\xb6oloparametrin ennakkotiedot kertovat, ett\xc3\xa4 palkansaajien kokemukset ty\xc3\xb6el\xc3\xa4m\xc3\xa4n laadusta olivat vuonna 20\xe2\x80\xa6'"
963323365854515200,2018-02-13 08:06:02,b'Kirjoitin Psykologiaa-blogiin muutaman ajatuksen psykologien roolista ja mahdollisuuksista mediassa :) #psykologi\xe2\x80\xa6 https://t.co/jbwGg9GmGZ'
962975831801909248,2018-02-12 09:05:04,"b'Mielenkiintoista uutta tutkimusta siit\xc3\xa4, johtuuko nukkumaanmenon lykk\xc3\xa4\xc3\xa4minen v\xc3\xa4ltt\xc3\xa4m\xc3\xa4tt\xc3\xa4 aina itsekurin puutteesta\xe2\x80\xa6 https://t.co/RBep2Pa7dS'"
962949574821384192,2018-02-12 07:20:44,b'Yst\xc3\xa4v\xc3\xa4llisyys ja kiitollisuus ovat t\xc3\xa4rkeit\xc3\xa4 my\xc3\xb6s t\xc3\xb6iss\xc3\xa4 - kiitos muistutuksesta @tyoterveys @jari_hakanen https://t.co/rEzbLS9GtB'
962638071031267328,2018-02-11 10:42:55,b'Vahva suositus t\xc3\xa4lle kirjalle! Lis\xc3\xa4\xc3\xa4 rupattelua siit\xc3\xa4 blogssani. #AivotTy\xc3\xb6ss\xc3\xa4 #ty\xc3\xb6hyvinvointi #oppiminen\xe2\x80\xa6 https://t.co/QPqnhj2S0g'
961890010675974144,2018-02-09 09:10:24,b'Jo tunti liikuntaa viikossa voi ehk\xc3\xa4ist\xc3\xa4 masennusta #masennus #mielenterveys #liikunta https://t.co/aarnJET7cw'
961322264024289281,2018-02-07 19:34:22,"b'Hauska teatteri-ilta (t\xc3\xa4ll\xc3\xa4 kertaa katsomon puolella, vaikka hauskaa siell\xc3\xa4 omissa ty\xc3\xb6v\xc3\xa4enopiston treeneiss\xc3\xa4kin on)\xe2\x80\xa6 https://t.co/n1Fr2Yp77a'"
961155645788622848,2018-02-07 08:32:18,b'@SarasvuoJari #aamulenkki on innostanut kuuntelemaan ja oppimaan heti aamulla t\xc3\xb6ihin k\xc3\xa4velless\xc3\xa4 - nyt kiinnostaisi\xe2\x80\xa6 https://t.co/b2jjWhGqxx'
961153487798198273,2018-02-07 08:23:43,b'Tarinoita psykologien uravalinnoista - psykologejakin on moneksi :) #psykologia #ty\xc3\xb6el\xc3\xa4m\xc3\xa4 https://t.co/PBH2I97KGo k\xe2\x80\xa6 https://t.co/hUYKE3kzxc'
961140292656168961,2018-02-07 07:31:17,"b'""Asiantuntija ei ole tietotoimisto, joka on aina auki."" Psykologinakin (ja itse asiassa jo alan opiskelijana) n\xc3\xa4ihi\xe2\x80\xa6 https://t.co/nNNZzZUw0T'"
960895583073521666,2018-02-06 15:18:54,b'Ei huonoja pointteja - miksi ihmeess\xc3\xa4 kaikkien pit\xc3\xa4isi olla aamuihmisi\xc3\xa4? #ty\xc3\xb6aika #ty\xc3\xb6hyvinvointi #arki https://t.co/Lh1K7RgL4N'
960782416393711616,2018-02-06 07:49:13,"b'RT @MariKNiemi: Tutkijoiden julkista asiantuntijuutta tarvitaan, mutta he tekev\xc3\xa4t sit\xc3\xa4, mit\xc3\xa4 yliopistoissa arvostetaan, mist\xc3\xa4 palkitaan ja\xe2\x80\xa6'"
960519336761987072,2018-02-05 14:23:50,"b'Parisuhde, oma vai yhteiskunnan valinta? Varsin mielenkiintoinen tutkimusprojekti meneill\xc3\xa4\xc3\xa4n. #parisuhde #valta\xe2\x80\xa6 https://t.co/65cQVtsb3C'"
960491985265098752,2018-02-05 12:35:09,"b'RT @tyoterveys: Yhdess\xc3\xa4 sy\xc3\xb6minen ty\xc3\xb6paikalla tukee sek\xc3\xa4 ty\xc3\xb6t\xc3\xa4 ett\xc3\xa4 terveytt\xc3\xa4, bloggaa @tyoterveys johtava asiantuntija @laitinen_jaana. Eri\xe2\x80\xa6'"
960427384443932672,2018-02-05 08:18:26,"b'Ole hy\xc3\xb6dyksi, tunne my\xc3\xb6t\xc3\xa4tuntoa ja antaudu kauneudelle - loistavia vinkkej\xc3\xa4 alakulosta nousemiseen! Kiitos muistutu\xe2\x80\xa6 https://t.co/SQ7mHw84Z7'"
959851719734816768,2018-02-03 18:10:57,b'@rhtoivanen Niin todellakin p\xc3\xa4tee..'
959828072571826177,2018-02-03 16:36:59,b'Ajatuksia her\xc3\xa4tt\xc3\xa4v\xc3\xa4 p\xc3\xa4iv\xc3\xa4 Psykologit mediassa -tapahtumassa. Lyhyesti: psykologit v\xc3\xa4h\xc3\xa4n pelk\xc3\xa4\xc3\xa4v\xc3\xa4t mediaa ja kollego\xe2\x80\xa6 https://t.co/cn1aSDf5LO'
959508282435043329,2018-02-02 19:26:15,b'Mietteit\xc3\xa4ni uudesta (erityis)herkkyytt\xc3\xa4 koskevista tutkimuksista blogissa. #herkkyys #persoonallisuus #tutkimus\xe2\x80\xa6 https://t.co/zVE2YglKMr'
959375262164180993,2018-02-02 10:37:41,"b'@SarasvuoJari En ole lukenut viel\xc3\xa4, kiitti vinkist\xc3\xa4 \xf0\x9f\x98\x8a'"
959367226049679360,2018-02-02 10:05:45,"b'Psykologina ja ""tiedeuskovaisena"" oon yll\xc3\xa4ttynyt positiivisesti, miten hyv\xc3\xa4\xc3\xa4 ja hauskaa setti\xc3\xa4 @SarasvuoJari n\xe2\x80\xa6 https://t.co/aGxOJeiKcr'"
959356495086448640,2018-02-02 09:23:07,"b'Kuvittele, milt\xc3\xa4 toisesta tuntuu - \xc3\xa4l\xc3\xa4 sit\xc3\xa4, milt\xc3\xa4 sinusta tuntuisi h\xc3\xa4nen asemassaan. Ja lue romaaneja! #empatia\xe2\x80\xa6 https://t.co/tBvaqktvCv'"
959145610283712512,2018-02-01 19:25:08,"b'Mielenkiintoista uutta tutkimusta tahdonvoimasta, p\xc3\xa4\xc3\xa4pointit plus muutama ajatus blogissani :)  #tutkimus\xe2\x80\xa6 https://t.co/FFvZVn1m7l'"
959065231841464320,2018-02-01 14:05:44,"b'RT @outilansman: Kuulin, ett\xc3\xa4 etel\xc3\xa4ss\xc3\xa4 tarvitaan nyt lumisanoja. \nT\xc3\xa4ss\xc3\xa4 joitakin.\n#lumi #lumiinferno #Lumipyry https://t.co/KanQGX6TSz'"
958987836992221184,2018-02-01 08:58:12,b'Nollaantua!! T\xc3\xa4m\xc3\xa4 t\xc3\xa4ytyy kyll\xc3\xa4 ottaa k\xc3\xa4ytt\xc3\xb6\xc3\xb6n :) https://t.co/f2CMK4wljO'
958987512529252352,2018-02-01 08:56:54,"b'Luonnossa oleskelu pident\xc3\xa4\xc3\xa4 elinik\xc3\xa4\xc3\xa4, mutta vain jos ulkoilee tarpeeksi usein, ei vain hyv\xc3\xa4ll\xc3\xa4 s\xc3\xa4\xc3\xa4ll\xc3\xa4, sanoo ekopsy\xe2\x80\xa6 https://t.co/JxLRMMr0dR'"
958710785546518529,2018-01-31 14:37:17,b'RT @tyoterveys: Asiantuntijaty\xc3\xb6t\xc3\xa4 tekeville on hyv\xc3\xa4 tarjota tukea ja koulutusta ajanhallintaan. Erityisen t\xc3\xa4rke\xc3\xa4\xc3\xa4 t\xc3\xa4m\xc3\xa4 on esimiesteht\xc3\xa4viss\xc3\xa4\xe2\x80\xa6'
958707659267391490,2018-01-31 14:24:52,"b'Yli puolet korkeakouluopiskelijoista uupuu opinnoissaan - aika hurjaa! Jotain tarttis tehd\xc3\xa4, eik\xc3\xb6? #opiskelu\xe2\x80\xa6 https://t.co/kGHPzdVXaX'"
958244116269236224,2018-01-30 07:42:55,b'Mielenkiintoista! Mutta mit\xc3\xa4 kaikkea t\xc3\xa4ss\xc3\xa4 tarkoitetaan kuuntelulla - toisten ihmisten kuuntelua vai yleisemp\xc3\xa4\xc3\xa4?\xe2\x80\xa6 https://t.co/UnLhApMl8r'
958067082431811584,2018-01-29 19:59:27,b'P\xc3\xa4iv\xc3\xa4n ehk\xc3\xa4 parhaat naurut :D https://t.co/tcJbXKALGh'
957917133140381696,2018-01-29 10:03:36,b'Mielenkiintoista tuoretta tutkimusta herkkyydest\xc3\xa4 #herkkyys #erityisherkkyys #psykologia #tutkimus\xe2\x80\xa6 https://t.co/e5SsU1yvFb'
957908124521979904,2018-01-29 09:27:48,"b'Ajatuksia her\xc3\xa4tt\xc3\xa4v\xc3\xa4 juttu ja t\xc3\xa4rke\xc3\xa4 aihe - joskin my\xc3\xb6s siin\xc3\xa4 mieless\xc3\xa4 vaikea, ett\xc3\xa4 h\xc3\xa4pe\xc3\xa4n tiedostaminenkaan ei ole\xe2\x80\xa6 https://t.co/rTYOvxqs40'"
957569923387154432,2018-01-28 11:03:55,b'Mit\xc3\xa4 tulevaisuudessa sy\xc3\xb6d\xc3\xa4\xc3\xa4n? https://t.co/MNW6TFZ2sQ'
957569238062989313,2018-01-28 11:01:11,"b'@Tuizek T\xc3\xa4m\xc3\xa4 on kyll\xc3\xa4 niin totta - ja yksi syy, mink\xc3\xa4 takia itse en ollenkaan kaipaa Helsinkiin asumaan, vaikka sie\xe2\x80\xa6 https://t.co/FGOjnFH3af'"
956905013846138880,2018-01-26 15:01:48,"b'Tykk\xc3\xa4ys erityisesti sokraattisille k\xc3\xa4velyille tutkimusryhm\xc3\xa4n (tai muun tiimin) kanssa, t\xc3\xa4ytynee itsekin suostutella\xe2\x80\xa6 https://t.co/e9yFl4O0AG'"
956820097355612160,2018-01-26 09:24:22,"b'Viime viikkoina oon toistuvasti t\xc3\xb6rm\xc3\xa4nnyt ilmi\xc3\xb6\xc3\xb6n nimelt\xc3\xa4 #aamulenkki @SarasvuoJari, joten pakkohan t\xc3\xa4m\xc3\xa4 oli vihdoi\xe2\x80\xa6 https://t.co/PxdDNtem9l'"
956493841636495360,2018-01-25 11:47:57,b'Kiinnostavaa tutkimusta somen psykologisista vaikutuksista #some #psykologia #mielenterveys https://t.co/vfVHRZTpIu'
956069556803592192,2018-01-24 07:41:59,"b'""Itseohjautuvuus tuli ty\xc3\xb6paikoille \xe2\x80\x93 mutta kukaan ei kertonut meille, miten sellainen ollaan"" - t\xc3\xa4rke\xc3\xa4 n\xc3\xa4k\xc3\xb6kulma ai\xe2\x80\xa6 https://t.co/cZJksM7vJ1'"
955803691264524288,2018-01-23 14:05:32,b'Onpahan mielenkiintoinen n\xc3\xa4k\xc3\xb6kulma tahdonvoimaan ja sit\xc3\xa4 koskeviin asenteisiin! #tutkimus #tahdonvoima https://t.co/poSct28zxi'
955746428852326400,2018-01-23 10:18:00,"b'Mainio ja helppotajuinen juttu sijoittamisen aloittamisesta, joka itse\xc3\xa4nikin on kovasti kiinnostellut viime aikoina\xe2\x80\xa6 https://t.co/TBhfl2IG0D'"
955726960327647232,2018-01-23 09:00:38,b'Blogissani my\xc3\xb6s ajatuksia toimiston ulkopuolella ty\xc3\xb6skentelyn haasteista ja iloista :) #et\xc3\xa4ty\xc3\xb6 #ty\xc3\xb6hyvinvointi https://t.co/YXsdRCgGoh'
955462468834381824,2018-01-22 15:29:38,"b'Blogissani ajatuksia siit\xc3\xa4, millaisista tekij\xc3\xb6ist\xc3\xa4 ty\xc3\xb6n merkityksellisyys syntyy :) #merkityksellisyys\xe2\x80\xa6 https://t.co/mYBM1GZSR0'"
955341604423917568,2018-01-22 07:29:22,"b'RT @yletiede: Ahdistaako sinua t\xc3\xb6iss\xc3\xa4?  Kun ty\xc3\xb6paikalla on ongelmia, ty\xc3\xb6nteko t\xc3\xb6kkii ja paha olo kuristaa kurkkua, on helppo syytt\xc3\xa4\xc3\xa4 kaikes\xe2\x80\xa6'"
955341077791338496,2018-01-22 07:27:16,b'RT @yletiede: Tunti liikuntaa viikossa riitt\xc3\xa4\xc3\xa4 masennusriskin pienentymiseen\nSuomalaisista noin joka seitsem\xc3\xa4s sairastuu el\xc3\xa4m\xc3\xa4ns\xc3\xa4 aikana ma\xe2\x80\xa6'
955114714975129600,2018-01-21 16:27:47,b'Jokohan t\xc3\xa4n\xc3\xa4 talvena viimein uskaltaisi? https://t.co/IB7Oqfgjid'
954633358973329408,2018-01-20 08:35:03,b'RT @KaskasMedia: Viime marraskuussa pyysimme suomalaisia nime\xc3\xa4m\xc3\xa4\xc3\xa4n tutkijoita Suomen ainoan tunnetun tutkijan Esko Valtaojan rinnalle. Ehdo\xe2\x80\xa6'
954299797531451393,2018-01-19 10:29:36,"b""RT @tyoterveys: P\xc3\xa4\xc3\xa4titk\xc3\xb6 aloittaa tammikuussa uuden, kevyen ruokavalion? Mit\xc3\xa4 jos kevent\xc3\xa4isitkin #kuormitus'ta ja n\xc3\xa4in parantaisit ty\xc3\xb6st\xc3\xa4 p\xe2\x80\xa6"""
954291853360336896,2018-01-19 09:58:02,"b'Hei Twitter, t\xc3\xa4\xc3\xa4ll\xc3\xa4 ollaan viimein selvitt\xc3\xa4m\xc3\xa4ss\xc3\xa4, miten homma toimii! #ensimm\xc3\xa4inentwiittini'"
