id,created_at,text
970713086603689984,2018-03-05 17:30:09,"b""Fusing #Art &amp; #Science \xe2\x80\x94'They Died Near the Border: Art Students Hope to Bring Them Back.' At the NY Academy of Art\xe2\x80\xa6 https://t.co/jXm5eumvre"""
970706513923919872,2018-03-05 17:04:02,"b""A Summary of @StuartHameroff &amp; Sir Roger Penrose's Theory of Quantum Consciousness via @DiscoverMag\xe2\x80\xa6 https://t.co/nTe0LPxvXo"""
970684369185771521,2018-03-05 15:36:02,"b'New interview w Albert Camus\'s daughter Catherine + review of private correspondence\xe2\x80\x94 ""I have refused resignation m\xe2\x80\xa6 https://t.co/i3tsYkz0cb'"
970668766039330816,2018-03-05 14:34:02,"b'Trolling is more disturbing in virtual reality, by @tsimonite via @techreview ""When you feel like you really are in\xe2\x80\xa6 https://t.co/A7JJJgDKmQ'"
970654921434521601,2018-03-05 13:39:01,b'An info-graphic outlining a curated history of transhumanism @verge #transhumanism #posthumanism\xe2\x80\xa6 https://t.co/8SAKDD3Ueu'
970497551836286978,2018-03-05 03:13:41,"b'Inside Blade Runner and the Structure of Sci-Fi Dystopia\xe2\x80\x94""By imagining the consequences of rampant consumerism or u\xe2\x80\xa6 https://t.co/fw9aERc1KQ'"
970472217095147521,2018-03-05 01:33:01,b'Book sale: Nihilism and Technology by Nolen Gertz (25% off)  #Heidegger #Marcuse #Nietzsche #philosophyoftechnology\xe2\x80\xa6 https://t.co/3IbvnmEL8b'
970457117126733825,2018-03-05 00:33:01,"b'RT @PeterMoons ""Why philosophers should hang out at the humanists\xe2\x80\x99 parties""\xe2\x80\x94Interesting framing of the interface be\xe2\x80\xa6 https://t.co/OahfYfQV0t'"
970434469269295104,2018-03-04 23:03:01,"b'Another interesting discussion via @singularityblog w Noam Chomsky on AI and his view that ""the Singularity is Scie\xe2\x80\xa6 https://t.co/WiqnZYc7IG'"
970425131297312769,2018-03-04 22:25:55,"b'""Must Atheists Trash Religion?"" @LAReviewofBooks review of ""The Meaning of Belief"" by @timcrane102 \'Religion [...]\xe2\x80\xa6 https://t.co/shkYUVKnwj'"
970390949481406467,2018-03-04 20:10:06,"b""'The Surgeon Who Wants to Connect Your Brain to the Internet' @techreview #transhumanism #cyborg #technoethics\xe2\x80\xa6 https://t.co/BLd8HanZTv"""
970379800622850048,2018-03-04 19:25:47,"b'Interesting read by @micahtredding on the relatively obscure early transhumanist thinker Teilhard de Chardin: ""The\xe2\x80\xa6 https://t.co/zziHNDkZ4g'"
970343893337346048,2018-03-04 17:03:06,"b'#Facebook silently enables #facialrecognition\xe2\x80\x94""Even non-users should be cautious which photos they include themselv\xe2\x80\xa6 https://t.co/WC2bvvhr0f'"
970343631126188032,2018-03-04 17:02:04,b'Check out @elonmusk captured by @rainnwilson #metaphysicalmilkshake #spacex #mars #spacecar\nhttps://t.co/PuwPuIcuVJ https://t.co/yBpkd5fDcx'
970328801073860608,2018-03-04 16:03:08,"b'What does #POSTHUMAN mean? Dr. Francesca Ferrando explains how the ""human"" is an open notion @TVCYBORG\xe2\x80\xa6 https://t.co/uSbfxk5dGA'"
970313424918994944,2018-03-04 15:02:02,b'Interesting discussion between @robertwrighter &amp; @RealJaronLanier on #transhumanism #singularity #technoreligion\xe2\x80\xa6 https://t.co/dskm6sgQ6y'
970296830817861632,2018-03-04 13:56:06,"b""Neil Postman on Cyberspace, 1995\xe2\x80\x94'It will become possible to shop, bank, text, and get your entertainment at home..\xe2\x80\xa6 https://t.co/Vr8wkK97rg"""
970131038394617856,2018-03-04 02:57:18,b'Thanks @singularityblog for facilitating this discussion!'
970103791294050304,2018-03-04 01:09:02,"b""Anyone remember the Connections\xc2\xb2 series by James Burke? It's an interesting personal view worth checking out\xe2\x80\xa6 https://t.co/wWAzv65pWY"""
970088704223178752,2018-03-04 00:09:05,"b'A while back, I asked Noam Chomsky a question on the computability of the mind...This was his response:\xe2\x80\xa6 https://t.co/6y4D68Cbek'"
970071830433320961,2018-03-03 23:02:02,b'Can a digital machine simulate the human brain? Watch this discussion!\n@MiguelNicolelis &amp; @RCicurel on how the brai\xe2\x80\xa6 https://t.co/ucW34HDA4f'
970030064699150336,2018-03-03 20:16:04,"b'""God Is a Bot"" @wired The purpose of this religious organization is nothing less than to \xe2\x80\x9cdevelop and promote the r\xe2\x80\xa6 https://t.co/hzQe3Q1F8A'"
969788481605074944,2018-03-03 04:16:06,"b'Neural nets can ""unintentionally memorize"" private training data, leaving it vulnerable to hackers.  ""[We] don\'t re\xe2\x80\xa6 https://t.co/2BxpcZlYCe'"
969633357939335169,2018-03-02 17:59:42,"b'Hubert Dreyfus on #Husserl, #Heidegger &amp; #Existentialism \xe2\x80\x94 #phenomenology\nhttps://t.co/fcrGnuaUE6 https://t.co/H1TDIDR5Y6'"
969633195057647616,2018-03-02 17:59:03,"b'Secret use of predictive policing tech\xe2\x80\x94@verge ""They\xe2\x80\x99re creating a target list...it\xe2\x80\x99s not the right tool for local a\xe2\x80\xa6 https://t.co/anojQssAT5'"
969604788957728768,2018-03-02 16:06:10,"b'Facial Recognition Is Accurate, if You\xe2\x80\x99re a White Guy by @SteveLohr on @nytimes ""These disparate results show how s\xe2\x80\xa6 https://t.co/W1X30rExjy'"
969588674601119744,2018-03-02 15:02:08,"b'How Propagandists Beat Science, on @techreview ""anybody who wants to manipulate public opinion and influence policy\xe2\x80\xa6 https://t.co/pLBZqg2KWF'"
969572536953524224,2018-03-02 13:58:01,"b'History, Principles, &amp; Practice of Cipher-Writing, 1898 ""Hulme was worried that some of his Victorian readers would\xe2\x80\xa6 https://t.co/lP74TFEewi'"
969382554196414471,2018-03-02 01:23:05,b'Upcoming Oxford-style debate on #HumanitarianIntervention  March 9\nhttps://t.co/koKgirOk0I https://t.co/TFhEo9k5Wu'
969363908187353089,2018-03-02 00:09:00,b'Nailed it. #whalebus https://t.co/jjqZlIAwXQ'
969344286436274176,2018-03-01 22:51:02,"b'Evolution of beliefs on fate vs. chance? \xe2\x80\x9cGamblers may have seen dice throws as no longer determined by fate, but i\xe2\x80\xa6 https://t.co/ENfsOlDlJP'"
969303772257189889,2018-03-01 20:10:02,b'AAR CFP deadline extended to March 5 https://t.co/lYqMOZtyhl'
969286928779661312,2018-03-01 19:03:06,b'My friend @jordanemiller has contributed a chapter to Reading Heresy: Religion and Dissent in Literature and Art. C\xe2\x80\xa6 https://t.co/ehx1GPjn8r'
969270049746931712,2018-03-01 17:56:02,b'A case for a humanities education for tech workers https://t.co/vGbmoVbJnj via @qz https://t.co/dda1VRkT5u'
969256118869471233,2018-03-01 17:00:41,b'Never-Before-Published Hannah Arendt on What Freedom and Revolution Really Mean on @lithub https://t.co/Jm64LyTnSF https://t.co/7Cbpivcg0s'
969240986625953792,2018-03-01 16:00:33,b'A Computer Scientist Makes the Case for Speculative Fiction on @LAReviewofBooks https://t.co/fc6WIfgmuh https://t.co/yoXsEDVqbV'
969225808316391424,2018-03-01 15:00:14,"b""Study Theology, Even If You Don't Believe in God https://t.co/fdAuTnJioz https://t.co/J1FvgZ0MGI"""
969209149941837825,2018-03-01 13:54:03,b'An expression of the quest for existential authenticity? #existentialism #beingtowardsdeath #heidegger https://t.co/NfrQS8NjbS'
969056590786686976,2018-03-01 03:47:50,"b'Corporations to use AI to track jobseekers\xe2\x80\x99 emotions (visual mood recognition system, not self-reported)\xe2\x80\xa6 https://t.co/pgFALWv4E3'"
969021999581401088,2018-03-01 01:30:22,b'Tensions @ #AIES2018 over ethical issues applying AI to ID gang crimes #technoethics\nhttps://t.co/WgMp2WQRB0'
968959452568223745,2018-02-28 21:21:50,"b'Check out this @IceAtDartmouth event: Cyborgs, Futurists &amp; Transhumanism: A Conversation https://t.co/jvpxnAxVVd https://t.co/e3h63hjDq3'"
968938027404939264,2018-02-28 19:56:42,"b'Great piece by @MGleiser: ""I do agree with Harari that we need to start a conversation as soon as possible about ou\xe2\x80\xa6 https://t.co/DT7AveNWsN'"
