id,created_at,text
970498110332944386,2018-03-05 03:15:55,"b'RT @FrontImmunol: Immunometabolism and PI(3)K Signaling As a Link between IL-2, Foxp3 Expression, and Suppressor Function in Regulatory T C\xe2\x80\xa6'"
970497895731351552,2018-03-05 03:15:03,b'RT @biorxivpreprint: Identification of novel mutations associated with clofazimine resistance in Mycobacterium abscessus  https://t.co/SqcX\xe2\x80\xa6'
970495742992199680,2018-03-05 03:06:30,b'RT @bobehayes: These are the best books for learning modern #statistics\xe2\x80\x94and they\xe2\x80\x99re all free https://t.co/hbwtruNaaT #datascience #MachineL\xe2\x80\xa6'
970495030308741120,2018-03-05 03:03:40,"b'RT @biorxivpreprint: Rapid preimplantation genetic screening (PGS) using a handheld, nanopore-based, DNA sequencer  https://t.co/S1U9BLzdWR\xe2\x80\xa6'"
970494972259590145,2018-03-05 03:03:26,b'RT @alfredtwo: Computer Science Teacher: You\xe2\x80\x99re Teaching the Wrong Programming Language https://t.co/4b8dTDocDC'
970494625755484161,2018-03-05 03:02:04,b'RT @atulbutte: Now out in @ScientificData: ImmPort: repurposing open access immunological assay data for translational &amp; clinical research!\xe2\x80\xa6'
970493570065944576,2018-03-05 02:57:52,b'RT @Primary_Immune: Mining the Human Genome with Some Hi-Tech Tools https://t.co/3sNCGyWnj8 #MachineLearning #IoT #DataScience #BigData #IT\xe2\x80\xa6'
970492347107573760,2018-03-05 02:53:01,b'RT @FrontImmunol: CD70 Deficiency due to a Novel Mutation in a Patient with Severe Chronic EBV Infection Presenting As a Periodic Fever: Ro\xe2\x80\xa6'
970369345602822144,2018-03-04 18:44:15,b'RT @jyang1981: https://t.co/clvPuIaFcB Omics SMR paper. This paper shows the use of the SMR &amp; HEIDI approach to detect associations between\xe2\x80\xa6'
970360292398919680,2018-03-04 18:08:16,b'RT @BrodinPetter: Re-Booting Human Immunology - Using new Technology and Theory:\nhttps://t.co/2f6cN3Et9c https://t.co/a01EpkEYiz'
970356479613050880,2018-03-04 17:53:07,"b'RT @mpitoolkit: HHpred: a new version of the Evolutionary Classification of Protein Domains (ECOD) database, version 20180219 (develop204),\xe2\x80\xa6'"
970350040437866496,2018-03-04 17:27:32,b'RT @IDFCommunity: Good luck to fellow member of the PI community @emilyvgordon and her husband @kumailn as they are up for the Best Origina\xe2\x80\xa6'
970307494399508481,2018-03-04 14:38:28,b'RT @EmilyHatas: The secret of the bat genome https://t.co/6IwXsIhzQi soon to be uncovered by @bat1kgenomes with @PacBio sequencing'
970260010981736448,2018-03-04 11:29:47,b'https://t.co/lCtaHcZarh'
970164481551622144,2018-03-04 05:10:11,"b'RT @FrontImmunol: Clinical Implications of Digenic Inheritance and Epistasis in Primary Immunodeficiency Disorders: Rohan Ameratunga, See-T\xe2\x80\xa6'"
970164100230606848,2018-03-04 05:08:40,"b'RT @MatchMExchange: Are you planning to share a case at #ACMGMtg18 diagnostic challenges? If it involves a candidate gene, we encourage you\xe2\x80\xa6'"
970160460665307136,2018-03-04 04:54:13,b'RT @LeiteGGF: Public Datasets are important sources of information! #Microarray #Network #PPIN #SystemBiology https://t.co/paw62hqAyZ'
970148686926770176,2018-03-04 04:07:26,b'RT @biorxiv_bioinfo: Deep Learning Predicts Tuberculosis Drug Resistance Status from Whole-Genome Sequencing Data  https://t.co/LbECkz7Tl9\xe2\x80\xa6'
970006545281921024,2018-03-03 18:42:36,b'RT @GenomicsRR: Greenlandic gene could be key to beating obesity https://t.co/wB94uPj1Zg https://t.co/VKgEjTiJcD'
970003478432047104,2018-03-03 18:30:25,b'RT @TwistedBacteria: How to write a first-class paper\n\nSix experts offer advice on producing a manuscript that will get published and pull\xe2\x80\xa6'
969898874868400132,2018-03-03 11:34:46,b'RT @ZebrafishRock: Why use #zebrafish to study human diseases? Find out with this eggcelent  introductory article! #DrinkTheKoolaid  https:\xe2\x80\xa6'
969892647903969280,2018-03-03 11:10:01,b'RT @GenomicsRR: Are whole-exome and whole-genome sequencing approaches cost-effective? A systematic review of the literature. https://t.co/\xe2\x80\xa6'
969887864799375362,2018-03-03 10:51:01,b'RT @NatureBiotech: Orthogonal IL-2 cytokine-receptor complex enables selective in vivo expansion of engineered T cell subsets @sciencemagaz\xe2\x80\xa6'
969851722188271616,2018-03-03 08:27:24,"b'RT @GenomicsRR: Stuff to Read, Week 9 | Front Line Genomics https://t.co/jvyUsjbAUZ https://t.co/lYNX5Kct6v'"
969849812316139520,2018-03-03 08:19:48,b'RT @biorxiv_bioinfo: Rapid interpretation of clinical exomes using Phenoxome: a computational phenotype-driven approach  https://t.co/RjwJc\xe2\x80\xa6'
969849354809835520,2018-03-03 08:17:59,"b'RT @biorxiv_genetic: Meta-analysis of genome-wide association studies for height and body mass index in ~700,000 individuals of European an\xe2\x80\xa6'"
969831287388176384,2018-03-03 07:06:12,b'RT @dandavis101: All the reviews:\nGuardian: https://t.co/MnNzwybicf\nObserver: https://t.co/biXMBdt2B1\nThe Times: https://t.co/XjpJBEmI3v\nTh\xe2\x80\xa6'
969642568802643970,2018-03-02 18:36:18,b'RT @Immunopole: Quiescent #StemCells downregulate #MHC-I and bypass immune surveillance &gt;&gt; a hint on the basis of early #ImmuneEvasion of #\xe2\x80\xa6'
969627624917032960,2018-03-02 17:36:55,b'RT @Ldayh16: The \xe2\x80\x9cCount Me In\xe2\x80\x9d Initiative aims to make it possible for any patient to contribute their genomic and clinical information to\xe2\x80\xa6'
969400277953466370,2018-03-02 02:33:31,b'RT @biorxivpreprint: Virtual ChIP-seq: Predicting transcription factor binding by learning from the transcriptome  https://t.co/w2tYXOJ55T\xe2\x80\xa6'
969228166421037057,2018-03-01 15:09:36,b'RT @PaulFlicek: Nature Methods editorial discusses the promise and challenges of sharing epigenetic data globally including the role of EPI\xe2\x80\xa6'
969119603392528384,2018-03-01 07:58:13,b'RT @AMathelier: Postdoctoral position in my lab to work on the interplay between TF binding and DNA methylation. Deadline extended to March\xe2\x80\xa6'
969117019416158208,2018-03-01 07:47:57,b'RT @AMathelier: How to build a deep learning model in 15 minutes\n\nhttps://t.co/JXNsxjREYX'
969114439994634240,2018-03-01 07:37:42,b'Identifying Medical Diagnoses and Treatable Diseases by Image-Based Deep Learning\nhttps://t.co/j8vof3Bupy'
969112541560385536,2018-03-01 07:30:09,b'Deep learning for biology https://t.co/jVp51ywBa7'
968690200976109568,2018-02-28 03:31:55,"b""RT @Evo_Explorer: #Congratulations to my wonderful friends @AmoebaSisters on the occasion of hitting 200,000 @YouTube Subscribers! Ya'll ha\xe2\x80\xa6"""
968689746909151232,2018-02-28 03:30:07,b'RT @NatureRevGenet: Integrative omics for health and disease https://t.co/BgKptSJPwb #review https://t.co/kBImkp2oGL'
968555634424610817,2018-02-27 18:37:12,b'RT @raghavagps: In Silico Approach for Prediction of Antifungal Peptides https://t.co/gggdn58tcK'
968308212498870272,2018-02-27 02:14:02,"b'RT @satijalab: Great to see this study by @CSoneson and @markrobinsonca out. Also glad they released a preprint in advance, which led us to\xe2\x80\xa6'"
968122613032665088,2018-02-26 13:56:32,b'RT @zakkohane: Whole #genome #WGS variant prioritization ORDERS of magnitude faster https://t.co/aCw0F3Lful #openSource on commodity hardwa\xe2\x80\xa6'
968091621140004864,2018-02-26 11:53:23,"b""RT @ITSI_UK: If you're interested in neuroscience and its implications for learning you should read this great report from The Royal Societ\xe2\x80\xa6"""
968081732233707520,2018-02-26 11:14:05,"b'RT @ScienceNews: ""We essentially are discovering the vitality of what the stem cells actually do."" https://t.co/0LDuyHApb9'"
968081676944330753,2018-02-26 11:13:52,b'RT @nresearchnews: Further insight into the use of CAR T cells in patients with B cell acute lymphoblastic leukaemia #ResearchHighlight @Na\xe2\x80\xa6'
968077487631560704,2018-02-26 10:57:13,"b'RT @pranavathiyani: Exciting &amp; fascinating talk by @atulbutte @EMBOevents via @Skype #BigData in #Biomedicine. ""Data driven research..""  #O\xe2\x80\xa6'"
968055699111489536,2018-02-26 09:30:38,"b'RT @ewanbirney: Frustratingly for science, open, joint , transnational (ie, European) and international (ie, global) thinking has always be\xe2\x80\xa6'"
968055688839622658,2018-02-26 09:30:36,"b'RT @ewanbirney: Boundaries - be it geographic, linguistic, cultural, national - just hinder science and discovery, ideally shared by all of\xe2\x80\xa6'"
967716929040363520,2018-02-25 11:04:29,b'RT @EricTopol: Trying to make #RareDisease even more rare\nBut with less funding @NIH https://t.co/MWKQ3yWwxe @modrnhealthcr https://t.co/MY\xe2\x80\xa6'
967317565222486016,2018-02-24 08:37:34,"b'RT @SciImmunology: When a \xe2\x80\x9cgood\xe2\x80\x9d protein turns \xe2\x80\x9cbad,\xe2\x80\x9d the immune system unleashes allergic responses, find @JohnsHopkinsSPH scientists:  ht\xe2\x80\xa6'"
967271953479299072,2018-02-24 05:36:19,b'RT @NIHDirector: Recording a cell\xe2\x80\x99s history in detail is a long-standing challenge. This @broadinstitute study may have found a way to use\xe2\x80\xa6'
967267850795720705,2018-02-24 05:20:01,b'RT @NatImmunol: New resource paper by Albert and colleagues looking at variability of human immunity https://t.co/Cux7Jhi8WJ https://t.co/O\xe2\x80\xa6'
967085251943006208,2018-02-23 17:14:26,"b'RT @Info4PI: Did you know that 1-2% of the world\xe2\x80\x99s population has Primary Immunodeficiency?\n\nRT to help everyone learn the Warning Signs, s\xe2\x80\xa6'"
966684796041625600,2018-02-22 14:43:10,"b'RT @SciImmunology: Check out a new #editorschoice piece, ""Flora-ishing guts assist #cancer #immunotherapies,"" on a study published in @Scie\xe2\x80\xa6'"
966645737202237442,2018-02-22 12:07:57,b'RT @DonnaFarber3: Our new review on human T cells throughout life was published today in Immunity. https://t.co/9ssx4GIs7n'
966622377353211904,2018-02-22 10:35:08,b'RT @GWASCatalog: Our paper in @GenomeBiology @BioMedCentral @SpringerNature about the ancestry data in #GWAS catalog is out!! Download and\xe2\x80\xa6'
966524705262874624,2018-02-22 04:07:01,"b""RT @obahcall: With today's publications https://t.co/52721cqptX &amp; https://t.co/EtUdaAgiQj Ancient DNA field reaches 1,000 genome milestone.\xe2\x80\xa6"""
966385363819249665,2018-02-21 18:53:19,b'https://t.co/9A5v1lgdiP'
966161458605125633,2018-02-21 04:03:36,b'RT @EricTopol: A 1st rate review of T cells throughout our lifespan https://t.co/0f0JrsuWUo @ImmunityCP @CellPressNews by @ColumbiaMed @Don\xe2\x80\xa6'
966050987612844032,2018-02-20 20:44:38,b'RT @NatureBiotech: Autologous iPSCs as cancer vaccines in  mice (in prophylactic and adjuvant settings for now) https://t.co/bGzgygaP1K #NB\xe2\x80\xa6'
965884424431665152,2018-02-20 09:42:46,"b""RT @theNCI: What is CAR T-cell therapy? It involves changing a patient\xe2\x80\x99s immune cells in the lab so they'll attack cancer cells https://t.c\xe2\x80\xa6"""
965862809509621766,2018-02-20 08:16:53,b'RT @alljustatoms: We\xe2\x80\x99re very proud of our paper out in Nature Genetics today on a new method for studying human facial variation and the 15\xe2\x80\xa6'
965860264208842752,2018-02-20 08:06:46,b'RT @newscientist: We\xe2\x80\x99re evolving a gene that may stop us from drinking alcohol https://t.co/EJknBMdIBk https://t.co/petEKHUJUq'
965859874226634752,2018-02-20 08:05:13,"b'RT @Wcsj2019Eu: Do you want to improve science journalism? Put your ideas in a session proposal, and help us build a rich, diverse, and tim\xe2\x80\xa6'"
965633804831375360,2018-02-19 17:06:54,"b'RT @AnuragAgrawalMD: Pixel biopsy! Cool name but 2D images are for human eyes. ""Digital exam"" is already taken in a very different context.\xe2\x80\xa6'"
965468854024458240,2018-02-19 06:11:27,b'RT @techreview: Google Brain is (trying) to train an AI to write Wikipedia articles but summarizing text is still tricky for algorithms. (V\xe2\x80\xa6'
964725173910847489,2018-02-17 04:56:19,b'RT @NIHDirector: Could iPS cells be the key to a cancer vaccine? @StanfordMed study in mice used iPS cells to train the immune system to at\xe2\x80\xa6'
964713260535619584,2018-02-17 04:08:59,"b'RT @genome_gov: A new cellular recorder using CRISPR technology, called CAMERA, now offers what could be a better recording device that cap\xe2\x80\xa6'"
964375002509225984,2018-02-16 05:44:52,b'RT @Immunology_bio: #immunology news: STAT Plus Cancer vaccine made from stem cells could open another door in immunotherapy - STAT Plus Ca\xe2\x80\xa6'
964374083679825920,2018-02-16 05:41:13,b'https://t.co/22AgCTXeMR'
964372201569832960,2018-02-16 05:33:44,"b'RT @nicolaskruchten: Just published a new article on the use of ""seriation"" techniques to make patterns pop out of heatmaps! https://t.co/9\xe2\x80\xa6'"
964367927364341762,2018-02-16 05:16:45,b'Train PhD students to be thinkers not just specialists\n\nhttps://t.co/YysvPDHvmt'
964365417874579462,2018-02-16 05:06:47,b'RT @NatureBiotech: Epigenome editing: Cas9-mediated demethylation of CGG repeats rescues fragile X syndrome neurons https://t.co/NjQn5ZDUio\xe2\x80\xa6'
964358689086828545,2018-02-16 04:40:03,b'RT @EricTopol: Can induced pluripotent stem cells become a new form of #cancer immunotherapy? https://t.co/jCuZZqHc5f @CellStemCell @CellPr\xe2\x80\xa6'
964140508225269760,2018-02-15 14:13:04,b'RT @GIMJournal: Clinical validity of phenotype-driven analysis software PhenoVar as a diagnostic aid for clinical geneticists in the interp\xe2\x80\xa6'
963691644036947968,2018-02-14 08:29:27,b'RT @Immune_News: T Cell Homing Therapy for Reducing Tregs &amp; Preserving Effector T Cell Function in Large Solid Tumors @mdandersonnews @UNC\xe2\x80\xa6'
963689596348456960,2018-02-14 08:21:18,b'RT @NatImmunol: Transcription factor Hoxb5 reprograms B cells into functional T lymphocytes https://t.co/Ir34MIOZtA https://t.co/jICBkkLQ7m'
963615643588165632,2018-02-14 03:27:27,"b'RT @NIHDirector: True to our word, #NIH is continuing to make #BigData accessible to scientists worldwide. Today we released an unparallele\xe2\x80\xa6'"
963520030527729664,2018-02-13 21:07:31,b'RT @TheACMG: Future research is necessary to determine which alternatives to conventional pretest genetic counseling may be most effective\xe2\x80\xa6'
963519337125457921,2018-02-13 21:04:45,b'RT @GIMJournal: Making pretest genomic counseling optional: lessons from the Return of Actionable Variants Empirical (RAVE) study https://t\xe2\x80\xa6'
963423836757573632,2018-02-13 14:45:16,b'RT @ajitjohnson_n: Latest from Boston Dynamics. https://t.co/MxIlxDtRcc'
962910748098707456,2018-02-12 04:46:27,b'RT @sciencemagazine: In @SciImmunology: reviewing the role of gut microbiota in immune-mediated diseases https://t.co/meSv9ze1GC https://t.\xe2\x80\xa6'
962908853254864896,2018-02-12 04:38:55,"b'RT @EricTopol: Our knowledge of the human genome ""repeatome"" is insufficient; tandem repeats are key to many neurological disorders. Expert\xe2\x80\xa6'"
962531301214494720,2018-02-11 03:38:39,"b'RT @NatureBiotech: The fantasy of every police department would be to collect trace DNA from a crime scene, pop it into a handheld device a\xe2\x80\xa6'"
962531251969187841,2018-02-11 03:38:28,b'Facial recognition with the help of genome SNPs must read https://t.co/Cjc9IRTDMo'
962378478396911616,2018-02-10 17:31:24,b'RT @NatureOutlook: Catch up on clinical trial results in cancer #immunotherapy. https://t.co/1J3FX60qd2'
962214575348174850,2018-02-10 06:40:06,b'RT @kiranshaw: I don\xe2\x80\x99t expect such a Gender biased comment from @manoharparrikar If they r of a drinking age n do it responsibly what has G\xe2\x80\xa6'
961890007710486528,2018-02-09 09:10:23,b'RT @NatureOutlook: Most oncologists only dream of results this good. Of the 63 children with leukaemia treated with an experimental CAR-T #\xe2\x80\xa6'
961746139480387584,2018-02-08 23:38:42,b'RT @TheACMG: Investigation whether citation data\xe2\x80\x94including journal impact factor and the number of cited variants (NCV) in each gene with p\xe2\x80\xa6'
961745299302596608,2018-02-08 23:35:22,"b'RT @GIMJournal: Impact factor is not predictive of pathogenicity. ""A literature review at genome scale: improving clinical variant assessme\xe2\x80\xa6'"
961664195476385792,2018-02-08 18:13:05,b'RT @EricTopol: An exceptional review of human transcriptional factors https://t.co/xPLOAhLPUP @CellCellPress @CellPressNews https://t.co/4o\xe2\x80\xa6'
961477990864449537,2018-02-08 05:53:11,"b'RT @GenomeBiology: Kotlar, Wingo and co present Bystro, a method for annotation of terabytes of whole genome data https://t.co/c8kB3Ryu6n'"
961120530123411459,2018-02-07 06:12:45,"b""RT @WIREDScience: Now that's what you call a landing https://t.co/m0NeswinwM #FalconHeavy https://t.co/Cr5KIwFp5R"""
961120411810398208,2018-02-07 06:12:17,b'RT @SpaceX: Liftoff! https://t.co/2ypESsi1sF'
961119862625067010,2018-02-07 06:10:06,b'RT @scroll_in: US research facility backs out of IIT-Madras event on cancer after Ramdev is named chief guest https://t.co/FFxaNXEz3d https\xe2\x80\xa6'
961100732861767680,2018-02-07 04:54:05,"b""RT @pollyp1: There is something profoundly cruel about @NatureNeuro demanding $59 to read Pamela Sklar's obituary #paywall https://t.co/aPY\xe2\x80\xa6"""
961100526262849536,2018-02-07 04:53:16,b'RT @NatureBiotech: .@US_FDA warns public of dangers of #DIY #genetherapy https://t.co/XMC929IRXQ #biohacking https://t.co/Oz3tlGcbas'
961075686109663233,2018-02-07 03:14:34,b'RT @EricTopol: A 1st rate review of using #genomics to diagnose rare diseases in kids https://t.co/26hA5B5Ues @NatureRevGenet https://t.co/\xe2\x80\xa6'
961069631325724672,2018-02-07 02:50:30,b'RT @rintukutum: Machine Learning approach to diagnose and detect Asthma sub-types in children #ml #Healthcare #MachineLearning #Asthma @Tav\xe2\x80\xa6'
960893135910928385,2018-02-06 15:09:10,b'RT @CSIRNIOGoa: The news of Nobel Prize series 2018 and Interaction of Nobel Laureates  at CSIR-NIO held on 3rd February 2018 appeared in T\xe2\x80\xa6'
960856156762554368,2018-02-06 12:42:14,b'RT @NCBStheory: Our Simons Fellow Venkat Ramaswamy (@VenkRamaswamy) now joins the @eLifeCommunity as one of the #eLifeAmbassadors for 2018.\xe2\x80\xa6'
960720767229939713,2018-02-06 03:44:14,"b'RT @EricTopol: Did you know your tweets indicate your future-sightedness, future thinker status? :-) A #bigdata analysis @PNASNews @twitter\xe2\x80\xa6'"
960615743405436928,2018-02-05 20:46:55,"b'RT @AnuragAgrawalMD: If health coverage for 100 million Indian families is digitally implemented in a planned way, we will join the frontli\xe2\x80\xa6'"
951050566620266496,2018-01-10 11:18:19,b'RT @biorxivpreprint: Identification of Pre-Existing Adaptive Immunity to Cas9 Proteins in Humans  https://t.co/nntbks4k8o #bioRxiv'
