id,created_at,text
969294265158422528,2018-03-01 19:32:16,b'RT @walesbotanic: This says it all about the current weather situation \n\nDweud y cyfan am y tywydd ar y foment......\n\n\xf0\x9f\x93\xb7 Wayne Minto \n\n#beas\xe2\x80\xa6'
969259302098743301,2018-03-01 17:13:20,b'Shocking weather conditions but we managed to raise \xc2\xa3144.50 for our pollinator research from our cake sale today! T\xe2\x80\xa6 https://t.co/IprDkH46M7'
969182638241087489,2018-03-01 12:08:42,"b'RT @BBCEarth: A snowy Richmond Park, London \n#EarthCapture by @David_Photos_UK https://t.co/SaflcvbNbF'"
968888099181916161,2018-02-28 16:38:18,b'RT @BumblebeeTrust: Overall risk to #bees confirmed. The long-awaited conclusions on #neonicotinoid pesticides from the European Food Safet\xe2\x80\xa6'
968140250219499520,2018-02-26 15:06:37,b'Great work!! https://t.co/lmrRmw2Azq'
968043709051932672,2018-02-26 08:43:00,b'RT @guardianeco: Starbucks trials 5p takeaway cup charge in attempt to cut waste https://t.co/ouKxPOCJSd'
967139981042110465,2018-02-23 20:51:54,b'RT @luckeybeefarms: Mason Bees Kick Honey Bee Butt #savethebees #nativebees #masonbees\n\nhttps://t.co/xrM62e7QLy'
967102023673044992,2018-02-23 18:21:04,b'Big thanks to @AndrewLucas103 for coming to give myself and @LucyWitter1 some hoverfly ID training today! I\xe2\x80\x99m looki\xe2\x80\xa6 https://t.co/aykpHSCRjH'
966629327956783104,2018-02-22 11:02:45,b'@HortWales @SallyNex @BBCGQT @Carmjournal @gringreen @bgci @B_Strawbridge @ShowcaseCarms @huwmjames @WG_innovation https://t.co/DDnzAI71ST'
966241168446185474,2018-02-21 09:20:21,b'RT @AndrewLucas103: Two wings and that venation? Even robot hoverflies get mistaken for bees... @flygirlNHM @faceyrj https://t.co/2Upd4z58Pz'
965726668060069895,2018-02-19 23:15:54,"b'RT @walesbotanic: Helpwch Achub Ein #Peillwyr!\n\nMae angen eich help ar Abigail, Laura a Lucy, ymchwilwyr PhD yn yr Ardd Fotaneg, i ddod o h\xe2\x80\xa6'"
965510668077150208,2018-02-19 08:57:36,b'RT @Botanygeek: Sensitive plants close their leaves and \xe2\x80\x98play dead\xe2\x80\x99 when touched: A defence against herbivores. \n\nRecent research has shown\xe2\x80\xa6'
964987392275906560,2018-02-17 22:18:17,b'RT @CrishniW: It costs @WildlifeTrusts just \xc2\xa382 to vaccinate a badger compared to the badger cull which cost \xc2\xa36785 per badger between 2012-\xe2\x80\xa6'
964968884997672960,2018-02-17 21:04:45,b'There\xe2\x80\x99s something so soothing about Alan Titchmarsh\xe2\x80\x99s voice.... reminds me of watching GroundForce before bed when\xe2\x80\xa6 https://t.co/9OIqb9Gqn7'
964803572213932033,2018-02-17 10:07:51,"b'RT @welshbollocks: Where are you holidaying fella? Just so that we can warn the locals, pets, livestock, hedgehogs, stoats etc that an inte\xe2\x80\xa6'"
964638191461502977,2018-02-16 23:10:41,b'\xf0\x9f\x98\x8d\xf0\x9f\x98\x8d\xf0\x9f\x98\x8d https://t.co/79Bxghop1U'
964632604870922247,2018-02-16 22:48:29,b'RT @apiculturalLdn: If you live in london and spot #red_mason Bee out early in the season double check it\xe2\x80\x99s not Osmia cornuta the white fac\xe2\x80\xa6'
964597010660843521,2018-02-16 20:27:03,b'@jenhawkins9 @walesbotanic @JustGiving Thanks for your support Jenny!! Hope everything is well with you :)'
964533552292532229,2018-02-16 16:14:53,b'RT @thatprickclaude: Did anyone else spot the Welsh flag at the end of Black Panther? The scene where they go to the U.N. Nice to recognise\xe2\x80\xa6'
964496995833536512,2018-02-16 13:49:37,b'RT @B_Strawbridge: The boys are back in town!!! My first male hairy-footed flower bee of the year... basking in the sunshine next to the pu\xe2\x80\xa6'
964470438436003840,2018-02-16 12:04:06,b'#dnabarcoding #pollinators #solitarybees #hoverflies #bumblebees #honeybees #pollenloadanalysis #conservation https://t.co/DDnzAI71ST'
964163425562714114,2018-02-15 15:44:08,"b'Such a great day IDing solitary bee specimens at @Museum_Cardiff, feel like I\xe2\x80\x99ve learnt so much!! #bees #taxonomy #ID'"
963120672166830081,2018-02-12 18:40:36,b'@B_Strawbridge @walesbotanic @Botanygeek @NHM_Bees @StevenFalk1 @olds_liam @WTWales @PictorialMeadow\xe2\x80\xa6 https://t.co/kqNyYcVmos'
963116870542004224,2018-02-12 18:25:30,b'RT @Botanygeek: SCAREMONGERS: \xe2\x80\x98Quorn is a far cry from plant food!\xe2\x80\x99\n\nSCIENCE: Yep. As it\xe2\x80\x99s a protein derived from fungi &amp; fungi are not pla\xe2\x80\xa6'
963091831927066626,2018-02-12 16:46:00,b'@samjhumphreys1 Thank you so much for your support! \xe2\x98\xba\xef\xb8\x8f Keep up to date with the projects at https://t.co/RzhqvNHyUy'
963082635491897344,2018-02-12 16:09:28,b'@walesbotanic Allwch chi roi RT? @MissAlexjones @IoloWilliams2 @garddioamwy @AwrCymru @LongForestWales @Keep_Wales_Tidy'
963074387476996098,2018-02-12 15:36:41,b'@walesbotanic Can you RT? @Botanygeek  @NHM_Bees @StevenFalk1 @olds_liam @WTWales @PictorialMeadow @BritishEcolSoc\xe2\x80\xa6 https://t.co/GCBKn2r5TR'
963069448117800960,2018-02-12 15:17:04,b'Mae angen eich help arnom ni i godi arian am ein hymchwil peillwyr @walesbotanic Ewch i https://t.co/oYsusr7CGz i d\xe2\x80\xa6 https://t.co/kzNJAvwYzQ'
963067676817088513,2018-02-12 15:10:01,b'We\xe2\x80\x99re carrying out important pollinator research at @walesbotanic - we need your help to fund it!! #charity #bees\xe2\x80\xa6 https://t.co/IzdZydpQ2h'
962700365560012800,2018-02-11 14:50:27,"b""RT @B_Strawbridge: This is what your lawn could look like if you mowed it less. Not a full scale meadow, but a 'lawn meadow'. So beautiful.\xe2\x80\xa6"""
962251774274031616,2018-02-10 09:07:55,"b""RT @ThunderPointLtd: Support the 'Help Save Our Pollinators' research at National Botanic Garden of Wales https://t.co/zzY9lcmTcg"""
961983151093485569,2018-02-09 15:20:30,b'Really interesting show!! #entomology #ethics https://t.co/eKf5aRBmta'
961187294941270016,2018-02-07 10:38:03,b'Update on how Laura\xe2\x80\x99s getting on with analysing 700 honey samples from across the UK #honey #pollen #dnabarcoding\xe2\x80\xa6 https://t.co/hKa6VrZrqv'
960932878677929985,2018-02-06 17:47:06,b'RT @GWmag: \xf0\x9f\x90\x9d\xc2\xa0Discover 10 interesting bee hotel designs - both flower show exhibits and humble home-made creations: https://t.co/3T94PcS1HC\xe2\x80\xa6'
959461047575998465,2018-02-02 16:18:34,b'RT @LucyWitter1: My first blog about my PhD research at the National Botanic Garden of Wales @walesbotanic  with Aberystwyth University @Ab\xe2\x80\xa6'
958644025669701632,2018-01-31 10:12:01,"b""NEW BLOG: I've written a blog-post introducing my PhD project... take a look if you're wondering what I'm going to\xe2\x80\xa6 https://t.co/ELZeXoUfMB"""
958643898758434816,2018-01-31 10:11:30,"b""BLOG NEWYDD: Fi 'di ysgrifennu erthygl yn s\xc3\xb4n am fy mhrosiect PhD... cipiwch olwg os 'i chi'n pyslo be fi'n neud am\xe2\x80\xa6 https://t.co/SAwvBOinqJ"""
956884752652488704,2018-01-26 13:41:17,b'What an amazing talk by Robbie Blackhall-Miles @fossilplants highlighting that any one (or two) can make such a dif\xe2\x80\xa6 https://t.co/pTk69SnRLk'
956503892698820608,2018-01-25 12:27:53,b'Dydd Santes Dwynwen Hapus oddi wrth fi a @LucyWitter1 \xe2\x99\xa5\xef\xb8\x8f @walesbotanic https://t.co/I1g20uRuJH'
956279496092585985,2018-01-24 21:36:13,b'@walesbotanic And 7 years this summer since I first did work experience there! \xf0\x9f\x98\xb1'
956278886152712194,2018-01-24 21:33:47,b'Such an exciting day meeting and getting to know some of the candidates for next year\xe2\x80\x99s Industrial Placement at the\xe2\x80\xa6 https://t.co/XXAGK6GCqy'
955121997540921345,2018-01-21 16:56:44,b'RT @berlinbuggirl: Comic by Sloan Tomlinson.\n\nFind more of his work here: https://t.co/zx97rGgwO8\n\n#SaveTheBees? https://t.co/5SyX5zYhYL'
951589866860695552,2018-01-11 23:01:18,b'Can\xe2\x80\x99t wait to get learning more! \xf0\x9f\x90\x9d\xf0\x9f\x90\x9d\xf0\x9f\x90\x9d https://t.co/YDjC3RiXp3'
951589679287226368,2018-01-11 23:00:33,b'Amazing photos! Never seen some of these animals before #mustprotect https://t.co/EgGrvxw4vG via @boredpanda'
951052967356063745,2018-01-10 11:27:51,"b""RT @Adamprice: Da gweld Plaid Cymru (diolch i Simon Thomas) yn setio'r agenda fan hyn unwaith eto - cyfle fan hyn i Gymru arloesi https://t\xe2\x80\xa6"""
951052701357441025,2018-01-10 11:26:48,"b""RT @GreenpeaceUK: Wildlife photographer of the year people's choice award ---&gt;\n\n\xf0\x9f\x90\xbb\xf0\x9f\x90\xa8\xf0\x9f\x90\xb8\xf0\x9f\x90\x99\n\nhttps://t.co/jb8k6D3Ero https://t.co/zEmQV7BAdt"""
950838770156363776,2018-01-09 21:16:43,b'Abstract submitted for poster presentation at #ECCB2018 in Finland! #exciting'
