id,created_at,text
969689643473145861,2018-03-02 21:43:21,"b'RT @historicalgeog: *Exciting news* In collaboration with the Historical Geography Speciality Group of @theAAG, we\xe2\x80\x99re delighted to announce\xe2\x80\xa6'"
968403499494051840,2018-02-27 08:32:41,b'RT @PaulSeesequasis: From a series of photographic plates found in Ontario and recently given to me. Unnamed and no locale\xe2\x80\xa6 https://t.co/mg\xe2\x80\xa6'
965002303249047552,2018-02-17 23:17:32,"b""Don't you have a word for the feeling you get when you can't tell if it's the news or an article in the Onion? https://t.co/ZtVAdjrGi6"""
964784794885394432,2018-02-17 08:53:14,b'RT @AcademiaObscura: Best acknowledgement ever. https://t.co/kHF7S5VF6D'
964514264793993216,2018-02-16 14:58:15,b'RT @ChriMussard: Enfin! https://t.co/BYEbazX7OF'
964445285077389312,2018-02-16 10:24:09,"b'Candeur of 1900s KU History Professor in his textbook on Civil Gvt in Kansas. Advice to students : ""The Constitutio\xe2\x80\xa6 https://t.co/GdCdyy9NIe'"
964400837781958657,2018-02-16 07:27:32,"b""RT @NBarreyre: Recrutement de 6 ATER \xc3\xa0 l'@EHESS_fr, dont un dans la mention Histoire (fl\xc3\xa9ch\xc3\xa9: historiographies allemandes, toutes p\xc3\xa9riodes;\xe2\x80\xa6"""
964216128410214401,2018-02-15 19:13:33,b'RT @AcademiaObscura: Best thesis defense flyer ever! | https://t.co/MDrCVphiQC https://t.co/vIRlBLZsde'
964042475869474816,2018-02-15 07:43:31,"b'RT @UNLGPQJournal: Willa Cather\'s ""My Antonia"" is 100 years old. https://t.co/HVHuBRuPsk'"
963464347245858819,2018-02-13 17:26:15,"b'(avec @fannymalegue, Thibault Bechini, Gauthier Garnier et Bruno Herv\xc3\xa9)'"
963463751293964289,2018-02-13 17:23:53,"b'J\'ai le plaisir de co-organiser cette journ\xc3\xa9e d\'\xc3\xa9tude des doctorant-e-s de l\'UMR Mondes Am\xc3\xa9ricains intitul\xc3\xa9e ""Les p\xe2\x80\xa6 https://t.co/vafPrCpQHq'"
962959914023948288,2018-02-12 08:01:49,"b'RT @fabricea: Jeudi 15 f\xc3\xa9vrier 2018 18h30 \xc2\xab La r\xc3\xa9ception des cartes asiatiques en Europe. Circulations, usages et patrimonialisations \xc2\xbb. \n@\xe2\x80\xa6'"
962652010016399360,2018-02-11 11:38:19,b'Fantastic book on time and place. \xc2\xab\xc2\xa0Here\xc2\xa0\xc2\xbb by Richard Mcguire. Disponible en fran\xc3\xa7ais chez @Gallimard sous le titre\xe2\x80\xa6 https://t.co/mzgTrPeUKM'
961666388090871814,2018-02-08 18:21:48,"b""RT @P_Brasseur: Communiqu\xc3\xa9 de presse du Clasches sur la tenue d'une journ\xc3\xa9e d\xe2\x80\x99\xc3\xa9tudes intitul\xc3\xa9e \xc2\xab Du harc\xc3\xa8lement sexuel au travail \xc3\xa0 #Balanc\xe2\x80\xa6"""
960780725359468545,2018-02-06 07:42:30,"b""RT @benmschmidt: Month-to-month interpolation of @j_p_schroeder's excellent population estimates database gives a smooth, if occasionally,\xe2\x80\xa6"""
958375419534823424,2018-01-30 16:24:40,"b'@ish_map Merci, en esp\xc3\xa9rant que cela se r\xc3\xa9solve cette ann\xc3\xa9e, h\xc3\xa2te que les \xc3\xa9changes puissent reprendre sur de bonnes bases.'"
957682143609618432,2018-01-28 18:29:50,b'Wonderful film. https://t.co/rHwbu34Gzt'
957619353658232832,2018-01-28 14:20:20,"b'@cbmorrissey @Henry_Rousso Indeed. Quand on est directeur de recherche au @CNRS, on peut se permettre de faire un a\xe2\x80\xa6 https://t.co/MZHHUymmKP'"
957614721934426112,2018-01-28 14:01:55,"b'@ish_map So, just received an insane email from membership.secretary.ishm@gmail.com asking me 10 euros to renew my\xe2\x80\xa6 https://t.co/Hl4TVNCTCG'"
956166676831117312,2018-01-24 14:07:55,b'So many things to unpack here: Potential citizenship question in 2020 Census could shift power to rural America https://t.co/n5JaNJGAqZ'
956101399691001857,2018-01-24 09:48:31,"b""@nathalie_jas @SFWamPearl @EHESS_fr Ou... c'est une premi\xc3\xa8re rencontre qui en entrainera peut-\xc3\xaatre d'autres (et dan\xe2\x80\xa6 https://t.co/adeCUobLhd"""
956074864028323840,2018-01-24 08:03:05,"b""C'est avec grand plaisir que je co-organise cette journ\xc3\xa9e d'\xc3\xa9tude avec Romain Huret au Centre d'Etudes Nord Am\xc3\xa9rica\xe2\x80\xa6 https://t.co/fMVtBrhOSV"""
954625348326559744,2018-01-20 08:03:13,"b'""People in genealogical glass houses shouldn\xe2\x80\x99t throw stones, and we\xe2\x80\x99re all in genealogical glass houses metaphorica\xe2\x80\xa6 https://t.co/dHQb2BrCvF'"
953658993787973634,2018-01-17 16:03:16,b'RT @NBarreyre: Des milliers de cartes du Laboratoire de Graphique num\xc3\xa9ris\xc3\xa9s sur la plateforme de g\xc3\xa9omatique de @EHESS_fr avec concours de @\xe2\x80\xa6'
953541864099115008,2018-01-17 08:17:51,"b'A not-that-surprising show on Appalachia taking ""Hillbilly Elegy"" (J.D. Vance 2016) as a starting point, and then s\xe2\x80\xa6 https://t.co/1PgMeum220'"
952938775193190400,2018-01-15 16:21:23,"b'A teaser: ""Best girl"", c. 1910, L. W. Halbe, copyright @kansashistory https://t.co/uVnYzlC1ho'"
952938772072685568,2018-01-15 16:21:22,"b""C'est avec un grand plaisir que j'interviendrai au s\xc3\xa9minaire Camera Memoria autour de la photographie amateure dans\xe2\x80\xa6 https://t.co/m1oRGn5Rvr"""
952529856838946816,2018-01-14 13:16:29,"b'RT @AJCHistoire: [AAC] ""LES LISTES"" - 4\xc3\xa8me Journ\xc3\xa9e d\'\xc3\xa9tudes de l\'@AJCHistoire, @unistra Strasbourg, 17 mai 2018\nDate limite de r\xc3\xa9ponse \xc3\xa0 l\'\xe2\x80\xa6'"
950751737211772929,2018-01-09 15:30:52,b'RT @AJCHistoire: Encore 1 semaine pour r\xc3\xa9pondre \xc3\xa0 notre appel ! :) https://t.co/UW4p2jyS0V'
950018750090240000,2018-01-07 14:58:15,"b""RT @AJCHistoire: Encore 10 jours pour r\xc3\xa9pondre \xc3\xa0 notre appel \xc3\xa0 communication pour la Journ\xc3\xa9e d'\xc3\xa9tudes sur Les listes ! ;) https://t.co/UW4p\xe2\x80\xa6"""
949258935256698880,2018-01-05 12:39:01,b'RT @_Red_Long: I\xe2\x80\x99m a blind twitter user. There are a lot of us out there. Increase your ability to reach us and help us interact with your\xe2\x80\xa6'
948894384715653120,2018-01-04 12:30:25,b'RT @AthertonKD: what stage of capitalism is it where brands imitate threats of nuclear war to sell fried chicken https://t.co/Fsu8xvi8ng'
939460424986234880,2017-12-09 11:43:14,"b""An interesting moving part in the debates on the state of rural America today, let's not forget the role public pol\xe2\x80\xa6 https://t.co/17yKloKyas"""
933726954800508928,2017-11-23 16:00:28,"b'RT @ArSaintMartin: Et voil\xc3\xa0 ! ""Pour les sciences sociales"", dir. Cyril Lemieux, aux @editionsehess : des dizaines de notices sur des grands\xe2\x80\xa6'"
933671758414180352,2017-11-23 12:21:08,"b""J'ai la chance de co-organiser cette journ\xc3\xa9e avec d'autres jeunes chercheurs en histoire. Envoyez-nous donc vos pro\xe2\x80\xa6 https://t.co/odpzYuqnJr"""
923192232928215040,2017-10-25 14:19:15,b'D\xc3\xa9sempar\xc3\xa9 https://t.co/tn0Z5oBywh'
922866352792264705,2017-10-24 16:44:19,"b""@jlauck1941 Where do these pages come from (I'm guessing the tweets about Webb are from the same article/book)? Thanks."""
916346236629864448,2017-10-06 16:55:42,b'RT @matthewschmitz: Robert Louis Stevenson on the plains of Nebraska https://t.co/uT5uGAiWke'
