id,created_at,text
906241478191718402,2017-09-08 19:43:00,b'@MahmoudMahdy \xd9\x85\xd8\xb1\xd8\xa7\xd8\xac\xd8\xb9\xd8\xa9 \xd8\xa7\xd9\x86\xd9\x87\xd9\x8a \xd9\x81\xd9\x8a\xd9\x84\xd9\x85 \xd8\xaf\xd9\x8a\xd8\x9f'
826144210181042176,2017-01-30 19:05:03,b'RT @ElNennyM: \xf0\x9f\x91\x8f\xf0\x9f\x91\x8f\xf0\x9f\x92\xaa\xf0\x9f\x91\x8a\xf0\x9f\x8f\xbc https://t.co/uLGGAVmjWG'
769568873939079168,2016-08-27 16:14:52,"b'RT @CMUDB: Today was ""Shoot Your Adviser Day"" for the Carnegie Mellon Database Group /cc @atm https://t.co/CLReGfD63y'"
677283749843849217,2015-12-17 00:26:43,b'@WINDmobile Gimme that'
651536465164414976,2015-10-06 23:16:12,"b""@AprilTrubody So it's true what they say, you're actually that dumb."""
385765898809667585,2013-10-03 13:58:52,"b'@Elnikety The death of one man is a tragedy, the death of millions is a statistic'"
253162825726443521,2012-10-02 16:01:35,b'@waelalwani el7amdulelah. Moftakedenak bas wallahy'
253135756661493760,2012-10-02 14:14:02,"b""@waelalwani eh ya 3am enta. el FB mdallem men 3'erak. wa7eshny wallahy"""
213770011393798144,2012-06-15 23:08:37,b'@Ahmad_Youness 3alallah ykoon el2e5teyar elsa7. Ana e5tartoh ana kaman el2esbo3 elly fat. Ya rab zanny y5eeb!'
213050149319081985,2012-06-13 23:28:08,"b'@FadilaAlJaffal Funny story, I got myself a new wallet and were moving my cards to it to find yours :D'"
213050031471730689,2012-06-13 23:27:40,"b""@FadilaAlJaffal Shoot, I should have camoflashed. Does this mean you're still working there?"""
213011378351513600,2012-06-13 20:54:04,b'@FadilaAlJaffal were you working at kaust?'
202516703429668865,2012-05-15 21:51:59,b'RT @ElBaradei: \xd9\x88\xd8\xaa\xd8\xaa\xd8\xb3\xd8\xa7\xd9\x82\xd8\xb7 \xd8\xa7\xd9\x84\xd8\xa3\xd9\x82\xd9\x86\xd8\xb9\xd8\xa9... \xd9\x85\xd9\x88\xd8\xb3\xd9\x85 \xd8\xa7\xd9\x84\xd9\x81\xd8\xb1\xd8\xb2 \xd8\xa8\xd9\x8a\xd9\x86 \xd8\xa7\xd9\x84\xd8\xab\xd9\x88\xd8\xa7\xd8\xb1 \xd9\x88 \xd9\x85\xd9\x86 \xd8\xa8\xd8\xa7\xd8\xb9\xd9\x88\xd8\xa7 \xd8\xb6\xd9\x85\xd8\xa7\xd8\xa6\xd8\xb1\xd9\x87\xd9\x85'
198088577735864320,2012-05-03 16:36:11,b'Treat for space geeks http://t.co/39fbHd2Z'
195540001398857729,2012-04-26 15:49:03,b'@Omar_Diaa Barack Obama is following YOU??? WTF???'
195535706322509824,2012-04-26 15:31:59,b'@Omar_Diaa inshallah elmodeer ya 3omar :D'
195400408930320384,2012-04-26 06:34:22,b'RT @belalfadl: \xd9\x85\xd9\x86 \xd8\xa7\xd9\x84\xd8\xad\xd9\x88\xd9\x84 \xd8\xa7\xd9\x84\xd9\x81\xd9\x83\xd8\xb1\xd9\x8a \xd8\xa7\xd9\x84\xd9\x85\xd8\xb3\xd8\xa7\xd9\x88\xd8\xa7\xd8\xa9 \xd8\xa8\xd9\x8a\xd9\x86 \xd8\xb4\xd8\xae\xd8\xb5 \xd9\x85\xd8\xaa\xd9\x87\xd9\x85 \xd8\xa8\xd8\xa7\xd9\x84\xd9\x83\xd8\xb0\xd8\xa8 \xd9\x88\xd8\xaa\xd8\xb6\xd9\x84\xd9\x8a\xd9\x84 \xd8\xa7\xd9\x84\xd9\x86\xd8\xa7\xd8\xb3 \xd9\x88\xd9\x87\xd9\x88 \xd9\x85\xd8\xaa\xd8\xb1\xd8\xb4\xd8\xad \xd9\x84\xd9\x85\xd9\x86\xd8\xb5\xd8\xa8 \xd8\xb1\xd8\xa6\xd9\x8a\xd8\xb3 \xd9\x88\xd8\xa8\xd9\x8a\xd9\x86 \xd9\x81\xd9\x86\xd8\xa7\xd9\x86 \xd9\x83\xd8\xa7\xd9\x86 \xd8\xa8\xd9\x8a\xd9\x82\xd9\x88\xd9\x84 \xd8\xb1\xd8\xa3\xd9\x8a\xd9\x87 \xd9\x85\xd9\x86 \xd8\xae\xd9\x84\xd8\xa7\xd9\x84 \xd8\xa7\xd9\x84\xd9\x81\xd9\x86 \xd9\x88\xd9\x85\xd9\x86  ...'
195394026667642880,2012-04-26 06:09:00,b'@YaraElGendy marawan beyrawesh 3aleky gamed elnaharda. makansh match elly kesboh da :D'
195261770233950208,2012-04-25 21:23:28,b'@YaraElGendy it was close :S'
195257886945976320,2012-04-25 21:08:02,b'@YaraElGendy sip'
192161917152927744,2012-04-17 08:05:45,b'@YaraElGendy Was a long night for me. First time I stay tuned with you guys so late :S\nYa rab as7a elsob7 ba2a. Cheers!'
192153572262158336,2012-04-17 07:32:36,b'@YaraElGendy mesa22ata semsem elnaharda. elnas elly sahrana embare7'
190566216690171904,2012-04-12 22:25:01,b'@Ahmad_Youness mabrook ya m3allem. rabena yetammem 3ala 5er isA ya sadeeky :)'
184667284692934657,2012-03-27 15:44:46,b'@Ahmad_Youness mabrook ya Youness :D'
184401879780958208,2012-03-26 22:10:08,"b""RT @ElBaradei: A constitution isn't fast food. It's the cornerstone of democracy; a well thought out vision guaranteeing rights &amp; fr ..."""
184336535645200385,2012-03-26 17:50:29,b'RT @BarackObama_Ar: \xd9\x85\xd8\xaa\xd9\x81\xd8\xa7\xd8\xa6\xd9\x84 \xd8\xa3\xd9\x86 \xd9\x83\xd9\x84 \xd9\x86\xd9\x85\xd8\xa7\xd8\xb0\xd8\xac \xd8\xa7\xd9\x84\xd8\xaf\xd9\x88\xd9\x84 \xd8\xa7\xd9\x84\xd9\x85\xd8\xaa\xd8\xad\xd8\xb6\xd8\xb1\xd8\xa9 \xd9\x84\xd8\xa7 \xd8\xaa\xd8\xad\xd9\x83\xd9\x85\xd9\x87\xd8\xa7 \xd8\xa3\xd9\x86\xd8\xb8\xd9\x85\xd8\xa9 \xd8\xb9\xd8\xb3\xd9\x83\xd8\xb1\xd9\x8a\xd8\xa9 \xd8\xa3\xd9\x88 \xd8\xaf\xd9\x8a\xd9\x86\xd9\x8a\xd8\xa9 \xd8\xa3\xd9\x88 \xd8\xaf\xd9\x8a\xd9\x83\xd8\xaa\xd8\xa7\xd8\xaa\xd9\x88\xd8\xb1\xd9\x8a\xd8\xa9\xd8\x8c \xd8\xb1\xd8\xad\xd9\x84 \xd8\xa7\xd9\x84\xd8\xaf\xd9\x8a\xd9\x83\xd8\xaa\xd8\xa7\xd8\xaa\xd9\x88\xd8\xb1\xd8\x8c \xd9\x88\xd8\xa8\xd9\x82\xd9\x8a \xd8\xa7\xd9\x84\xd8\xb9\xd8\xb3\xd9\x83\xd8\xb1 \xd9\x88\xd8\xaa\xd8\xac\xd8\xa7\xd8\xb1 \xd8\xa7 ...'
184163946104750081,2012-03-26 06:24:41,b'@Omar_Diaa tela2y mana5eroh ad keda :D'
184152639955664896,2012-03-26 05:39:45,b'@Ahmad_Youness \xd8\xa7\xd9\x84\xd9\x81\xd8\xb1\xd8\xad \xd8\xa7\xd9\x85\xd8\xaa\xd9\x89 \xd9\x8a\xd8\xa7 \xd8\xb9\xd8\xb1\xd9\x8a\xd8\xb3\xd8\x9f\xd8\x9f\n\xd8\xa3\xd8\xac\xd9\x8a\xd9\x84\xd9\x83 \xd9\x85\xd9\x86 \xd9\x83\xd9\x86\xd8\xaf\xd8\xa7 \xd9\x85\xd8\xae\xd8\xb5\xd9\x88\xd8\xb5 \xd9\x8a\xd8\xa7 \xd9\x85\xd8\xb8\xd8\xa8\xd8\xaa\xd9\x86\xd9\x8a \xd9\x81\xd9\x8a \xd9\x88\xd8\xad\xd8\xaf\xd8\xaa\xd9\x8a :]'
