id,created_at,text
970391755026726912,2018-03-04 20:13:18,b'Emacs Anywhere @TravisLaGrone https://t.co/lpYULYczog'
970206455965077504,2018-03-04 07:56:59,b'Big Data And AI: 30 Amazing (And Free) Public Data Sources For 2018 via @forbes https://t.co/G111RWE0J6'
969856955870269440,2018-03-03 08:48:12,b'RT @newsycombinator: Lost Causes of Theoretical Physics (2003) https://t.co/TynQNA818W'
969727288806952960,2018-03-03 00:12:56,"b'When applying AI to electronic health records, we should not start by assuming that everyone is independent of ever\xe2\x80\xa6 https://t.co/n2ZwoNKYFL'"
969651585692430341,2018-03-02 19:12:07,"b""@mayukhdastweet @STARLing_lab Can't wait!"""
969436805010526209,2018-03-02 04:58:40,b'https://t.co/e0CF4Xxz7O'
968494295345967106,2018-02-27 14:33:28,"b'RT @mayukhdastweet: @alexanderlhayes @STARLing_lab Our work on User-Friendly Automatic Background Knowledge Construction via ER-Diagrams, f\xe2\x80\xa6'"
968481853211664386,2018-02-27 13:44:01,"b""@TravisLaGrone @alexbrattmd I know what I'm reading this morning \xf0\x9f\x98\xae"""
968249381869817856,2018-02-26 22:20:16,b'How long will it take? Git knows.  https://t.co/Yj0kPTDhyH'
967991813679341568,2018-02-26 05:16:47,"b'@_Amazering @NickOcio I was sitting at my desk, read this series of Tweets, then noticed how red they looked in the bathroom mirror.'"
967990863069634560,2018-02-26 05:13:00,b'@NickOcio @_Amazering Why are my elbows so red?!? \xf0\x9f\x98\x86\xf0\x9f\x98\xab'
967989981770809344,2018-02-26 05:09:30,b'RT @Ike_Saul: Students have:\n\n- forced CNN town hall\n- got new commitments from Rubio \n- pressured POTUS to call for bump stock ban\n- led a\xe2\x80\xa6'
967951662903160832,2018-02-26 02:37:14,b'Read Faster command line tools with Go https://t.co/V6uCmIi8Kv'
967914822816944128,2018-02-26 00:10:51,b'RT @NAChristakis: It would be fascinating to know how this realized percentage varies with class size. Via @michaelyehmd NB @DG_Rand https:\xe2\x80\xa6'
967532387323310080,2018-02-24 22:51:11,"b'@NSriraam_StaRAI Which day of the week are you thinking should be ""extra-long-time-at-university"" day? I want to pl\xe2\x80\xa6 https://t.co/yFGKkCiD9j'"
967521717827571712,2018-02-24 22:08:47,"b""@CcavanaughChris *Small correction: 'Hoaxy' is the project (I think it went by Truthy originally in reference to Co\xe2\x80\xa6 https://t.co/Irfn4YHKZH"""
967518932029595649,2018-02-24 21:57:43,b'@CcavanaughChris Prof. Filippo Menczer has done some really cool work on spotting fake tweets based on the network\xe2\x80\xa6 https://t.co/PCYAWTKxoK'
967517338877726720,2018-02-24 21:51:23,"b'@CcavanaughChris But if images themselves are untrustworthy, there are other attributes (metadata) you can look at:\xe2\x80\xa6 https://t.co/zauoH1gVkE'"
967516650621816832,2018-02-24 21:48:39,b'@CcavanaughChris Information security (as a field) is always a bit of a moving target: you have to see the potentia\xe2\x80\xa6 https://t.co/Bag7Rz3Odc'
967498836078931968,2018-02-24 20:37:52,"b'RT @ACLU: Lots of questions about students\xe2\x80\x99 rights in a walkout. \n\nHere\xe2\x80\x99s the gist: Your school can punish you for missing class, just like\xe2\x80\xa6'"
967498367852040193,2018-02-24 20:36:00,"b'RT @SwiftOnSecurity: Growing up in California, site of the 1850\xe2\x80\x99s Gold Rush, I was told constantly that \xe2\x80\x9cthe most successful people during\xe2\x80\xa6'"
967088907665006592,2018-02-23 17:28:57,"b'RT @twimlai: Live! We close out the week with a chat with Sriraam Natarajan, associate professor in the department of computer science at U\xe2\x80\xa6'"
967067353933664261,2018-02-23 16:03:19,b'@VibhavGogate presenting work on #MarkovLogicNetworks at @UT_Dallas https://t.co/0bfBgsCzFx'
966909082518020097,2018-02-23 05:34:24,"b'RT @electronjs: Electron 2.0.0-beta.1 is out with updated Chromium and Node.js, macOS in-app purchases, GTK3 support for Linux, and much mo\xe2\x80\xa6'"
966902620999712768,2018-02-23 05:08:43,"b""RT @dlowd: Dolphins achieve super-human swimming ability in &lt; 24 hours! It's just a matter of time before they surpass humans in every task\xe2\x80\xa6"""
966886977340547073,2018-02-23 04:06:33,"b'RT @sundarpichai: AI offers us the potential for new, less invasive tests for heart health - predicting cardiovascular results from retinal\xe2\x80\xa6'"
966539599307771904,2018-02-22 05:06:12,"b'""Try the new Pinterest for Academic Publications!""'"
965404866167365633,2018-02-19 01:57:11,b'RT @eggsandbread: \xe2\x80\x9cthere\xe2\x80\x99s a lot to unpack here\xe2\x80\x9d is the academic equivalent of \xe2\x80\x9cyikes\xe2\x80\x9d'
964906031221534721,2018-02-17 16:54:59,b'https://t.co/7wR324BaJR'
964905133967642625,2018-02-17 16:51:25,b'RT @jhemann: My favorite programming language? The AoE2 Scenario editor.\n\nhttps://t.co/DKd31JbwSg'
964733142702739456,2018-02-17 05:27:59,b'RT @KPCC: Facial recognition piloted by TSA at LAX https://t.co/EdYn3xgiw5 https://t.co/jZad6pq5DD'
964358914845286400,2018-02-16 04:40:56,"b'RT @CcavanaughChris: To all my brothers/sisters who teach in our great schools-to all of our millions of greats students-please, please tak\xe2\x80\xa6'"
963528218715320323,2018-02-13 21:40:03,b'@_Amazering I really want to see the highlights for how many attempts this took.'
963524347964116992,2018-02-13 21:24:40,"b""@_Amazering Word on the street is that there is no machine learning involved in Boston Dynamics' robots."""
963061689884336128,2018-02-12 14:46:14,b'RT @BenJelen_: I really enjoyed getting the chance to help organize and meet so many great consumer health midwestern researchers at #CHIM2\xe2\x80\xa6'
962136384218812416,2018-02-10 01:29:24,"b'Audrey: ""was Frozen in Sweden or Norway?""\n@NickOcio ""Arendelle.""'"
959938600744968192,2018-02-03 23:56:11,b'RT @github: Looking to show off some code samples in a presentation or tweet? Make your code beautiful with this neat app from @dawn_labs:\xe2\x80\xa6'
957054260583260160,2018-01-27 00:54:51,b'Anion Onion Union'
951247538455228417,2018-01-11 00:21:01,b'@CattMalvert @Maddzdawg #MattCalvertFor1of3'
946458465484058626,2017-12-28 19:10:57,"b'Greetings from Paoli, Indiana! https://t.co/pUEbzsiu2K'"
942161434565337088,2017-12-16 22:36:05,b'\xe2\x88\x80x\xe2\x88\xa7R'
941880891466551296,2017-12-16 04:01:18,"b""RT @SashaLaundy: The best debugger ever made is a good night's sleep."""
938825935729692673,2017-12-07 17:42:00,b'What is the world coming to when I cannot award one of my students \xf0\x9f\x91\x8c/5 points.'
937561551200030720,2017-12-04 05:57:47,"b""@jjbullard7 I keep the notes with Savannah and I's project award XD that was a great summer so I have to keep them\xe2\x80\xa6 https://t.co/eWXfORQ2KI"""
937559612529704960,2017-12-04 05:50:05,"b""@jjbullard7 Happy Birthday Jay! Here's a throwback to the time we lived in the woods for a couple days! https://t.co/zLyC4kXS8x"""
937558433917816834,2017-12-04 05:45:24,"b'RT @IS_GEOCommunity: K-CAP 2017 starts tomorrow! https://t.co/eJbxeWRsnR  Ninth International Conference on Knowledge Capture, 4th - 6th De\xe2\x80\xa6'"
937222745934442496,2017-12-03 07:31:30,"b'RT @newsycombinator: William Alsup, the coding judge who decides tech cases https://t.co/i3qZ3nBPeu?'"
936820248031801344,2017-12-02 04:52:07,"b'You: So Basic\nMe, An Intellectual: So Alkaline'"
936733297945833473,2017-12-01 23:06:36,b'RT @neurovessels: My graduate research focuses on improving diagnostic imaging of yr exact type of brain cancer but hey thx 4 voting to inc\xe2\x80\xa6'
936733081343578114,2017-12-01 23:05:44,"b""@ericwastl Racket today. I'll probably switch up depending on the question!"""
936073407866785793,2017-11-30 03:24:26,b'Gerrymandering and Computational Redistricting: https://t.co/slHsHzXfUO via @o_guest and @ProfData https://t.co/m68kcZbG2L'
936050880314474498,2017-11-30 01:54:55,"b'@CcavanaughChris @NPR ""... basically the network equivalent of public observation..."" the rebuttals to a few of the\xe2\x80\xa6 https://t.co/Y2OPhhalpS'"
936044258578092032,2017-11-30 01:28:36,b'RT @headius: I just had a passing thought that it might be interesting to study Intellectual Property law. Send help.'
936044101417529344,2017-11-30 01:27:59,b'RT @pigworker: It\xe2\x80\x99s nearly the end of term and I can feel myself deflating slowly so I can be folded away and put in the back of the prop c\xe2\x80\xa6'
936043694033129472,2017-11-30 01:26:22,b'RT @Stacie_kam: Poinsettias can GROW IN THE GROUND'
934893326314205185,2017-11-26 21:15:13,"b'RT @ericwastl: See you in 106 hours,  29 minutes, and 17 seconds. https://t.co/bDIPRWZupr #AdventOfCode https://t.co/tRSeA2xRCN'"
934624052135809024,2017-11-26 03:25:13,"b'RT @ericwastl: Save the date!\n- December 1st\n- December 2nd\n- Decem...\nYou know what, just save most of December. #AdventOfCode 2017'"
934509160179359745,2017-11-25 19:48:40,b'It struck me how similar Firefox Quantum looks compared to Microsoft Edge; mostly between the squared look and the new tab page.'
931290093494685696,2017-11-16 22:37:15,b'RT @katiesiek: Health insurance open enrollment - anyone have an AI/ML solution to determine what plan I should use based on my personalize\xe2\x80\xa6'
931022898025979904,2017-11-16 04:55:31,b'RT @TensorFlow: We are so excited to announce the Developer Preview of #TensorFlowLite! \n\nRead all about it in our blogpost \xe2\x86\x92 https://t.co/\xe2\x80\xa6'
928380564201189377,2017-11-08 21:55:49,"b""RT @github: Sometimes a project is worth saving\xe2\x80\x94even if you don't work on it anymore. Now you can archive repos as read-only! https://t.co/\xe2\x80\xa6"""
928379284984680449,2017-11-08 21:50:44,b'@MDTurinetti @JasonKander Which ad was that? Same guy who assembled a rifle blindfolded?'
925344868423098376,2017-10-31 12:53:03,b'Happy Halloween! https://t.co/2q97jyqjJZ'
923987923166523392,2017-10-27 19:01:02,"b'RT @DarkHorseComics: Contest! Follow &amp; RT to win a copy of The Art of Over the Garden Wall, signed by creators. Info: https://t.co/O24Bu9Yj\xe2\x80\xa6'"
918585015537225728,2017-10-12 21:11:48,b'RT @boyscouts: The BSA expands programs to welcome girls from Cub Scouts to highest rank of Eagle Scout https://t.co/WbFQxCXZBN'
915784903115059200,2017-10-05 03:45:10,"b""RT @KCAP2017: Don't forget #discountedFares until Oct 15th for #KCAP2017 #earlyRegistrations! Students/ACM members/Non-ACM members ! #SeeYo\xe2\x80\xa6"""
915688080602013697,2017-10-04 21:20:25,"b'@FiveThirtyEight Google cache is empty and the last WayBackMachine snapshot was on November 4, 2015.'"
915686412011393024,2017-10-04 21:13:47,"b'@FiveThirtyEight There might be a broken link in the article, https://t.co/3N952ksn29 is coming back with a ""server not found"" for me.'"
914988819451129857,2017-10-02 23:01:48,"b""RT @kibblesmith: I know everyone claims to love Halloween, but it's especially culturally significant to me since almost 100% of my ancesto\xe2\x80\xa6"""
914897154405171203,2017-10-02 16:57:34,b'@BenPhacts Half a byte is called a nibble.'
914304422678732800,2017-10-01 01:42:15,"b'@MDTurinetti @VoteMarsha It goes deeper, found these through her website. Happy digging!  https://t.co/fqmw8q9xXN\xe2\x80\xa6 https://t.co/cb6QSSibYF'"
914193181801099265,2017-09-30 18:20:14,b'@RDPK81 Spiders are known to disguise themselves.\nhttps://t.co/9ai5Cvte2u'
914192085296836608,2017-09-30 18:15:52,"b""@RDPK81 Pretty sure that's a spider."""
914023116883587072,2017-09-30 07:04:27,b'RT @newsycombinator: Apple open source: source for every iOS and MacOS kernel https://t.co/iq3p6XRFh2'
914020479937150976,2017-09-30 06:53:58,b'#101CharactersCanBeUsedInAHashtagAssumingThatOneIsReservedForTheOctothorpeGreaterLengthReturnsAnError'
914019331805257729,2017-09-30 06:49:25,b'#IWantToFindOutIfThereIsAHardLimitToTheLengthThatHashtagsCanGrowTo'
913940134474678272,2017-09-30 01:34:42,"b""I've heard about SNES Classics on three separate occasions today. Are they cool and new or am I experiencing a massive marketing campaign?"""
913778264245760000,2017-09-29 14:51:30,"b'RT @pigworker: From a Curry-Howard perspective, ""I like programming but I don\'t like maths."" means ""I like programming but I don\'t like pro\xe2\x80\xa6'"
913099791546175488,2017-09-27 17:55:29,"b""RT @StephenAtHome: And in one stroke, Twitter doubles the complexity of our nation's foreign policy."""
912923797438828545,2017-09-27 06:16:09,b'RT @newsycombinator: Text-only NPR https://t.co/5H0HYvPVxa'
912459306343288832,2017-09-25 23:30:25,b'GrubHub: a version control platform for managing recipes.'
911254075458641928,2017-09-22 15:41:16,"b'@akohli_96 You may! We will have a double-blind review process, then the top graphic novels will be posted to Reddit and judged by upvotes.'"
910941840953741313,2017-09-21 19:00:34,"b'@akohli_96 Submissions must be no more than 25 pages, excluding an optional 2-page appendix for formal equations an\xe2\x80\xa6 https://t.co/OnMMXsOFUJ'"
910940404765388800,2017-09-21 18:54:51,"b'@akohli_96 Submissions will be judged on novelty of research, clarity of communication, quality of illustrations an\xe2\x80\xa6 https://t.co/5aO06pwrEk'"
910889804023390209,2017-09-21 15:33:47,"b""I'm starting a conference where all publications must be submitted in the form of graphic novels."""
910224926656868353,2017-09-19 19:31:48,"b'RT @github: Thank you for helping us fix bugs, add new features, and get GitHub Desktop 1.0 ready for launch! https://t.co/2FSS3j8K4P'"
909152016206827520,2017-09-16 20:28:26,"b'@UTDallasParking I was looking for ""weekend parking"" but now I see that could have been inferred from the ""hours of\xe2\x80\xa6 https://t.co/nOt8MmcuKi'"
909147732136398848,2017-09-16 20:11:25,"b""@UTDallasParking Where is free parking on weekends? I couldn't find anything about it on the web site."""
908489819130646528,2017-09-15 00:37:06,b'13 is not included in our language to avoid bad luck. Using it raises an exception. To compensate for the missing value: arrays start at -1.'
907301214060195840,2017-09-11 17:54:00,"b'Every time I\'m in a lecture hall with Windows 10 users I want to yell ""Hey Cortana, turn Wi-Fi off.""'"
906166386023514115,2017-09-08 14:44:36,b'PSA: a messenger bag can double as a tea cosy.'
905902267592736768,2017-09-07 21:15:06,"b'@_Amazering ""In what manner was Saint Aphrodisius killed?""'"
905900417342722048,2017-09-07 21:07:44,"b'@_Amazering ""In which century did Napolean\'s army invade the Russian empire?""'"
905899918946131969,2017-09-07 21:05:46,"b'@_Amazering ""How many Federalist Papers did Alexander Hamilton write?""'"
905899456599662592,2017-09-07 21:03:55,b'@_Amazering This should be a game: trivia based on things I only know because it was discussed in a musical or play.'
905828915188342784,2017-09-07 16:23:37,b'Alone in the lab --&gt; play musicals'
905260167209607168,2017-09-06 02:43:37,b'I got on the desktop version a couple hours ago and noticed that my profile was skewed way to the left \xf0\x9f\x98\x93'
905216343942856704,2017-09-05 23:49:29,"b""I don't  know when twitter switched to circular profile pictures and at this point I'm too afraid to ask."""
904094543473254400,2017-09-02 21:31:51,b'@NickOcio @Twitter With clever sql injection and a well-placed drop_table.'
904080955169808384,2017-09-02 20:37:51,b'when you want to change to the data/ directory but you left caps lock on https://t.co/psuFbHQBQC'
897464848782696449,2017-08-15 14:27:48,"b'@RoseIsShort Google Trends following release were pretty notable: ""suicide"" and ""recognizing suicidal tendencies in\xe2\x80\xa6 https://t.co/Ek0h58ZBEk'"
895128246752337920,2017-08-09 03:42:59,"b""@RoseIsShort @GreatCometBway That didn't figure into my prior :/ I find myself planning out this trip every few wee\xe2\x80\xa6 https://t.co/GPYqajtx7y"""
895115762318409728,2017-08-09 02:53:22,b'@RoseIsShort @GreatCometBway Indianapolis to Newark: $207 (9/2-9/4)\nOrchestra Tickets: $169\nJazz on the Park Hostel\xe2\x80\xa6 https://t.co/PUmwYR6sQ8'
895050860312629250,2017-08-08 22:35:28,"b""Someday I want to see Rossum's Universal Robots produced and performed entirely by robots."""
894296398182719490,2017-08-06 20:37:31,b'RT @ccshan: choosing among overlapping type-class instances using deep learning'
891074510442692608,2017-07-28 23:14:53,"b'YouTube: ""There was a problem while playing [an ad]. Tap to Retry.""\nMe: ""Nah, I\'m good.""\nYouTube: Okay, here\'s your video.'"
880075857443917825,2017-06-28 14:50:10,b'\xf0\x9f\x8e\xb6 Never trust a graph with no error bars. \xf0\x9f\x8e\xb6'
866019052308881408,2017-05-20 19:53:26,"b'Me: (trying to get comic sans into Gimp)\nForum post from 2004: ""Do you have a floppy disk? The two files are 100K max.""'"
858816917485887489,2017-04-30 22:54:43,b'RT @ccshan: teaching without pants &gt; teaching with pants'
853379872667967489,2017-04-15 22:49:51,b'RT @existentialcoms: What is the greatest happiness?\nShakespeare: finding true love.\nProust: creating great art.\nDostoyevsky: watching your\xe2\x80\xa6'
844373015416766464,2017-03-22 02:19:49,b'577 days sober of League of Legends.'
839859710836752385,2017-03-09 15:25:33,"b""I passed a guy driving a bulldozer on the highway while talking on his phone. I've been in Florida less than an hour."""
829144140411658242,2017-02-08 01:45:42,"b'RT @ericwastl: There are 10 types of astrophysicists: those that understand binary systems, and those that do not.'"
829143661380120579,2017-02-08 01:43:48,b'@MDTurinetti bonus points if you used Tableau to make a poetry word cloud.'
823211138741600257,2017-01-22 16:50:04,"b'Advertising ""non-toxic mattresses"" sounds like advertising ""arsenic-free breakfast cereal.""'"
820333193966612480,2017-01-14 18:14:09,"b""RT @NickOcio: I'm a teacher because I can't talk to twenty people at a bar about HTML for an hour without them wandering off"""
819704600336990209,2017-01-13 00:36:20,"b""RT @POTUS: Thank you for everything. My last ask is the same as my first. I'm asking you to believe\xe2\x80\x94not in my ability to create change, but\xe2\x80\xa6"""
819703255508848640,2017-01-13 00:31:00,b'RT @MKBHD: What I wanted to be a trend in 2017 smartphones: Big batteries\n\nWhat is actually a trend: Dropping headphone jacks https://t.co/\xe2\x80\xa6'
819702331759595521,2017-01-13 00:27:19,"b'RT @CcavanaughChris: Peeps, old and new please share with all.   Please support my GoFundMe campaign: https://t.co/8fpwYi15MT @gofundme htt\xe2\x80\xa6'"
819321983318032386,2017-01-11 23:15:57,"b'Based on how today has gone, I will be amazing at writing \xce\xa9 by the end of the semester.'"
818140919824351232,2017-01-08 17:02:50,"b""RT @mcnees: I can't not respond to this kind of comment. http://t.co/Ft4t0Dztzl http://t.co/3JcHHoMyZH"""
817066853491208192,2017-01-05 17:54:52,"b'From Wikipedia\'s entry on the Many-body problem: ""A large number can be anywhere from 3 to infinity.""'"
815781424594821120,2017-01-02 04:47:02,"b""RT @SwiftOnSecurity: My new year's resolution is 2560x1600"""
815727774182895617,2017-01-02 01:13:51,b'RT @POTUS: It\xe2\x80\x99s been the privilege of my life to serve as your President. I look forward to standing with you as a citizen. Happy New Year\xe2\x80\xa6'
814555457960427520,2016-12-29 19:35:29,"b'I love that ""positive"" and ""negative"" share the same number of letters.'"
814328450911715328,2016-12-29 04:33:26,b'When you conserve every healing item https://t.co/PB4A7pJCff'
814304687616835584,2016-12-29 02:59:01,"b'""Debugging is like being a detective in a crime thriller where you are also the murderer.""'"
814126701139656704,2016-12-28 15:11:45,b'@Stacie_kam why not just mask them on top of an actual field of grass? \xf0\x9f\x98\xb0'
809302240053915648,2016-12-15 07:41:04,"b'""Cuda with Rust""\nExpectation: an awesome library.\nReality: people playing Rust and talking about their graphics cards.'"
808797230538911744,2016-12-13 22:14:21,b'RT @CcavanaughChris: so proud of 25 scholars who worked so hard and finished 2nd in the state at the WTP finals! PHS Peeps are eligible for\xe2\x80\xa6'
807456583408123904,2016-12-10 05:27:05,b'@NickOcio Then we can add geolocation data to pause if you get up to go to the bathroom. The possibilities are endless!'
807455635017203712,2016-12-10 05:23:19,"b'@NickOcio ""CS is writing code for socks, ISE is all about making them, and Info. is necessary to convince people that this is a good idea.""'"
807440610923782144,2016-12-10 04:23:37,b'@thexandermancan Update: Netflix already thought of this and implemented it with a pair of socks. https://t.co/qEQfFBT61S'
807439383339081728,2016-12-10 04:18:45,"b""Crazy idea: use a phone's accelerometer to detect when you fall asleep and automatically pause Netflix."""
806258204418117633,2016-12-06 22:05:10,"b'RT @marynmck: Supply chains are long, fragile things. Unless they\xe2\x80\x99re made of waffles. \n\nhttps://t.co/Jdj01nVD3K'"
806258029750579201,2016-12-06 22:04:28,b'https://t.co/yWpGSPidi3'
806245947651084288,2016-12-06 21:16:27,"b""RT @PlayOverwatch: You're invited! https://t.co/MQZPZOW4Y1"""
806215620526280704,2016-12-06 19:15:57,"b'If your ""quick start guide"" is a 27-page pdf, is it actually a quick start guide?'"
805974617575792640,2016-12-06 03:18:17,"b""RT @OpenAI: We're releasing Universe, a platform for measuring and training AI agents: https://t.co/bx7OjMDaJK"""
805974545928781824,2016-12-06 03:18:00,b'RT @OpenAI: A video tutorial and overview of Universe from @sirajology: https://t.co/9JyfF5aFrl'
804829536697413632,2016-12-02 23:28:09,"b""I wonder how much money Kroger makes per year by weighing vegetables while they're still in the plastic bags."""
802339536319741957,2016-11-26 02:33:46,b'Whatever you say Amazon... https://t.co/vdmiLHYvwk'
801853033076375552,2016-11-24 18:20:35,b'@RDPK81 Happy first day of Christmas!'
799103414403792897,2016-11-17 04:14:35,"b'# Run this with python:\ndef mod(a,b):\n  return a%b\nmod(""by%sde"",""teco"")\n# https://t.co/3OS5D9G0CH'"
798609628858896385,2016-11-15 19:32:27,b'Another interesting piece https://t.co/G5p9kO8a9r'
798583658907136000,2016-11-15 17:49:15,"b'RT @pwang: ""But if you use ad models to deliver news, that\xe2\x80\x99s propaganda."" The Fall of BIG DATA \xe2\x80\x93 arg min blog https://t.co/TyjFeg41TJ'"
798579604613189632,2016-11-15 17:33:09,b'RT @csoghoian: Congressional hearing on Wednesday on IoT/botnets with *actual security experts* inc. @DrKevinFu and @schneierblog. https://\xe2\x80\xa6'
798577643280924672,2016-11-15 17:25:21,"b""@Stacie_kam if you get hooked on Podcasts you might also check out 'Invisibilia' or 'More Perfect!'"""
798574595230093312,2016-11-15 17:13:14,b'RT @newsycombinator: Visual Studio Code for Chromebooks and Raspberry Pi https://t.co/l5BQb9rkf3'
798574468184604677,2016-11-15 17:12:44,b'RT @randal_olson: Minimal and clean #Python implementations of #MachineLearning algorithms. #DataScience\n\nhttps://t.co/UkYzIPze0O https://t\xe2\x80\xa6'
798395239853604864,2016-11-15 05:20:33,b'I wonder if the conversation will steadily shift further toward the role that targeted advertising and user profiling can play.'
798394603065999362,2016-11-15 05:18:01,"b""I think I've read four articles in the last couple days discussing targeted advertising and the profitable distribution of fake news."""
798393897063972864,2016-11-15 05:15:13,"b'Is this election really what it took to get everyone to say, ""Hey, maybe clickbait isn\'t okay?""'"
796794923592904704,2016-11-10 19:21:28,b'RT @csoghoian: I have only one simple request. Can whoever is in charge of cybersecurity in the next Administration please not still be usi\xe2\x80\xa6'
796791465439543297,2016-11-10 19:07:43,b'#2020DemocraticPlatform Strong encryption is now mandatory'
796352685582811136,2016-11-09 14:04:10,"b""RT @MKBHD: Hey @elonmusk how's the WiFi supposed to be on Mars? Asking for a friend."""
796349781320810496,2016-11-09 13:52:37,"b""@CcavanaughChris Rooting for the team! The electoral college now has a 7% failure rate (4 elections) where the popular vote didn't match."""
796343593149595652,2016-11-09 13:28:02,"b""Class was cancelled because professor wasn't feeling well. Me too professor... me too."""
796221888309628928,2016-11-09 05:24:25,"b'@Uplifting_News @reddit thanks uplifting news :) remember the words of Monty Python, ""always look on the bright side of life.""'"
796220872671559680,2016-11-09 05:20:23,"b""Well played /r/upliftingnews. Apparently there isn't any uplifting news. https://t.co/sgxP481t68"""
796214809696026624,2016-11-09 04:56:18,b'My election stress right now. https://t.co/8WoC1ESeYk'
796058404913459200,2016-11-08 18:34:48,b'@RDPK81 \xf0\x9f\x98\xa5\xf0\x9f\x98\xa2\xf0\x9f\x98\x85'
796045874518511616,2016-11-08 17:45:00,b'Is pre-election stress supposed to increase as you get older?'
795865128491188225,2016-11-08 05:46:47,b'As long as South Park is good on Wednesday everything will be fine.'
795859145966624770,2016-11-08 05:23:01,"b""RT @Red_Panels: It's here. #Election2016 https://t.co/wiwzlykSAJ"""
795853349866311681,2016-11-08 04:59:59,"b'RT @chrislhayes: Feels like a combination of Christmas Eve and the day before major, possibly life-threatening surgery.'"
794161377506193408,2016-11-03 12:56:41,b'RT @TheCoolTeacher_: OH NOW YOU LIKE BASEBALL NAME THEIR LAST 3 ALBUMS'
794002436113530880,2016-11-03 02:25:07,b'RT @existentialcoms: Henry David Thoreau was important because he was the first person to figure out how to make manual labor pretentious.'
793203111896682496,2016-10-31 21:28:53,b'Github changed to a spooky color scheme for Halloween. My commits sort of look like a jack-o-lantern face now. https://t.co/hJJLETvkAI'
792453809729515520,2016-10-29 19:51:25,b'#NationalCatDay https://t.co/MfNzZirrXY'
790030080718344192,2016-10-23 03:20:23,"b'@adetna ""if people could fly, they probably wouldn\'t because that would involve exercise.""'"
789313052617371648,2016-10-21 03:51:11,b'Working on your own vs. working on a team: https://t.co/TTE8yYaIqO'
789234322922504192,2016-10-20 22:38:20,"b""RT @UdellGames: Use whatever brace style you prefer.\n\nBut not this.\n\nDon't do this.\n\nSeek help instead of this. https://t.co/1EYb7BLHkb"""
789169769488355328,2016-10-20 18:21:49,"b'Note to self: for the next week, ""GHC"" refers to ""Grace Hopper Celebration"" rather than ""Glasgow Haskell Compiler.""'"
788956804235558912,2016-10-20 04:15:34,"b'@TinaDHayes Lots of ""that\'s not true"" from both sides.'"
788945026344771584,2016-10-20 03:28:46,b'If anyone is looking for 5-syllable numbers for Les Mis\xc3\xa9rables in other bases:\noctal: 60031\nnonary: 36664\ndecimal: 24601\nduodecimal: 122A1'
788932396523610112,2016-10-20 02:38:35,b'RT @shutupmikeginn: The Halloween knock-off costume names are so good https://t.co/NC2DWjGR4g'
788923720790310912,2016-10-20 02:04:07,"b'RT @NickOcio: FYI: Donald is not allowed to call anyone ""gays"" #debatenight'"
788916439528960000,2016-10-20 01:35:11,"b""I guess I got my wish, they're sort of talking about cybersecurity."""
788915675771314176,2016-10-20 01:32:09,"b'""The most important question of this evening: will Donald Trump reject Russian espionage against Americans?""'"
788894600706555904,2016-10-20 00:08:24,b'Debate #3 starts at 9pm EST! If you have time to scroll through twitter you have time to tune in! https://t.co/oVRZclwQQw'
788856526601646080,2016-10-19 21:37:06,"b'The longer I look at the word ""city"" the less it appears to be English.'"
788482930238775296,2016-10-18 20:52:34,"b""In response to Disney's open-source initiative. https://t.co/MbgrJVmM5s"""
788435118817841152,2016-10-18 17:42:35,"b""RT @sirajology: I'm waiting in this huge airport security line thinking about how better computer vision could automate the TSA out of exis\xe2\x80\xa6"""
787057774777757696,2016-10-14 22:29:30,"b'They threw candy to the kids, they handed me fliers #growingup #RandomActsOfParading'"
787056387738173441,2016-10-14 22:24:00,b'The police started blocking the road next to the lab. A few minutes later I heard bagpipes. #RandomActsOfParading https://t.co/Movc4tztY9'
786240933830467584,2016-10-12 16:23:40,b'RT @ccshan: My first cat picture https://t.co/SPiLonVU5c'
785938776111611906,2016-10-11 20:23:00,b'@NickOcio your life was successfully compiled in Java with 23 warnings.'
785934432393977861,2016-10-11 20:05:45,"b'RT @NickOcio: If my life were written in Python, the first line would be ""import Starbucks""'"
785684088975790080,2016-10-11 03:30:58,"b""\xe2\x99\xaa Once I was 250 years old,\nFound out I was immortal,\nAnd now I'm not sure where that leaves me \xe2\x99\xaa"""
785308294768365569,2016-10-10 02:37:42,"b""@NickOcio I'm pretty sure Twitter bots are voting automatically, I'm more surprised Trump and Clinton aren't closer."""
785301725506920452,2016-10-10 02:11:36,b'RT @davekarpf: Hillary Clinton is debating an Internet comments section.'
785293167897837568,2016-10-10 01:37:35,"b""14 votes on my poll in under a minute. Either I'm twitter famous, people are refreshing the hashtag, or bots are afoot."""
785291728563662850,2016-10-10 01:31:52,"b""Who's winning the #debate so far?"""
785291110109343744,2016-10-10 01:29:25,"b'RT @Stacie_kam: Omg pulling for Anderson, stay strong through this circus of a debate my dude \xf0\x9f\xa4\x93\xf0\x9f\x92\x96'"
785288215846674432,2016-10-10 01:17:55,"b'RT @tamarakeithNPR: No handshake! Press room just broke out into an extended ""oooohhhh.""'"
785284247246479360,2016-10-10 01:02:09,b'Debate #2 is live now! Watch online at https://t.co/25bbGRPOSM'
783394361623150592,2016-10-04 19:52:25,"b'RT @petersagal: Four years later, and still the greatest electoral map ever. @Radiolab explains how plankton determines voting. https://t.c\xe2\x80\xa6'"
783389344119791616,2016-10-04 19:32:28,"b'RT @MKBHD: You can\'t hear live, but every time the guy on stage says ""Ok Google"" it triggers the phone of someone in the front row and it\'s\xe2\x80\xa6'"
782066025890185218,2016-10-01 03:54:05,b'RT @googleresearch: Announcing YouTube-8M: A Large and Diverse Labeled Video Dataset for Video Understanding Research - https://t.co/kxLUxG\xe2\x80\xa6'
782050480310611973,2016-10-01 02:52:18,"b""RT @Patrick_McHale: Everyone's saying beautiful things about Adventure Time ending, but I don't know what to say. I'm gonna try not to thin\xe2\x80\xa6"""
780909227770540032,2016-09-27 23:17:23,"b""RT @DarkReading: Clinton, Trump Debate 'Twenty-First Century War' Of Cyberattacks https://t.co/AZZb4GJP3u"""
780595873482936321,2016-09-27 02:32:13,"b""RT @sirajology: I'm going try out the #live streaming feature on #Youtube this Wednesday at 2 PM PST to build a Game bot live  https://t.co\xe2\x80\xa6"""
780594684083236874,2016-09-27 02:27:30,b'Chase Patterson made a fun request #debatenight https://t.co/vpfty6k0Qf'
780594367065186304,2016-09-27 02:26:14,b'Can they just talk about cybersecurity for the next thirty minutes? #debatenight'
780591899472199680,2016-09-27 02:16:26,b'RT @SwiftOnSecurity: https://t.co/7Pa6gLOKn9'
780566589154398212,2016-09-27 00:35:51,b'Be informed: the first debate between Hillary Clinton and Donald Trump is tonight at 9pm! Live stream here:\nhttps://t.co/IUgypPsndM'
780415304274968576,2016-09-26 14:34:42,"b""RT @victomato: 2016, ya'll. https://t.co/M0AZceVagQ"""
780122043593416705,2016-09-25 19:09:23,b'RT @NateSilver538: CRUZ DOOMS A PRESIDENT\nis an anagram for\nZODIAC ENDORSES TRUMP'
778753722298077184,2016-09-22 00:32:10,"b'RT @garybernhardt: My ""Wat"" lightning talk is now up (free) on destroyallsoftware.com. Appreciate the absurdity of Ruby & JavaScript. https\xe2\x80\xa6'"
778329836712583168,2016-09-20 20:27:48,b'#BringBackThePile2k16 https://t.co/Hu55NVw93y'
778266287269089280,2016-09-20 16:15:17,b'RT @sirajology: Musk just said in the YC interview that solving AI is THE most important problem for humanity right now. https://t.co/XB1oz\xe2\x80\xa6'
776526576754257920,2016-09-15 21:02:17,"b""@Austin_Hollett yes, isn't the rock pile so convenient?!"""
776081278009499648,2016-09-14 15:32:50,"b""I'll be sad when this pile is gone, I use it more than the staircase. https://t.co/kLJFyTXxur"""
775726893672857601,2016-09-13 16:04:38,b'RT @katiesiek: @SamWhitman___ and @livkrichards will present their @IUProHealth @NSF #REU Research @CURinAction @iuinfograd'
775020344704917504,2016-09-11 17:17:04,b'Command line tools can be 235x faster than your hadoop cluster: https://t.co/dnCzSZmS6h'
772796766710358017,2016-09-05 14:01:21,b'League of Legends sobriety counter: 388 days.'
769354420249296896,2016-08-27 02:02:42,b'https://t.co/IpFc1BuNZU'
765056495947960320,2016-08-15 05:24:17,b'#FirstSevenLanguages\nEnglish\nRacket\nJava\nProcessing\nC\nPython\nBash'
764656676439941120,2016-08-14 02:55:32,b'Pokemon series finale: Ash buys Misty a new bike.'
762034245745246208,2016-08-06 21:14:56,b'RT @veorq: https://t.co/bvmRQY8LoV'
760296678595239938,2016-08-02 02:10:28,b'Remember all those state quarters you collected from 1999 to 2008? Cash them all in now for $12.50!'
760159099136782337,2016-08-01 17:03:46,b'RT @ExUtumno: Procedural generation from a single example by wave function collapse (soon on github). https://t.co/m6mte3Qq9k'
760157009811427328,2016-08-01 16:55:28,b'RT @Totalbiscuit: Aspire to be the person your dog thinks you are.'
759553797018439680,2016-07-31 00:58:31,"b""@CcavanaughChris Been cleaning my room and finding some oddly-named highlighters. Good luck to this year's peeps! https://t.co/6h6AOfycba"""
755582017090093056,2016-07-20 01:56:05,"b'RT @gibsoncomics: Yesterday a man walking his dog said to us, ""Are you catching Pokemon? It really is quite the sensation!"" He was literall\xe2\x80\xa6'"
752978053471604736,2016-07-12 21:28:52,"b'RT @deepseadawn: STUDENTS: great contest just for you, coming in August, #GIS glory + prizes https://t.co/hvq9B1eAzt @GISEd @EsriYPN https:\xe2\x80\xa6'"
751193291044052992,2016-07-07 23:16:51,b'RT @limitguild: https://t.co/BgNnaNKRMY'
749381879468548097,2016-07-02 23:18:57,b'RT @snowdehiski: Making physics-based big robot VR in @UnrealEngine with @htcvive #screenshotsaturday #VR https://t.co/C0vjlLPYZ2'
747466561280147456,2016-06-27 16:28:10,b'Work in progress: https://t.co/r4dBCMk08O'
746809414708043777,2016-06-25 20:56:54,"b'RT @ccshan: TIL angry_ball = map hard [Cider, Cinnamon] where hard Cider = angry_orchard; hard Cinnamon = fireball'"
742565627764822016,2016-06-14 03:53:36,"b""@PtylerGrant I regretted not seeing the first one in theatres, I'm thinking about seeing the next one in a week or two!"""
742564688735653888,2016-06-14 03:49:52,"b'I\'m sure ""Now You See Me 2"" is decent, but it\'s great seeing Warcraft come out ahead in the weekend box office.'"
742356248662814720,2016-06-13 14:01:36,b'Benefits of really long passwords: the Wi-Fi connects before you finish typing it in.'
741629910679191552,2016-06-11 13:55:24,"b'RT @existentialcoms: ""It\'s like how Eskimos have 100 words for snow.""\n""Actually that\'s a myth.""\n""Fine, it\'s like how Americans have 100 wor\xe2\x80\xa6'"
732235597222318080,2016-05-16 15:45:45,b'Trump and Kim Kardashian should combine forces to become the media manipulation dream team. #TrumpKanye2016'
731590908546715648,2016-05-14 21:03:59,"b'RT @HackerNewsOnion: Top 9 Reasons Arrays Are Confusing, You Won\xe2\x80\x99t Believe #0'"
731265999002013696,2016-05-13 23:32:55,"b""RT @csoghoian: You probably haven't heard of @TeamUpturn, but they're behind Google's great new policy banning payday loan ads. https://t.c\xe2\x80\xa6"""
730815453371621376,2016-05-12 17:42:36,"b""Cats are basically pillows that get up and change what furniture they're on every so often."""
730111569523318784,2016-05-10 19:05:37,"b'@hannahjean_ jokes on you, it was actually Land of Hope and Glory playing'"
727361105979432961,2016-05-03 04:56:16,b'@PtylerGrant How did I just tweet at myself??? O.o'
727360585650851840,2016-05-03 04:54:11,"b'""When teenagers read Nietzsche they usually badly misunderstand him, and become even more obnoxious than usual."" @existentialcoms 125'"
727260049731641344,2016-05-02 22:14:42,"b'RT @hankgreen: Ah AP exams...that glorious time of the year when Crash Course viewership, for some reason, always seems to double.'"
726791543781265408,2016-05-01 15:13:01,"b'""Trump\'s experience could be invaluable for closing Guantanamo, because he knows how to run a waterfront property into the ground."" @POTUS'"
725488860747149313,2016-04-28 00:56:37,"b""RT @comicsalliance: Heading 'Over The Garden Wall' With Jim Campbell [Interview] https://t.co/wSzdP6IKGv https://t.co/IerYigO716"""
724113738463383552,2016-04-24 05:52:23,b'RT @jamesgrime: English playwright Shakespeare and Spanish novelist Cervantes both died on April 23rd 1616. But actually died 11 days apart\xe2\x80\xa6'
720382166438383616,2016-04-13 22:44:27,"b'""Real People, Not Actors"" sounds like it implies that actors are not people.'"
717932352496869377,2016-04-07 04:29:46,b'Who decided that a teaser for a movie trailer was a good idea?'
717427903982616577,2016-04-05 19:05:16,"b'RT @TheAstroCrew: Good news, Adam (our lead programmer) just made it work. Update to the Steam VR DLC coming soon! https://t.co/C7H6pelTXa'"
716674227022106624,2016-04-03 17:10:25,b'Is anyone else still confused on how Justin Bieber went from being universally laughed at to a top ten artist?'
716060658601693186,2016-04-02 00:32:19,b'League of Legends sober for 222 days #NotAnAprilFools'
715909286455586816,2016-04-01 14:30:49,b'Google Cardboard Plastic https://t.co/B6PiSWajxE via @YouTube'
714664437072965632,2016-03-29 04:04:14,b'RT @SCOTUSnom: FACT: Garland has more federal judiciary experience than any #SCOTUS nominee in history. He deserves a hearing. https://t.co\xe2\x80\xa6'
714500311671574528,2016-03-28 17:12:03,"b""*Fried chicken stall closed for repairs.*\n*Closes down 'Eat Right' and serves fried chicken there instead.*"""
714491053546594304,2016-03-28 16:35:16,b'RT @WIRED: Oculus Rift Review: Rejoice! For the age of [:] ) has begun https://t.co/JLwOP5Zloh https://t.co/4WsJ9aI1Lu'
714322076929232896,2016-03-28 05:23:49,"b""RT @natemitchell: On the eve of Rift's launch, learn about the 3.5yr evolution of its design in @wired: https://t.co/Fg1t3S9JWU. Incredibly\xe2\x80\xa6"""
714305831949328384,2016-03-28 04:19:16,"b'RT @newsycombinator: A Supreme Court Pioneer, Now Making Her Mark on Video Games https://t.co/6iUCAZhRkC'"
714298569730211840,2016-03-28 03:50:24,"b'""If they really cared about the wellbeing of disabled children, they would want them to be provided for.""\nhttps://t.co/Gf061C62kL via @Salon'"
714263073058643969,2016-03-28 01:29:21,"b""RT @Freecomicbook: Jim Campbell Interview: Sowing The Seeds of Story With @boomstudios' THE GARDEN WALL! https://t.co/PvF5p0PetN https://t.\xe2\x80\xa6"""
713771704846262273,2016-03-26 16:56:50,b'#BirdieSanders Certified Disney Princess https://t.co/H3nnCtUKET'
713740955065651200,2016-03-26 14:54:39,b'Popular among young voters and now a certified Disney princess #BirdieSanders'
712031544991469568,2016-03-21 21:42:03,b'@RoseIsShort WHAT ABOUT US JAMIIIIIIIE?E???!?!!?'
711857765262761984,2016-03-21 10:11:31,"b""@RoseIsShort How long is the ride? You could probably get through Spring Awakening and The Last Ship while you're at it!"""
711855888638812160,2016-03-21 10:04:04,"b'We have to throw away your hair product for being 118ml, but would you like to buy this liter of gin?'"
706688053939728384,2016-03-07 03:48:56,b'.@_Amazering Hepatitis-C++: supports object oriented and is commonly acquired by sharing needles.'
706668704176742401,2016-03-07 02:32:03,"b'Google Alerts suggested adding the C programming language as a subject to follow, then sent me a list of results about hepatitis C and USB-C'"
701857353189236736,2016-02-22 19:53:27,"b""RT @SwiftOnSecurity: When the web app doesn't stop directory traversal https://t.co/ZVLi1PrUUc"""
701843047269666816,2016-02-22 18:56:36,"b""*Hoping for a huge sale on a Jeb Bush guaca bowle now that he's out of the race.*"""
697952535714394112,2016-02-12 01:17:06,"b'""I don\'t want much in life, just a Wikipedia page.""'"
697264373694386176,2016-02-10 03:42:35,b'RT @FrozenBroadway: FROZEN is slated for Broadway spring 2018 following a pre\xe2\x80\x90Broadway engagement summer 2017 https://t.co/fMTWzu5XAi'
697237803256643584,2016-02-10 01:57:01,"b'""Master of Divinity"" is probably first place in the coolest titles category.'"
696089507528101888,2016-02-06 21:54:05,b'I was looking something up and Google dropped me into a coding challenge??? O.O https://t.co/X7R4aWDafw'
696016214095720448,2016-02-06 17:02:51,b'Watson for President: https://t.co/OXCx1Zornt'
692849249558487040,2016-01-28 23:18:28,b'1. Get film rights for a YA novel.\n2. Create a trailer based on book.\n3. Release a movie that has nothing to do with the book.'
689942779435286528,2016-01-20 22:49:11,"b""RT @9_ties: We've almost finished creating PiZero cluster board. But I wonder when we can buy remaining 15 PiZeros. #PiZero https://t.co/mv\xe2\x80\xa6"""
684046048843710464,2016-01-04 16:17:41,"b""RT @PalmerLuckey: It's happening! Pre-orders starts in 48 hours, shipping starts in Q1! https://t.co/c3TIJAFIFY"""
676500990535839744,2015-12-14 20:36:19,b'RT @CcavanaughChris: PHS Peeps make finals at state WTP competition. Who hoo. #constitution\xf0\x9f\x92\xaa'
671787992692977664,2015-12-01 20:28:33,b'There are some wizards over at Verizon:\nhttps://t.co/iGpa4iTJO3'
667044776609513474,2015-11-18 18:20:42,b'RT @WIRED: The Lion King musical in VR is an incredible experience https://t.co/bsS0D17mgj https://t.co/aKynrm4Dss'
663962391055638528,2015-11-10 06:12:24,b'RT @HackerNewsOnion: Developer Accused Of Unreadable Code Refuses To Comment'
663241114166697984,2015-11-08 06:26:18,"b'Quote of the day: ""Chrome the RAM-Slayer""'"
661971071902605312,2015-11-04 18:19:37,"b'RT @BobRossGameDev: If you\xe2\x80\x99re stuck on a tough ol\xe2\x80\x99 programming problem, go for a walk. Get some air, talk to a tree. You\xe2\x80\x99ll come back with \xe2\x80\xa6'"
661756045920964612,2015-11-04 04:05:10,b'@maranda_lawson Not voting at all is kind of like voting for both \xc2\xaf\\_(\xe3\x83\x84)_/\xc2\xaf'
661745861458792448,2015-11-04 03:24:42,"b""@_Amazering Twitter, your updates are moving too fast, it's not you it's me."""
661742156437155843,2015-11-04 03:09:59,b'Why are there suddenly hearts instead of stars?'
661232191083569152,2015-11-02 17:23:34,b'Early this year. https://t.co/c4jlKidgGT'
659733217948364800,2015-10-29 14:07:11,"b""Apparently it's national cat day! https://t.co/vxAbej3ZRx"""
655809504450387969,2015-10-18 18:15:44,b'The Real Bears https://t.co/W5TREgQeG5'
654733125772165120,2015-10-15 18:58:36,"b""RT @Totalbiscuit: Fuck this stupid disease. The average is going up after I'm done with it."""
654733115416416256,2015-10-15 18:58:33,"b""RT @Totalbiscuit: Well, I don't know if there is really a right way to tell people this, so I guess here goes. The CT did not (cont) http:/\xe2\x80\xa6"""
654052574174289921,2015-10-13 21:54:20,b'My spider plant decided it was a good time to bloom. http://t.co/Jx9XxluQlb'
650801398511194112,2015-10-04 22:35:19,"b'""Hi my name is Alexander and I have been League of Legends sober for 45 days.""'"
647936303049404416,2015-09-27 00:50:27,b'RT @ianbremmer: Trump &amp; Cat = Blow Up the Internet\n(ht @rabihalameddine) http://t.co/2g6hx6ip2p'
645772291087945728,2015-09-21 01:31:26,"b""The Tony Bennett concert was a lot like The Return of the King: loved the content but I couldn't figure out when the ending was."""
645071679073447936,2015-09-19 03:07:27,b'Freshman Parent Weekend = Lots of parents at the bars.'
644237221738979328,2015-09-16 19:51:37,"b'Security Class: We want to scare Bob, so what short message should Eve send to Bob while pretending she is Alice?\n""I am pregnent.""'"
642953188249743360,2015-09-13 06:49:20,b'RT @ncrossanimation: Hey everybody! Over the Garden Wall won big at the Emmys tonight! w/ @Patrick_McHale http://t.co/ER3Zj32GFT'
642180878542749696,2015-09-11 03:40:27,b'Million Dollar idea: Pokemon Go + Microsoft Hololens'
641451520366628865,2015-09-09 03:22:14,"b'Dramamine\'s homepage is advertising for help with ""virtual reality sickness."" Obviously someone has my same concerns in mind.'"
641398857616728064,2015-09-08 23:52:58,b'RT @danieltosh: i will give real stephen one night to win me over before i start demanding the return of fake stephen.'
638835289461424128,2015-09-01 22:06:16,b'#JustFreshmanThings Standing around listening to Brother Jed.'
637018314536034305,2015-08-27 21:46:16,b'RT @xisumavoid: @Dinnerbone @_tomcc ships in minecraft confirmed!!! they break quicker than boats :-P'
635667076775038976,2015-08-24 04:16:55,"b'When your syllabus contains the words ""evil written final."" http://t.co/bnfv6IVdSS'"
633829922885210113,2015-08-19 02:36:44,b'USA! USA! USA! USA! USA! https://t.co/yugaqe0OrB'
633685514739163137,2015-08-18 17:02:54,b'Why are there so many people at the BMV at 1pm on a Tuesday?'
632726979104612352,2015-08-16 01:34:01,b'@Slowtown_Radio lmao'
631947793129697280,2015-08-13 21:57:49,"b'Nothing profound, I just wanted my tweet on screen. #STARSrespect2015'"
629521964735045632,2015-08-07 05:18:27,"b""Can't wait to see the political cartoons for Trump's wall tomorrow!"""
628694396876230656,2015-08-04 22:29:59,b'It feels like twitter is slowly becoming facebook. http://t.co/HaVj18oXsS'
625624267842002944,2015-07-27 11:10:23,"b""For my next trick, I'm going to convince everyone that Fortran was created by 4chan."""
619655658976243712,2015-07-10 23:53:16,"b""RT @johngreen: Let us now discuss next week's PAPER TOWNS TOUR in Indianapolis, Columbus, and Dallas.  http://t.co/ZevSuwRI4h"""
619627798588719104,2015-07-10 22:02:33,"b""It was supposed to reddit-free day in protest of recent events, I wasn't expecting Ellen Pao to step down the same day though. #blackout2015"""
619583783549976576,2015-07-10 19:07:39,"b""Did they actually find anything in Jared Fogle's home?"""
617074118089949185,2015-07-03 20:55:09,b'RT @SharkSocks: How is Buzzfeed going to make articles with Reddit in chaos?'
617016307217747968,2015-07-03 17:05:25,b'General Lemarque is dead #RedditRevolt'
616052167359791109,2015-07-01 01:14:17,"b""When you've driven lawnmowers faster than this go-kart. http://t.co/PqstItWpyE"""
615968441841750016,2015-06-30 19:41:35,"b'Marketing Strategy: put the word ""shrimp"" in front of half your menu items and triple the price of everything.'"
611011139540025346,2015-06-17 03:23:02,"b""RT @SwiftOnSecurity: I know we're not in The Matrix because the fluids simulation is far too resource-intensive"""
610976142137389056,2015-06-17 01:03:58,b'@unicornluvr_912 \xc2\xaf\\_(\xe3\x83\x84)_/\xc2\xaf'
610614510408335360,2015-06-16 01:06:58,"b""We're living in the future. https://t.co/xXAzWjaeea"""
610342170684456960,2015-06-15 07:04:47,"b""Faxting: it's like sexting but with a fax machine.."""
607069529471127552,2015-06-06 06:20:29,"b""RT @JohnFugelsang: They tell me @SenSanders can't win b/c America won't vote for a Socialist Jew.  I tell them America celebrates a Sociali\xe2\x80\xa6"""
606137526873686016,2015-06-03 16:37:02,"b'Colleges should really incorporate more relevant sports, like squirrel chasing and nap time.'"
605269056816599041,2015-06-01 07:06:03,b'Glenda Ritz to announce run for governor this week. http://t.co/YTU1qjczf7'
605227526265405441,2015-06-01 04:21:01,"b'This looks fun.\n\nI just enrolled in Introduction to Complexity (Summer, 2015) on Complexity Explorer!\n\nhttp://t.co/7GVjnxFCBF'"
603648908431003648,2015-05-27 19:48:09,b'RT @FiveThirtyEight: FiveThirtyEight staff just wasted a cool 10 minutes trying to title a (hypothetical) Mitt Romney one-man show http://t\xe2\x80\xa6'
603458243298471936,2015-05-27 07:10:31,b'Hackers Hit the IRS and Make Off With 100K Taxpayers\xe2\x80\x99 Files http://t.co/qSXOeEBP6s via @WIRED'
603280131512229889,2015-05-26 19:22:46,"b'Survey: ""Do you have any dietary restrictions?""\nMe: ""Yes, I\'m addicted to peanuts, please make sure there are peanuts in everything.""\nChaos.'"
602918590321426432,2015-05-25 19:26:08,b'#StaffMeetings http://t.co/t0JDdoFYKT'
602200282047590400,2015-05-23 19:51:50,"b'I was messing with a C program I wrote, and it turns out that 8675309 is a prime number.'"
601504313047912448,2015-05-21 21:46:18,b'RT @BarackObama: Read how the Obama administration is stepping up to protect honeybees and other pollinators: http://t.co/P6rMxeUq1L'
600900975612829696,2015-05-20 05:48:51,"b'Emacs has ruined me, I keep wanting to C-x C-s in Microsoft Word. #compsciproblems'"
599660804527550464,2015-05-16 19:40:51,b'Found a door to Narnia in  McNutt! http://t.co/3JxlVfvkmj'
599300745012318209,2015-05-15 19:50:06,b'RT @nprnews: Jury Hands Boston Marathon Bomber Dzhokhar Tsarnaev Death Penalty http://t.co/9R96ZFEg8s http://t.co/eTIQhGZGST'
598673162549723137,2015-05-14 02:16:19,"b'RT @poweredredstone: Disney commissioned BlockWorks to create Tomorrowland in Minecraft, for whatever reason http://t.co/lpXtUP71nI #minecr\xe2\x80\xa6'"
598308431238438912,2015-05-13 02:07:00,"b'If an economists are debating Thomas the Tank Engine, can we get a political scientist to figure out Pokemon?'"
597961784243441664,2015-05-12 03:09:33,b'RT @McNuttQuad: Wrapped up 2014-2015! Quite the unusual sight out back today http://t.co/cpmceODelA'
595974752432476161,2015-05-06 15:33:48,"b'Somehow I fell asleep holding pencils last night. I thought I was dreaming, but sure enough found them under my bed this morning #finalsweek'"
595973634855927809,2015-05-06 15:29:21,"b""Linear Algebra: if at first you don't succeed, reduce to echelon form solve for zero and pray."""
595470132975120385,2015-05-05 06:08:37,b'RT @FiveThirtyEight: 35% of black computer science graduates got their degrees from HBCUs: http://t.co/8Kt74nU5Gc http://t.co/Ukvi89W1zQ'
595467360779272193,2015-05-05 05:57:36,b'RT @RyanGosling: https://t.co/cXA7mNKshJ'
594958805374472192,2015-05-03 20:16:47,b'Joseph from October 13-14! https://t.co/XVjVvZ0im6'
594218294200107008,2015-05-01 19:14:16,"b""RT @veritasium: I'm watching this right now and it's awesome: @elonmusk Debuts the Tesla Powerwall https://t.co/YG2WBCUDE0 via @YouTube"""
594022571986780160,2015-05-01 06:16:32,"b'Advertising as ""thinner than the diameter of a penny"" is some pretty clever marketing.'"
593856489414107137,2015-04-30 19:16:35,"b"".@adamunicyclist it's also going to sell pretzel loaves, candy, and complimentary barber services."""
593846218696105984,2015-04-30 18:35:46,"b""I think I'll start a company that sells non-potable drinking water."""
592917481058136064,2015-04-28 05:05:18,"b'Would it be ironic to watch ""Hairspray"" with these events going on?'"
592720451908071424,2015-04-27 16:02:22,b'What if the Freemasons made up the Illuminati to make people more afraid of fake organizations than real ones?  #jetfuelcantmeltsteelbeams'
592584692915896322,2015-04-27 07:02:55,"b'I love how when you Google: ""Is Papageno a bird?"" one of the first results is a simple-English Wikipedia page.'"
592423082838642690,2015-04-26 20:20:44,"b'""Self-checkout is an arcade game where you play the cashier."" -Stuart McLean'"
592060067710640128,2015-04-25 20:18:14,"b'Is a one-gold-medal disco star actually relevant to our daily lives, or another pawn in the Kardashian tabloid empire? This story at 11.'"
592059834188595200,2015-04-25 20:17:19,b'I have a new game: Degrees of Separation Between what the News is Focusing on and the Kardashians.'
590535509727911936,2015-04-21 15:20:11,"b'I should get really good at Morse code, then set up my phone to vibrate text messages from my pocket.'"
590384099778568193,2015-04-21 05:18:32,"b'I need a text-replacer that substitutes ""Dark Matter"" with ""Dank Matter.""'"
587853784245788672,2015-04-14 05:43:58,b'RT @Totalbiscuit: GTA5 has an impressive selection of options to say the least'
587793099801395200,2015-04-14 01:42:50,b'Wonder if Angela Lansbury can reprise her role as Mrs. Potts.'
587791639659307008,2015-04-14 01:37:02,"b'If Ian McKellen is playing Cogsworth, the obvious choice for Lumiere has to be Patrick Stewart.'"
587153877109231616,2015-04-12 07:22:47,b'Hmm... http://t.co/z4ZzBcc1MV'
586800234400972802,2015-04-11 07:57:32,"b'While Disney is at it, can we get a gritty live-action Atlantis remake?'"
586313264935608320,2015-04-09 23:42:30,b'#GraceBono #IUFashionShow http://t.co/xu6Tgjj5lG'
585296390391209984,2015-04-07 04:21:48,b'Duke Completed A Long Road To The National Championship http://t.co/wwEcyaunFC'
585295879617282048,2015-04-07 04:19:46,"b""I don't follow basketball too closely, but judging by http://t.co/ssP6xdMn9m, I'm sure there have been some annoyed statisticians this week."""
583082460377956352,2015-04-01 01:44:26,"b'I read the title as ""Do Planets get Cancer?""\nIt actually said ""Plants.""\nNow I want to know if there\'s a planetary equivalence...'"
582709665441529857,2015-03-31 01:03:05,"b""Little known fact: Dr. Friedman's a9 assignment has actually taken five years off my life expectancy."""
582642059678519296,2015-03-30 20:34:26,"b""Google Drive must have changed at some point, it doesn't automatically open .ss and .rkt files as plaintext anymore."""
581354052497379328,2015-03-27 07:16:21,b'RT @neiltyson: Every now and then I get the impression that people would rather react before they think.'
581223274568400896,2015-03-26 22:36:41,"b'If you want honest news reporting, consult the source material and form your own opinion.'"
581222899589185536,2015-03-26 22:35:12,"b'Pet peeves: 24hr news cycle, hyping things to cause fear, click-bait advertising, reblog fever.'"
580574553782489089,2015-03-25 03:38:54,b'RT @cgpgrey: YouTube obviously like the Blue Wizard better as they actually process his videos in 4k: https://t.co/Z2xyKvOb5l'
580452047826358272,2015-03-24 19:32:07,"b'""Virtual Noses"" may reduce simulation sickness by providing a fixed reference point: http://t.co/dOvb4czjV8'"
580208655515197440,2015-03-24 03:24:57,b'@SomeSlushies Preparing for college.'
580025513244114945,2015-03-23 15:17:13,b'@maranda_lawson :('
580025204681891840,2015-03-23 15:15:59,"b'Not that I miss the cold, but not wearing a coat reduces my number of pockets by 2/3.'"
576810921420595200,2015-03-14 18:23:34,"b'RT @neiltyson: You\xe2\x80\x99re curious -- I can feel it. How many digits of Pi before the numerals 0123456789 appear in sequence? 17,387,594,879'"
576810773835550720,2015-03-14 18:22:59,b'It never occurred to me how similar George R R Martin and J.R.R. Tolkien look.'
576464845438128128,2015-03-13 19:28:24,"b""If I were a squirrel I'd use my big bushy tail as an umbrella when it rained."""
576190207231414273,2015-03-13 01:17:05,"b'@nopainnodane \n73 Total tweets, 28 retweets.\nYour Narcissism Ratio is 0.6164'"
576188063501688832,2015-03-13 01:08:34,"b'Including this, the Narcissism Ratio for my account is currently 0.9318.'"
576184329807785984,2015-03-13 00:53:43,"b""I want to write a bot that counts the number of tweets vs the number of retweets for any account, I'll call it the Narcissism Ratio."""
576182871360200704,2015-03-13 00:47:56,"b""I knew the color of jello affected what  flavor you tasted, but I'm drinking brown soda and have no idea what it's supposed to be."""
574407396728127488,2015-03-08 03:12:50,"b'@adetna ""Show choir isn\'t what\'s wrong with America, this show choir is what\'s wrong with America.""'"
574066045599772672,2015-03-07 04:36:25,"b'I really want to learn the Unreal Engine, but first I have to find time to learn the Unreal Engine.'"
573896212170022913,2015-03-06 17:21:34,"b""If a tornado alarm goes off in the middle of a linear algebra quiz, just keep working and pretend you're a World War 2 code breaker."""
573648076734341120,2015-03-06 00:55:34,b'Walking through random buildings to stay warm #JustCampusThings'
573489713383882753,2015-03-05 14:26:17,"b'Yesterday, campus was a river. Today, that river is frozen.'"
572980206266425344,2015-03-04 04:41:41,"b""Imagine you're an insect crawling on the surface of an expanding balloon, now imagine Franz Kafka being referenced in this physics analogy."""
572499829240283136,2015-03-02 20:52:50,"b'The top was a distraction, Inception actually ended with the plane crashing.'"
571106717506899969,2015-02-27 00:37:06,b'Disney using a Frozen mini-sequel to promote Cinderella is pure genius.'
570642627525287938,2015-02-25 17:52:59,b'Almost above freezing #HurryUpSpringHurryUp'
569735520315691009,2015-02-23 05:48:27,"b'I absolutely love Disney, but winning Animated Feature the last 7 / 8 years is kind of ridiculous. #Oscars2015'"
569554723768020993,2015-02-22 17:50:02,b'Daytona trying to be cool by playing O Fortuna during the opening.'
568129445145530368,2015-02-18 19:26:29,"b""It's that time of year when I'm not sure if I'm walking through slush or chocolate milk."""
567219515214532608,2015-02-16 07:10:45,"b'RT @ccshan: #haskellpickuplines ""Baby, are you the GHC 7.10 Prelude? Because I\'m sure our love will persevere through any failure of commun\xe2\x80\xa6'"
567218405112299520,2015-02-16 07:06:20,"b'Feed your kid nothing but pizza his whole life, he will technically be made of pizza, demand a tip when delivering him to school, profit.'"
566671719038189568,2015-02-14 18:54:00,"b""Bioshock storyline generator: pull random links from Wikipedia's list of controversial topics."""
565905768416018433,2015-02-12 16:10:23,"b""If it gets any colder I'm wearing a ski mask to class."""
565242707279618049,2015-02-10 20:15:37,"b""RT @jamesgrime: Superman's lesser known power, Super-Mathematics, with the power of ten regular-mathematics (see Superman's solution) http:\xe2\x80\xa6"""
565242082760351744,2015-02-10 20:13:08,"b""There should probably be a monetary equivalent to Hofstadter's law."""
565047893519007744,2015-02-10 07:21:30,"b'Some days I tell myself not to sweat the small stuff, other days I just want to use a backslash when naming files.'"
564962503428276224,2015-02-10 01:42:11,"b""Saul Goodman = S'all good man!"""
563576691348754432,2015-02-06 05:55:28,"b""Fire alarm going off the night I'm on duty."""
563527921147465728,2015-02-06 02:41:40,b'Seeing Jurassic Parks website makes me wish I really could go there. http://t.co/KodYBEuVcI'
560956091325231104,2015-01-30 00:22:08,"b'I finally found a driver for my Wacom Tablet in the ""legacy"" section of their website. #photoshoptime'"
560290803114078208,2015-01-28 04:18:31,"b""Even though it's 2015, I'm not worried by our lack of hoverboards.  But we better have Thunderbird machines by 2065."""
557667595240103937,2015-01-20 22:34:50,"b'Someone should have prefaced bid week with ""may the odds be ever in your favor.""'"
557422892917747712,2015-01-20 06:22:28,b'Would it be meta to render an Enderman in Renderman?'
556180742339043328,2015-01-16 20:06:36,b'10 points to my psych professor for using Tim Minchin to prove a point.'
555823987021078528,2015-01-15 20:28:59,"b'If ""Everything is Awesome"" is getting nominated, I really hope there are singing and dancing Lego people at the Oscars.'"
555511596525813761,2015-01-14 23:47:40,"b""I heard Bean Boots were making a comeback, but I didn't really believe it until I started counting the pairs I saw today."""
550002475626160129,2014-12-30 18:56:23,b'@RoseIsShort #YouGotThis Now get El Meson'
545005298705252352,2014-12-16 23:59:23,b'Two minutes until the compsci final and less than half the class is here #cuttingitclose'
545001749489385472,2014-12-16 23:45:17,b'Final Exam: Use linear regression to predict the number of wins Los Angeles will have in baseball next year.\nMe: o.O wut'
544702116041068544,2014-12-16 03:54:39,"b'#illridewithyou in Australia, 15,000 anti-Islam protesters in Germany. The world sure is an interesting place.'"
544691363691122688,2014-12-16 03:11:55,"b'Many hours of studying later, I feel somewhat prepared for this Statistics Final.'"
540309710290026496,2014-12-04 01:00:48,"b""RT @Vesuviusq: I can't RT te account that posted this but http://t.co/teMCLBOhhm"""
539910017093500929,2014-12-02 22:32:33,"b""I saw that Tony Bennett was performing with Lady Gaga on Colbert.  I was hoping for Indiana's former superintendent, but this will do."""
539908823738511361,2014-12-02 22:27:49,"b'If Wikipedia really wanted donations, they could translate their pages into comic sans and let the internet hate do the rest.'"
538566390274199555,2014-11-29 05:33:28,"b'RT @Totalbiscuit: By making yorkshire pudding and bread sauce for thanksgiving dinner, I did my part in slowly retaking the colonies'"
535256595832516608,2014-11-20 02:21:31,"b'RT @Rlpihl: ""what about a pancake that lives in the sea that can kill people?""\n-God inventing stingrays'"
535051196755894272,2014-11-19 12:45:20,"b""@SomeSlushies Vi is 1/9/4, Thresh is the only enemy alive, there's no way she can screw this up!"""
534979569179443200,2014-11-19 08:00:43,b'That moment when a Thresh Hook steals Baron: honor to the Bronze V Vi.'
532723170294632449,2014-11-13 02:34:35,"b""If the fire alarm is going off because someone's smoking, I'm gonna be so angry."""
532712772363378688,2014-11-13 01:53:16,b'@RoseIsShort http://t.co/PdDi57emQh'
532711282798243840,2014-11-13 01:47:21,b'Is bigotry against bigotry in itself bigotry?'
528093117233508352,2014-10-31 07:56:25,b'RT @IGLevine: Is the role of the artist to make the viewer comfortable or uncomfortable?'
528092511081074688,2014-10-31 07:54:00,b'RT @girlwriteswhat: I liked a @YouTube video from @learnliberty http://t.co/DiAHdPZwLo Do Video Games Make You Violent? | Learn Liberty'
526950402580021248,2014-10-28 04:15:40,b'Professor jumped on a desk and dropped the F-bomb.  It was a good day.'
523791030181957632,2014-10-19 11:01:27,"b""Well I guess it's going to be a concert #Worlds #SeriouslyStartingToNeedSleep"""
523789194540625920,2014-10-19 10:54:10,"b'Imagine Dragons playing ""On top of the World"" is actually pretty cool for wrapping up world finals #Worlds #StillNotAsleep'"
523785712060362752,2014-10-19 10:40:19,"b'Samsung beats Royal Club, I can finally go to sleep #Worlds'"
520625320957726720,2014-10-10 17:22:03,b'In The Name Of Jaden Smith I Will Capitalize Every Word.'
520160362348683264,2014-10-09 10:34:29,b'The Seven Hills of Rome\nThe Seven Traditional Kings\nSeven Brides for Seven Brothers\nIt all fits\nMidterms\nWhy'
520157187835195392,2014-10-09 10:21:52,b'Wish I could get better at being an early riser; at this time of day any place to study is a quiet place to study.'
519693805788753920,2014-10-08 03:40:33,b'If the library just never closed I would be so happy.'
517088423228997633,2014-09-30 23:07:41,"b'I hope this Ebola crisis blows over like the Swine Flu one.  Talk of the news for six months, silence the next.'"
517009373261217792,2014-09-30 17:53:34,"b""Such a nice fall day, can't wait until tomorrow when it's summer again!"""
516816925373255680,2014-09-30 05:08:51,b'Nyquil burps are the worst.'
516346989249069056,2014-09-28 22:01:30,"b'If trees could scream, would we be so cavalier about cutting them down? We might, if they screamed all the time, for no good reason.'"
511738109143568384,2014-09-16 04:47:27,"b""@hannahjean_ AND THAT WOULD EXPLAIN WHY ONLY FERB HAS HIS FATHER'S BRITISH ACCENT!!!!"""
511054321140527104,2014-09-14 07:30:19,b'@mattdostermeyer #whoneedssleepanywayfoyersandparloursarewaycooler'
511048334383919104,2014-09-14 07:06:32,"b""I've spent an hour reading about architecture instead of sleeping."""
511025998490390528,2014-09-14 05:37:47,b'I forgot how slow HDDs were. #FirstWorldProblems'
510645837144158211,2014-09-13 04:27:09,"b""I really want to try out #somebodyapp, I really hope there's Android support in the future..."""
509173747639918592,2014-09-09 02:57:36,"b'RT @netflix: If you hate this symbol, join Netflix and defend #NetNeutrality on Sept. 10th: https://t.co/UOlKUgiJQj http://t.co/CWHMuOnWOO'"
507970097613246464,2014-09-05 19:14:43,"b""I wonder if there's a universe where all the pyramids had triangular bases."""
507738872735092736,2014-09-05 03:55:55,"b""I figured this photo leak situation wouldn't look good on Apple, but stocks dropping $31 billion is insane."""
507669319573327872,2014-09-04 23:19:32,"b""Cancer has been the primary topic in three of my classes this week, I hope the universe isn't trying to tell me something O.o"""
507524366683607040,2014-09-04 13:43:33,"b""I really want to watch more Game of Thrones, but I really don't want to watch more of my favorite characters get killed off."""
507261953904214017,2014-09-03 20:20:48,"b""Tesseract can be typed with only the left hand, and Google Chrome doesn't recognize it as a real word."""
506917125391675392,2014-09-02 21:30:35,b'My hobbies: using landscape mode at unnecessary times just for the thrill of it.'
506871343183564801,2014-09-02 18:28:40,"b""I'm sure the 80 pages you're printing are important, but I only need one page and class starts in 20 minutes."""
506512336497434624,2014-09-01 18:42:06,"b""Yea, if people on a crowded bus could only take up one seat, that'd be great."""
506302557011312640,2014-09-01 04:48:30,"b'I just realized Randall Munroe\'s ""What If?"" book comes out tomorrow.'"
505871514218950657,2014-08-31 00:15:42,"b""I'm pretty sure there are parking lots at IU that are bigger than Depauw's campus."""
505708174218133504,2014-08-30 13:26:38,"b'If you use Regular Expressions I feel bad for you son, 1 g07 gg rodjemse tec 4 jehdhcibona fjcjvu p01bx'"
505177258135678976,2014-08-29 02:16:58,"b'Statistics Professor: ""Next, let\'s consider a set containing the first 150 Pokemon, because those are the only Pokemon."" #ShotsFired'"
504850927745253376,2014-08-28 04:40:15,"b'There needs to be a slogan for suggested friends on Facebook: ""Who are you and why do we have 80 mutual friends?""'"
504411083491516416,2014-08-26 23:32:28,"b""Wright cafeteria too crowded?  The freshmen don't know about this place yet #LifeHacks http://t.co/EVQwG78JYK"""
504410376176689152,2014-08-26 23:29:39,"b""@SomeSlushies pics or didn't happen"""
504332464639471618,2014-08-26 18:20:04,"b""Wish the hallway windows in Ballentine were easier to see through, it's weird listening through the door to find out if people are inside."""
504127240041689089,2014-08-26 04:44:34,"b""Eight hours of Game of Thrones later, I'm going to sleep."""
502205314784313345,2014-08-20 21:27:32,"b'How I shop: look at everything, buy nothing.'"
497674119517724672,2014-08-08 09:22:11,b'@SharkSocks http://t.co/LoTWU6yOzj'
496842607444508674,2014-08-06 02:18:03,"b'#ThatMomentWhen ""DNA"" autocorrects to ""DND""'"
496837680622100480,2014-08-06 01:58:28,"b'Guuuyys... Gencon draws near, and then rolls a 20 for initiative. Having received the highest roll, it proceeds to next Thursday and waits.'"
495887601270677504,2014-08-03 11:03:11,"b""Bioshock Infinite crashed in the middle of the second-to-last chapter... and the save file was corrupted :'("""
490340818905862145,2014-07-19 03:42:15,"b""Swat at a fly with your hand and it flies away, swat it with a fly swatter and they're crushed. Flies are in it with big business."""
489898404248436736,2014-07-17 22:24:16,b'Pokemon and economics are a lot alike: someone took a really interesting topic and turned it into a math problem.'
486737577529966593,2014-07-09 05:04:16,"b""I will never understand America's fascination with scrambled eggs."""
485606708639563776,2014-07-06 02:10:36,b'Finally finished Cosmos\nAAAAAND no season 2'
485184928746061824,2014-07-04 22:14:35,"b""I think we've all learned an important lesson here: Tumblr's ability to invade 4chan pales against 4chan's ability to invade Tumblr."""
484561822507216896,2014-07-03 04:58:35,"b'Goodwill has the perfect business model: ""Give us free stuff and we\'ll sell it for profit!""'"
483367961357340672,2014-06-29 21:54:37,"b""I speak in tautology except when I don't."""
483061431474995200,2014-06-29 01:36:34,"b""I can deal with laziness, I can't deal with apathy."""
482094164340125696,2014-06-26 09:33:00,b'The modern coalition:\nWhat do we want?\nSOMETHING!\nWhat are we going to do about it? \nNOTHING!'
481848674902081536,2014-06-25 17:17:31,b'Score 1 for equality'
480136220995899392,2014-06-20 23:52:50,"b'@XDLeisure I was just thinking about that, that is totally acceptable'"
480135790341545984,2014-06-20 23:51:07,b'@hannahjean_ They can catch bugs and be awesome!'
480127416195497985,2014-06-20 23:17:51,"b'My cat just caught and ate a fly, I am so proud.'"
479590972804694016,2014-06-19 11:46:12,b'Do I buy a new graphics card now or wait for Watch_Dogs to no longer be bundled with it?'
479417520730808320,2014-06-19 00:16:58,b'Legos are like Minecraft: half the fun is finding the right pieces.'
479391775769890816,2014-06-18 22:34:40,b'If the Steam Summer Sale actually starts tomorrow I would be so happy.'
478713838036992000,2014-06-17 01:40:47,b'@SharkSocks Probably passed their expiration date'
477321739794264064,2014-06-13 05:29:05,"b""I am Jack's inflamed sense of frustration. http://t.co/QwFnssJCOO"""
477317001111539712,2014-06-13 05:10:15,b'Need a good time? Play #vocaltrance and minesweeper at the same time.'
477285122413035521,2014-06-13 03:03:35,b'RT @Totalbiscuit: http://t.co/Kd6KRXFkfy &lt; Epic Peasant Logic Battles of Historrrrrrrrry. 30fps! VS! 60fps! BEGIN!'
477208338946457600,2014-06-12 21:58:28,b'CatDog should be remade with Catbug.'
476503057346215937,2014-06-10 23:15:56,"b""Silly people with E3 tickets, I'm perfectly content playing Cliffhorse right here."""
476054515884380160,2014-06-09 17:33:35,"b""There should be play kitchen sets for adults that are so big they can't see over the counter top."""
475816015347982336,2014-06-09 01:45:53,b'Never guessed Walter White could make such a good Lindon Johnson.'
475800230261047296,2014-06-09 00:43:09,"b""Watching the Tony's makes me wonder how dramatic these people are compared to the show choir ones."""
474755049650790401,2014-06-06 03:29:59,"b""#Don'tAskTFIOS Can Nat and Alex Wolf still play crazy car!?"""
474748035583705088,2014-06-06 03:02:06,"b""#askTFIOS Considering the parallels between 'Fault in our Stars' and 'V for Vendetta,' was it difficult to cut this scene from the film?"""
474745779010424832,2014-06-06 02:53:08,"b'#askTFIOS How did the movie script develop, and how difficult was it to decide what parts had to be cut for the film?'"
474744754497134593,2014-06-06 02:49:04,"b'#askTFIOS John, in the spirit of characters that live past their stories, how long do you think Hazel has after yours?'"
474467190067191808,2014-06-05 08:26:07,b'The number of songs with hashtags in their name is too damn high.'
473567552770023424,2014-06-02 20:51:17,"b'Linux: free\n\nOS X: free... at some point\n\nWindows 8.1: ""Why are you guys still running XP?""'"
473439287350800385,2014-06-02 12:21:36,b'ACCIDENTALLY TYPING WITH CAPS LOCK ON MAKES THINGS SOUND MORE EXCITING IN YOUR HEAD'
472783978164781056,2014-05-31 16:57:38,b'@isosine http://t.co/MI2dplR4DA'
472772342519971840,2014-05-31 16:11:24,b'Clippers transfer from one crazy man to a crazier one.'
472739007323836417,2014-05-31 13:58:57,"b""Just because someone uses the word 'Jesus' doesn't mean you need to agree with everything they say."""
472709077412216833,2014-05-31 12:00:01,"b""Channing Tatum to play Gambit in the next X-men movie, prepare for fandoms of likes you've never seen before."""
472414317174743040,2014-05-30 16:28:44,"b'Pandora looks different, what am I going to do O.o'"
470950204292599808,2014-05-26 15:30:53,b'Forgot today was a holiday until @RDPK81 reminded me.'
470245766796046339,2014-05-24 16:51:42,"b""I thought Kanye's only love was Kanye West and gay fish."""
468889091107717121,2014-05-20 23:00:45,b'Whoever figured out how to make bread the first time deserves a trophy.'
468741377891651584,2014-05-20 13:13:47,"b'There should be a term for: ""the more you clean, the dirtier other things look.""'"
467491872374403072,2014-05-17 02:28:42,"b'@MF_Shane Case closed, bring in the dancing lobsters!'"
467117907097300992,2014-05-16 01:42:42,"b'Give a man a gun and he can rob a bank, give a man a bank and he can rob the world.'"
466288963833962497,2014-05-13 18:48:46,"b""If you're having frame-rate problems I feel bad for you son, I got 120 hz and it's pretty fun."""
465681696776404993,2014-05-12 02:35:43,b'If my grades from last semester finally got posted I would be so happy.'
464555352890294272,2014-05-09 00:00:01,"b""@CcavanaughChris Can't believe freshman year is already over, need to celebrate before leaving Bloomington! http://t.co/vrCkCnAjDD"""
464409156947283968,2014-05-08 14:19:05,"b'#LifeProTips Study at 10am, no one is awake yet.'"
464222036609740800,2014-05-08 01:55:33,"b""Priorities: when my computer is the only thing I haven't packed."""
464138064340983808,2014-05-07 20:21:52,b'@RoseIsShort RUBY SAPPHIRE RETURNS!!!!!!'
463813344256720897,2014-05-06 22:51:33,"b'RT @HoodieAllen: My single ""Show Me What You\'re Made Of"" drops tomorrow but...RT THIS AND I WILL PICK 10 FANS TO SEND IT TO RIGHT NOW! http\xe2\x80\xa6'"
463472604880179200,2014-05-06 00:17:34,"b""Why can't trenchcoats be socially acceptable?"""
462717820963287040,2014-05-03 22:18:20,"b'@adamunicyclist finally started going through the thread, this one had me laughing for a while'"
462717357404598272,2014-05-03 22:16:29,"b'There\'s no ""I"" in ""denial""'"
460644874954342400,2014-04-28 05:01:11,b'Finals Next Week http://t.co/r9afNXC5ct'
460607578112679936,2014-04-28 02:32:58,b'Guns Don\xe2\x80\x99t Kill People; It\xe2\x80\x99s Impossible To Be Killed By A Gun; We Are All Invincible To Bullets And It\xe2\x80\x99s A Miracle.'
460270446298923008,2014-04-27 04:13:20,b'Little 5 doh'
459597446880833536,2014-04-25 07:39:04,b'The drunks outside are really loud #little5'
459365655397924864,2014-04-24 16:18:01,"b'Pirates were always going around searching for treasure, never realizing that the real treasure was the fond memories they were creating.'"
458702581754101760,2014-04-22 20:23:12,b'Turns out French idioms are no longer widely understood in formal writing :/'
458516005283581952,2014-04-22 08:01:49,b'Neal deGrasse Tyson would make an amazing earthbender. http://t.co/pSY6SXKprk'
457341043461996544,2014-04-19 02:12:56,b'If you watch the Lego movie in 240p it actually looks like stop motion.'
457151496551800832,2014-04-18 13:39:44,"b""@maranda_lawson Whoever popularized the phrase either A) Didn't understand technology, or B) Wanted to sound cool."""
456967174389645314,2014-04-18 01:27:19,b'Account hacking would be much more fun if people left insightful status updates behind.'
455757186023436288,2014-04-14 17:19:15,"b""There's a moral here: don't make stupid threats on the internet. http://t.co/JoIdGHsTnf"""
455756382289936384,2014-04-14 17:16:03,"b'RT @mpoppel: BREAKING -- 14-year-old Dutch girl who tweeted threat to American Airlines arrested in Rotterdam, police confirm'"
455480050180059136,2014-04-13 22:58:01,b'@CattMalvert @GrantTyler16 http://t.co/vSiklUDAHA'
454623180397613056,2014-04-11 14:13:07,b'Physics professor assigned watching Cosmos as homework.  Please assign more!'
454431256701202432,2014-04-11 01:30:29,"b'No power in my residence hall, what to do now?'"
454404126135554048,2014-04-10 23:42:40,"b'Websites are looking more like mobile sites, we call it the Windows8 effect.'"
453631321080725504,2014-04-08 20:31:49,"b""Frozen, it's been great but it's also been six months, can you please leave the top album charts alone for a while?"""
453620314815991810,2014-04-08 19:48:05,"b'@adamunicyclist Note taking and Shakespeare, what more could you want in life?'"
453583914200604673,2014-04-08 17:23:26,b'To buy Goat Simulator or to wait for the Steam Sale?'
453338751289143296,2014-04-08 01:09:15,b'Someone needs to make a phone that charges with your body heat.'
453200560473120768,2014-04-07 16:00:08,"b'Student: ""What does the extra credit go toward?""\nProfessor: ""Your grade.""\nI love my English class.'"
453065411945172992,2014-04-07 07:03:06,"b'Antz has a higher Rotten Tomatoes score than Bugs Life, this has to stop.'"
452472147244371968,2014-04-05 15:45:41,"b""Walked by Sugar and Spice and didn't see @RDPK81 :("""
451736223799726080,2014-04-03 15:01:23,b'WARNING: Campus is temporarily replaced by a river.'
451078619868049408,2014-04-01 19:28:18,b'Quiz today? Nope. #AprilFools'
449249665100165120,2014-03-27 18:20:41,"b""Wow, there's so many people in my class! #TestDay"""
448564449436119040,2014-03-25 20:57:53,b'There needs to be a Breaking Bad alternate universe where Walt is a computer genius turned hacker.'
444619684025884672,2014-03-14 23:42:47,"b""Fill a warehouse with trampolines they said... it'll be fun they said... #ItWas"""
443806447587954688,2014-03-12 17:51:17,b'One Friday class already cancelled #SoItBegins'
443765745441206272,2014-03-12 15:09:33,"b""Who didn't wear a coat today? This guy."""
443565403558518784,2014-03-12 01:53:27,"b'Too nice to be inside, even at 10pm'"
442393254726598656,2014-03-08 20:15:45,"b""Can't wait to see Belles et Beaux perform! #showchoir"""
441775222472339456,2014-03-07 03:19:55,b'BEAUTY AND THE BEAST RENGAR SKIN RIOT PLS!!! #LeagueOfLegends'
441757611222786048,2014-03-07 02:09:56,b'Technically my first time seeing Beauty and the Beast... still remember the musical cues #ThrowbackThursday'
441732377379762177,2014-03-07 00:29:40,"b'""Beauty and the Beast"" crowd vs. ""Million Dollar Quartet"" crowd... wow.'"
440375578173009921,2014-03-03 06:38:14,b'Ellen DeGeneres hype train DING DING DING DING DING!!!!'
440375178543890432,2014-03-03 06:36:39,"b""RT @TheEllenShow: If only Bradley's arm was longer. Best photo ever. #oscars http://t.co/C9U5NOtGap"""
440198814574456832,2014-03-02 18:55:50,"b'So, how about that snowpocalypse we were supposed to get?'"
438895555339493376,2014-02-27 04:37:09,b'Can I look up a passage from a poem without being bombarded by schmoop and sparknotes?'
438520114460106752,2014-02-26 03:45:17,b'@TPPokemon THE DOWN TROLLS STRIKE AGAIN'
438516027870044161,2014-02-26 03:29:02,b'Sometimes I like to put on ski goggles and pretend the world is inside the @Oculus Rift.'
438375934610378753,2014-02-25 18:12:22,"b""Too bad all the phone booths are gone, it's impossible to find a quiet place to make phone calls now."""
438183264734285824,2014-02-25 05:26:46,b'Taco Bell claiming the waffle taco... I made waffle tacos back at Waffle House #getonmylevel'
438180077667229696,2014-02-25 05:14:06,b'@RDPK81 Such sad.  Never.  Wow.'
437730992329986048,2014-02-23 23:29:35,b'Flooding up by Bloomington looking like something out of Spirited Away.'
437691191367188480,2014-02-23 20:51:26,"b'Oh shit, the fourth wall just broke #Godspell'"
437248774616784896,2014-02-22 15:33:26,"b""@shelbylynn_704 Awaken Shelby! It's time for show choir!"""
436535207932342272,2014-02-20 16:17:58,"b""We have a really gneiss geology building... but I've yet to meet a geology major.  #RockOn"""
434389299287441408,2014-02-14 18:10:54,"b""Happy Valentine's Day and stuff, time to watch League of Legends #LCS"""
432914169512226817,2014-02-10 16:29:15,b'Reasons I can never go into teaching: chalk.'
431537723946446849,2014-02-06 21:19:45,b'@lolesports Pleeease Thresh top!'
430124115979034624,2014-02-02 23:42:35,b'Marijuana legalization would definitely explain these plays #SuperBowlXLVIII'
429300173890531328,2014-01-31 17:08:32,b'I thought I found a map of the Pokemon regions. Turns out I found a map of Japan.'
427238388836495360,2014-01-26 00:35:44,b'Above freezing! #HurryUpSpringHurryUp'
425998691078791168,2014-01-22 14:29:37,b'So cold the wires in my headphones are frozen.'
425048110562148352,2014-01-19 23:32:21,"b'HGTV should be renamed: ""First World Problems Network"".'"
422272012015247360,2014-01-12 07:41:07,b'Not sure yet how I feel about having class in a few days.'
419936087851556864,2014-01-05 20:59:00,b'Driving home at 20 mph.'
416688275600863232,2013-12-27 21:53:21,b'The glorious light of GabeN has yet to touch Gamestop.'
414037069329997824,2013-12-20 14:18:24,b'Campus is so empty it feels like a Twilight Zone episode.'
412687580606394369,2013-12-16 20:56:01,b'Parentheses ruin lives.'
412383614278459393,2013-12-16 00:48:10,"b'Bubble tea, made with surreal bubbles.'"
410521627227480064,2013-12-10 21:29:17,b'@XDLeisure #ProudOfYou'
409564051346178048,2013-12-08 06:04:13,b'The sprinkles myth is true #PizzaX'
408719370035032064,2013-12-05 22:07:46,b'Why did I complain about the heat yesterday?'
408488764714254336,2013-12-05 06:51:25,"b""RT @whatifnumbers: 119: Amount of time, in years, for which the Curiosity rover's generator could power a Nintendo Gamecube and LCD monitor"""
408486048319012864,2013-12-05 06:40:37,"b'@RDPK81 @MDTurinetti 10kb/s? What is this, dial-up?'"
408268836069076992,2013-12-04 16:17:30,b'Sociology makes me wish I lived in Finland.'
407191041737900032,2013-12-01 16:54:44,b'No-shave November is finally over.'
406492946775564288,2013-11-29 18:40:45,b'Best day of the year for people watching.'
405504180833763329,2013-11-27 01:11:45,b'RT @RDPK81: @thexandermancan PROUD OF YOU'
