id,created_at,text
969852287832285185,2018-03-03 08:29:39,b'RT @DavidLammy: Boris Johnson\xe2\x80\x99s white privilege: imagine he was a black woman | Gary Younge https://t.co/8mKRpoFtBw'
969560705354620928,2018-03-02 13:11:00,b'@GBCLegal Thanks! I actually just sent you an email last night :)'
968966952411631617,2018-02-28 21:51:38,b'Proud to march for #ussstrike #ucustrike supporting @UCUSOAS @BirkbeckUCU &amp; all others! \xe2\x9d\xa4\xef\xb8\x8f #bloomsburypickets\xe2\x80\xa6 https://t.co/NT8LrX3gUD'
968791075342217218,2018-02-28 10:12:46,"b'Frozen catprints this morning, let\xe2\x80\x99s hope we survive the #ussstrike #ucustrike #strikeforUSS March today https://t.co/nEiVmY6SwJ'"
968767524631470082,2018-02-28 08:39:11,b'RT @occupation_hub: BREAKING: SOAS STUDENTS SQUAT ABANDONED SPACE IN CENTRAL LONDON IN SOLIDARITY WITH UCU STRIKE AND AGAINST MARKETISATION\xe2\x80\xa6'
968495070633775104,2018-02-27 14:36:33,b'Some mambo no 5 on @UCUSOAS picket line #ussstrike #ucustrike #strikeforUSS https://t.co/lRQGU4o3oF'
968448999740137475,2018-02-27 11:33:29,b'RT @occupation_hub: BREAKING: UCL OCCUPIED IN SOLIDARITY WITH UCU STRIKES! @uclfreeed @NCAFC_UK #ussstrike\n https://t.co/8SdptVyx0J https:/\xe2\x80\xa6'
968405365644808192,2018-02-27 08:40:05,"b'In this freezing weather please contact @Tell_StreetLink if you see someone sleeping rough you\xe2\x80\x99re concerned about,\xe2\x80\xa6 https://t.co/MnLVgq3M3B'"
968135690331545603,2018-02-26 14:48:30,"b""@GBCLegal I really want to be involved but not sure i'll be able to make the meeting tomorrow - can I join at the next meeting? thanks!"""
967833383555489792,2018-02-25 18:47:14,b'My @BluePlanetII @OpenUniversity poster finally arrived! I will know the hadopelagic fishies in no time https://t.co/tyuT8vpaTv'
967084607433781248,2018-02-23 17:11:52,b'great pickets today @BirkbeckUCU and @UCUSOAS will bring more cake on monday &lt;3 #ucustrike #USSstrike\xe2\x80\xa6 https://t.co/L6WqNNHZrL'
966975005123891200,2018-02-23 09:56:21,b'RT @emmadentcoad: What @Stormzy1 did last night was huge. He has helped our community to keep Grenfell in the media spotlight. Please sign\xe2\x80\xa6'
966962193156788224,2018-02-23 09:05:26,b'something like this for R project @inductivestep ? fits in nicely with critical epistemologies too https://t.co/bKau1yuPUb'
966961776633040896,2018-02-23 09:03:47,"b""RT @ucu: Newcastle vice-chancellor gives 'absolute support' to striking lecturers and calls for talks in pension row: https://t.co/BrocPxbK\xe2\x80\xa6"""
966660673303392256,2018-02-22 13:07:18,"b'RT @cagglesproctor: A reminder to all that the #ucustrike is about more than just lecturers. Those of us in support roles, whatever the rol\xe2\x80\xa6'"
966638634773426176,2018-02-22 11:39:44,b'Nazgul is pissed over proposed changes to university pensions #ucustrike #USSstrike @UCUSOAS  @ucu @BirkbeckUCU\xe2\x80\xa6 https://t.co/ZYBGB5ksbX'
966614353012252673,2018-02-22 10:03:15,b'solidarity with wonderful university staff today for 1st day of #ucustrike i will be down to join the picket and br\xe2\x80\xa6 https://t.co/MDwaM1ojUY'
932241723966787584,2017-11-19 13:38:41,b'RT @EIPR: Coming soon next week EIPR new report \xe2\x80\x9cThe trap\nPunishing sexual difference in Egypt \xe2\x80\x9c\n#Egypt \n#LGBT https://t.co/Di47hHRq0M'
913316347723083776,2017-09-28 08:16:00,b'On #28sept International Safe Abortion Day remind yourself of how integral the right to choose is to bodily autonom\xe2\x80\xa6 https://t.co/fdiipvlzJi'
913315111812702208,2017-09-28 08:11:05,b'On #28sept International Safe Abortion Day remind yourself of how integral the right to choose is to bodily autonom\xe2\x80\xa6 https://t.co/DFWwGozJWo'
908709986804670464,2017-09-15 15:11:58,b'they arrest us but THEY are the criminals! thanks @CAATuk @GBCLegal and amazing people who campaigned against DSEi https://t.co/K5FaobBtEk'
908291888163192832,2017-09-14 11:30:36,"b""@GBCLegal didn't catch you on sat but saw some LOs and will def check out next training - thanks for all your amazing work! solidarity"""
908291635951349760,2017-09-14 11:29:35,b'@GBCLegal thank you!!'
905345915678072832,2017-09-06 08:24:21,b'@GBCLegal Hi @GBCLegal are you planning to do any more trainings soon? Also are you at DSEI on saturday so we can chat about training?'
893490301083557888,2017-08-04 15:14:22,b'congratulations and solidarity with @SOASJ4C for your HUGE achievement today - SOAS will end outsourcing by 2018! https://t.co/HaOt71qmIF'
893487207406874624,2017-08-04 15:02:05,b'@getacatmel @Mellywellington wish those faces were mine https://t.co/yOtOxVwaGh'
893082673710870528,2017-08-03 12:14:36,"b""'the law insists I reinforce tired stereotypes about the global South' fab piece by Jawziya Zaman on immigration law https://t.co/cOyQ658OzN"""
890876327296937984,2017-07-28 10:07:22,"b'""yearning for an anti-Trump to call their own means US media are glossing over similarities between both leaders"" https://t.co/Lttcn0gPc4'"
890615776234754048,2017-07-27 16:52:02,"b'RT @xychelsea: so, biggest baddest most $$ military on earth cries about a few trans people \xf0\x9f\x98\xa9 but funds the F-35? \xf0\x9f\x98\x91\xc2\xa0sounds like cowardice \xf0\x9f\x98\x8e\xe2\x80\xa6'"
888695256241274881,2017-07-22 09:40:34,b'Travelling to #scarborough in the beautiful #britishsummer... Wait let me rewrite that... https://t.co/TUEqwBzHRX'
887638853942730752,2017-07-19 11:42:48,b'my pals and I are #bricolagegrrrls we make stuff and do #butchdiy look at our things here https://t.co/5md1iV9fQ6 https://t.co/2bTvRlrxhL'
887629349410746369,2017-07-19 11:05:02,"b""RT @NicolaSturgeon: Thanks for all the lovely birthday wishes. Can't believe that's me 25 already! Now off to cheer on our girls #SWNT in t\xe2\x80\xa6"""
887603340317732865,2017-07-19 09:21:41,b'Nice one yet again @JeremyCorbyn4PM @jeremycorbyn a pardon is not enough for any LGBT+ person persecuted https://t.co/tHnFIMKsTE'
887602504153878528,2017-07-19 09:18:22,b'Thanks @DrFrancesRyan  - we need to hear that 1/4 people in the UK avoid talking to disabled people - how bloody de\xe2\x80\xa6 https://t.co/v4Q6n70J7D'
887223014470889473,2017-07-18 08:10:25,b'this is best way to start your day @getacatmel and/or getadogmel? https://t.co/MD97bvIS24'
886245054356099074,2017-07-15 15:24:21,"b""@eggbert_grnegg @Schopflin @ClareLissaman Can't wait to taste your halloumi, egg"""
884405017444319236,2017-07-10 13:32:42,"b""it is outrageous that the #HLPF2017 and the #SDG5 doesn't include #safeabortion considering it is a fundamental nee\xe2\x80\xa6 https://t.co/AE89vkbFRX"""
884061434384191489,2017-07-09 14:47:25,"b""today's DIY creation: a bike rack! other creations here:  https://t.co/l772YO3cb8 https://t.co/2sRW9T1XAy"""
883273005052436481,2017-07-07 10:34:29,b'terrible news https://t.co/z7rvFmLJLD'
882513266001330176,2017-07-05 08:15:33,"b'Thank you @Ella_Shohat for an inspiring discussion on the Arab-Jew, Palestine and other displacements and thank you @P21Gallery for hosting'"
879293003264905216,2017-06-26 10:59:23,"b""Thanks for this gem @Sarah_Cleave @commapress   found @ARBRadBookfair can't wait to read! https://t.co/067oFptntT"""
878936821773762560,2017-06-25 11:24:02,b'Eid mubarak! \xd8\xb9\xd9\x8a\xd8\xaf \xd9\x85\xd8\xa8\xd8\xa7\xd8\xb1\xd9\x83! \xd9\x83\xd9\x84 \xd8\xb3\xd9\x86\xd8\xa9 \xd9\x88\xd8\xa3\xd9\x86\xd8\xaa\xd9\x85 \xd8\xb7\xd9\x8a\xd8\xa8\xd9\x8a\xd9\x86!'
878316989080457216,2017-06-23 18:21:03,b'Friday night loves &lt;3 https://t.co/CL2rkO2RXp'
878205362431709184,2017-06-23 10:57:29,"b""@Mellywellington I often have this in my head when I'm wearing something snazzy https://t.co/oURtUs3ZuK"""
877554002757660672,2017-06-21 15:49:13,"b'RT @natalieben: #QueensSpeech - MPs are elected on their manifesto. As Theresa May has thrown out Tory manifesto, what is the basis of govt\xe2\x80\xa6'"
877553928128397312,2017-06-21 15:48:55,b'Melting like the wicked witch of the west #solstice #longestdayoftheyear'
877457106609295360,2017-06-21 09:24:11,"b'RT @cox_tom: Summer Solstice dawn in South Devon, UK. https://t.co/3nMGSSU7RL'"
877201505983623168,2017-06-20 16:28:31,b'@dan1el88 @followMFJ only by taking action can we hope to change racist rhetorics and achieve justice!'
876850956260003840,2017-06-19 17:15:33,b'Demand #ReproRights 4 #NorthernIreland this thurs outside @10downingstreet with @ReproRCoalition @Safe_Abortion info https://t.co/TcPFPDCov4'
876742365205213184,2017-06-19 10:04:03,b'Media predictably mentions mental health of #FinsburyPark attacker &amp;terrorist attack used to placate criticism of UK #racism &amp; #Islamophobia'
876705652143476736,2017-06-19 07:38:10,b'Horrific news to wake up to - love and solidarity with the Muslim community in Finsbury Park &amp; everywhere'
876476527046791168,2017-06-18 16:27:42,b'@Mellywellington @DissentersN16 @AbneyParkN16 this photo is tremendous'
876469774166970368,2017-06-18 16:00:52,"b""@Mellywellington @DissentersN16 @AbneyParkN16 that's tough call, but Wednesday evenings wouldn't be complete withou\xe2\x80\xa6 https://t.co/mY0GNpHcEw"""
876454442261983232,2017-06-18 14:59:57,b'wonderful @DissentersN16 brought a tear to my eye in @AbneyParkN16 amazing stuff https://t.co/F8KgrGmRbn'
876375495235039232,2017-06-18 09:46:14,b'First thing I see in #manchester is solidarity demo for #GrenfellFire victims &lt;3 https://t.co/pOoWcyCXa1'
876374774796210176,2017-06-18 09:43:23,"b""RT @sueperkins: Let's make it our mission to eject from office every single one of those venal bastards who voted against Labour's housing\xe2\x80\xa6"""
873527297176940545,2017-06-10 13:08:31,b'Thank you @HackneyAbbott for your strength in the face of such cruelty and @MxJackMonroe for such an important piece https://t.co/DkIGnzhW1H'
872011976435798016,2017-06-06 08:47:11,b'Super proud to be a member of @DissentersN16 using furious and passionate music to smash racism sexism&amp; homophobia\xe2\x80\xa6 https://t.co/11UbzoyexT'
868756764937924608,2017-05-28 09:12:08,b'Preparing for #Sept28 International Safe Abortion Day #leavingnoonebehind https://t.co/gpb6ptX2Ig'
867706985982066689,2017-05-25 11:40:41,b'super scary news as Egypt blocks 21 news sites inc. @AlJazeera and @MadaMasr #censorship https://t.co/UvyIQqrDsa'
867650895730941952,2017-05-25 07:57:48,"b'RT @StokeyLitFest: If you like your music literary and your literature musical, @DissentersN16 is a MUST. 5:30pm Sat 3 Jun. https://t.co/73\xe2\x80\xa6'"
859405052267646976,2017-05-02 13:51:46,b'RT @Safe_Abortion: New trials and imprisonment report! Mexico by @mshjp. Thanks to @GIRE_mx and @LasLibres  https://t.co/zWUQk4Im0w https:/\xe2\x80\xa6'
857929140535787521,2017-04-28 12:07:01,b'Thanks Teresa Omondi-Adeitan @fidakenya &amp; Jedidah Maina @TICAH_KE  for help with @Safe_Abortion report https://t.co/hNMpmZGv4Y'
857928740592119808,2017-04-28 12:05:25,b'Thanks Evelyne Opondo &amp; Esther Waweru @ReproRights for help with @Safe_Abortion trials &amp; imprisonment report https://t.co/hNMpmZGv4Y'
857928540720963584,2017-04-28 12:04:38,"b'Thanks Saoyo Tabitha Griffith, Kevin Mwangi &amp; @KELINKenya for help with @Safe_Abortion trials &amp; imprisonment report https://t.co/hNMpmZGv4Y'"
854761521745887236,2017-04-19 18:20:02,b'Thank you @CAATuk and for a great day lobbying @UKParliament to stop arming Saudi Arabia!'
854266890910355456,2017-04-18 09:34:32,b'blog by me! https://t.co/6zfM8DVh0K'
839389548530520064,2017-03-08 08:17:18,b'#IWD2017 I feel a renewed awesomeness to be part of a long history of feminisms solidarity with #repealthe8th #BeBoldForChange #shedecides'
837607282384990208,2017-03-03 10:15:12,b'Shocking case in Uruguay: Woman refused abortion at the request of her ex partner. She may take the judge to court\xe2\x80\xa6 https://t.co/ZHxN9Pywne'
825009032733679616,2017-01-27 15:54:15,b'the best! https://t.co/kAMaQWTpSw'
825005303259242497,2017-01-27 15:39:26,b'RT @Safe_Abortion: What is the Global Gag Rule? Know your facts! 1 of 8 in a \n#DidYouKnow series on the #globalgagrule #trustwomen https://\xe2\x80\xa6'
823878311780765698,2017-01-24 13:01:11,b'Please sign! we need to do all we can now trump has signed the gag rule! https://t.co/ZiSfYEYGJJ'
806852820918030336,2016-12-08 13:27:57,"b""Read @Safe_Abortion's #GBVteachin on why criminalising abortion is a form of violence #16days https://t.co/omTEOGC9KF"""
806850889126383616,2016-12-08 13:20:17,b'@IpasOrg @IPPF_WHR @InfoClacai @mesaporlavida anyone who get pregnant has the right to safe and legal abortion https://t.co/zQ9RS6Ztfl'
806850257028083716,2016-12-08 13:17:46,b'@IPPF_WHR @16DaysCampaign https://t.co/2Jl35nYCZH'
806848604728070144,2016-12-08 13:11:12,"b'abortion should be safe legal and free to anyone who gets pregnant, if not it is violent. @Safe_Abortion\xe2\x80\xa6 https://t.co/tESraEjoho'"
806847645662806016,2016-12-08 13:07:23,b'@IpasOrg @IpasYouth @safe2chooseAFR @CLADEM @16DaysCampaign why criminalising abortion is violence against women https://t.co/RZZMaTPn6V'
806847174197788677,2016-12-08 13:05:31,"b""@asapasia @InfoClacai @LaMesaporlaVida @16DaysCampaign follow @Safe_Abortion's #GBVteachin https://t.co/v9L3JAIA2G"""
806846135499362305,2016-12-08 13:01:23,b'follow #GBVteachin to find out why criminalising abortion is a form of violence against women @Safe_Abortion https://t.co/v9L3JAIA2G'
806845900953944065,2016-12-08 13:00:27,b'RT @Safe_Abortion: HAPPENING NOW! https://t.co/xZDp57Bq3t'
799333107853885440,2016-11-17 19:27:18,b'Fabulous @NicolaSturgeon considering giving NI women access to Scotland NHS for abortions @Safe_Abortion @All4Choice https://t.co/41Ws0L5o9V'
796278467809701888,2016-11-09 09:09:15,"b'RT @Safe_Abortion: FEATURE: The law, trials and imprisonment for abortion in #Argentina by @alicefinden https://t.co/jz6V1e5XIJ With thanks\xe2\x80\xa6'"
783302996419633152,2016-10-04 13:49:22,b'Solidarity with Polish women on strike in #czarnyprotest against draconian abortion laws! #MyBodyMyRights https://t.co/oRAi82dGaF'
766217389155442688,2016-08-18 10:17:15,"b""Let's make International Safe Abortion Day a @UN official day! #UNSafeAbortionDay! Retweet to support! https://t.co/R6OUHo0ame"""
765959171279904772,2016-08-17 17:11:11,b'Making international #safeabortion day a @UN official day! https://t.co/YLFuM5pN5B'
763383955353722880,2016-08-10 14:38:12,b'Stop criminalising and policing people for abortion! #NotACriminal @Safe_Abortion https://t.co/7A6Idb1L39'
762939235695489024,2016-08-09 09:11:03,b'solidarity with @isa_alaali at court for protesting the arms trade #TheArmsTradeIsGuilty https://t.co/J3tH8TRdPk'
751075287509663744,2016-07-07 15:27:57,b'RT @Safe_Abortion: @TheGlobalGoals and @victoriabeckham #WhatIReallyReallyWant is no one in prison for abortion! #NoMoreProsecutions https:\xe2\x80\xa6'
751056765362528257,2016-07-07 14:14:21,b'#WhatIReallyReallyWant is #SafeAbortion @TheGlobalGoals @victoriabeckham #TrustWomen #NotACriminal https://t.co/0tCxuDh60q'
750685415150067712,2016-07-06 13:38:44,b'#WhatIReallyReallyWant is abortion out of the criminal law! #NotACriminal #FreeTeresa #Las17 @amnesty @FGR_SV https://t.co/vJDHxHrkGD'
750679314702569472,2016-07-06 13:14:30,b'Maria Teresa has been through enough. Stop the appeal @FGR_SV #FreeTeresa #Las17 https://t.co/3cdpLC48WR'
750678922765885440,2016-07-06 13:12:56,b'Terrible news about Maria Teresa! Abortion out of the criminal law!! #NoMoreProsecutions @amnesty @Safe_Abortion https://t.co/Yr7h0uAn7h'
750667949078347777,2016-07-06 12:29:20,b'#WhatIReallyReallyWant is SRHR #SafeAbortion #TrustWomen https://t.co/l8araZm3ZD'
747780589609164800,2016-06-28 13:16:00,b'Amazing news from texas yesterday! https://t.co/9fyXnZifq5'
747734739331780608,2016-06-28 10:13:48,b'RT @Safe_Abortion: US Supreme Court strikes down strict Texas abortion law! #safeabortion #reproductiverights https://t.co/ZOq3ly3bav'
747059775117103104,2016-06-26 13:31:44,b'On International Day in support of Victims of Torture we demand #TruthForGiulio! @matteorenzi @PaoloGentiloni @foreignoffice where are you?'
747058088470061057,2016-06-26 13:25:02,b'@PHammondMP UK should halt arms transfers to #Egypt to #StopTorture &amp; demand #VeritaPerGiulioRegeni #TruthForGiulio https://t.co/BA8KnVwxvQ'
746344273054941184,2016-06-24 14:08:35,b'Make International Safe Abortion Day official. Send your name to: info@safeabortionwomensright.org https://t.co/YY6uqyuUTT @Safe_Abortion'
735486032456491009,2016-05-25 15:01:49,b'Mar\xc3\xada was sentenced to 40 years in prison for miscarrying - she is now free! Keep campaigning for @Safe_Abortion https://t.co/8XuWiTonP7'
732909868722585600,2016-05-18 12:25:04,b'Well done to RCM on backing the decriminalisation of abortion! Abortion out of the criminal law! @Safe_Abortion #trustwomen @MidwivesRCM'
732501666423939072,2016-05-17 09:23:01,b'RT @Safe_Abortion: We have a new website! :) Visit us &amp; get updated on the latest news regarding abortion and our members activity! https:/\xe2\x80\xa6'
677559396596113409,2015-12-17 18:42:03,b'RT @MiceChancellor: It is just one of those days. https://t.co/APEMnDMTlY'
672052290270924801,2015-12-02 13:58:46,"b""Al saqi's window display today in solidarity with Syria. #DontBombSyria @SaqiBooks https://t.co/xSq82HLtMs"""
665538721152831488,2015-11-14 14:36:10,b'A blog post with some thoughts on the reactions to atrocities around the world this weekend https://t.co/IWt2thw4ve'
661926488044929024,2015-11-04 15:22:27,b'Fights between protesters and police #FreeEducation https://t.co/m7hI7G0p6P'
661893297988878336,2015-11-04 13:10:34,b'@Egy_Solidarity at #FreeEducation demo #SisiNotWelcome #stopsisi https://t.co/HnGzEvQcND'
661885818869559296,2015-11-04 12:40:51,b'Free education demo heating up followed by #SisiNotWelcome #StopSisi https://t.co/PATbDS4KvL'
661646669650505728,2015-11-03 20:50:33,"b""Protest Egyptian dictator's visit to the UK: Downing st tomorrow 5pm https://t.co/Oe1ckHXNDb @Egy_Solidarity #Sisinotwelcome  #StopSisi"""
659673817166577665,2015-10-29 10:11:08,b'@SOASoccupation #ShutdownSOAS https://t.co/HWUV51zjye'
659523565755236352,2015-10-29 00:14:06,b'Solidarity with Sandy Nicholls suspended by SOAS management in an extreme retaliation to protesters @SOASoccupation #shutdownSOAS'
659486059710054400,2015-10-28 21:45:03,b'Emergency protest tomorrow 1pm against SOAS management who have suspended unison rep Sandy Nicholls please come!'
659096102008934403,2015-10-27 19:55:30,b'@JamieBullenES @standardnews we stormed back into occupation - protests will now be held every day from 3!'
659025614553358336,2015-10-27 15:15:25,b'Protest outside soas - management turning on aircon and putting security guards outside https://t.co/LYhkGjiFNB'
658793407368855555,2015-10-26 23:52:42,b'Tell the UK government to stop arming Saudi https://t.co/hnSNMcKQzC via @38_degrees'
658067210263490560,2015-10-24 23:47:03,b'#sisinotwelcome @Egy_Solidarity https://t.co/Ijf83jtTdX'
658063474048802816,2015-10-24 23:32:13,b'Please join us in protesting Egyptian presidents visit to UK on 4 November with @Egy_Solidarity https://t.co/NzNrK3BokM'
656013241030680576,2015-10-19 07:45:19,"b""Join us @Egy_Solidarity for a panel discussion - Britain's role in Bahraini and Egyptian repression 19/10 https://t.co/I4LKTtE8CH"""
655655913785815040,2015-10-18 08:05:26,b'Low outcome and unethusiam at start of Egyptian elections http://t.co/vPRV3fSdkw'
652556301684355072,2015-10-09 18:48:40,"b""RT @guardian: Egypt's women-only taxi service promises protection from male drivers http://t.co/eQF0OJmkZG"""
651899763751841792,2015-10-07 23:19:50,b'Thanks @Farida_Ghulam &amp; @marcowenjones - an insightful talk on Bahrain and UK complicity in Human rights abuses #BahrainUprising'
651898458333446144,2015-10-07 23:14:38,"b'RT @dan_a_lowe: .@hrw referred to #Bahrain situation as ""revolving prison doors for peaceful activists"" #BahrainUprising'"
651840183931924480,2015-10-07 19:23:05,"b""Farida Ghulam on UK's complicity in human rights abuses in Bahrain #freesharif #bahraincrisis http://t.co/OlMVpLxzeA"""
651830660026470400,2015-10-07 18:45:14,b'#BahrainUprising looking forward to hearing more about resistance and repression in the gulf http://t.co/4zAQ8BNLaq'
651653007285858304,2015-10-07 06:59:18,b'Solidarity with #BaharMustafa against  white men accusing her of racism feeling that they are somehow oppressed...'
651650836511236096,2015-10-07 06:50:41,"b""London Tonight launch of new book Bahrain's Uprising @ZedBooks tickets here https://t.co/sGEHfXRV7r"""
651648185191018496,2015-10-07 06:40:09,"b'RT @ZedBooks: Solidarity with Bahar Mustafa: ""harassment of those fighting for a university not organised by &amp; for \'white men\'."" http://t.c\xe2\x80\xa6'"
651298185701392385,2015-10-06 07:29:22,b'Saddened by news of government airstrikes on Aden this morning... Backed by UK arms dealers? #yemen #stopthearmsfair'
651051959827460096,2015-10-05 15:10:57,"b""Please sign #sisinotwelcome petition https://t.co/H0OD8U0nUe against the Egyptian president's invitation to UK @Egy_Solidarity"""
650968817259163648,2015-10-05 09:40:35,b'@natalieben supporting #Sisinotwelcome campaign and @Egy_Solidarity THANK YOU https://t.co/tAZVlYQgaE'
650967959112957952,2015-10-05 09:37:10,b'some fantastic photos by @jesshurdphoto from #TakeBackMCR yesterday https://t.co/bPwLeMVU1L'
650962702580453376,2015-10-05 09:16:17,b'#TakeBackMCR leading the pigs at Tory protest http://t.co/qBucKQi9Vh'
650741382521462784,2015-10-04 18:36:50,b'RT @Egy_Solidarity: Middle East Solidarity magazine issue 2: out now... https://t.co/tdEos6H0hy'
650741343153692672,2015-10-04 18:36:41,b'RT @Egy_Solidarity: About to set off in Manchester with 10s of thousands marching on Tory party conference #takebackmcr http://t.co/ZKxTC9A\xe2\x80\xa6'
650741138039640069,2015-10-04 18:35:52,b'@natalieben thanks for your support with the #Sisinotwelcome campaign from @Egy_Solidarity'
649978336177954817,2015-10-02 16:04:46,b'Issue 2 of Middle East solidarity magazine out now! Get your copy from @Egy_Solidarity http://t.co/IUZHKEfmly'
643354576628940800,2015-09-14 09:24:18,"b""RT @_jayenne: #stopDSEI - what's all this about? http://t.co/pYb7rYIKv1"""
642718219955007488,2015-09-12 15:15:39,"b'RT @StopTheArmsFair: Protesters locked on, to #StopDSEI surrounded by mass support singing ""Down by the riverside"" http://t.co/d93ll21KFY'"
642718198874406912,2015-09-12 15:15:34,b'RT @SarahReader0: HAPPENING NOW: Excel Centre blockaded at both Ends! #stopDSEI http://t.co/MqM4uZ2vbx'
642684158221926400,2015-09-12 13:00:18,"b""RT @Egy_Solidarity: @alicefinden speaking for Egypt Solidarity at the #stopthearmsfair protest this morning about why Egypt's... http://t.c\xe2\x80\xa6"""
642683679853146112,2015-09-12 12:58:24,b'#refugeeswelcome @Egy_Solidarity parliament square right now http://t.co/TeSYIEMBej'
642679725677260800,2015-09-12 12:42:41,b'#stopthearmsfair today with @Egy_Solidarity  blocking military equipment @CAATuk http://t.co/9ALrjLlANd'
641329970246238208,2015-09-08 19:19:14,b'check out @StopTheArmsFair progress on @CAATuk facebook photos! https://t.co/JUbXxGTX6m @CAATuk @Egy_Solidarity coming on sat!'
638290337811836928,2015-08-31 10:00:50,b'@Egy_Solidarity joining @CAATuk @StopTheArmsFair protesting DSEI arms fair on 12 september http://t.co/XXlAmlfsPM #Sisinotwelcome'
634248507604496384,2015-08-20 06:20:02,b'RT @Egy_Solidarity: Raba\xe2\x80\x99a: two years on and still no\xc2\xa0justice http://t.co/rqpepMdKBP http://t.co/tpD3nZjSPM'
634248218449170432,2015-08-20 06:18:53,b'http://t.co/3PcItwaMlm'
629612935065792512,2015-08-07 11:19:56,b'#sisinotwelcome @Egy_Solidarity  @MENAsolidarity http://t.co/EfZpdclhnx'
629606624676741120,2015-08-07 10:54:51,"b""Please add your name - protesting Cameron's invitation to Sisi to the UK https://t.co/H0OD8U0nUe @Egy_Solidarity @MENAsolidarity"""
618358900455309312,2015-07-07 10:00:25,b'Support #BarnetStrikers Say No to #OutsourcingFundamentalism #8July http://t.co/osNfW9v3j9'
616743651989979137,2015-07-02 23:01:59,"b""RT @resistunite: Look Ahead Care workers tell tonight's #DefendOurUnions meeting that they are ready to strike back! http://t.co/iAUEM2R25o"""
616739001500876800,2015-07-02 22:43:31,b'just back from a fantastic public forum meeting with @resistunite  - come down to 8th July protest and march against austerity!!'
613112922286497792,2015-06-22 22:34:46,b'#Egyprisoners Egypt Solidarity Initiative reports on actions taken around the world this past weekend \n\nhttp://t.co/Gb5RIX52EF'
612297787967959041,2015-06-20 16:35:43,"b""RT @JohnHorneUK: If anyone at #EndAusterityNow wants a copy of our new Middle East Solidarity mag we've got a stall at Parliament Sq http:/\xe2\x80\xa6"""
612227169247432704,2015-06-20 11:55:06,b'#egyprisoners solidarity with Egyptian political prisoners http://t.co/YBpGLQTRIW'
