id,created_at,text
969710012770783233,2018-03-02 23:04:18,b'RT @NHSMillion: NHS staff have been widely praised for their dedication since the snow began - and rightly so\n\nBut we\xe2\x80\x99d also like to give a\xe2\x80\xa6'
968894568275070976,2018-02-28 17:04:00,b'RT @rachaelmoses: Therapists are a fundamental part of #NHS\nWithout them people would not be able to:\n\xf0\x9f\x8c\x9fWalk again\n\xf0\x9f\x8c\x9fTalk again\n\xf0\x9f\x8c\x9fEat again\n\xf0\x9f\x8c\x9fR\xe2\x80\xa6'
968894409814233094,2018-02-28 17:03:23,b'All Physical Activity Tied to Reduced Mortality in Older Men https://t.co/YDpOIKDBII via @practiceupdate'
968892083732918272,2018-02-28 16:54:08,b'12-Month Weight Loss Similar With Low-Fat and Low-Carbohydrate Diet https://t.co/pX3qJw4Gky via @practiceupdate'
967175453319553025,2018-02-23 23:12:51,"b""RT @JamieWaterall: NEW Resource Published 'High Blood Pressure: how can we do better'. 1:3 people diagnosed with high blood pressure are no\xe2\x80\xa6"""
966218238593036288,2018-02-21 07:49:14,b'https://t.co/7kqhpD1ZjA'
964984796135948289,2018-02-17 22:07:58,b'RT @dementiaventure: Despite the pain...and sleepless nights... I actually do think the revised manuscript is better \xf0\x9f\xa4\x9e as a result of the r\xe2\x80\xa6'
964614679476817920,2018-02-16 21:37:15,b'https://t.co/93z4nxfoKM'
964156665955315712,2018-02-15 15:17:16,b'RT @PHDcomics: Writing https://t.co/8psHqvOLCF https://t.co/jwALFeTOPO'
964155931100631040,2018-02-15 15:14:21,b'Omega-3 Fatty Acid Supplements Do Not Reduce Cardiovascular Disease Risks https://t.co/48vdu7EWpT via @practiceupdate'
960551661604401152,2018-02-05 16:32:16,b'Effect of dietary nitrate levels on nitrate fluxes in rat skeletal muscle and liver. - PubMed - NCBI https://t.co/g8YhxpKcAW'
958722472370688002,2018-01-31 15:23:44,"b""@FoodWhispererRD BANT version 'through a high validity lens' is upside down! \nhttps://t.co/M4MNns2MMk\nIs this a met\xe2\x80\xa6 https://t.co/o9VGFKYIpk"""
958717627383328768,2018-01-31 15:04:29,b'RT @DWNHS: So much fantastic (&amp; well-deserved) @WendyPMitchell coverage at the moment!\nJust had to share: https://t.co/pLj6NwAP5Z\n\n@guardia\xe2\x80\xa6'
958716085028753408,2018-01-31 14:58:21,b'Regular Dental Care May Reduce the Risk of Incident Ischemic Stroke Associated With Periodontal Disease\xe2\x80\xa6 https://t.co/3h0psu2Pei'
958411083739488256,2018-01-30 18:46:23,b'American Stroke Association: High Adherence to MIND Diet May Benefit Stroke Survivors https://t.co/qnoWiSdv1J via @practiceupdate'
958410769187721216,2018-01-30 18:45:08,b'DASH and Mediterranean-Like Diet Associated With Slower Cognitive Decline https://t.co/xl61Hmlj10 via @practiceupdate'
958410322813050880,2018-01-30 18:43:22,b'Adherence to the Mediterranean Diet Reduces Incident Frailty Risk https://t.co/pFiGBgLQTH via @practiceupdate'
958409996278095873,2018-01-30 18:42:04,b'Complications After Bariatric Surgery vs Medical Obesity Treatment https://t.co/DxXpFOYtI7'
958344695217885184,2018-01-30 14:22:35,b'RT @jonathanallsopp: As a NHS finance manager with 26 years experience it is my #PublicDuty to inform you that the current government is di\xe2\x80\xa6'
958331476436836352,2018-01-30 13:30:03,b'https://t.co/ozTrO2hmBQ'
956174236611047424,2018-01-24 14:37:57,b'Extra virgin olive oil consumption reduces the risk of osteoporotic fractures in the PREDIMED trial https://t.co/Ry64VPxRni'
955112897713201153,2018-01-21 16:20:34,b'RT @JamesMelville: Audience member on BBC Question Time: \xe2\x80\x9cI wonder whether the Conservative Government is ideologically under-funding the N\xe2\x80\xa6'
954630378840616960,2018-01-20 08:23:13,b'RT @JamieWaterall: High blood pressure is the single largest risk factor for heart attacks and strokes in England. Read my latest blog whic\xe2\x80\xa6'
954276068390850560,2018-01-19 08:55:18,b'Delayed conception in women with low-urinary iodine concentrations https://t.co/8Et0ns27ba @BDA_SWEngland @BrDieteticAssoc'
952944054118920192,2018-01-15 16:42:22,b'BMI and Mortality in Patients With New-Onset Type 2 Diabetes: A Comparison With Age- and Sex-Matched Control Subjec\xe2\x80\xa6 https://t.co/VjoR5p8Qo1'
952943290235654145,2018-01-15 16:39:19,b'Red and processed meat consumption and breast cancer: UK Biobank cohort study and meta-analysis https://t.co/iUyizSsvAt'
950275272015835136,2018-01-08 07:57:34,b'RT @NHSMillion: May and Hunt dine out on the notion that NHS spending has increased year on year under them\n\nBut the same could be said of\xe2\x80\xa6'
949196752497803265,2018-01-05 08:31:55,b'RT @Tigs1966: @RDEhospitals what a good idea :-) https://t.co/ZjE2KOG2uG'
949196514257186816,2018-01-05 08:30:58,b'The NHS needs money. #NHSCrisis @NHSMillion @Jeremy_Hunt  https://t.co/lkN5qnmDdI'
948566487278784513,2018-01-03 14:47:28,"b""RT @RD_Catherine: Dear @NuffieldHealth Unbelievable you're searching for a #nutriquack to advise on diet and chronic health conditions. Not\xe2\x80\xa6"""
948566177755869185,2018-01-03 14:46:14,b'Behind the headlines: calorie guidelines remain unchanged https://t.co/jtjr8c3UYj'
946748602134749184,2017-12-29 14:23:51,b'RT @NHSMillion: These people \xe2\x9d\xa4\xef\xb8\x8f NHS staff!\n\nPlease RT if you do too and help show them how appreciated they are this Christmas\n\n#MerryXmasN\xe2\x80\xa6'
944332499626418178,2017-12-22 22:23:07,b'Sign the petition to Jeremy Hunt and tell him not to break the NHS constitution:  https://t.co/IqMqobgifC'
944326338936176640,2017-12-22 21:58:38,b'RT @DrJackyDavis: NHS staff working under awful pressure yet still held responsible when things go wrong. My blog for @CHPIthinktank https:\xe2\x80\xa6'
943376508864876544,2017-12-20 07:04:21,b'RT @NHSMillion: * VirginCare tried to win a contract from the NHS \n* VirginCare were unsuccessful \n* VirginCare sued the NHS because they w\xe2\x80\xa6'
943144145547419648,2017-12-19 15:41:01,"b'RT @NHSMillion: It\xe2\x80\x99s time the government stopped taking advantage of miracle-working NHS staff, and started giving them the resources they\xe2\x80\xa6'"
943143883789230080,2017-12-19 15:39:59,b'RT @AndyBeetroot: Influence of dietary nitrate food forms on nitrate metabolism and blood pressure. Our latest. https://t.co/6xlL3GjbGa'
939502506257846272,2017-12-09 14:30:27,b'RT @louwilko: A good Friday! My first article #acceptedforpublication YYYESSSSS!!! #phdchat #phdlife #dementiaresearch #RD'
939502466789531649,2017-12-09 14:30:17,b'@louwilko Brilliant work! Well done!!'
939502335361015809,2017-12-09 14:29:46,b'RT @RDEResearch: Brilliant work from Lucy @BrDieteticAssoc forum. @RDEhospitals @RDELibrary #whywedoresearch #AHPs https://t.co/IZTB0VMuus'
939047652817297408,2017-12-08 08:23:01,b'RT @WriteThatPhD: How to survive your #PhD: 17 simple strategies https://t.co/Q8RJJhpDaI #phdchat #phdadvice #phdforum #phdlife #ecrchat ht\xe2\x80\xa6'
934065422554542080,2017-11-24 14:25:25,b'RT @Botanygeek: Lots of very bold claims about sugar and diet going on on twitter today. \n\nLet\xe2\x80\x99s take a look t some of them....\n\nClaim 1: \xe2\x80\x98\xe2\x80\xa6'
933788466160205824,2017-11-23 20:04:53,b'RT @roseevillRD: Anne Holdoway highlighting the need to address malnutrition in the community - 93% of malnourished individuals reside here\xe2\x80\xa6'
933788124555239424,2017-11-23 20:03:32,b'RT @seanwhite1977: @NutriciaHCP_UK @BAPENUK @BrDieteticAssoc @PENGDT @NNNGUK  https://t.co/Bg6o049d1A'
933008375885058048,2017-11-21 16:25:05,b'RT @wwf_uk: This is not an image that we should be seeing. RT if you agree that we must protect all ocean life #BluePlanet2 https://t.co/pg\xe2\x80\xa6'
933008286651158528,2017-11-21 16:24:44,b'RT @GeorgeMetsios: #HIIT exercise effective for reducing adiposity: new meta-analysis (23 studies / 617 participants) https://t.co/plKU2Yyt\xe2\x80\xa6'
930831030126333952,2017-11-15 16:13:06,"b""I've signed the open letter to my MP so they demand Philip Hammond gives the NHS more money. Sign the letter here: https://t.co/G6n3nkGQ4i"""
928973083800633344,2017-11-10 13:10:17,b'Reflecting after #RDESymp2017. What do multi professionals need to get started? I was given 1 day/week off to do a\xe2\x80\xa6 https://t.co/tBzsUsULEf'
928762165741441026,2017-11-09 23:12:10,b'RT @NHSMillion: How nice would it be if we didn\xe2\x80\x99t have to continually fact check our elected politicians to stop them spreading complete un\xe2\x80\xa6'
928745314311434240,2017-11-09 22:05:12,"b'RT @BioMedCentral: Alzheimer\xe2\x80\x99s disease, dementia, and stem cell therapy - our featured #openaccess review https://t.co/QLzdCSsS5R'"
928654024605302785,2017-11-09 16:02:27,b'RT @RDEResearch: Collaborative working to deliver a complex clinical study across @RDEhospitals @annamargsteele #whywedoresearch #RDESymp20\xe2\x80\xa6'
928648728256434177,2017-11-09 15:41:24,b'RT @DietitianSian: Well said Dr Marie-Ann Ha #RSMBNF17 https://t.co/I6N80KZ7UK'
928648658161160192,2017-11-09 15:41:08,"b'RT @JHiggsFoodtofit: ""Dont have to be vegan or vegetarian to have lower risk cancer.""  But DO need to increase wholegrains, fruit &amp; veggies\xe2\x80\xa6'"
928632415978958848,2017-11-09 14:36:35,b'Inspiring stories from Jack and Daisy whose lives were changed for the better after becoming participants in resear\xe2\x80\xa6 https://t.co/9YZSM4F8FD'
928625989634097152,2017-11-09 14:11:03,b'#whywedoresearch @RDEResearch. Electrifying presentation by research participant who really appreciated taking part in a study. #RDESymp2017'
928610869986119680,2017-11-09 13:10:58,b'#RDESymp2017 #whywedoresearch @RDEResearch. Encouraging multi-professional research and early career researchers.'
928538116859801603,2017-11-09 08:21:53,b'https://t.co/a2ULlOyA7G via @researchgate'
928366320588075010,2017-11-08 20:59:13,b'RT @JudyLawrence7: Looking forward to hearing @DrCPettingerRD speak at the @BrDieteticAssoc Research Symposium @BDA_Events https://t.co/x6S\xe2\x80\xa6'
928366269040033792,2017-11-08 20:59:01,b'RT @swahprn: Excellent work by AHP @DrCPettingerRD understanding the #complexity of workplace wellbeing https://t.co/JOOwZvembw'
927530792351358978,2017-11-06 13:39:08,b'Dietary Nitrate supplementation in Cardiovascular Health: An ergogenic aid or exercise therapeutic? https://t.co/ImjNQeA8sK'
927084840511528960,2017-11-05 08:07:05,b'RT @synapse101: My most recent in @Broadsheet_Syd https://t.co/A7aSmavV7I'
926891157896024064,2017-11-04 19:17:27,"b""I'm calling on Chancellor Philip Hammond to give our NHS more funding. Will you? https://t.co/BM0rvLJq3N"""
926853621970558976,2017-11-04 16:48:18,b'RT @Botanygeek: TWITTER: Dietitians aren\xe2\x80\x99t up to date with the latest research on nutrition.\n\nTRUTH: Dietitians are the very people publish\xe2\x80\xa6'
926779287218335744,2017-11-04 11:52:55,b'Healthcare professionals should \xe2\x80\x98advise all patients to start an activity\xe2\x80\x99 @exerciseworks @BrDieteticAssoc.    https://t.co/bZY5rI0hGZ'
926129230810898433,2017-11-02 16:49:49,b'RT @NICEGetInvolved: our guidance encourages people to choose water and non sugary drinks to prevent weight gain #SugarAwarenessWeek https:\xe2\x80\xa6'
926129180462518272,2017-11-02 16:49:37,b'RT @healthatworkUK: It\xe2\x80\x99s #SugarAwarenessWeek \xf0\x9f\x8d\xa9\xf0\x9f\x8d\xaa \n\nHow about swapping the office cakes for low sugar dark choc (min 70% cocoa) &amp; some walnut\xe2\x80\xa6'
926129048824242176,2017-11-02 16:49:06,"b""RT @NHSChoices: It's #SugarAwarenessWeek. Did you know that children get 40% of their added sugar from drinks alone. Info: https://t.co/SaB\xe2\x80\xa6"""
926128911678935044,2017-11-02 16:48:33,b'RT @OfficialNIHR: Study funded by #NIHR finds 10p levy on sugary drinks leads to 11% fall in sales https://t.co/Bor8jZFZzZ @jamieoliver #Su\xe2\x80\xa6'
925292055068315648,2017-10-31 09:23:11,b'50 people have read our paper! https://t.co/T5W3oTMSEB via @researchgate'
925267605564395520,2017-10-31 07:46:02,b'RT @NHSMillion: We strongly oppose the privatisation of healthcare in the UK - pls RT if you do too https://t.co/U7Jrn0t17t'
921375545249685504,2017-10-20 14:00:22,b'RT @UKuncut: Because they are wrecking OUR NHS - on purpose #NoConfidence https://t.co/IcXJpcVnWJ'
921375510453768192,2017-10-20 14:00:14,b'RT @keepnhspublic: Pls RT if you agree that we must fight for our #NHS - because we have #NoConfidence in Hunt and May  https://t.co/zoRys0\xe2\x80\xa6'
921374764299702272,2017-10-20 13:57:16,b'RT @NHSMillion: Pls RT if you are this person and follow to help us campaign for the NHS https://t.co/7DsAtO6qj5'
918241979728826368,2017-10-11 22:28:42,b'RT @keepnhspublic: Now we know why Hunt wore that lanyard. Tory conference sponsored by Tate &amp; Lyle! So much for childhood obesity! https:/\xe2\x80\xa6'
913153863791849472,2017-09-27 21:30:21,"b""RT @keepnhspublic: Profits have no place in healthcare. Let's hope #Lab17 votes for restoration of a publicly funded/delivered #NHS https:/\xe2\x80\xa6"""
913055886708543490,2017-09-27 15:01:01,b'Medical schools should be prioritising nutrition and lifestyle education - https://t.co/zWmpxm9jlg via @Shareaholic'
912376617292492800,2017-09-25 18:01:51,b'Habitual Dietary Nitrate Intake in Highly Trained Athletes. - PubMed - NCBI https://t.co/R5RjmcuxGZ'
908712927112450048,2017-09-15 15:23:39,b'RT @NHAparty: No. nursing apprentices govt wants trained each year\n\n1000\n\nNo. of apprentices starting course this year\n\n30\n\nNurse shortage\xe2\x80\xa6'
908712863166078976,2017-09-15 15:23:24,b'RT @JudyLawrence7: Congratulations to @DrCPettingerRD winner of #CAHPR Public Health award.@BrDieteticAssoc https://t.co/NPBj1xRvQO'
908605026720976896,2017-09-15 08:14:54,b'Increasing intake of nitrate-rich vegetables has potential to reduce risk cardiovascular disease: PubMed - NCBI https://t.co/ngwv3NZjfu'
908603297631805440,2017-09-15 08:08:01,b'Development of a reference database for assessing dietary nitr.... https://t.co/fBW5HsmJZA'
902289909872021504,2017-08-28 22:00:52,"b""RT @NHSMillion: If everyone who has ever been grateful for a non-British clinician followed and retweeted we'd reach a million by the morni\xe2\x80\xa6"""
888559620834381829,2017-07-22 00:41:36,b'RT @NHSChoices: Skipping breakfast in the mornings? These healthy ideas are designed to get you into the habit of eating breakfast: https:/\xe2\x80\xa6'
888559143933685763,2017-07-22 00:39:43,b'RT @NHSMillion: This Sunday is #hellomynameis Day. Please RT for the wonderful Kate Granger. https://t.co/7tNIn3n09b'
888558997837561856,2017-07-22 00:39:08,b'RT @NHSMillion: Nurse quits the NHS over \xc2\xa380 parking fine she received treating emergency after her shift had ended https://t.co/l8VE3gwjsq'
883235033062002689,2017-07-07 08:03:36,b'RT @NHSMillion: Pls RT for all the domestic staff across the NHS - it simply could not function without them https://t.co/vltoGstysi'
883234988195446785,2017-07-07 08:03:25,b'RT @NHSMillion: RT if you think the resignation of Jeremy Hunt would be the perfect birthday present for the NHS #NHSBirthday https://t.co/\xe2\x80\xa6'
883234934655262721,2017-07-07 08:03:12,"b""RT @NHSMillion: This is what can happen with private healthcare: $40 to hold your own baby - RT if you're thankful for the NHS and oppose p\xe2\x80\xa6"""
883234907476156420,2017-07-07 08:03:06,"b""RT @RD_Catherine: Nutrition research doesn't 'constantly change' diet recommendations. It refines knowledge base further.Rather like the #W\xe2\x80\xa6"""
883234631742611456,2017-07-07 08:02:00,"b""@ClareShawRD Roll on the microbiome! This study should be shared with all HCP's involved with these patients, toget\xe2\x80\xa6 https://t.co/kGVcVD3dKR"""
883232539359547393,2017-07-07 07:53:41,b'RT @ClareShawRD: Great study led by colleague Dr Linda Wedlake @royalmarsdenNHS @ProfWhelan https://t.co/tI4scsKwl1'
874167002381799425,2017-06-12 07:30:29,b'An evidence-based approach to your diet is key. Dietitians have the evidence and expertise to help! #DietitiansWeek https://t.co/eIRxvNmRFP'
871827766567677952,2017-06-05 20:35:11,b'RT @NHSMillion: The shocking facts in this video have been independently verified (https://t.co/L3GYaOlyDR) so please watch and share as wi\xe2\x80\xa6'
871826970794962944,2017-06-05 20:32:02,"b'RT @ARobertsRacing: Alan currently sits at 12th at the midway mark, closing the gap with the leading group https://t.co/mdYAtJzwS5'"
869675414884450304,2017-05-30 22:02:31,b'@AinslieBen @LandRoverBAR Fantastic win today! Well done! Rita in top form.'
868945624766578688,2017-05-28 21:42:35,"b'RT @ARobertsRacing: After a complicated start, Alan managed to climb some 20 places over the last two days to finish the offshore leg 18th\xe2\x80\xa6'"
868945364858130435,2017-05-28 21:41:33,b'RT @yachtingworld: Solo sailor Alan Roberts Racing making the drop look easy https://t.co/gGg6MsCZ6u'
868943550049923072,2017-05-28 21:34:21,b'RT @NHSMillion: In the wake of the #ManchesterTerroristAttack this is a really sobering read. (via @BarnabyEdwards) https://t.co/0nG4sn1yk7'
868943294306426881,2017-05-28 21:33:20,b'RT @NHSMillion: RT if you think the British public deserve to hear the PM debate about the NHS and other issues. #StrongAndStable\n\n https:/\xe2\x80\xa6'
868399223900962816,2017-05-27 09:31:23,b'RT @NHSMillion: A huge number of NHS staff will be working this #BankHolidayWeekend to keep us well. Pls RT to show your support! https://t\xe2\x80\xa6'
868399143282237448,2017-05-27 09:31:04,"b'RT @NHSMillion: The NHS is not failing,it is succeeding in doing amazing things despite underfunding. It is, however, being failed. RT if y\xe2\x80\xa6'"
867856847247724544,2017-05-25 21:36:11,"b""RT @NHSMillion: We're prouder today than ever to be a part of the NHS. Thank you to the NHS staff in Manchester. Pls Rt for them\n\n https://\xe2\x80\xa6"""
867280667259920384,2017-05-24 07:26:39,b'RT @BDA_SWEngland: And @JudyLawrence7 from @BrDieteticAssoc  is one of our speakers at next @BDA_SWEngland meeting on 15 June Bristol.  Spa\xe2\x80\xa6'
867275909002391552,2017-05-24 07:07:44,b'RT @cax06: Anne Holdoway consultant Dietitian inspiring #nhsggcdietitian to be effective in treating malnutrition. https://t.co/KoiSxjJaCp'
865683429920317440,2017-05-19 21:39:47,b'RT @NHSMillion: #WhyVote because the NHS simply will not be able to cope with 5 more years of the Conservatives - RT if you agree https://t\xe2\x80\xa6'
865604309966364673,2017-05-19 16:25:24,b'Dietary nitrate and blood pressure: evolution of a new nutrient? - PubMed - NCBI https://t.co/LHxjTuBccr'
865475424767229954,2017-05-19 07:53:15,"b""RT @rodkelly50: '80% of the #NHS was unaffected'\nAs reassuring as:\nThe plane is 80% airworthy\n80% of the office is scorpion-free\nMy house i\xe2\x80\xa6"""
865475240091983872,2017-05-19 07:52:31,b'RT @bdaprof: Public health /exercise agenda cannot succeed without tackling nutrition in tandem. Ready to spread the word! https://t.co/Mza\xe2\x80\xa6'
865339284773109760,2017-05-18 22:52:17,"b'RT @williamlegate: @realDonaldTrump ""No Drama Obama"" wasn\'t colluding with Russians, he released his tax returns, &amp; his scandals involved c\xe2\x80\xa6'"
863805643496579073,2017-05-14 17:18:08,b'NHS cyber attack: Jeremy Hunt ignored repeated warnings over system vulnerability https://t.co/rKtCGB3znX via @telegraphnews'
863805066981113863,2017-05-14 17:15:51,"b'RT @NHAparty: ""The NHS is safe in our hands"" - say the Conservatives. Retweet if you don\'t believe them. https://t.co/XVONe87hUQ'"
863804963293671425,2017-05-14 17:15:26,b'RT @NHSMillion: The nursing pay cap is leading to nursing shortages and risking lives. Plus RT if you think it should be lifted\n\nhttps://t.\xe2\x80\xa6'
863804890887356416,2017-05-14 17:15:09,b'RT @NHSMillion: We believe Theresa May owes the British public a TV debate that includes open and honest discussion about our NHS - pls RT\xe2\x80\xa6'
860394721033715712,2017-05-05 07:24:21,b'RT @NHAparty: This is corruption. Pure and simple. Conservatives show utter contempt for our democracy &amp; people #toryelectionfraud https://\xe2\x80\xa6'
860390748239343616,2017-05-05 07:08:34,b'RT @drkmfh: Help me raise \xc2\xa3135 to ship textbooks to dietetic colleagues in Uganda. Please #donate on @justgiving and RT. Thanks! https://t.\xe2\x80\xa6'
852069059990630400,2017-04-12 08:01:09,"b'RT @PamPeekeMD: #Obesity and #Diabetes Kill More Than Initially Thought, According to New Study - @Forbes https://t.co/bNdlHfHK3z https://t\xe2\x80\xa6'"
852060263910166528,2017-04-12 07:26:12,b'RT @EOD2017: Excellent blog post by Rachel Batterham #Obesity - the last acceptable prejudice - tonight on #BBC2  https://t.co/3mZdseVg1P'
847018923056939008,2017-03-29 09:33:42,b'How outcomes based commissioning could move malnutrition up the agenda https://t.co/oY8IqXiVR7'
841197170032300032,2017-03-13 08:00:08,"b""\xe2\x80\x9cI'm supporting NHW2017 by highlighting, promoting and celebrating the provision of nutrition and hydration #NHW2017 https://t.co/AIGS9szhkP"""
840208738137042945,2017-03-10 14:32:28,b'I just supported Nutrition and Hydration Week 2 on @ThunderclapIt // @NHWeek https://t.co/eRbuJiTCnR'
838641464607395844,2017-03-06 06:44:41,b'RT @NHSMillion: RT if you agree the government must use the budget next week to give the NHS the funding it needs #OurNHS https://t.co/wdt1\xe2\x80\xa6'
837254735057014784,2017-03-02 10:54:18,"b'RT @nathanrgray: Prof @timspector on stage at  #FoodVision talking about the #microbiome, food and diet.  https://t.co/047tv2Dpbi'"
837065808706736128,2017-03-01 22:23:35,b'RT @NHSMillion: Fancy a future without our NHS?This is what it could look like. RT if u want to keep healthcare free at the point of need.#\xe2\x80\xa6'
835246925549039616,2017-02-24 21:55:59,b'#SecretsOfYourFood: High protein diets for muscle? See Increasing Muscle Mass : AIS : Australian Sports Commission https://t.co/kbvuWvbHIH'
834296838266163200,2017-02-22 07:00:41,"b'RT @rooted_project: Here\'s our infographic summary of ""Food &amp; Mood"" - our take home messages from the awesome panel event we featured on @E\xe2\x80\xa6'"
834296442709741568,2017-02-22 06:59:07,b'RT @TheBMA: The number of overnight beds in hospitals has dropped by a 5th in the last 10 years #NHSbreakingpoint @HuffPostUK\xc2\xa0https://t.co/\xe2\x80\xa6'
834296371503124480,2017-02-22 06:58:50,b'RT @sarahwollaston: Chancellor needs to urgently uplift social care funding &amp; review long term sustainable funding for both health &amp; social\xe2\x80\xa6'
834115895656058880,2017-02-21 19:01:41,"b""RT @NHSMillion: Plans have been made to cut hospital services in 2/3 of England - it's time to make a stand https://t.co/rNFdYObyE8 #Tuesda\xe2\x80\xa6"""
834115832863158276,2017-02-21 19:01:26,"b'RT @NHSMillion: 30,000 people marched &amp; saved Lewisham Hospital &amp; beat Jeremy Hunt in court (twice) - together we can make a difference #Tu\xe2\x80\xa6'"
834115158368722946,2017-02-21 18:58:45,b'RT @fightthefads: PLS RT: 100 signature off the 7K mark with our petition-Can we get to 7K in a day?! https://t.co/gCaLeeKGcr Legally prote\xe2\x80\xa6'
833931594780012545,2017-02-21 06:49:20,b'Hopefully a balanced and realistic assessment: https://t.co/qeSrf1j0uf'
833795405347438592,2017-02-20 21:48:10,"b'RT @UKMoments: As Steve Hewlett passes away, @bbcnickrobinson, @piersmorgan and @KayBurley lead the tributes.\n\nhttps://t.co/pOEvhzyAvS'"
831994787209347074,2017-02-15 22:33:09,b'RT @Lesleybamkin: Old lady with cancer on #hospital has just broken my heart -  apologising for taking a bed. Gov should hang heads in sham\xe2\x80\xa6'
831994499446476804,2017-02-15 22:32:01,b'RT @NHSMillion: BBC2 series #hospital epitomises the incredible staff throughout the NHS. Imagine what they could achieve with the right fu\xe2\x80\xa6'
831994351454679046,2017-02-15 22:31:25,b'RT @petermblackburn: The NHS does not have the cash to carry out the #STP project. @TheBMA exclusive: https://t.co/VwbPLd2PuS https://t.co/\xe2\x80\xa6'
830366724440653826,2017-02-11 10:43:49,b'RT @RD_Catherine: Yep. https://t.co/PSjAtkj6P0'
830156010165772288,2017-02-10 20:46:31,b'Fantastic PhD opportunity in Plymouth: https://t.co/wTng191H5s'
826554522940088322,2017-01-31 22:15:29,b'RT @NHSMillion: Ministers finally admit NHS funding will FALL by 0.6% per head next year - when will they stop lying to us? Pls RT https://\xe2\x80\xa6'
822934341277929478,2017-01-21 22:30:10,"b'RT @NHSMillion: Very strong words about Jeremy Hunt. Are they fair? RT for yes, like for no.\n\nhttps://t.co/dxPuV4ARgd'"
822933714300764160,2017-01-21 22:27:41,b'RT @GilchristNO3: And the hospital canteens where adding a chocolate bar to sandwich and drink makes it cheaper than latter two alone. Utte\xe2\x80\xa6'
822781290135126016,2017-01-21 12:22:00,b'#horizoncleaneating https://t.co/YHuRQnuUZT'
822714709489152001,2017-01-21 07:57:26,"b""The 'credentials' of Robert O Young....https://t.co/gGfmEHNXa6. https://t.co/3Edhmt16KO @BrDieteticAssoc https://t.co/jmjtjZCAme"""
822708025702154240,2017-01-21 07:30:53,b'RT @DietitianSian: Good on you @DeliciouslyElla for participating in #horizoncleaneating .Remember your duty of care to your followers.Evid\xe2\x80\xa6'
821625056786808832,2017-01-18 07:47:33,"b'@VendeeGlobe @AlexThomson99 @HUGOBOSS @ATRacing99. Go Alex, go!'"
821482503139717124,2017-01-17 22:21:05,b'RT @ClareShawRD: Excellent. Highlights how vulnerable people are. Everything you wanted to know about cancer diets https://t.co/04vpisZ5JB'
821002730022047745,2017-01-16 14:34:38,b'RT @keepnhspublic: Pres of Royal College Surgeons (a v cautious organisation) speaks publicly re cancellation of cancer ops #NHSCrisis http\xe2\x80\xa6'
821002304111476737,2017-01-16 14:32:57,"b""RT @NHAparty: Doesn't take a genius to guess Tory plan. Starve NHS of money. Say 'Look, hospitals not working'. Hand to friends' private he\xe2\x80\xa6"""
820337623151575042,2017-01-14 18:31:45,"b'RT @Lily_Minster: #nhscrisis #iminworktheresa In light of the comments re GP surgeries needing to open every day, it is worth remembering t\xe2\x80\xa6'"
820337396931760129,2017-01-14 18:30:51,"b""RT @AskJeevesWij: Prime Minister's dangerous and false rhetoric today only serves to worsen recruitment/retention crisis. NHS needs adequat\xe2\x80\xa6"""
820337363213750273,2017-01-14 18:30:43,"b""RT @alwaysthedutydr: Just about to kick off a 13hr GP shift. Which is odd, as @theresa_may says I'm at home in bed\n\n#iminworkTheresa https:\xe2\x80\xa6"""
820337262038839296,2017-01-14 18:30:19,b'RT @RoaringNurse: @JaneRiddell Is this any better? This is the real reason behind #NHSCrisis. The NHS is understaffed &amp; underfunded. https:\xe2\x80\xa6'
820337253557895168,2017-01-14 18:30:17,b'RT @svig2: Every single MP must visit GP/hospital over next 2 weeks to really see what is going on #NHSAmbassador #NHScrisis #GPCrisis RT i\xe2\x80\xa6'
819955993752850433,2017-01-13 17:15:17,"b'RT @doctor_oxford: Heartrending, powerful piece on #NHSCrisis . Any prime minister with a heart would act. Superb from @dr_alex_gates. http\xe2\x80\xa6'"
819955492516724737,2017-01-13 17:13:18,b'RT @TheBMA: We have fewer doctors &amp; hospital beds per head than most countries in Europe - Dr Mark Porter on @BBCNews #NHScrisis https://t.\xe2\x80\xa6'
819955257094668288,2017-01-13 17:12:21,b'RT @NHAparty: Never forget. Jeremy Hunt is doing exactly what the Tory party wants him to do: destroy our NHS. #HuntMustGo https://t.co/fBI\xe2\x80\xa6'
819949907129827329,2017-01-13 16:51:06,"b""RT @JohnnyVegasReal: Again I've that sickening feeling that the @Conservatives only plan for @NHSEngland is privatisation &amp; profiteering #H\xe2\x80\xa6"""
819949867086860288,2017-01-13 16:50:56,"b""RT @NHSMillion: This is what has happened to NHS finances on Jeremy Hunt's watch - pls RT if you think he should go #HuntMustGo https://t.c\xe2\x80\xa6"""
819942500290936834,2017-01-13 16:21:40,"b'RT @NHSMillion: The hashtag #HuntMustGo is currently trending at number one in the UK - if you agree, please RT and share why https://t.co/\xe2\x80\xa6'"
819614600425590784,2017-01-12 18:38:43,b'RT @JoanGoldanstar: Hear hear\xf0\x9f\x91\x8f\xf0\x9f\x8f\xbd\xf0\x9f\x91\x8f\xf0\x9f\x8f\xbd\xf0\x9f\x91\x8f\xf0\x9f\x8f\xbd\xf0\x9f\x91\x8f\xf0\x9f\x8f\xbd\xf0\x9f\x91\x8f\xf0\x9f\x8f\xbd\xf0\x9f\x91\x8f\xf0\x9f\x8f\xbd https://t.co/QZSdhUib3r'
819613879751835650,2017-01-12 18:35:51,"b'Desperate measures: NHS to recruit hundreds of GPs from Poland, Lithuania and Greece https://t.co/C0ieDpEo5S'"
818951819892314112,2017-01-10 22:45:03,"b'RT @drbenwhite: ""Theresa May, the Prime Minister, didn\'t want any of this to get out"".\nTruly horrifying govt coverup over #NHScrisis.\nTrans\xe2\x80\xa6'"
818842737113964548,2017-01-10 15:31:36,"b""RT @doctor_oxford: Mr Hunt's been awfully critical today of 'inappropriate' patients in A&amp;E. But before blaming others, remember this? \nhtt\xe2\x80\xa6"""
818842627948892160,2017-01-10 15:31:10,b'RT @NHAparty: Doctors &amp; nurses saying chronic underfunding of NHS is putting lives at risk. Politicians saying no crisis. Who do you believ\xe2\x80\xa6'
818840606629838848,2017-01-10 15:23:08,b'RT @NHSMillion: Please share if you think the NHS is covered unfairly by the media #LoveYourNHS https://t.co/TmV1BL0DR4'
818840457526607872,2017-01-10 15:22:33,"b""RT @krishgm: Jeremy Hunt now says commitment to see A&amp;E patients within 4 hrs only applies to urgent cases. If you're missing the target, m\xe2\x80\xa6"""
818840424638976004,2017-01-10 15:22:25,"b'RT @DrJackyDavis: 74,806 routine ops cancelled in 2015/16, now Hunt intends to cancel more. So where is the media anger which was directed\xe2\x80\xa6'"
818839797242462209,2017-01-10 15:19:55,"b""RT @DrJackyDavis: Here's why the NHS is in crisis, it's underfunded not overspent. Don't blame the staff, blame the Tory government https:/\xe2\x80\xa6"""
818773476932722689,2017-01-10 10:56:23,"b'Not eating enough vegetables and fruit, what does it cost? Approx.\xc2\xa32 BILLION/year \xc2\xab Nutrition \xc2\xab Cambridge Core Blog https://t.co/DILTHPdosU'"
818762082321657858,2017-01-10 10:11:06,"b""RT @DavidGWrigley: Quite unbelievable. Hunt says he will 'release GPs for A&amp;E work' -like we're twiddling our thumbs &amp; have our feet up. Ge\xe2\x80\xa6"""
818761981339561984,2017-01-10 10:10:42,"b'RT @cpeedell: Media, especially BBC, must also take responsibility for #NHScrisis. Too dependent on opinions of Think Tanks rather than fro\xe2\x80\xa6'"
809896991832600577,2016-12-16 23:04:24,b'RT @louwilko: So honoured to win this today really motivates me &amp; appreciate how my research resonantes with many people.  #dementia #nutri\xe2\x80\xa6'
809802442263134208,2016-12-16 16:48:42,b'Congratulations to Louise wilkinson for prize winning presentation at 3rd clinical research symposium derriford!@louwilko'
809788119579033600,2016-12-16 15:51:47,b'RT @frazerunderwood: .@annashworth1 describes her #spinach eating superhero influenced #PhD study -  dietary nitrites #ResearchMatters http\xe2\x80\xa6'
809719278878466049,2016-12-16 11:18:14,b'Click on this link for the application form... https://t.co/dnG5JcLJuu'
809710408651177984,2016-12-16 10:42:59,"b""More info about this exciting opportunity. It's a great scheme as it benefits individuals, departments and patients! https://t.co/VM9Jh0lX8l"""
809708753524297728,2016-12-16 10:36:25,b'Masters in clinical research available at Plymouth University. Open for Dietitians! Apply now! https://t.co/ZOG0kj1Hjs'
809000552285794304,2016-12-14 11:42:16,"b""RT @ArtyBagger: To every third rate columnist battering out crap about 'Christmas stress' . This. Pin it to your head. https://t.co/082luGH\xe2\x80\xa6"""
806258266938503169,2016-12-06 22:05:25,b'RT @rooted_project: 5 Ways To Improve Health Through Self \xe2\x9d\xa4\xef\xb8\x8f https://t.co/zKF3EIIZBG'
801346694268993536,2016-11-23 08:48:34,"b'RT @fightthefads: Despite what you may have heard in the news, eating your 5-a-day is achievable &amp; realistic. Here\xe2\x80\x99s how to eat your 5-a-da\xe2\x80\xa6'"
793369981949968384,2016-11-01 08:31:58,"b""RT @NHSMillion: We're creating a mega team of people who love the NHS and think it should be celebrated - pls follow and RT if we can count\xe2\x80\xa6"""
789129164922220544,2016-10-20 15:40:28,b'RT @NIHR_DC: Patients were more likely to get better standards of care at hospitals undertaking research https://t.co/5jGhJYiukD #NHS #Know\xe2\x80\xa6'
789028188039110656,2016-10-20 08:59:14,b'RT @WriteThatPhD: How to get a journal article written &amp; published &amp; overcome hurdles along the way https://t.co/2hIJTLzjvu #phdchat #phdfo\xe2\x80\xa6'
789028085102473216,2016-10-20 08:58:49,"b'RT @sourggw2: Access to healthcare is a human right, not a privilege! https://t.co/6EGW6F1LlV'"
789017271301799940,2016-10-20 08:15:51,b'@BDA_SWEngland Branch meeting. Thanks Lynn Sawyer for excellent talk on low carb diets. https://t.co/cnb029VRsf'
789015201605677056,2016-10-20 08:07:37,"b""#USElections Will the US    Electorate see 'to how many idle assertions and impudent false hoods the excess of vanity will lead.' J Austen."""
789012517725081600,2016-10-20 07:56:58,"b'RT @Dr__Guess: How to spot a quack? Use this free, accessible guide: https://t.co/qXfjhY9qa8'"
789011664817557504,2016-10-20 07:53:34,b'RT @WriteThatPhD: 5 questions every #research project should be able to answer &amp; how to https://t.co/nL9baijarM #phdchat #ecrchat https://t\xe2\x80\xa6'
787601269644984320,2016-10-16 10:29:10,b'RT @gmacscotland: 90:9:1 rule of #SocialMedia\nHT @CyclingSurgeon\n#ParticipationInequality as old as \xf0\x9f\x92\xbb\n#Zipf\nhttps://t.co/nk3mIyUDvU https:/\xe2\x80\xa6'
787600471410302976,2016-10-16 10:25:59,"b""RT @Botanygeek: 1 in 5 cases of liver damage caused by herbal supplements. \n\nRemember 'natural' &amp; 'safe' aren't synonyms.\xf0\x9f\x8c\xbf\xf0\x9f\x8c\xb3\xf0\x9f\x8d\x83\n\nhttps://t.co/\xe2\x80\xa6"""
771584206442856449,2016-09-02 05:43:04,"b""@BBCRadio4 #JuniorDoctorsStrike balanced reporting? Let's hear about 7 day working. This is the issue."""
766760126267138052,2016-08-19 22:13:54,b'RT @DrWaiSun: The Academic Olympics brilliantly created by an academic with too much time on his hands @wandedob https://t.co/s5EhOCxYcx'
765920327989952512,2016-08-17 14:36:50,b'RT @NHSMillion: Pls RT if you think someone should have to answer for this - the NHS is currently underfunded by \xc2\xa350million per week https:\xe2\x80\xa6'
760449534447259648,2016-08-02 12:17:52,"b""RT @NHSMillion: We're so proud that the NHS is there for everyone regardless of wealth - pls RT if you are too #NHSMillion https://t.co/MgD\xe2\x80\xa6"""
746807535978545152,2016-06-25 20:49:26,b'Now keep the promise of \xc2\xa3350m a week for our #NHS - Sign the petition: #EuRef #Leave #Brexit  https://t.co/3moXXOx6uo'
746480757963632641,2016-06-24 23:10:56,"b""RT @GMB: WATCH: @Nigel_Farage tells @susannareid100 it was a 'mistake' for Leave to claim there'd be \xc2\xa3350M a week for NHS\nhttps://t.co/JNkl\xe2\x80\xa6"""
744070646645284864,2016-06-18 07:34:00,"b'RT @NHSMillion: The NHS is not perfect, but this shows the remarkable job staff do under incredible pressure - pls RT #NHSMillion https://t\xe2\x80\xa6'"
744070255404785664,2016-06-18 07:32:27,"b'RT @whsource: 49,000-person study: weight loss surgery reduces total mortality by 57 percent!  We need to understand how it works.\nhttps://\xe2\x80\xa6'"
743808474426015745,2016-06-17 14:12:14,b'RT @VenterCarina: BDA award winners @ProfWhelan @ClareShawRD https://t.co/ac2AVGdTn9'
743560385723244544,2016-06-16 21:46:25,b'Congratulations to Clare Shaw for her Fellowship of the BDA @ClareShawRD @BDA_Events https://t.co/C1LhNmjqQ4'
743538107321098240,2016-06-16 20:17:53,b'South West England Branch wins Branch of the Year Award! https://t.co/lp36xetCLO'
742830510280441856,2016-06-14 21:26:09,"b'Need to influence commissioners? See Elevator Pitch, SWEng Branch web page. @BDA_SWEngland #bdaplym @BrDieteticAssoc https://t.co/niUZhx1GyS'"
742828031983685632,2016-06-14 21:16:18,"b'Brilliant opportunity for dietitians - see SW Eng Branch page, BDA website @BDA_SWEngland @BrDieteticAssoc #bdaplym https://t.co/19FTvj3xV7'"
742766315329425410,2016-06-14 17:11:04,b'Low carb diets and diabetes talk by Pam Dyson. See SWEngland Branch page BDA website @BDA_SWEngland @BrDieteticAssoc https://t.co/Ks7JKQSQR5'
741182952416137216,2016-06-10 08:19:21,"b'RT @louwilko: ""we should spend time talking about food not individual micronutrients!"" Dr Pam Dyson speaking @BDA_SWEngland event @PlymUni\xe2\x80\xa6'"
741182940177174528,2016-06-10 08:19:18,b'RT @louwilko: Prof Mary Hickson now on the benefits of Dietitians getting involved in clinical research @OfficialNIHR at  @BDA_SWEngland ev\xe2\x80\xa6'
741182929083207680,2016-06-10 08:19:15,"b""RT @BDA_SWEngland: Standing up for Dietetics next with Joanna Instone #BDA #dietitian\n'The Elevator Pitch'"""
739856625872326656,2016-06-06 16:29:00,b'RT @BDA_Events: Looking forward to the week ahead. #DietitiansWeek @BrDieteticAssoc @DietitiansWeek  https://t.co/yPuGDCZI1m'
739856372972523520,2016-06-06 16:27:59,"b""RT @BrDieteticAssoc: With all the excitement of #DietitiansWeek don't forget to place your vote for council elections! https://t.co/Ara3AlZ\xe2\x80\xa6"""
739856309844086784,2016-06-06 16:27:44,b'RT @BrDieteticAssoc: Have you seen the results from our #DietitiansWeek poll today on food &amp; mood? Check it out! https://t.co/71tDl8WCqA ht\xe2\x80\xa6'
738374974382198784,2016-06-02 14:21:26,b'Scientists assess hydration potential of different drinks \xe2\x80\x93 University of Stirling https://t.co/RwgUK4FePH'
732946623987343360,2016-05-18 14:51:07,b'RT @AndyBeetroot: Beneficial Effects of Dietary Nitrate on Endothelial Function and Blood Pressure (Review). https://t.co/1zqlec6byM'
732946344457961472,2016-05-18 14:50:00,b'RT @NHSMillion: Please support the NHS like these guys.If there are enough of us we can really make a difference! Follow + retweet https://\xe2\x80\xa6'
732677293844402177,2016-05-17 21:00:53,b'Awesome Sean White experiencing life with a naso gastric tube: Bolus feeding in tescos car park https://t.co/kW1vXtn2f0'
731390374988632064,2016-05-14 07:47:08,b'RT @NHSMillion: Never have so many superheroes been in the same place at the same time - Pls RT for all NHS staff this #SuperheroDay https:\xe2\x80\xa6'
731385003213475840,2016-05-14 07:25:47,b'RT @BDA_SWEngland: Get your ticket for our next @BDA_SWEngland event on 9th June @BDA_Events @BrDieteticAssoc \nhttps://t.co/BOUUpyFh3i'
731384979784093696,2016-05-14 07:25:42,b'RT @BDA_SWEngland: Have you got your tickets?! Buy via Eventbrite @BrDieteticAssoc @BDA_Events @BDA_SWEngland https://t.co/IcSDM31h5I'
725440408562614273,2016-04-27 21:44:06,b'RT @TheBMA: .@johannmalawana reiterates commitment to resolving #juniorcontract impasse in letter to SoS https://t.co/qhsxhKoVbO https://t.\xe2\x80\xa6'
725272370202685440,2016-04-27 10:36:22,b'RT @marcuschown: Govt deliberately confuses 24/7 emergency care &amp; 24/7 non-emergency care. Already have former. No money for latter &amp; no co\xe2\x80\xa6'
725265592895283200,2016-04-27 10:09:26,"b'RT @AfN_UK_: Exactly why media, public, employers etc should check using Registered Nutritionists #GenuineNutritionScienceExperts https://t\xe2\x80\xa6'"
725265471667355648,2016-04-27 10:08:57,b'RT @AHuntpst: @AfN_UK_ Study reports composite dishes account for 50% of kid\xe2\x80\x99s veg intake. How do we capture this in studies? https://t.co/\xe2\x80\xa6'
725256868600418304,2016-04-27 09:34:46,b'Guess what: Jeremy hunt  backed call to dismantle NHS https://t.co/WJjTDkfAWQ #JuniorDoctorsStrike #timetotalkjeremy'
725077671089201161,2016-04-26 21:42:42,b'BMA - Seven day NHS plan \xe2\x94\x82 British Medical Association https://t.co/WueJ0Mv4dB'
725071993616367616,2016-04-26 21:20:09,"b'RT @bengoldacre: The harms that will come from voters destroying the NHS will exceed any supposed harms from a strike, 1 thousandfold https\xe2\x80\xa6'"
725071447341842432,2016-04-26 21:17:58,b'RT @NHAparty: We could not have said it better. Placard on Recent huge #antiausterity protest in London https://t.co/vZHAJOSfXU #DodgyDave'
725071411581165568,2016-04-26 21:17:50,"b""RT @NHAparty: Image David Cameron is desperate you don't retweet: doctors fighting for YOUR safety &amp; YOUR NHS #timetotalkjeremy https://t.c\xe2\x80\xa6"""
724732796502171648,2016-04-25 22:52:18,"b""RT @bengoldacre: The NHS is cheap, outstanding, but now struggling. Why? It's been starved of cash since 2010 https://t.co/IQdDvVnshJ https\xe2\x80\xa6"""
724732546056085504,2016-04-25 22:51:18,"b""RT @bengoldacre: This piece on the doctor's strike by Jason Sarfo-Annin is very good indeed. https://t.co/x7BLRCOEi8"""
724529116381351936,2016-04-25 09:22:57,"b'RT @ruthserwotka: ""You\'re listening to #R4Today with John Humphrys and Nick Robinson putting the unadulterated government line""'"
724529083703517184,2016-04-25 09:22:49,b'RT @Redpeter99: My diagnosis.  The very persuasive and articulate Dr Porter made Nick Robinson look a bit of a chump on #r4today'
724529013922865153,2016-04-25 09:22:32,"b""RT @TheBMA: @Jeremy_Hunt isn't listening about the #juniorcontract, so here's our clear message to him: https://t.co/g3RvRJAR7A"""
724528973401718784,2016-04-25 09:22:23,b'RT @JolyonRubs: The coverage #JuniorDoctorsStrike disgraceful @bbcnickrobinson aggressive &amp; simply not hearing that they want to negotiate\xe2\x80\xa6'
722451302878429184,2016-04-19 15:46:27,b'RT @vanhatilator: Only high nitrate veg lower blood pressure. Try 5 fruit&amp;veg a day + a big handful of greens. Our work w/ @riverford https\xe2\x80\xa6'
720682290372812802,2016-04-14 18:37:02,b'Hope to see you there! https://t.co/RdO5cCUGMC'
710464332975493120,2016-03-17 13:54:31,b'See the new eat well guide: https://t.co/fyumRv4PFI'
707309181100040192,2016-03-08 20:57:04,b'@PlymUni Excellent session Professor Jon Marsden School of Health Professions Research Conference today. https://t.co/2XUOjB098N'
707308056015728641,2016-03-08 20:52:36,b'@PlymUni @BrDieteticAssoc Opportunity for dietitians next round: https://t.co/ioUsYX3Hn4'
694649589534711808,2016-02-02 22:32:22,b'#Gillianmckeith https://t.co/goyZck19RW'
686151357204672514,2016-01-10 11:43:26,"b""RT @RD_Catherine: The #DASH diet improves BP and cholesterol levels - whether 'High fat' (40% kcals) or LF 25% https://t.co/AoZltTFnDE http\xe2\x80\xa6"""
666318597199953922,2015-11-16 18:15:07,b'RT @AlisonCulkin: Delegates working hard at the PENG audit and research symposium #getresearchskills https://t.co/dTiauQYQyI'
666318281544986624,2015-11-16 18:13:52,"b'RT @AlisonCulkin: @AnneHoldoway on effective presentations. Preparation, preparation, preparation! PENG audit &amp; research symposium https://\xe2\x80\xa6'"
666223599271944192,2015-11-16 11:57:38,b'One of 6 PENG award winning original abstracts. Could this be you next year? @PENGDT @BrDieteticAssoc @BDA_Events https://t.co/vuAEFhnqSO'
666207100578758656,2015-11-16 10:52:04,b'RT @AlisonCulkin: @JudyLawrence7 research active environments deliver superior care PENG research &amp; audit study day https://t.co/ydyhxi9nY0'
666207076444741632,2015-11-16 10:51:59,b'RT @AlisonCulkin: @JudyLawrence7 MRes in clinical research available to dietitians #getresearchskills https://t.co/jZUXxdNpKS'
666200911287607296,2015-11-16 10:27:29,b'Dietitians need to go for it! @BrDieteticAssoc @BDA_Events @PENGDT https://t.co/XRRVOr4XqB'
666196285104476160,2015-11-16 10:09:06,"b""RT @PENGDT: @BrDieteticAssoc research officer 'why we need to be more research active' - audit &amp; service evaluation essential"""
666191548808343552,2015-11-16 09:50:17,b'RT @PENGDT: @PENGDT research &amp; audit symposium just starting ...... @BrDieteticAssoc'
666191224542527488,2015-11-16 09:48:59,b'Dietitians &amp; research @BrDieteticAssoc @BDA_Events @PENGDT PENG audit &amp; research symposium https://t.co/G4AzhFiAEm'
665894073740492800,2015-11-15 14:08:13,"b'RT @BAPENUK: Meals on wheels axed for 46,000 pensioners https://t.co/7SLgECGZWe'"
641155081669373952,2015-09-08 07:44:18,b'RT @RDEhospital: Super fit RD&amp;E dietician Ruth Davies gets on the smoothie bike for Cycle to Work Day @travel_devon http://t.co/54cC8adBXs'
632453968522817536,2015-08-15 07:29:11,b'Zosia Kmietowicz: One policy to reduce sugar intake\xe2\x80\x94what would you do? - http://t.co/Q5dPRA7bJR via @Shareaholic'
632452775453040640,2015-08-15 07:24:26,b'High intake trans fatty acids associated with increased mortality from heart disease http://t.co/k9PDlxctGM http://t.co/VI8VYNGUaD'
622016655204462592,2015-07-17 12:15:01,b'RT @BrDieteticAssoc: SACN Report: Drastic action on sugar consumption recommended to Government. BDA response at https://t.co/zyPyrJGEbq #S\xe2\x80\xa6'
619123295263289344,2015-07-09 12:37:51,b'RT @NEWDevonCCG: Do you know how much water/fluids your body needs to work properly and to avoid dehydration? Find out if your right! http:\xe2\x80\xa6'
615987886719156224,2015-06-30 20:58:51,b'RT @dietitians_lpt: Hot ! Our easy read hydration leaflet to help you keep hydrated   http://t.co/OXZKpxAjzY  @LPTnhs @BrDieteticAssoc'
615986821613400064,2015-06-30 20:54:37,b'RT @MariaLeveridge: One for Ann Ashworth? @annashworth1 @RDE_Dietitians  https://t.co/H4poxFal5r'
613717121307119616,2015-06-24 14:35:38,b'RT @researchMWs: #WhyWeDoResearch Campaign - Home find out more here..... http://t.co/u22uqHnL9F'
611161595327172608,2015-06-17 13:20:53,b'RT @sophiepierce: .@ARobertsRacing first Brit @SolitaireTorbay in 9th place more @BBCDevon http://t.co/hivFaXuRNk'
609850899209539584,2015-06-13 22:32:39,b'RT @katenutricia: Gr8 @BrDieteticAssoc #peng committee mtg in #edinburgh Good luck to #dietitians doing #PENG #clinicalupdate course this w\xe2\x80\xa6'
609850851180593152,2015-06-13 22:32:28,b'#PENGclinicalupdate  https://t.co/9nqH77tuAq'
609848789579399168,2015-06-13 22:24:16,"b'@AlisonCulkin #PENGclinicalupdate tutors warming up for 4 days Clinical Update Course at QMU, Edinburgh http://t.co/Yz2olIXgVH'"
609848371742920704,2015-06-13 22:22:36,b'RT @AlisonCulkin: Getting ready for the PENG clinical update on Monday at Queen Margaret University #PENGclinicalupdate'
607819686361858048,2015-06-08 08:01:20,b'#DietitiansWeek is a great awareness week dedicated to highlight the work and value of dietitians. #TrustADietitian http://t.co/TVZ0tE719J'
606041974030921728,2015-06-03 10:17:20,"b""RT @StGeorgesTrust: It's #DietitiansWeek next week! We're hosting a free sugar-coated event with @StGeorgesUni: https://t.co/ntEFBYxXNu htt\xe2\x80\xa6"""
598836057656958976,2015-05-14 13:03:36,b'@RDE_Dietitians #myfirstTweet Looking forward to informative Tweets about nutrition and diet. http://t.co/k7N7sWUdME'
593407004464537600,2015-04-29 13:30:29,b'RT @BDA_SWEngland: Research conference for allied health professionals in the South West 24 June. 200 free places. More info &amp; bookings htt\xe2\x80\xa6'
593404691846922240,2015-04-29 13:21:18,"b""RT @BDA_SWEngland: Anne Donelan confirmed as speaker at next @BDA_SWEngland Branch meeting. Thur 14 May - Bristol. She'll tell us why 'Food\xe2\x80\xa6"""
593404633651007488,2015-04-29 13:21:04,"b""RT @BDA_SWEngland: @BDASteveJenkins confirmed to speak at @BDA_SWEngland Branch Meeting 14 May Bristol . He's 'Going Viral' - talking all t\xe2\x80\xa6"""
593404568526057473,2015-04-29 13:20:48,b'RT @BrDieteticAssoc: BDA\xe2\x80\x99s @HelenBond1 wades into the Protein World debate in today\xe2\x80\x99s Mail at http://t.co/6I7gLyoJ86'
586987545457778688,2015-04-11 20:21:51,"b""I just supported Dietitians Week; 8-12 June '15 on @ThunderclapIt // @DietitiansWeek http://t.co/a9sWxwslwI"""
585012260604682240,2015-04-06 09:32:46,"b""RT @rcpsglasgow: Walking has incredible health and happiness benefits. (And it's sunny today) #activehealth @exerciseworks http://t.co/PhSu\xe2\x80\xa6"""
578533224667807744,2015-03-19 12:27:24,b'#NHWeek Free meal tasting at the Oasis!@NHWeek @RDEhospital http://t.co/p3mgWwRBsh http://t.co/E6xe05Ff2W'
577468475423223808,2015-03-16 13:56:28,b'#NHWeek @RDEhospital\nWin a Waitrose hamper at our Nutrition &amp; Hydration stand! http://t.co/Y1MOd5Giaa'
577456564958838784,2015-03-16 13:09:08,b'RT @BrDieteticAssoc: The BDA is proud to support great work of Nutrition &amp; Hydration Week 2015. Tweet your support for @NHWeek http://t.co/\xe2\x80\xa6'
577456521610727424,2015-03-16 13:08:58,"b'RT @yourICM: Chronotypes, night shifts and intensive care. EDITORIAL. http://t.co/R4dWVkoPAA http://t.co/2RzWScqw6f'"
576503949420793857,2015-03-13 22:03:47,b'RT @lecanardnoir: Last night\xe2\x80\x99s blog post on how the Professional Standards Authority  now sees its job as promoting quackery. http://t.co/L\xe2\x80\xa6'
568331191407001601,2015-02-19 08:48:09,b'High-nitrate vegetable diet increases plasma nitrate and nitrite co... - PubMed - NCBI http://t.co/z7fn7aSO8V'
567342925974355970,2015-02-16 15:21:08,b'RT @DrDuaneRD: High-nitrate veg diet \xe2\xac\x86\xef\xb8\x8fplasma nitrate &amp; nitrite concentration &amp;  \xe2\xac\x87\xef\xb8\x8fblood pressure in healthy women by @annashworth1  http:/\xe2\x80\xa6'
566010522643234816,2015-02-12 23:06:39,b'Remember The NACNE Report? Now making fat headlines. http://t.co/z5fMor0xlk'
566007104084119552,2015-02-12 22:53:04,b'Food Industry and nutrition research funding - Sugar: spinning a web of influence http://t.co/iD6ojMGRFR'
565991115934158849,2015-02-12 21:49:32,"b""RT @NHSChoices: 1980s fat guidelines 'lacked evidence,' study argues - research and reporting here: http://t.co/scAIwRkpxv http://t.co/aJWO\xe2\x80\xa6"""
563103336078262272,2015-02-04 22:34:31,"b'RT @whsource: ""\xe2\x80\x98SugarScience\xe2\x80\x99 Initiative Aims to Educate Public about Surprising Health Impacts"" of sugar.  UCSF w Robert Lustig.\nhttp://t.\xe2\x80\xa6'"
557171620528533504,2015-01-19 13:44:00,b'Antioxidant supplements not a good training aid http://t.co/OR6mOCbKDV'
544632880861683712,2014-12-15 23:19:32,b'PhD in mealtimes  in care homes award - Funding - University of Exeter http://t.co/i5OE18a13C'
543411033604239360,2014-12-12 14:24:21,b'Beetroot supplementation lowers daily systolic blood pressure in ol... - PubMed - NCBI http://t.co/9vL5ghfE0n'
543410459500478465,2014-12-12 14:22:04,b'Dietary Nitrate Provides Sustained Blood Pressure Lowering in Hyper... - PubMed - NCBI http://t.co/qW7suVOEM9'
540176036957536256,2014-12-03 16:09:37,b'@BDA_Events #BDAResearch 30% of adults manage to eat 5 portions of fruit &amp; vegetables daily (NDNS survey). But only 9% of 11-18 yr olds'
540116884629512193,2014-12-03 12:14:34,b'@BDA_Events #BDAResearch Food First approach improves nutrition in care homes @Vittoria_Romano'
537746847935508480,2014-11-26 23:16:54,b'RT @YLMSportScience: #WeightLoss #Nutrition #Muscle | How to Lose Fat but Not Muscle? | Key Tips by @mackinprof | http://t.co/RYGPRWRFmu ht\xe2\x80\xa6'
537746262314192896,2014-11-26 23:14:34,b'RT @NakedScientists: A look at the science behind the 5:2 diet - does it really work? http://t.co/ISzG3L86WI'
537745659701780480,2014-11-26 23:12:10,"b'RT @DietitianSian: In England,around a fifth of adults &amp; a sixth of children \xe2\x80\x93 approx 10 million people \xe2\x80\x93may have low vitamin D status http\xe2\x80\xa6'"
534798880777314304,2014-11-18 20:02:43,b'The Mediterranean diet can reduce cardiovascular disease by 30%  http://t.co/g6fE9otkLh'
533033749345501184,2014-11-13 23:08:43,"b'RT @BrDieteticAssoc: Birch Water the new thing? Well, the new fad at least! BDA\xe2\x80\x99s @AnnAshworth1 talks to @RachelMoss_ for @HuffPoLifestyle \xe2\x80\xa6'"
532171636116848640,2014-11-11 14:02:59,b'Great to see dietitian presenting on CF &amp; liver disease. @BrDieteticAssoc http://t.co/wH4YtB6YLd'
530409462054801408,2014-11-06 17:20:44,b'@BDA_SWEngland http://t.co/QNwRjzkMoS'
522373552805531649,2014-10-15 13:08:54,"b""Are 'soft' foods always ok in dysphagia? Try to eat a marshmallow without chewing. A= no. #BAPEN2014 @PENGDT http://t.co/O67kYUAU7B"""
522348722903351296,2014-10-15 11:30:14,b'#BAPEN2014 Vit D supplementation compliance in UK only 5-20% http://t.co/hUBTHbBAEp'
522311381895610368,2014-10-15 09:01:52,b'Nutritional rickets is increasing globally. Prof Hogler #BAPEN2014 http://t.co/EdxUV0cITP'
522054025827876864,2014-10-14 15:59:13,b'#BAPEN2014 #NHW2014\nThe mission... http://t.co/4tDV2PtyYl'
522051371470962688,2014-10-14 15:48:40,"b'#BAPEN2014 Caroline Lecko talking about nutrition, hydration and social change. http://t.co/Mrdi7bEzO2'"
513996204716617729,2014-09-22 10:20:19,"b'\xe2\x80\x9c@BDA_SWEngland: 46 days till ""Meet, eat &amp; tweet"" (eating shortly after meeting).@BDA_SWEngland @BrDieteticAssoc'"
513313803334082560,2014-09-20 13:08:42,b'New en-lok connector will impact on enteral feeding practice. Find out more: Thursday 6/11 4.30 pm. @BDA_SWEngland http://t.co/0D5fXJUrF4'
513036097161818112,2014-09-19 18:45:12,"b'RT @BDA_SWEngland: Thurs 6th Nov - WoE Branch, Plymouth 4.30pm. ""Eat, meet &amp; tweet"" @BDA_SWEngland @BrDieteticAssoc http://t.co/OnAoCu7pmi'"
513035753170153473,2014-09-19 18:43:49,b'@BDA_SWEngland @BrDieteticAssoc Should be a great meeting!'
512230640046321664,2014-09-17 13:24:36,b'New En-lok connector due for release Sept 2015. First sighting! http://t.co/yf6MEh1AVu'
512209443518681089,2014-09-17 12:00:22,b'@BDA_SWEngland @BrDieteticAssoc Committee hope to announce Branch meeting details soon.'
489288965719994368,2014-07-16 06:02:34,b'Are organic foods worth paying for? BBC News - Study sparks organic foods debate http://t.co/g0rjR8zmgo'
477516968648802304,2014-06-13 18:24:51,b'#trustadietitian because....you can!! @DietitiansWeek @BrDieteticAssoc http://t.co/M0JzmiJptr'
476440565333368832,2014-06-10 19:07:37,b'#rduk also on way back from Lords. Fat content of meal = 9.2g with 2.0g saturates :)'
475570132794613763,2014-06-08 09:28:50,"b""41 'Powerhouse' Fruits And Vegetables http://t.co/ozdCheGOpf via @HealthyLiving"""
475176648632176640,2014-06-07 07:25:16,b'RT @DietitiansWeek: Shadow Health Sec @andyburnhammp sporting a #TrustADietitians badge ahead of #DietitiansWeek Can we get a shout out? ht\xe2\x80\xa6'
468868105100206080,2014-05-20 21:37:22,b'Key to success of Mediterranean diet: salad + olive oil?http://t.co/YxnGtf27Lf'
458987811077505024,2014-04-23 15:16:36,"b""BBC News - Beetroot 'can lower blood pressure' http://t.co/Nry6eIVlhN"""
454703383010476032,2014-04-11 19:31:49,b'I just supported Dietitians Week: 9 -13 June  on @ThunderclapIt // @DietitiansWeek http://t.co/o5zrUsDbTe'
454617488324833280,2014-04-11 13:50:30,b'@DietitiansWeek #DietitiansWeek http://t.co/JBn9HPVDta Get your free packs now!'
450351312735965184,2014-03-30 19:18:14,b'http://t.co/pCcn54iY98 @researchgate could be reason for varying results dietary nitrate?'
445978877622747138,2014-03-18 17:43:44,"b""@RDEhospital #NHW2014 fab tray mats eat well 2b well' &amp; 'think to drink' http://t.co/qXcYaswgi0"""
445974900885712896,2014-03-18 17:27:56,b'RT @RDEhospital: Some of our Dieticians spreading the word about #NHW2014 in our Oasis restaurant this lunchtime http://t.co/yKESg4uGG7'
445974703946334208,2014-03-18 17:27:09,b'RT @RDEhospital: Nutrition and Dietetic Services Manager Catherine Tancock manning the Nutrition and Hydration Week stall #NHW2014 http://t\xe2\x80\xa6'
405287732211380224,2013-11-26 10:51:39,b'@bapen #malnutritionmatters engage empower hear and heed patients (don berwick)'
391196592814190593,2013-10-18 13:38:30,b'FODMAPs session at #SDUK_UK. IBS caused by luminal distension. http://t.co/4GRLXMm02N'
391160869864095744,2013-10-18 11:16:33,b'Join @SENRegister for sports dietitians and nutritionists #SDUK_UK. http://t.co/JrtJ0C2I92'
391154403862122496,2013-10-18 10:50:51,b'Drugs found in supplements:#SDUK_UK http://t.co/GqUVoJU4c3'
391151471074758656,2013-10-18 10:39:12,b'supplement contamination: DHEA can stay in machinery for 3years #SDUK_uk http://t.co/ynbY9MNQl1'
391130641200594945,2013-10-18 09:16:26,b'Importance of vitamin D and sports performance known for many years #SDUK http://t.co/rMND8ABE7x'
389056724583198720,2013-10-12 15:55:26,b'Dietitians Online | Trust a Dietitian http://t.co/2cIwDKyVbL'
388985699007201281,2013-10-12 11:13:12,b'Join twitter Journal club: @dietetics_jc  #BDALive'
388983079781814272,2013-10-12 11:02:47,b'Everybody is responsible for doing research! K Whelan#bdalive \n\n@BDA_Live'
388978892541005824,2013-10-12 10:46:09,b'@BDA_Live @ebeerd @lucym_dietitian @gillianregis'
382783812616609792,2013-09-25 08:29:07,b'Like the posters on BDA Live Facebook page @BDA_Live #trustadietitian'
351743832183943170,2013-07-01 16:47:19,b'Time to ban junk food in hospital? Read http://t.co/78CztX2Bl1'
347273477222436866,2013-06-19 08:43:43,b'Intermittent fasting- read http://t.co/YWLholNMQp http://t.co/1A7DegnkLc'
344211120212570112,2013-06-10 21:55:00,b'#BDAVision Steven Blackburn awarded trade union rep of the year! #BDA'
344097257026633728,2013-06-10 14:22:33,b'Dietitians need to think differently about our role and ability to lead #BDAVision'
271925982930300928,2012-11-23 10:39:41,b'Glenn Cardwell: Paleolithic Diet http://t.co/GGEA1dxn'
261141572349997057,2012-10-24 16:26:17,b'Glenn Cardwell: Nuts http://t.co/bUOUoiCh'
250519259803959297,2012-09-25 08:57:00,b'Glenn Cardwell: Banana - always good http://t.co/sde2EJW4'
