id,created_at,text
970645519830798337,2018-03-05 13:01:40,"b'Intanto, mentre la Lega prende il 18%, un\'altra persona ""di origini africane"" che ""lascia una compagna e un bambino\xe2\x80\xa6 https://t.co/SiQDAzTFtB'"
970621423730520064,2018-03-05 11:25:55,b'https://t.co/6bDYjm32zO'
970608988432760832,2018-03-05 10:36:30,"b'The country, in spite of its broken immigration system, slowly, organically, casually, naturalises you in ways that\xe2\x80\xa6 https://t.co/MVllJbcbBa'"
970602250140880896,2018-03-05 10:09:44,"b'RT @giannigipi: Potete confermarmi le previsioni elettorali entro le 2, che poi mi parte il bus, sola andata, per le isole Lofoten?'"
970076902995132417,2018-03-03 23:22:11,b'RT @maybulman: Outrageous. Please retweet https://t.co/y001V0h1lD'
969947031614746624,2018-03-03 14:46:07,"b'How we consume culture has evolved, but our tastes haven\xe2\x80\x99t\n\nhttps://t.co/cvv5cnuVnZ'"
969935498079887360,2018-03-03 14:00:17,b'RT @joshua_asiko: Can\xe2\x80\x99t stop looking at these posters from @legallyblackuk #representationmatters #Afrofuturism https://t.co/02gGHqCiEk'
969601593581678594,2018-03-02 15:53:28,b'RT @MagnumPhotos: What will the photobook of the future look like and how will it survive in a saturated market? #WorldBookDay https://t.co\xe2\x80\xa6'
969213845028917248,2018-03-01 14:12:42,"b""@PaulineSuwanban Same \xf0\x9f\x98\x8a let's catch up sometime? Xxx"""
968962426854092800,2018-02-28 21:33:39,"b'RT @Laydeezdocomics: Our fantastic shortlist for the Laydeez Graphic novel prize!!:\nEmma Burleigh, Emily Haworth Booth  Akhila Krishnan Cat\xe2\x80\xa6'"
968870480462696448,2018-02-28 15:28:17,"b'RT @O_GarciaObregon: #USSstrike London colleagues, undergraduates and postgraduates joining senior and junior colleagues at the march. A gr\xe2\x80\xa6'"
968567507752833024,2018-02-27 19:24:23,b'https://t.co/wooI0IlnaS'
968564333994180609,2018-02-27 19:11:46,b'https://t.co/m3awVgl03g'
967841078501167104,2018-02-25 19:17:49,"b'RT @lospaziobianco: #16: Luigi Tenco. Una voce fuori campo, Luca Vanzella, Genovese \xe2\x80\x93 Becco\xc2\xa0Giallo https://t.co/4s54xXiLFr https://t.co/tLy\xe2\x80\xa6'"
967803106724597763,2018-02-25 16:46:56,"b'RT @tunue: ""Per\xc3\xb2 ecco, vede\xe2\x80\xa6 l\xe2\x80\x99Alzheimer \xc3\xa8 diverso, si pu\xc3\xb2 manifestare a un\xe2\x80\x99et\xc3\xa0 precoce e il deterioramento \xc3\xa8 pi\xc3\xb9 rapido e devastante. Non\xe2\x80\xa6'"
967759680398295041,2018-02-25 13:54:22,"b'RT @AndrewDonkin: Giovanni inspiring children with his passion behind every frame telling the story of our graphic novel, #Illegal.      #c\xe2\x80\xa6'"
967759387967270912,2018-02-25 13:53:12,"b""RT @rhicook: A lot of love for @EoinColfer and  @andrewdonkin's #Illegal in my library at the moment. I recommend Bessora and Barroux's #Al\xe2\x80\xa6"""
916439155785248768,2017-10-06 23:04:56,"b""RT @DandQ: Lynda Barry's GOOD TIMES is out this Tuesday! Enter the contest pinned to our page for a chance to win a book of your very own!\xe2\x80\xa6"""
916437202271338496,2017-10-06 22:57:10,"b""RT @TheEconomist: This week's cartoon from KAL https://t.co/G4OfPljpLc"""
781909922959228929,2016-09-30 17:33:47,b'RT @cartoonmovement: Questions of copyright\xe2\x80\xa6 https://t.co/8hqwurTCTE https://t.co/x96030Xdka'
