id,created_at,text
969752539884212224,2018-03-03 01:53:17,b'RT @PHDcomics: Winter Olympics https://t.co/3rZpU2C7jf https://t.co/LwcBGOHMIZ'
962325057694400512,2018-02-10 13:59:07,b'RT @NASA: We\xe2\x80\x99re celebrating #WomenInScience! Join us as women from around the world share their experiences with science and space! Watch o\xe2\x80\xa6'
956155379074781184,2018-01-24 13:23:01,"b""RT @NWSSeattle: Here's Seattle's accumulated rainfall for this month through yesterday (green line) versus normal (brown line). You can pro\xe2\x80\xa6"""
953885000528674816,2018-01-18 07:01:21,b'RT @NWSSeattle: Multiple reports of loud thunder in Wallingford in the last couple of minutes. Thanks for the reports! #wawx'
937945438031769600,2017-12-05 07:23:13,b'RT @jasoncyip: Do you raid in @PokemonGoApp? Come take our @UW_iSchool survey! #PokemonGO #Pokemon https://t.co/hhpfcTg2c8'
917955811523026944,2017-10-11 03:31:34,b'great pointers for practicing self-care and self-compassion. &lt;3 #worldmentalheathday #WorldMentalHealthDay2017 https://t.co/l6ljAxxQWt'
916374750019981312,2017-10-06 18:49:00,"b'""The death of a dream is the day that you stop believing in the work it takes to get there."" \xe2\x80\x94@chrisburkmenn via @momentumdash'"
875432310455193600,2017-06-15 19:18:22,b'This tweet thread made my day! :D https://t.co/5vYzR1UX38'
828515603967152128,2017-02-06 08:08:07,"b'RT @uwalert: UW Alert Seattle :: Normal Seattle campus operations will be DELAYED until 10 a.m. Monday, Feb. 6. More info: https://t.co/ycy\xe2\x80\xa6'"
826299899029229568,2017-01-31 05:23:42,"b'She stood up for justice, #ThankYouSally ! Message from Sally Yates to Justice Dept. lawyers before she was fired: https://t.co/bmP7az7tBq'"
629673971835801600,2015-08-07 15:22:28,b'Helluva Engineer !! :D https://t.co/HHukAvG37p'
498998027735302144,2014-08-12 01:02:55,b'#ibmmaelstrom #quarryboy http://t.co/YPZHlR6iBn'
