id,created_at,text
970037086446391297,2018-03-03 20:43:58,"b""RT @GorhamsCave: Did you know today marks the 170th anniversary since the discovery of the first #Neanderthal skull at Forbes' Quarry in #G\xe2\x80\xa6"""
968853866925182976,2018-02-28 14:22:16,"b'The windows got replaced in the office this week, so naturally we had to spend some time redecorating... #phdlife\xe2\x80\xa6 https://t.co/dIQk5LHQng'"
968110826556190723,2018-02-26 13:09:42,"b""Was pretty excited this morning to find my new business cards in today's post! Conference season is just around the\xe2\x80\xa6 https://t.co/Ld42dXAUzl"""
966426176485982208,2018-02-21 21:35:30,b'@riveramichael Thank you @riveramichael I am very much looking forward to continuing my research! Tweeting on the o\xe2\x80\xa6 https://t.co/Oz2Ue5C0GL'
