id,created_at,text
969233263423258625,2018-03-01 15:29:52,b'Grant writing feels https://t.co/rzBKfDDvwP'
964519608588881923,2018-02-16 15:19:29,"b""RT @MBotticelliBMC: I'm in agreement with most of these experts - more money for treatment and other programs would be the most effective w\xe2\x80\xa6"""
963533382583046145,2018-02-13 22:00:34,"b""RT @AnnieLowrey: 1. What if you don't receive your box one month? \n2. What if you're homeless? \n3. What if you don't have a place to receiv\xe2\x80\xa6"""
963409972271951872,2018-02-13 13:50:11,b'FINALLY! It\xe2\x80\x99s the little things \xf0\x9f\x99\x8c\xf0\x9f\x8f\xbb\xf0\x9f\x91\x8f\xf0\x9f\x8f\xbb https://t.co/51dqol3yxH'
956280651610836992,2018-01-24 21:40:48,b'Hey @UMB_Sociology Hear @patrick_sharkey talk about his new book Uneasy Peace 7:00 tomorrow evening at @HarvardBooks https://t.co/GFYgs97Zdv'
956228916506693632,2018-01-24 18:15:14,b'RT @bebersani: Limited FREE access to inaugural issue of Annual Review of Criminology https://t.co/fqJA8YmdWE courtesy @AnnualReviews https\xe2\x80\xa6'
951864625565495297,2018-01-12 17:13:06,"b'RT @McwWaters: The news media is repeating the invented term ""chain migration"" when they should be using the term ""family migration"" or ""Fa\xe2\x80\xa6'"
948626222816354304,2018-01-03 18:44:50,b'Break out the shorts! https://t.co/j63JeRF4j0'
946051488224350208,2017-12-27 16:13:46,b'RT @AyannaPressley: For the next few days Boston will experience bitter cold temperatures. Here are some context and details of resources w\xe2\x80\xa6'
943568826658185217,2017-12-20 19:48:33,b'@chrisuggen This post and the comments were a huge encouragement for me during prelim season this past summer. Thanks for writing it!'
940634591710404610,2017-12-12 17:28:57,b'RT @NAACP: #DearAlabama https://t.co/FiJoA6klRF'
940554576477945856,2017-12-12 12:11:00,"b'Interviewer Effect? Live interviewer calls show Jones leading, while ""robocalls"" show Moore leading. If you feel su\xe2\x80\xa6 https://t.co/c8TJhFpnXr'"
938084207888347137,2017-12-05 16:34:38,b'https://t.co/oR8iTDX3g7'
936742559208148993,2017-12-01 23:43:24,"b""RT @legogradstudent: To be fair to the Republican tax bill, you'd also be scrambling to submit a dissertation--no matter how egregiously aw\xe2\x80\xa6"""
936572310743650304,2017-12-01 12:26:54,b'RT @NLVigne: Indeed we are!\nCriminologists Are Asking Jeff Sessions To Release FBI Crime Data https://t.co/aD2hs28xm3'
936571888381382656,2017-12-01 12:25:13,"b'RT @brianschatz: Republicans are about to vote to transfer literally trillions from regular people who work at regular jobs to around 5,500\xe2\x80\xa6'"
931532523112460288,2017-11-17 14:40:35,"b'RT @nick_kapur: When I was a PhD student, my stipend was just $18,000 and my waived tuition was $55,000.\n\nTaxing someone who only receives\xe2\x80\xa6'"
931479873654312961,2017-11-17 11:11:22,b'The House Just Voted to Bankrupt Graduate Students https://t.co/IMcrVriWLY'
931153341102600192,2017-11-16 13:33:51,"b'Headed home from #ASCPhilly w/ new ideas for old projects &amp; seeing my dissertation data through a new lens! Now, time to write those papers!'"
930823750886535168,2017-11-15 15:44:10,b'@bebersani @UMB_Sociology @ASC_Meetings Thanks @bebersani for making it to such an early session!'
930577685176356864,2017-11-14 23:26:24,"b'Speaking of #ASCPhilly and gentrification, check out our 8am panel tomorrow on Crime and Gentrification, Room 502!\xe2\x80\xa6 https://t.co/VyAQp8LbwV'"
930576984161308672,2017-11-14 23:23:36,b'Strolling through Society Hill in Philly killing time b4 #ASCPhilly starts &amp; reminded of Neil Smith\xe2\x80\x99s research on t\xe2\x80\xa6 https://t.co/xoCaeuIQ6E'
928640543005044736,2017-11-09 15:08:53,"b""RT @profmusgrave: Ph.D. students' tuition waivers are not income.\nPh.D. students' tuition waivers are not income.\nPh.D. students' tuition w\xe2\x80\xa6"""
927896080548880384,2017-11-07 13:50:39,"b'RT @ClintSmithIII: Voting is not a panacea, but *not* voting gives more power to people whose policies will make our lives significantly wo\xe2\x80\xa6'"
927660894997409797,2017-11-06 22:16:07,"b'On the bright side, the days start getting longer in 46 days. #badpuns'"
926065019330101255,2017-11-02 12:34:40,b'Female Inmates In Indiana Pitch Plan To Rehab Empty Houses \xe2\x80\x94 And Their Lives : NPR https://t.co/5WpHnWZSJJ'
925521634643075072,2017-11-01 00:35:27,"b""Time saving tip: celebrate Halloween in the same neighborhood you're conducting field work. https://t.co/DTPboN6dUV"""
925455219311501314,2017-10-31 20:11:33,"b'RT @OOkuwobi: Luther called the church to be what was always designed. Likewise, we call for a return to Biblical unity. https://t.co/fqVNm\xe2\x80\xa6'"
920021692608581634,2017-10-16 20:20:39,b'2017 has a section in the card aisle https://t.co/IDbysLZdcS'
919620865918152706,2017-10-15 17:47:54,"b'\xe2\x80\x9cCities have the capability of providing something for everybody, only because, and only when, they are created by\xe2\x80\xa6 https://t.co/qt0EXOtr6U'"
918193478496145409,2017-10-11 19:15:59,b'Revising the language of addiction | Harvard Gazette https://t.co/kwQEjGAjzV'
915739338872442882,2017-10-05 00:44:06,"b""RT @NLVigne: A blog in honor of #coffeewithacop day. Spoiler alert: it'll take more than coffee\n@Nicole_Weissman @urbaninstitute \nhttps://t\xe2\x80\xa6"""
913755875239743490,2017-09-29 13:22:32,"b'RT @Abt_Thomas: Important point from @NNSCommunities on whether murder and violent crime are ""trending""... https://t.co/0Ohtwru3Lf https://\xe2\x80\xa6'"
906354224249876480,2017-09-09 03:11:00,"b""I am exhausted on the 1st Fri. of the smstr. My undergrad nghbrs are beer ponging outside my window. Here's to hoping our schedules sync \xf0\x9f\xa4\x9e\xf0\x9f\x8f\xbb"""
905380945846562816,2017-09-06 10:43:33,"b'Honored to receive a @BARIboston &amp; @BostnIndicators grant to fund my ethnography on ""Methadone Mile"" Check out the\xe2\x80\xa6 https://t.co/KPBoCITfuG'"
905226324343742464,2017-09-06 00:29:08,b'Note: time change to 4:00. https://t.co/jdoHCoNifc'
905176001650593793,2017-09-05 21:09:10,b'RT @UMassBoston: We stand with Cairo and everyone at UMass Boston affected by today\xe2\x80\x99s #DACA decision. #withDreamers https://t.co/xQTi7qTEI3'
905109265660203008,2017-09-05 16:43:59,b'Not giving up DACA and TPS wo a fight. Boston protest 6:00pm tomorrow at the State House. #DefendDREAMers  https://t.co/AsM8AmqCl3'
903434548150542336,2017-09-01 01:49:15,"b""I stumbled upon Edwin's sidewalk story this afternoon. This evening I got to put a face to his story.\xe2\x80\xa6 https://t.co/rg0UXD8Iu3"""
903307002977320961,2017-08-31 17:22:26,b'RT @DeliaMary: The best part of chalking overdose stories in the community (instead of just sharing online) is the great conversations #Sto\xe2\x80\xa6'
903303586200813569,2017-08-31 17:08:52,b'Moved by the tributes to those who lost their lives to addiction on the sidewalks of Mass &amp; Albany #StoriesNotStigma https://t.co/LBJtUymD5w'
903259494179897344,2017-08-31 14:13:39,"b'RT @robdelaney: A good idea would be for someone to cover ""Hallelujah""! https://t.co/0R5YnBkLgK'"
902928690367127552,2017-08-30 16:19:10,"b""Geotagging tweets to track residents' activity spaces to predict gentrification b4 the arrival of hipsters &amp; cafes https://t.co/GmbAFm2x8T"""
897103740116897792,2017-08-14 14:32:53,b'RT @AyannaPressley: My statement on the planned white supremacist rally in Boston. We will resist your hateful ideology and keep fighting f\xe2\x80\xa6'
890968216767528961,2017-07-28 16:12:30,b'The paradox of comp exam prep is that it makes you so tired and so woke. https://t.co/6LGL6132Z5'
888023957982466048,2017-07-20 13:13:04,"b'RT @SallyQYates: POTUS attack on Russia recusal reveals yet again his violation of the essential independence of DOJ, a bedrock principle o\xe2\x80\xa6'"
887419378546987013,2017-07-18 21:10:41,b'@nbcboston Which intersection are they asking folks to avoid?'
885469566859710465,2017-07-13 12:02:50,"b'To avoid life on Skid Row, some LA Uber drivers live in their cars https://t.co/MatKYKRooJ'"
876092959674028033,2017-06-17 15:03:33,"b'RT @adamjohnfoss: If they act out of fear for me, they can kill me.\n\nIf I act out of fear for them, they can kill me.\n\nWe have so much to f\xe2\x80\xa6'"
875082004383113220,2017-06-14 20:06:22,b'RT @CarlaShedd: This is what happens in an @UnequalCity.  We use closed schools and stores for the wealth and entertainment of others. #Dis\xe2\x80\xa6'
852281635282321408,2017-04-12 22:05:51,"b'RT @jessiegaeta: ""Zip code always trumps genetic code..."" Many of our patients don\'t even have a zip code. Housing is starting point for he\xe2\x80\xa6'"
847812334198427648,2017-03-31 14:06:26,"b'And the ""new"" prison town. #themorethingschange https://t.co/eEbnfeRF0x'"
846509264457883648,2017-03-27 23:48:30,"b'Tressie McMillan Cottom tells how for-profit colleges reproduce racial, gender, and economic inequality. https://t.co/ElKQ1dwG5I'"
845806494251696129,2017-03-26 01:15:57,b'RT @UMB_Sociology: UMB grad student Adam Pittman explores stigma management of a local prison in an affluent MA town @AWPittmanSoc #umbDuBo\xe2\x80\xa6'
845806449087463424,2017-03-26 01:15:46,b'RT @sofyaaptekar: .@UMB_Sociology student @AWPittmanSoc shows how affluent suburbanites use prison volunteering to maintain white supremacy\xe2\x80\xa6'
845748022436925441,2017-03-25 21:23:36,"b'RT @UMB_Sociology: EBS: the more we focus on racists, the less we focus on structure and practices #umbDuBois2017'"
834904608984162305,2017-02-23 23:15:45,b'https://t.co/3uEbA3Nw1D'
824430013542006786,2017-01-26 01:33:27,"b'RT @PewStates: In 2017, expect more conflict between cities and states: https://t.co/Z4Jn5AHdf8 via @squinton_states https://t.co/ggK3efPs1A'"
824386889511817217,2017-01-25 22:42:05,b'RT @UMassBoston: How our prof Stephanie Hartwell is helping moms cope with unimaginable loss #Mindfulness https://t.co/y25w94O5Gj'
824085017894809600,2017-01-25 02:42:33,b'\xe2\x80\x9cSlashing $ &amp; restricting scientists from communicating their findings w/ the public cannot be allowed as policy.\xe2\x80\x9d https://t.co/NsOscqEowN'
822861910890557440,2017-01-21 17:42:22,b'Standing with those who are more vulnerable on this new American morning #WomensMarch #Boston https://t.co/anZ3nLye5m'
821954431818338309,2017-01-19 05:36:22,"b'RT @DLeonhardt: For every poor student the Ivy League launches into the middle class and beyond, City U. of New York launches six. https://\xe2\x80\xa6'"
819641818308608000,2017-01-12 20:26:52,b'Florida legislator\xe2\x80\x99s audit finds years of inflated payments to private prison vendor | Miami Herald https://t.co/ZiNQ9uMr2C'
819185539102470145,2017-01-11 14:13:46,"b'""Science and reason matter."" -President Obama'"
817745100260474884,2017-01-07 14:49:59,"b'RT @UMassBoston: Where crime falls, gentrification follows. New research from our Keren Horn and @nyuniversity featured in @nytimes: https:\xe2\x80\xa6'"
816997448702971905,2017-01-05 13:19:05,"b'Bristol County, Mass. Sheriff Offers Up Inmates To Build The Border Wall Trump Promises | Morning Edition  https://t.co/C36sclxaHI'"
814091798494777344,2016-12-28 12:53:04,"b'Trump\xe2\x80\x99s Wall Would Mean More, not Fewer Undocumented Immigrants in the US - The Society Pages https://t.co/vk1mIOVJzo'"
813778974769901568,2016-12-27 16:10:01,"b'As concerns of mass incarceration have gone mainstream, new prison builders fight NIMBYism by appealing to resident\xe2\x80\xa6 https://t.co/EAgBlayf7g'"
813760540287860736,2016-12-27 14:56:46,b'A Plan Is Better Than Luck | Vitae #2017  https://t.co/zIj0wl6eFa'
812995099051364352,2016-12-25 12:15:10,"b'Christmas in Prison|The Marshall Project ""The best thing I\'m asking for Christmas is for my mom to get out of jail."" https://t.co/XTryrcqGkj'"
812004115857502218,2016-12-22 18:37:22,b'RT @just_shelter: We mapped every eviction case filed in NYC from Jan. 2013 to June 2015. Look up your building: https://t.co/BedW8cjmAR #N\xe2\x80\xa6'
811972939260297216,2016-12-22 16:33:29,b'RT @nytimes: Boredom is a big part of Chicago gang life. But boredom mixed with desperation can turn menacing. https://t.co/zYmbwK6r4U http\xe2\x80\xa6'
811938872703778816,2016-12-22 14:18:07,"b""Housing $ increased 57% in Boston's NBHDs of color in 5 yrs and 40k residents are waitlisted for Sec 8 vouchers.  https://t.co/6v7LnRQMiN"""
811912514262941696,2016-12-22 12:33:22,b'ICYMI: Striking visuals on the geography of incarceration and reentry in Boston neighborhoods by @MassINC  https://t.co/mvzIw5snI2'
811662343138639872,2016-12-21 19:59:17,b'The Strange Case of the American Death Penalty - The New Yorker https://t.co/v1NmFE79t1'
