id,created_at,text
967108036664942593,2018-02-23 18:44:58,b'RT @GlobalFishWatch: Amazing graphics from data in our new @sciencemagazine paper. @ReutersScience @SimonScarr https://t.co/6y03Aotm5W'
966774193319809026,2018-02-22 20:38:24,b'Ever wonder what the global footprint of fishing is? What about the extent of global fisheries? Who fishes where? W\xe2\x80\xa6 https://t.co/HrqQtOFiQ0'
965743935778942976,2018-02-20 00:24:31,"b""RT @sonyaslee: We're looking for an ocean-loving, comms savvy, social media queen/king for Ocean School! Join an awesome team! Job posting\xe2\x80\xa6"""
964527202690887681,2018-02-16 15:49:39,"b'RT @sonyaslee: Are you an ocean-lover, communications nerd, social media queen/king? Do you speak both French and English and want to work\xe2\x80\xa6'"
963148192299667459,2018-02-12 20:29:58,"b""@algarvesuncasa @birdsaplenty I'm not sure, but am very interested in that question as well! This was a couple year\xe2\x80\xa6 https://t.co/3W2fKDShuw"""
963087647538405376,2018-02-12 16:29:23,"b'Sharing a moment with the endemic Barbuda warbler (before Hurrican Irma struck), while working on a project looking\xe2\x80\xa6 https://t.co/khMAhqFP2n'"
960940928746835969,2018-02-06 18:19:05,"b'Hmmm, I feel like this tweet is trying to tell me something.... #IMCC5 #jellyfish https://t.co/DFw3dNA9Nz'"
957294024142016514,2018-01-27 16:47:35,"b""I can't get over how beautiful and captivating jellyfish are https://t.co/15DSdPvh5F"""
934085275717963777,2017-11-24 15:44:18,b'RT @sonyaslee: New Worm Lab picture! The coolest bunch of ocean nerds \xf0\x9f\x8c\x8a\xf0\x9f\xa4\x93 @cbcoceansguy @KBoerder @bethnor514 and Manuel Dureuil https://t.c\xe2\x80\xa6'
926503701052887044,2017-11-03 17:37:50,b'Happy World Jellyfish Day! #worldjellyfishday https://t.co/JWjHY2aALR'
926499888648638464,2017-11-03 17:22:41,b'@sonyaslee Hi! @sonyaslee :)'
