id,created_at,text
970540105113862145,2018-03-05 06:02:47,"b'@1in3peopleagree You are wise to be careful about confidentiality.  If I have an address, such as a box number, I d\xe2\x80\xa6 https://t.co/XXsS75cxzk'"
970535106396831744,2018-03-05 05:42:55,"b'@1in3peopleagree @mheavyhead Can we have a look at this Martin? I can contribute, but it may take a number of donor\xe2\x80\xa6 https://t.co/estL5BVlMD'"
970528596434436097,2018-03-05 05:17:03,"b'@1in3peopleagree @mheavyhead Do you still see that child?  Maybe Santa can come through for her, late but better th\xe2\x80\xa6 https://t.co/bHHv0fYFvk'"
970526002894946304,2018-03-05 05:06:45,"b""@dopaminediscord @capetrov @ashegotaway I don't think you have to apologize for asking a fair question.  This is a\xe2\x80\xa6 https://t.co/4ri4XLacUJ"""
970482751869657089,2018-03-05 02:14:53,b'@MarkCherrington The poor kid.  What might be offered to you that would help?'
970482333819142144,2018-03-05 02:13:13,"b'@MarkCherrington It can take a terrible toll, matched only by the benefits to others, who often vanish to live succ\xe2\x80\xa6 https://t.co/ttzjN2I699'"
970470348662628352,2018-03-05 01:25:36,b'RT @allevin18: Think someone may be suicidal? Ask directly. This will NOT give a new  idea. It WILL start a conversation &amp; may just save a\xe2\x80\xa6'
970375529290346496,2018-03-04 19:08:49,"b'RT @UKMoments: Tributes have been paid to British Olympian and world-renowned neurologist Sir Roger Bannister, who made history when he bec\xe2\x80\xa6'"
970375448977797121,2018-03-04 19:08:30,"b'RT @AllThingsMarx: #GrouchoMarx: ""If you think this country\'s bad off now,\nJust wait \'til I get through with it"" #DuckSoup 1933 https://t.c\xe2\x80\xa6'"
970084419334684672,2018-03-03 23:52:03,"b'@WestEndCassidy Hey, that looks familiar! My office used to be in the basement of Daerwood School.  The funeral of\xe2\x80\xa6 https://t.co/vBEgCHLEaW'"
970011087415386112,2018-03-03 19:00:39,b'RT @Funniest_Prank: British Underwear Guard Prank https://t.co/I3FiUFP8F9'
969990550928596992,2018-03-03 17:39:03,b'RT @GilmoreParkShPk: @SarahNKraus Kevin is our Glen Allan neighbour. Spread the word there is a bottle drive March  3rd @TrendzOptical #shp\xe2\x80\xa6'
969810683083681793,2018-03-03 05:44:19,b'@GwitchinKris I have a friend who is otherwise intelligent and I cannot convince him how absolutely improbable that\xe2\x80\xa6 https://t.co/zK3BV7oR8u'
969779588648726528,2018-03-03 03:40:46,b'@RedIndianGirl @apihtawikosisan It would be a good start if Metis history would be well known. I lived in Winnipeg\xe2\x80\xa6 https://t.co/BtTgn6nbee'
969771192067407873,2018-03-03 03:07:24,"b""If that big snowfall doesn't occur in #Strathco I may not need this great book from @sc_library https://t.co/SMptSeE4YO"""
969668636167188480,2018-03-02 20:19:53,"b'RT @RachelNotley: Wishing a very warm, colourful, and happy Holi to all those who are celebrating today! #Holi2018 https://t.co/Aljuv4emVs'"
969659695454547968,2018-03-02 19:44:21,b'RT @silentmoviegifs: Buster Keaton in The Cook (1918) https://t.co/NIdg8iGyKu'
969371644606087168,2018-03-02 00:39:44,"b""RT @BBCLookNorth: Tonight's high-tide in Scarborough is causing issues in town. https://t.co/4K3iicmLiw"""
969370764070629376,2018-03-02 00:36:14,b'@RodFrank12 @TrendzOptical This is a great cause!  We in #strathco can make this happen!'
969370152675323904,2018-03-02 00:33:49,b'RT @RodFrank12: #Strathco resident Kevin is doing a bottle drive Saturday @TrendzOptical in #shpk from 9 AM - 2 PM. He is fundraising to pu\xe2\x80\xa6'
969369922093527041,2018-03-02 00:32:54,"b'@LammaticHama That should read, ""Some Indian agents must have been scum"" but that might be an insult to scum.'"
969366986386948096,2018-03-02 00:21:14,b'@LammaticHama Good for her!\nMy grandfather was an Indian agent and every reference I can find to him on the Interne\xe2\x80\xa6 https://t.co/EKKmrePl1y'
969038055796482048,2018-03-01 02:34:11,"b'RT @mheavyhead: Pink shirt day. Anti-Bullying message. \n\nI find it fascinating that bullies, when confronted, rarely ever know that what th\xe2\x80\xa6'"
969037597853888512,2018-03-01 02:32:21,b'$1M donation means Churchill will get polar bear centre https://t.co/XDvy4ZQjNY\nGood news! A day watching polar bea\xe2\x80\xa6 https://t.co/iJxZKDr590'
968924793050312704,2018-02-28 19:04:07,b'@mckitrick_annie I got one; thanks!'
968723414256152582,2018-02-28 05:43:54,b'@MarkCherrington I hope the wee girl has a long and happy life!'
968721284589850624,2018-02-28 05:35:26,"b""RT @AJEFA: C'est demain la journ\xc3\xa9e ROSE! N'oubliez pas de porter du rose et de partager vos photos avec le mot-clic #rosefrab #mhcb @CSCNIn\xe2\x80\xa6"""
968717096388620289,2018-02-28 05:18:48,b'@katieinthepark @eips @EICSTalks Well done! No one will ever know or be able to thank you for the exact number of i\xe2\x80\xa6 https://t.co/E6ZtYkuSH8'
968715417605885952,2018-02-28 05:12:08,b'@BreakingFreeFdn @TheoFleury14 @calgarysun Both of you have brought great joy and entertainment to countless people\xe2\x80\xa6 https://t.co/lk1wtr03Lg'
968597791709609984,2018-02-27 21:24:43,"b'RT @AwardsDarwin: Sorry, no robbing today. https://t.co/TpXjDEHmpD'"
968596025861595136,2018-02-27 21:17:42,"b""RT @foodandwine: It's time to master chicken tikka masala: https://t.co/4taM3dl9RY"""
968340429908381696,2018-02-27 04:22:04,b'@Living_Works should be interested in this. https://t.co/ILwdlrgZY8'
968310292739321857,2018-02-27 02:22:18,"b'@CBCEdmonton If the remaining $5 million was covered by insurance, that means that we who buy insurance will end up paying for it.'"
968286363383603200,2018-02-27 00:47:13,"b""@mckitrick_annie I'll take one if there are any left!\n(and I am happy to pay for it)"""
968270276755533824,2018-02-26 23:43:18,b'RT @Stan_And_Ollie: RETWEET if you love #LaurelAndHardy https://t.co/YyCDAon0gz'
968268939556868096,2018-02-26 23:37:59,"b'""The Night Manager"" is available on DVD at the Strathcona County Library.  6 hours of great viewing!\n#scl #strathco #shpk'"
968229308522090496,2018-02-26 21:00:30,"b'RT @thebeatles: Happy Birthday, George. https://t.co/PNHL9bzPKy'"
968189844861022208,2018-02-26 18:23:41,b'@DameyonBonson I am a former ASIST trainer.  I remember reading a study years ago that showed increased suicidal id\xe2\x80\xa6 https://t.co/SrYdyyXz9D'
968189169129291776,2018-02-26 18:21:00,b'@DameyonBonson I read a study conducted at the Manitoba Youth Centre in the 80s.  All the conclusions were based on\xe2\x80\xa6 https://t.co/4DmnHsbMto'
968188380793077760,2018-02-26 18:17:52,"b'@DameyonBonson This type of research is desperately needed.  It is extremely important, however, not to base conclu\xe2\x80\xa6 https://t.co/y1wn4fArQY'"
967997705468309504,2018-02-26 05:40:12,b'@stateandmain @originaljoes \nThe Pacific Rim Noodle Bowl is fantastic. I must have had it at least a dozen times an\xe2\x80\xa6 https://t.co/7JY0KykXbj'
967962924147814400,2018-02-26 03:21:59,"b'RT @mckitrick_annie: Great idea, maybe we could do the same thing in #shpk #strathco https://t.co/WAueTmhMld'"
967962650033364992,2018-02-26 03:20:54,"b""@yamafhka @PaulSeesequasis As I have said many times, this wonderful man was my grandfather's friend. He offered to\xe2\x80\xa6 https://t.co/qArO6xiLJp"""
967884495562063872,2018-02-25 22:10:20,"b'@MMFlint Elvis Presley used to sing Peace in the Valley. ""And the beasts from the wild, Shall be led by a child...""\xe2\x80\xa6 https://t.co/62CoxRWIR8'"
967848178321055744,2018-02-25 19:46:02,b'RT @JiyanFoundation: A group of students saw the crimes by the Hitler regime and decided to do something about it. They became known as the\xe2\x80\xa6'
967593690548981761,2018-02-25 02:54:47,"b'RT @celiebugpro: We ended our NRA membership in honor of the children. We ask that everybody ends their NRA membership to show the NRA, Con\xe2\x80\xa6'"
967526055421493249,2018-02-24 22:26:02,"b'@mheavyhead Museums often have ""artifacts"" that have been looted from graves.  Those who operate the museums take e\xe2\x80\xa6 https://t.co/gJaBK2Kei0'"
967524163559735296,2018-02-24 22:18:30,b'RT @krassenstein: The following companies have cut ties with the NRA over the last 24 hours. \n\n- Enterprise\n- Wyndham\n- Metlife\n- Hertz\n- B\xe2\x80\xa6'
967431073649930240,2018-02-24 16:08:36,"b""RT @DavidSuzukiFDN: \xf0\x9f\x98\x8d We can't wait to see #MonarchButterflies this summer!\n\nThese beautiful creatures need your help. Send a message askin\xe2\x80\xa6"""
967427210557636608,2018-02-24 15:53:15,b'RT @PHDcomics: Winter Olympics https://t.co/3rZpU2C7jf https://t.co/LwcBGOHMIZ'
967426118989971456,2018-02-24 15:48:55,b'RT @MarkCherrington: Some of those confined to solitary confinement have been vulnerable with mental health or behaviour issues and remande\xe2\x80\xa6'
967426108181200897,2018-02-24 15:48:52,b'RT @MarkCherrington: Deal with human beings at #Yeg Remand Centre locked up 23 hrs a day weeks/months/years with little for stimulation. In\xe2\x80\xa6'
967424991204491265,2018-02-24 15:44:26,b'RT @AwardsDarwin: Should have done two trips. https://t.co/L8IbpZr15K'
967264326045192193,2018-02-24 05:06:00,b'RT @sameo416: Powerful words. https://t.co/w8lUpDviAI'
967263092416528385,2018-02-24 05:01:06,b'RT @JordanRutledge: I mean I\xe2\x80\x99ve been bored at work but this can\xe2\x80\x99t be topped https://t.co/pcUFEBgaBR'
967168138138632192,2018-02-23 22:43:47,b'There used to be a sign bearing those words above a low doorway at the museum in Ulverston.\n#LaurelAndHardy https://t.co/duUcNFuIt7'
967114258621202432,2018-02-23 19:09:42,"b'@landhmuseum ""Duck, or grouse!"" https://t.co/OsaCCjfuy9'"
967109911640289281,2018-02-23 18:52:25,b'#shpk #Strathco \n\n https://t.co/Glq4uOiuly\n\nThis deserves consideration.'
967102644123664386,2018-02-23 18:23:32,b'It would be wonderful if the bullying on Twitter would stop. https://t.co/YKwe3EVPit'
967096252604149760,2018-02-23 17:58:09,b'@apihtawikosisan This sounds far worse than worshipping idols.'
967064942447796224,2018-02-23 15:53:44,b'#LaurelAndHardy\nStanding where Stan stood... https://t.co/1cVTa7WfMB'
966926052088934400,2018-02-23 06:41:50,"b""RT @LinzDeFranco: I've watched this 7,000 times https://t.co/mLbk5MIoWV"""
966924222781046784,2018-02-23 06:34:33,"b""@carrickallen1 We didn't look around much; it meant a great deal to me to find Stan's grave.  We had already been t\xe2\x80\xa6 https://t.co/waBmMYWZ1M"""
966919858456690688,2018-02-23 06:17:13,"b'@carrickallen1 Forest Lawn Memorial Park, Los Angeles'"
966919139783659520,2018-02-23 06:14:22,"b'RT @Stan_And_Ollie: Feb 23rd: On this day in 1965, the world lost a comedy genius. #RememberingStanLaurel #LaurelAndHardy #StanAndOllie htt\xe2\x80\xa6'"
966919081231200257,2018-02-23 06:14:08,b'RT @Patart006: In Memoriam Stan Laurel (16/06/1890 \xe2\x80\x93 23/02/1965) #LaurelandHardy https://t.co/rdk8YII3Ug'
966918916181127168,2018-02-23 06:13:28,b'#LaurelAndHardy\nR.I.P.  Stan Laurel https://t.co/vRH6CXkmJK'
966856024891142144,2018-02-23 02:03:34,"b""RT @DylanPenner: In the wake of the #TinaFontaine verdict if you're an Indigenous person getting harrassed by racist trolls please use #Set\xe2\x80\xa6"""
966824200076804097,2018-02-22 23:57:06,"b'@ZoeSTodd It would be easy to understand why Indigenous people would want nothing to do with ""reconciliation"".'"
966760989877088256,2018-02-22 19:45:56,b'RT @ctvedmonton: RCMP trying to identify suspects in rural break and enter: https://t.co/if6ymR7rce #yeg #strathco https://t.co/KvBNmwJqmy'
966757335422005248,2018-02-22 19:31:24,b'This appears to be the approach some people take when entering the political arena.  Thank you to the decent people\xe2\x80\xa6 https://t.co/y0uK6KNlbe'
966556906817925120,2018-02-22 06:14:59,"b'@WestEndCassidy I worked with a friend who had lived in that area in the 50s.  He used to refer to a bout of coughing as a ""Ninette yodel"".'"
966556195942105093,2018-02-22 06:12:09,b'@WestEndCassidy My wife and I attended that concert.  I was wondering about the date it took place. Thanks!'
966555382691676160,2018-02-22 06:08:55,"b'@WestEndCassidy I remember Bruce Decker from his days playing in Winnipeg bands, and at the University of Manitoba.\xe2\x80\xa6 https://t.co/AjsRg1UOMP'"
966553868740931585,2018-02-22 06:02:54,"b'@WestEndCassidy My cousin, another Glenlyon Campbell, sent me this article today.  The Lt. Col. was our great grand\xe2\x80\xa6 https://t.co/Mjwtnvz68X'"
966093901198114816,2018-02-20 23:35:09,"b""@JesseDonovanLaw I inadvertently jumped on this bandwagon, later realizing that having a Metis card doesn't make me\xe2\x80\xa6 https://t.co/qylYvq7cQ3"""
966043159724609536,2018-02-20 20:13:32,"b'@carrickallen1 Eric Morecambe answered, ""Deck of Cards by Max Bygraves"", but yours is a wonderfully brilliant historical reference!'"
966042706714619904,2018-02-20 20:11:44,b'RT @Funniest_Prank: Best Mirror Prank \xf0\x9f\x98\x9d... https://t.co/bTMVWNmUQO'
966040710922170368,2018-02-20 20:03:48,"b""@acoyne @usernames Don't forget the use of apostrophe's when using plural's!  Haha!"""
965831550100152321,2018-02-20 06:12:40,"b""@jamescielen I've never had the privilege of meeting Fred Moore, but you and @BrianGlow made Winnipeg a warm and fr\xe2\x80\xa6 https://t.co/OGVhePKJm3"""
965826498904047617,2018-02-20 05:52:36,"b'RT @BillyArmagh: This is Veldon, by the way. Exposing racism works: \n\nhttps://t.co/wL2lAxKjTS'"
965826261384769538,2018-02-20 05:51:39,"b'@BillyArmagh If there is ever to be any chance of reconciliation, people like this have to be heard, not silenced.\xe2\x80\xa6 https://t.co/GDheu2hR6y'"
965824625182572544,2018-02-20 05:45:09,"b'RT @sameo416: The suspension of @VeldonCoburn for calling out anti-Indigenous racists on @Twitter is unacceptable, @TwitterCanada @jack. #F\xe2\x80\xa6'"
965822510758440960,2018-02-20 05:36:45,"b'Thanks to @sobeys, La Cocina Tortilla Chips are available in #shpk, #strathco, all the way from @LaCocinaFoods in S\xe2\x80\xa6 https://t.co/TyBaeSkqCn'"
965791559445721088,2018-02-20 03:33:45,b'RT @ABCPolitics: ONE LESS: Scott Pappalardo owned his AR-15 rifle for more than 30 years. He even has a Second Amendment tattoo on his arm.\xe2\x80\xa6'
965789458388828160,2018-02-20 03:25:25,"b""@sameo416 I have said numerous times that it's absolutely wrong that I grew up drinking Shoal Lake water in Winnipe\xe2\x80\xa6 https://t.co/yhggY3OJ2N"""
965745846233964544,2018-02-20 00:32:07,"b""@dkulugutuk It's far cheaper to fly to and from Europe from a Canadian city than to fly anywhere in the north of Canada."""
965246803871334400,2018-02-18 15:29:06,b'RT @AwardsDarwin: There\xe2\x80\x99s a reason the lights are flashing. \xf0\x9f\x98\xa4 https://t.co/bI6tQ99kLm'
965044062905516032,2018-02-18 02:03:28,b'@drjamescurrie @uwlibraries This might mean the King of Hearts will be suing you...'
964954230493609984,2018-02-17 20:06:31,b'@PaulSeesequasis I have a copy of a letter describing the pursuit of Gabriel Dumont to the US border in 1885 by my\xe2\x80\xa6 https://t.co/Hrs688XQU4'
964953594964279297,2018-02-17 20:03:59,b'@PaulSeesequasis Metis with a Gatling gun? They were the victims of such a weapon in 1885. Portraying it the opposi\xe2\x80\xa6 https://t.co/wYBHwr5f0s'
964951721033089024,2018-02-17 19:56:32,"b""@sc_library Oh no; say it ain't so!  The world's greatest library has raised its prices for used books.  This will\xe2\x80\xa6 https://t.co/g8rFphKFP9"""
964743929601048576,2018-02-17 06:10:51,"b'RT @AlleyDalley: #YEG My good friend &amp; former @EdmontonEsks, Randy Spencer, just had his 2 #GREYCUP rings, wallet, &amp; car keys stolen from t\xe2\x80\xa6'"
964368986761699330,2018-02-16 05:20:58,"b""RT @MarkCherrington: Off topic: Disappointed we've lost this #Alberta event that highlights this great province of ours. https://t.co/qsy3Q\xe2\x80\xa6"""
964368234521681926,2018-02-16 05:17:58,"b'@SenSincmurr Too true, unfortunately, and the combination of fear and firearms is a very dangerous mix.  The weapon\xe2\x80\xa6 https://t.co/q3Kq55dzLv'"
964326446259777536,2018-02-16 02:31:55,"b'RT @tom_nalyob: In America, they say the only way to stop a bad guy with a gun is a good guy with a gun. \n\nBut that just sounds like someon\xe2\x80\xa6'"
964230022708916224,2018-02-15 20:08:46,b'RT @JamieOGrady: This cartoonist deserves an award. https://t.co/GZ6SQZHAJ4'
964222782547509248,2018-02-15 19:40:00,b'@apihtawikosisan NEVER give up!'
964222363452694528,2018-02-15 19:38:20,b'RT @drjamescurrie: The majority of faculty in my department are not white https://t.co/w866qVE2YM'
964221507445571584,2018-02-15 19:34:56,b'@CBCSaskatoon I cannot understand how two professional investigators can drive around without noticing a witness si\xe2\x80\xa6 https://t.co/O7BN5kzSkQ'
964218460170469376,2018-02-15 19:22:49,b'@apihtawikosisan No; you can do it in this life!  I read about someone who could write for 2 minutes each day.  He\xe2\x80\xa6 https://t.co/wmVsHYIbnc'
964204379619278848,2018-02-15 18:26:52,b'RT @AwardsDarwin: I\xe2\x80\x99d have brown pants and it wouldn\xe2\x80\x99t be because of the mud. https://t.co/otwAPcZYy8'
964202472616030208,2018-02-15 18:19:18,b'@Pam_Palmater I am waiting for an explanation of how sitting in a car while someone else allegedly attempts to comm\xe2\x80\xa6 https://t.co/08wO4EA3db'
964005236518998017,2018-02-15 05:15:33,"b""RT @MichifMan: Cyril Thistle Jr - my Dad.\nAlgonquin/Scot\nMissing/murdered since '82 \nContact Peel Police or me if seen\nPls help our fam fin\xe2\x80\xa6"""
964004269383811073,2018-02-15 05:11:42,"b""@drjamescurrie Greetings!  Are you familiar with this author? I'm finding the first 3 chapters of this book very in\xe2\x80\xa6 https://t.co/HPFGRPBcKu"""
963926822076366848,2018-02-15 00:03:57,b'@ZoeSTodd What was their alleged crime?  Breathing?'
963926431863488512,2018-02-15 00:02:24,b'RT @AwardsDarwin: Darwin Awards. https://t.co/l5uOOwsxUC'
963926330843672576,2018-02-15 00:02:00,"b'@ZoeHTodd Before long, someone will claim that more guns would have made it possible to prevent this...'"
963916384206913537,2018-02-14 23:22:29,"b'@PaulSeesequasis ""Fear and anxiety"" plus weapons are a deadly combination in isolated settings.  As long as they ex\xe2\x80\xa6 https://t.co/0YIHch65Lp'"
963914210945060864,2018-02-14 23:13:51,"b'@CTV_TysonFedor I wonder if criminals will conclude that having murdered one person, there will be no danger of a l\xe2\x80\xa6 https://t.co/fGLnijzOGy'"
963889793393307648,2018-02-14 21:36:49,"b'@GwitchinKris This is the same federal government that has to seek ""royal assent"" (approval from a foreign monarch)\xe2\x80\xa6 https://t.co/f7xZry3sdm'"
963889184963420161,2018-02-14 21:34:24,b'@GwitchinKris What? Are you saying someone dared to follow a centuries-old tradition without asking permission from\xe2\x80\xa6 https://t.co/28xreyax2W'
963887480612175872,2018-02-14 21:27:38,b'RT @AwardsDarwin: Crazy game. https://t.co/QX2i5oiTE2'
963531303369900033,2018-02-13 21:52:18,"b""@RichardMadan He's making America grate again..."""
963480209335795712,2018-02-13 18:29:17,b'@WarickCBC I wonder if Burge will dare to recommend an appeal.'
963262254152953856,2018-02-13 04:03:12,"b'@KevinLamoureux Congratulations on the forthcoming healing forest.  We need a healing country, but that will be a v\xe2\x80\xa6 https://t.co/aHJv7Ce3YP'"
963261372308926464,2018-02-13 03:59:42,"b""RT @KevinLamoureux: My deep and sincere sympathies to Boushie's family and friends. My sympathies to everyone horrified and traumatized by\xe2\x80\xa6"""
962535966211678209,2018-02-11 03:57:12,b'RT @AwardsDarwin: Don\xe2\x80\x99t go fishing in sheep country. https://t.co/na0O8EuBnr'
962532636273999872,2018-02-11 03:43:58,b'RT @AwardsDarwin: Why I don\xe2\x80\x99t go swimming in shark infested water. https://t.co/h15WQoUjfd'
962356176255008768,2018-02-10 16:02:46,"b'@JonnKmech It appears that we live in a country where one person can kill another with a handgun and get off with a defence of ""OOPS!"".'"
962154325681225728,2018-02-10 02:40:41,b'RT @AwardsDarwin: Doing shots on a Friday night. https://t.co/b0K3SBtgty'
961442893788463104,2018-02-08 03:33:43,"b'RT @AwardsDarwin: Gas, shop vac and a lighter, what could go wrong? https://t.co/MOxCkBV9OX'"
961352620211236864,2018-02-07 21:35:00,"b""RT @silentmoviegifs: Buster Keaton's car gets stuck on the train tracks in Parlor, Bedroom and Bath (1931) https://t.co/83Z1tZmT7n"""
961352434298765312,2018-02-07 21:34:16,"b'RT @silentmoviegifs: In Parlor, Bedroom and Bath Buster Keaton was reworking a gag from his first short, One Week. As Keaton said ""I always\xe2\x80\xa6'"
961076525964472320,2018-02-07 03:17:54,"b""I'm still looking.  I'm hoping someone in Strathcona County might come up with one.  If they contact me, I'll arran\xe2\x80\xa6 https://t.co/Y4nYAHVZq4"""
960982690500509696,2018-02-06 21:05:02,"b""RT @AwardsDarwin: Why you don't stand next to a snow covered railway track.  https://t.co/WUqita6HEG"""
960748827018801152,2018-02-06 05:35:44,"b'RT @PaulSimonMusic: A message from Paul Simon\xc2\xa0\xe2\x80\x94 February 5, 2018\nhttps://t.co/kdNRIgKswR https://t.co/EFq3Ry4cUp'"
960740869442711552,2018-02-06 05:04:07,b'RT @_youhadonejob1: This is savage. https://t.co/9n2xVZCHB4'
960727521946779648,2018-02-06 04:11:05,b'@MarkCherrington Hi Mark\nDM me. I may be able to help.'
960725032354775045,2018-02-06 04:01:11,b'RT @AwardsDarwin: Don\xe2\x80\x99t drop fireworks down manholes. https://t.co/KzBrHDohbz'
960624894756007936,2018-02-05 21:23:17,b'RT @AwardsDarwin: I\xe2\x80\x99ll just put a firework under this bowl. https://t.co/WfMkgIUSii'
960519751448457216,2018-02-05 14:25:28,b'RT @silentmoviegifs: Harold Lloyd in Never Weaken (1921) https://t.co/La7QQnHTU1'
960391534708326400,2018-02-05 05:55:59,b'RT @AwardsDarwin: If you keep a bear chained up you deserve to be attacked. https://t.co/nPXLnBaAgz'
960391121594732550,2018-02-05 05:54:21,b'RT @jamescielen: Traveling with my mom this cruise. Here are some of the animals we saw by the port. https://t.co/8ka0Ukb74j'
960390300370845696,2018-02-05 05:51:05,b'RT @AwardsDarwin: Taking the express route. https://t.co/Uqaiu9frXh'
960389093749215237,2018-02-05 05:46:17,"b""Sherwood Park is said to be the world's largest hamlet.  I hope no one has a plan to erect a gigantic statue of the\xe2\x80\xa6 https://t.co/L2lcKydmZI"""
960360707022712832,2018-02-05 03:53:29,"b'RT @SilentRevue: A fun afternoon with John Aasen and @TheHaroldLloyd in \xe2\x80\x9cWhy Worry?\xe2\x80\x9d, 1923. Thanks @TIFF_NET! #SilentsInTO #TOLovesSilents\xe2\x80\xa6'"
960221471787204608,2018-02-04 18:40:13,b'RT @aliaguyot: What a beautiful day for some bison viewing! #elkisland #parkscanada #yeg #nationalparks @ElkIslandNP https://t.co/axo85c5S4m'
959644412513955840,2018-02-03 04:27:11,"b'RT @JonnKmech: Extremely important. Thank you for doing this, @yegcoalition4hr. #abpoli #ableg #cdnpoli #yeg @MarlinSchmidtAB #humanrights\xe2\x80\xa6'"
959643979175288832,2018-02-03 04:25:28,"b""RT @silentmoviegifs: Harold Lloyd in For Heaven's Sake (1926) https://t.co/7c5CzySXub"""
959544590570106880,2018-02-02 21:50:32,"b""@ericuman @JuliaAngwin She clearly hasn't met some of the journalists that I've known!"""
959521431859048448,2018-02-02 20:18:31,"b'RT @AlastairMcA30: For an assignment, I asked some of my terminal paediatric palliative care patients what they had enjoyed in life, and wh\xe2\x80\xa6'"
959458405466255360,2018-02-02 16:08:04,b'RT @AwardsDarwin: Why women live longer than men.  https://t.co/nmwvh0YYX2'
959457909867397121,2018-02-02 16:06:06,b'@RodFrank12 I wish you and the Council the best.  The future looks bright!'
959457370551214080,2018-02-02 16:03:57,b'@Barbara4742 @cfedio It appears that no government elected here is willing to state we are a country capable of gov\xe2\x80\xa6 https://t.co/EIoPHtLF0J'
959450274631901186,2018-02-02 15:35:45,"b'RT @ManitobaMuseum: You\xe2\x80\x99ve heard of sun dogs, but did you know there are moon dogs too?  Also known as paraselene, moon dogs are very rare\xe2\x80\xa6'"
959298702241181696,2018-02-02 05:33:28,b'@RealCdnSS Will I ever hear an answer?'
959297250684841985,2018-02-02 05:27:42,b'@StrathcoCounty Well done; thank you!'
959292422776700929,2018-02-02 05:08:31,b'RT @PaulSeesequasis: She was a kid. Just a kid. Wrapped in a duvet and thrown into a river. A kid whose father had just been beaten to deat\xe2\x80\xa6'
958900969646911488,2018-02-01 03:13:01,"b""@StrathcoCounty This is an excellent initiative. I've known many people who might be alive today if they had an opp\xe2\x80\xa6 https://t.co/lH12DkktE5"""
958899276104400896,2018-02-01 03:06:17,"b""RT @StrathcoCounty: Mental health needs care &amp; attention too. We're here to help when things aren't fine. No appt needed https://t.co/9dPCa\xe2\x80\xa6"""
958876033230319617,2018-02-01 01:33:56,"b'@cfedio I hope I live to see the day when the people we elect can pass legislation in Canada without requiring ""ass\xe2\x80\xa6 https://t.co/0QuE0pRt6m'"
958873787826520064,2018-02-01 01:25:00,b'@TheoFleury14 The fact that you are doing this is so important! When one of the toughest guys in the country can ta\xe2\x80\xa6 https://t.co/oRhDNYBJCR'
958873168541724672,2018-02-01 01:22:33,b'RT @TheoFleury14: #BellLetsTalkDay  Just ask !!!!! https://t.co/aNAUwqCJnE'
958872929076330496,2018-02-01 01:21:35,b'RT @MarieFrRenaud: My older brother died by suicide almost 20 years ago after struggling for many years with mental illness. We lose far to\xe2\x80\xa6'
958872811899990016,2018-02-01 01:21:08,"b""RT @BGCStrathcona: Mental health is no joke. We are surrounded by it everyday so let's start the conversation #BellsLetsTalk we are always\xe2\x80\xa6"""
958871590988480513,2018-02-01 01:16:16,b'RT @drjamescurrie: Flow charts: a way of life https://t.co/2VPc1xmZn3'
958570488833499136,2018-01-31 05:19:48,b'RT @silentmoviegifs: Here it is slowed down https://t.co/9SAW62QkHp'
958570434861117441,2018-01-31 05:19:35,"b'RT @silentmoviegifs: How to slip on a banana peel, as demonstrated by Buster Keaton\n(Sherlock Jr. 1924) https://t.co/4J0am2KKvk'"
958517495333142528,2018-01-31 01:49:13,b'@ShPk_News It appears it was someone else who lost their cards in our driveway.  I guess I would be a defective detective...'
958404235237908480,2018-01-30 18:19:10,"b""RT @KerryA_: RIP Officer :( My thoughts are with the family, friends, colleagues, and all of the spouses. It's understandable that the focu\xe2\x80\xa6"""
958235410030718976,2018-01-30 07:08:19,b'RT @PhysicsVideo: Making Of Dragon-Stem Goblet https://t.co/zf2Y9frSWz'
958143284202717184,2018-01-30 01:02:15,"b""@TheoFleury14 True.  I have known 22 people who have committed suicide.  I'll never want that number to increase."""
958141871657697280,2018-01-30 00:56:38,"b""@carrickallen1 The last time I was in Central Park was in October of 1965.  Maybe it's time to return..."""
958110289517359104,2018-01-29 22:51:08,b'RT @_youhadonejob1: Your wrong. https://t.co/n2I0XmXZwP'
958109320305983488,2018-01-29 22:47:17,"b'RT @CMHR_News: #OnThisDay in 2017, a man entered a mosque in Quebec City and opened fire. Six people died and 19 were injured. \n\nTake actio\xe2\x80\xa6'"
957706256101199872,2018-01-28 20:05:39,b'RT @centerofmath: A fun/motivational math pun! #funfriday \xf0\x9f\x98\x81\xf0\x9f\x98\x82 https://t.co/FziXPHJx0c'
957696505661411328,2018-01-28 19:26:54,b'Another fine sunny day in Strathcona County without a single mosquito in sight! #Shpk #strathco'
957677623668125696,2018-01-28 18:11:52,b'@ShPk_News It appears someone delivering the paper dropped a Servus ATM card on our driveway.  I turned it in. Now\xe2\x80\xa6 https://t.co/vqperGQNBA'
957404721853050880,2018-01-28 00:07:28,b'RT @JesseBrown: How is this Jordan Peterson tweet anything but explicit racist bigotry? https://t.co/NDmK5im5XF'
957360636043837440,2018-01-27 21:12:17,"b'@PNESchool My grandson is in grade 1 at Pine Street School.  If you can ever use a volunteer magician, let me know!'"
957358605346340864,2018-01-27 21:04:13,"b""@robertparks247 @dave4shwdpark @btonita @katieinthepark @RodFrank12 I was wondering what was being read.  It's alwa\xe2\x80\xa6 https://t.co/VXdwoRTyOM"""
957357868243537920,2018-01-27 21:01:17,b'@silentmoviegifs Time to remember Harold... https://t.co/ccVUDRfcHF'
957354676571185152,2018-01-27 20:48:36,"b""RT @sc_library: It's Day 1 of the Read for 15 Challenge! Help us win by reading for fifteen minutes and then logging your time at https://t\xe2\x80\xa6"""
957096120814944256,2018-01-27 03:41:11,"b'Lots of snow to shovel today, but our climate is avoided by crocodiles, alligators, black widow spiders, giant anac\xe2\x80\xa6 https://t.co/lX1853A77U'"
956658685450764288,2018-01-25 22:42:59,b'RT @btonita: Rex Murphy highlights the ingenuity and innovation and drive of Albertans which allows this province to thrive and to continue\xe2\x80\xa6'
956658578902757376,2018-01-25 22:42:33,b'RT @StrathcoCounty: Let\xe2\x80\x99s get growing #strathco #shpk! We can help you start a community garden in your neighbourhood. Limited number appro\xe2\x80\xa6'
956658545801420800,2018-01-25 22:42:25,"b'RT @RodFrank12: #ABHeartland @ 20, Rex Murphy:\n\n- Albertan\xe2\x80\x99s helped out Newfoundland when fishery collapsed with welcome and jobs. Contribu\xe2\x80\xa6'"
956658356176879617,2018-01-25 22:41:40,"b'RT @MarkCherrington: This afternoon I helped 15yr boy &amp; father advocate for an investigation of ""Carding"" and excessive force. He\'s a nice\xe2\x80\xa6'"
955865358845452288,2018-01-23 18:10:35,b'RT @krystamartellSP: The county RCMP is asking for the public\xe2\x80\x99s assistance in locating this two month old pit bull/lab cross that was taken\xe2\x80\xa6'
955862023186784257,2018-01-23 17:57:20,b'RT @HodgesMohrSHPK: There is definitely good in the world.\n\n#lovethis #MotivationalMonday #giveback #itsthesmallthings #believethereisgood\xe2\x80\xa6'
955836764366647296,2018-01-23 16:16:57,"b'@carrickallen1 I was in Magic Inc. in Chicago in the 90s. I met a retired entertainer, Rudy Horn, who told me about\xe2\x80\xa6 https://t.co/fbIxpNxnm6'"
955835693455978496,2018-01-23 16:12:42,"b'RT @drjamescurrie: Brilliant series - and, as a bonus, features a magician! https://t.co/GMNJO4VfdT'"
955823830739517440,2018-01-23 15:25:34,"b""RT @petanimalpics: if you're having a bad day, watch this https://t.co/QmsF2uU9t5"""
955535108609470464,2018-01-22 20:18:17,b'@BashirMohamed Thank you for doing this.  The disgusting treatment of minorities in Canada is often forgotten when\xe2\x80\xa6 https://t.co/oByUOS9dpP'
955207350532546560,2018-01-21 22:35:53,b'RT @firthyman: \xf0\x9f\x98\xaewhat a shot\xf0\x9f\x91\x8a\xf0\x9f\x91\x8f\xf0\x9f\x91\x8f\xf0\x9f\x91\x8f https://t.co/m00WZzQU2d'
955193230433206273,2018-01-21 21:39:47,b'@MyrnaBDriedger @RoblinParkCC I went to Sunday school at RPCC in the 1950s. My teacher was a part-time bouncer at t\xe2\x80\xa6 https://t.co/SxrZy2Olv5'
955191834292117504,2018-01-21 21:34:14,"b'@sc_library This is an excellent book, worthy of a review by Carl LaFong. https://t.co/aRafVgS9L7'"
955107933817204737,2018-01-21 16:00:51,b'https://t.co/BU39IGGSrk'
955106456046526468,2018-01-21 15:54:58,b'RT @CandidaRifkind: Excited about this series: https://t.co/oMw7DVw9RV'
955105811927191552,2018-01-21 15:52:25,"b'What a great story.  Perhaps a school in #strathco should try this in the river.  ""Paddle to the Sea"" is a good NFB\xe2\x80\xa6 https://t.co/BqxXegs9ej'"
955104724163833856,2018-01-21 15:48:05,"b""@FestivalPlaceSP The Abbey Road show was excellent last night, and the venue is world class! It's one of the many gems in #strathco #shpk"""
954840191369277440,2018-01-20 22:16:56,b'RT @RodFrank12: Congratulations on your grand opening today Park Integrative Health - wish you much success in #strathco. https://t.co/xPtw\xe2\x80\xa6'
954747985702789120,2018-01-20 16:10:32,"b""RT @drjamescurrie: 'Nuff said https://t.co/K4kZSrTYzQ"""
954574891159666689,2018-01-20 04:42:43,b'RT @drjamescurrie: And sanitation... https://t.co/B79NN4VjEz'
954574005968674817,2018-01-20 04:39:12,b'@RealCdnSS The samosas at the Sherwood Park Superstore are incredibly good.  How about bringing spruce beer to Albe\xe2\x80\xa6 https://t.co/ARy75gK4hL'
953852131420774400,2018-01-18 04:50:44,b'Whoever decided the County should make gravel available to residents for their sidewalks has probably prevented cou\xe2\x80\xa6 https://t.co/fktt3pvXOO'
953644760765353984,2018-01-17 15:06:43,b'RT @tastyshops: Duck army on road https://t.co/Wpgewm416A'
953644059058466816,2018-01-17 15:03:56,"b'RT @AFPAElliott: On this date, three year ago RCMP officer, Cst. David Wynn\xe2\x80\x99s life was taken in the line of duty. Never forgot and keep mov\xe2\x80\xa6'"
953153686624092160,2018-01-16 06:35:22,b'RT @carrickallen1: @BillStevensWHS https://t.co/Pvs9pEWf5i'
953148755447959552,2018-01-16 06:15:46,b'@MarkCherrington I hope you remember me from Sherwood Park.  I still have a kite or two for you to give to your young clients. #shpk'
953053937967312896,2018-01-15 23:59:00,b'RT @mckitrick_annie: Good reminder on this day #MLKJr @StrathcoDiv #shpk https://t.co/8MpztjTo7j'
952646739332276225,2018-01-14 21:00:56,"b""RT @rosannecash: Tomorrow is the 50th anniversary of my dad's recording At Folsom Prison.  I gave this interview in 2008, on the 40th anniv\xe2\x80\xa6"""
952457213465055232,2018-01-14 08:27:50,"b""@RealCdnSS I met a gentleman from Quebec City in the #shpk store today.  We agreed it's time to bring bi\xc3\xa8re d'\xc3\xa9pine\xe2\x80\xa6 https://t.co/s3SA3qDCHm"""
952306736362213376,2018-01-13 22:29:53,b'Check out the @TwBookClub Book of the Day by @philipmasiello for a FREE chance to win $20. https://t.co/o4g8Sz7HSw'
952058427622154240,2018-01-13 06:03:12,"b'@jana_pruden Hey, remember the time it never got above -20 every day and went below -30 every night for 30 consecut\xe2\x80\xa6 https://t.co/F0KY0bNfCz'"
952048764566384640,2018-01-13 05:24:48,b'RT @CBCEdmonton: Check out this amazing timelapse video shot by @McNallyHigh student Noah Sabatier! Such a great way to see our beautiful C\xe2\x80\xa6'
951948712909025280,2018-01-12 22:47:14,b'@jamescielen Ya rat!  You still look like you are eighteen!'
951915327926906880,2018-01-12 20:34:34,b'@StrathcoCounty The design of the survey can easily produce misleading results. I think running a red light should\xe2\x80\xa6 https://t.co/S3kJXgBSI5'
951910570361368576,2018-01-12 20:15:40,"b'""Relics"" playing at a Seniors dance?  Someone said Gerry and the Pacemakers now have pacemakers. I guess we are all\xe2\x80\xa6 https://t.co/C3mvko1jqo'"
951847475698003968,2018-01-12 16:04:57,b'RT @StrathcoCounty: Did you miss the #wintershow on Wed night? WATCH it here: https://t.co/t2mFxRu2ZI Thanks to our sponsors @productionwor\xe2\x80\xa6'
951847409780342784,2018-01-12 16:04:41,b'@StrathcoCounty @productionworld @HodgesMohrSHPK @cocacola_ca @PastaPantry @ImperialOil That is a world class display!'
951846869260320768,2018-01-12 16:02:32,"b""@StrathcoCounty The link to the survey isn't working."""
951694338295177217,2018-01-12 05:56:26,b'@annsullivancbc @CBCEdmonton There goes my plan to send a fully-clothed streaker to create a scandal...'
951689950952546304,2018-01-12 05:39:00,b'@CBCTerry Someone is making America grate again...'
951319221933301761,2018-01-11 05:05:51,"b""@carrickallen1 I've been looking at a lot of Peter Cook and Chuck Berry material and listening to Hancock's Half Ho\xe2\x80\xa6 https://t.co/LW9nkJMZ0q"""
951318489892966400,2018-01-11 05:02:57,"b""@carrickallen1 Twitter became more annoying than informative to me so I decided to buzz off for a while. I'll be mo\xe2\x80\xa6 https://t.co/ZvcHUUQiFv"""
951104822245142528,2018-01-10 14:53:54,"b""@carrickallen1 I was hoping you would still be on here.  -24 here; I hope it's warmer where you are!"""
951094885163020288,2018-01-10 14:14:25,b'RT @WinnipegNews: Hockey meets reconciliation https://t.co/zzL2yGVXdO'
950982475697680384,2018-01-10 06:47:45,b'#shpk #strathco \nCalgary is planning a nude event.  I think we should send a fully-clothed streaker to create a scandal.  \nAny volunteers?'
