id,created_at,text
970656922692194304,2018-03-05 13:46:58,b'RT @hmoshontz: I have been thinking a lot about a phrase that was used during the #SPSP2018 panel on student perspectives on open science.\xe2\x80\xa6'
970500817785704448,2018-03-05 03:26:40,"b'@ipsy ... I think he said ""cast"" \xf0\x9f\x99\x83'"
969671063285137408,2018-03-02 20:29:31,b'RT @legogradstudent: One piece of advice about admit visits: Pay attention to the grad students there. Are they cohesive? Honest with you?\xe2\x80\xa6'
969648076444131329,2018-03-02 18:58:11,b'Go @aaronreuben! https://t.co/DFkbofhgFk'
969313549251153921,2018-03-01 20:48:53,"b'My first summer in grad school, @felipedebrigard pointed out a curious PNAS paper arguing we tend to have amnesia f\xe2\x80\xa6 https://t.co/43ME7RcH9N'"
967877005457985542,2018-02-25 21:40:35,b'RT @Ben_Baby: Best way to do a taco tour in Austin: \n1. Rent a car\n2. Drive to San Antonio\n3. Eat tacos\n4. Drive back to Austin https://t.c\xe2\x80\xa6'
966906746630324224,2018-02-23 05:25:07,"b'RT @JMGrohNeuro: Can we do this, @DukeAdmissDean ? https://t.co/nwOUJdYldo'"
966517358360657920,2018-02-22 03:37:49,b'Next step is to turn thoughtful scribbles into a living document to capture collective best practices &amp; gather exis\xe2\x80\xa6 https://t.co/qha7fDWhS6'
966516716678336512,2018-02-22 03:35:16,"b""Brainstormed around lots of key ideas, including teaching of 'nitty gritty' skills &amp; advocating for mentees beyond\xe2\x80\xa6 https://t.co/C2Gywzap6g"""
966511472691032064,2018-02-22 03:14:26,b'Started with convo about why is mentoring important? Highlights:\n\n- a rising tide lifts all boats: support for RAs/\xe2\x80\xa6 https://t.co/mKysEPcAyC'
966510507791437826,2018-02-22 03:10:36,"b'Helped to plan a wildly exciting event at @DukePsychNeuro today, where grad students (+faculty, post-doc, undergrad\xe2\x80\xa6 https://t.co/k9QJJMM3yW'"
966015960594501633,2018-02-20 18:25:27,b'RT @DurhamNC: FOGGY DURM \xf0\x9f\x90\x82\xf0\x9f\x8c\x81\n\n\xf0\x9f\x93\xb8 by Ashley Adams https://t.co/uLUc6Sroyh'
965345148904275969,2018-02-18 21:59:53,"b""@VirginiaGlazier Super clear &amp; concrete! Also love that expectations for the mentor are laid out, too. I've seen so\xe2\x80\xa6 https://t.co/4LDfdpogjm"""
965015331881259008,2018-02-18 00:09:18,"b'Exceedingly proud of @cavarres, her ongoing research into a timely &amp; important topic, and her data blitz today at\xe2\x80\xa6 https://t.co/CeOrPziotT'"
965014181274619911,2018-02-18 00:04:44,b'Today in out of context conference slides... #NCCognition #AcademicTwitter https://t.co/i3Iap2OFNs'
963938608305594368,2018-02-15 00:50:47,b'RT @heatherchristle: Happy Valentines Day from Lakoff and Johnson\xe2\x80\x99s list of entailments for the metaphor \xe2\x80\x9cLOVE IS A COLLABORATIVE WORK OF A\xe2\x80\xa6'
963933836060086272,2018-02-15 00:31:50,"b""Academia is weird. People are weird. We're all trying. I love the idea that making generous norms explicit could help! (4/4)"""
963933599908204544,2018-02-15 00:30:53,b'1. We will always judge positive intent.\n2. We will talk TO someone before we talk ABOUT them.\n3. We will make one another successful. (3/4)'
963933517133549568,2018-02-15 00:30:34,"b'Physician friend shared a set of ""rules of engagement"" from a company summit. If I had a lab, I think these would b\xe2\x80\xa6 https://t.co/1q8TK3jTAK'"
963933457075396608,2018-02-15 00:30:19,"b'Have been thinking about culture (lab, but also classroom, company, &amp;c). Like most important things that seem to ap\xe2\x80\xa6 https://t.co/3dXkFGuC6c'"
963868914924081152,2018-02-14 20:13:51,b'RT @biolumiJEFFence: One year ago today I submitted a paper that will always stand out among the rest.\n\nThis one was accepted without revis\xe2\x80\xa6'
963517583944282112,2018-02-13 20:57:47,b'@Ntlhomecoming What a stellar line-up. Will the rest of the artists also be playing both Sat &amp; Sun?'
963111342436700160,2018-02-12 18:03:32,"b'Q: How do we (as psychologists, as scientists, as fallible meat machines) ""bake critical self-reflection into the c\xe2\x80\xa6 https://t.co/qeAdbcvYSN'"
962319141926526978,2018-02-10 13:35:37,b'RT @brookLYNevery1: Me: %&gt;% \n\nMy brain: https://t.co/bgDojrQrVX'
960636674710568961,2018-02-05 22:10:05,b'RT @BBBaumgartner: Oh my god. I think the Eagles could clinch the NFC East.'
959145003598532610,2018-02-01 19:22:43,"b'@realDonaldTrump We support bipartisan legislation that will protect #DACA recipients. The lives of ~800,000 Dreame\xe2\x80\xa6 https://t.co/gMxRNOQrpe'"
958769907205844992,2018-01-31 18:32:13,b'RT @GregoryRSL: I was a clueless kid from #Flint and at every stage of my career a mentor reached down to me and hoisted me onto their shou\xe2\x80\xa6'
956317132123525121,2018-01-25 00:05:46,b'RT @JMGrohNeuro: I plan on using singular they always and forever in her honor. https://t.co/OWBOGlbP2p'
955498181885743104,2018-01-22 17:51:33,"b""Have been brainstorming with colleagues about what we do and don't get taught about mentoring and mentorship as gra\xe2\x80\xa6 https://t.co/CmpKlG5CcC"""
949668612599578624,2018-01-06 15:46:55,"b'RT @annegalloway: Best advice I got when I entered academia: ""We\'re all smart. Distinguish yourself by being kind.""'"
948575209724039168,2018-01-03 15:22:08,"b'I learned a ton, wrote a thing, met stellar people, got plugged into flourishing scicomm networks, and had a blast\xe2\x80\xa6 https://t.co/FpqqAWNLIE'"
948573774143741953,2018-01-03 15:16:26,b'@LiddyKaine  https://t.co/xgy8HCdr3N'
948330523419607043,2018-01-02 23:09:50,"b'RT @edyong209: I wrote a remembrance of Ben Barres. He was a great scientist, but in championing diversity, he also made it possible for ot\xe2\x80\xa6'"
945743260219330560,2017-12-26 19:48:58,b'RT @vgr: Surprisingly cogent meditation on probabilistic thinking in the NYT. \n\nTakeaways:\n\n1. People round probabilities up to 100% or dow\xe2\x80\xa6'
945739006960168960,2017-12-26 19:32:04,b'THIS IS IMPORTANT h/t @aaronreuben https://t.co/G76nBwa7Xg'
945309156608761856,2017-12-25 15:04:00,"b'RT @DTWillingham: Whether the joy is explained to you via direct instruction or you construct it yourself, I hope you have a very merry Chr\xe2\x80\xa6'"
945137549311389697,2017-12-25 03:42:06,"b""@paulbloomatyale Jerome Bruner, Flannery O'Connor, others have written about argument versus narrative as distinct\xe2\x80\xa6 https://t.co/rFF4GIbWvN"""
943960808366706688,2017-12-21 21:46:09,"b'@lkfazio What a cool class! What about misinformation &amp; its correction (Lewandowsky et al., 2012 for a readable rev\xe2\x80\xa6 https://t.co/RzP2JTiBNc'"
942052721175269376,2017-12-16 15:24:05,"b""RT @JMGrohNeuro: Important thread.  Anecdotally but maybe someone can point to data: sound coding algorithms for cell phones don't appear o\xe2\x80\xa6"""
940973001163595776,2017-12-13 15:53:40,b'@felipedebrigard \xf0\x9f\x99\x8f\xf0\x9f\x8f\xbc'
940958904611213313,2017-12-13 14:57:39,"b'@jrosenberg6432 Thanks a bunch, Josh -- we think so, too!'"
940958033349414912,2017-12-13 14:54:11,"b'My adviser (Beth Marsh) and I wrote a thing re: ""fake news""! We argue that teaching folks to recognize bad sources\xe2\x80\xa6 https://t.co/llDHrmSGGS'"
940697862387720194,2017-12-12 21:40:22,"b'RT @markedoten: fan theory: Margot and Robert *are* the cats (the absent Mu and Yan), they have been sent to cat hell for unspeakable cat c\xe2\x80\xa6'"
939550339463897088,2017-12-09 17:40:31,"b'RT @AstroKatie: Break your brain on this: https://t.co/4J74q0ZtN6\n\nAll the lines are the same shape. Article by @Neuro_Skeptic, illusion by\xe2\x80\xa6'"
938282255633518593,2017-12-06 05:41:36,"b""LA and LA-associated people, here's how to contact folks still sponsoring LA Weekly. Ofc, good to come from a place\xe2\x80\xa6 https://t.co/raQCF6hZYj"""
938281832780587008,2017-12-06 05:39:56,b'Hahaha no #BoycottLAWeekly https://t.co/6qUOFwHFra'
938136346216017921,2017-12-05 20:01:49,"b'It is so tempting to fall into a ""banking model"" of education: instructors exist to fill students\' heads with knowl\xe2\x80\xa6 https://t.co/YmU4d3ffBu'"
938091623816327168,2017-12-05 17:04:06,"b'""But basing policy on classical economic theory is like basing a contract on philosophy. Effective policy cannot be\xe2\x80\xa6 https://t.co/4HEbZSTUAO'"
937891375584104448,2017-12-05 03:48:23,"b'@Passionweiss @LAWeekly Hey @AngelCityBeer, I carry you everywhere I go. Have you heard that @LAWeekly was bought b\xe2\x80\xa6 https://t.co/vwi9u8lmoL'"
937780119246172160,2017-12-04 20:26:18,"b""Teaching isn't all (or even mostly) happy, glowy moments. Even in the most student-centered classrooms, instructors\xe2\x80\xa6 https://t.co/ulBo1nOmQE"""
937712667871121408,2017-12-04 15:58:16,"b'""An education in creativity lies in the sweet spot between unstructured play and imitating models. This sweet spot\xe2\x80\xa6 https://t.co/roIfGQOIY7'"
937692705450332160,2017-12-04 14:38:57,b'@CaitlynCardetti @iamscicomm @ziontree Also interested in links/cites!'
937360064272363520,2017-12-03 16:37:09,b'RT @lisadebruine: Does anyone in visual perception know why you can hear this gif? https://t.co/mcT22Lzfkp'
937358975485534208,2017-12-03 16:32:49,b'RT @natlsciservice: Here\xe2\x80\x99s another fun one: school teachers won\xe2\x80\x99t be able to deduct the cost of school supplies they buy for their students\xe2\x80\xa6'
936993414113087490,2017-12-02 16:20:13,b'Huh. https://t.co/i4rrAekyl7'
936989531051626496,2017-12-02 16:04:47,"b""@SenatorBurr @MilitaryTimes Senator, I'm proud to be a graduate student in North Carolina. If you're proud of your\xe2\x80\xa6 https://t.co/JIjmbrnwqX"""
936717280276303873,2017-12-01 22:02:57,"b'@comscicontri, are you guys planning on hosting for 2018? Asking for a colleague, and hoping the answer is yes!'"
936654719661019137,2017-12-01 17:54:22,"b'.@SenatorBurr, would love to leave your office thoughts on how this tax bill would devastate your constituents imme\xe2\x80\xa6 https://t.co/2EjpDqrMiD'"
936346251045597184,2017-11-30 21:28:37,b'@SaltyButtons But do you have a ~FESTIVE FIREPLACE~'
936345020961120256,2017-11-30 21:23:44,"b""The undergrad scholar I'm collaborating w takes Qualtrics output to Shiny app (methods, interactive plots, inf stat\xe2\x80\xa6 https://t.co/eoqI3eDHRy"""
936144962969841664,2017-11-30 08:08:46,"b'A needed reminder for me: support independent journalism at any cost. The world literally depends on it, and someho\xe2\x80\xa6 https://t.co/p0fbOQdRLe'"
935608527128875012,2017-11-28 20:37:10,b'A thousand times yes https://t.co/kxFJqbVPyU'
935576157478514689,2017-11-28 18:28:32,"b'RT @laurahelmuth: Attn science students, grad students &amp; postdocs: Apply SOON for the @AAASMassMedia Fellowship, a FANTASTIC program. https\xe2\x80\xa6'"
934488195432988673,2017-11-25 18:25:22,"b'Triangle peeps, did you know a new local home 4 comedy (@PITchapelhill) exists now and @AlexSchmidty is running a p\xe2\x80\xa6 https://t.co/irlwhYu8R2'"
934472639237599233,2017-11-25 17:23:33,b'RT @felipedebrigard: New deadline for applications for #SSNAP 2018: December 10. Please RT. @Duke_SSNAP'
933819778195603456,2017-11-23 22:09:19,b'@SantaBarbaraZoo Reminds me of https://t.co/sfMvQJ9tBO'
933818990450819072,2017-11-23 22:06:11,"b'.@SantaBarbaraZoo, did you know Little Mac is a pro photobomber? https://t.co/t63rxoduiU'"
932792081889685505,2017-11-21 02:05:37,"b'RT @DukePsychChair: P&amp;N\'s Elika Bergelson shows how babies\' brains are driven by a ""search for meaning,"" in new PNAS paper  https://t.co/xP\xe2\x80\xa6'"
932791445764825089,2017-11-21 02:03:05,b'@LiddyKaine This explains stuff'
932123532154216448,2017-11-19 05:49:02,"b""RT @ChrisMarsicano: As y'all know, I study higher ed lobbyists and used to work for one. A friend asked how I would lobby against the Gradu\xe2\x80\xa6"""
931316260356243456,2017-11-17 00:21:14,b'@ThomTillis &amp; @SenatorBurr Your colleagues in the House want me to pay $10k more in taxes on my $30k salary for stu\xe2\x80\xa6 https://t.co/RjvwrOJRIh'
931252353671553024,2017-11-16 20:07:17,"b'@DeepMindAI Haha, yes -- works well for any grad school task, unfortunately &amp; hilariously'"
931200552419168256,2017-11-16 16:41:27,b'Gif fodder from @DeepMindAI learning how to walk'
931200226618167297,2017-11-16 16:40:09,b'Live footage of me figuring out how to write fellowship applications https://t.co/ikhb3erZOW'
930884888571600896,2017-11-15 19:47:07,b'@SenToomey @GOPSenFinance @jctgov Your vote for this tax bill is a vote against your constituents. If your position\xe2\x80\xa6 https://t.co/0GVvwi0XOg'
930884193030164487,2017-11-15 19:44:21,"b'@SenatorBurr @NFIB Personally, I make less &lt;$30k a year as a grad student. This tax bill means ~$9k more/year, clos\xe2\x80\xa6 https://t.co/Dm7IuFhTR3'"
930883320304594945,2017-11-15 19:40:53,"b""@SenatorBurr @NFIB I'm a Durham resident. Eliminating the individual mandate decimates the # of low-income people e\xe2\x80\xa6 https://t.co/zkKNy1VCk9"""
930817698870759426,2017-11-15 15:20:07,b'@JordanPeele @Travon Referencing this probs fyi https://t.co/vUBGFCYybB'
930817195126509569,2017-11-15 15:18:07,b'@SenatorBurr Vote no on the new tax bill. One of the MANY ways it fails your state is its devastating stance toward\xe2\x80\xa6 https://t.co/4DzDV3rrLQ'
930563439013105664,2017-11-14 22:29:47,b'@aaronreuben Damn it.'
930560396045537280,2017-11-14 22:17:42,"b'@marike_cogneuro So nice to chat with you at #SfN17 about open science, being an editor, @NatureHumBehav. Appreciat\xe2\x80\xa6 https://t.co/fmsG7JNcNK'"
930525586681991168,2017-11-14 19:59:22,b'@DTWillingham It was a pleasure to hear your talk yesterday at #SfN17! Ty for sharing concrete actions framed aroun\xe2\x80\xa6 https://t.co/NsQ2uwL61W'
930519164531412992,2017-11-14 19:33:51,"b'@slars0n @demishassabis @DeepMindAI But def interesting to think about. For example, in organisms, computational mo\xe2\x80\xa6 https://t.co/U98JTyQkYU'"
930518459984818176,2017-11-14 19:31:03,"b""@slars0n @demishassabis @DeepMindAI Can't fault the AI guy for not diving into cells! Poster floor suggests yes, of\xe2\x80\xa6 https://t.co/YoH87G3cqw"""
930508842638761984,2017-11-14 18:52:50,"b'@slars0n @demishassabis @DeepMindAI Is ""actual neuroscience"" like the ""real America""? (Sass aside, if neuroscience\xe2\x80\xa6 https://t.co/DMcXe8C3y4'"
930503896837050369,2017-11-14 18:33:11,b'@demishassabis @DeepMindAI We deal with incredibly complex systems in an amazing way: intuition. Go Grandmasters ma\xe2\x80\xa6 https://t.co/Aq9v4SsVJ7'
930500795434487809,2017-11-14 18:20:52,b'Bold vision setting from @demishassabis of @DeepMindAI: Solve intelligence. And then use it to solve everything els\xe2\x80\xa6 https://t.co/jdrBJgPoUO'
930466385532194816,2017-11-14 16:04:08,"b'RT @dstephenlindsay: My fav line in Wheeler\'s piece on science talks:  ""If knowledge and a deep desire to be understood are your strongest\xe2\x80\xa6'"
930431061691158528,2017-11-14 13:43:46,"b""@okaysteve Fyi -- I've left reprints on a board before when I had to present the thing elsewhere/leave early/etc.  Possible explanation! \xf0\x9f\xa7\xa0"""
930430401918758913,2017-11-14 13:41:09,b'RT @Neubadah: I\xe2\x80\x99m at a huge conference for neuroscientists right now &amp; wanted to attend a session on \xe2\x80\x9cAdressing the issues facing women in\xe2\x80\xa6'
930094687809163264,2017-11-13 15:27:08,"b'Impactful undergrad research should be good science, happen early &amp; often, and inclusive, esp of non-research colleges. - David Asai #SfN17'"
929561106825273344,2017-11-12 04:06:52,"b'RT @Grimhawk1: Registration at #sfn17 is &gt;29,000 https://t.co/gBQEs98wJy'"
929207793449566208,2017-11-11 04:42:56,"b'@emariepetersen Thank you, Emma!!'"
928635816972292096,2017-11-09 14:50:06,"b""Just RSVP'd to this! #SfN17 https://t.co/yctiCTrXHv"""
928469648043053056,2017-11-09 03:49:48,"b'""False dichotomies are good at one thing: preserving a status quo. They\xe2\x80\x99re a terrible framework for solving complex\xe2\x80\xa6 https://t.co/1YKPhNg87R'"
928468324220010501,2017-11-09 03:44:33,"b'On writing intensely for short periods of time: ""In this way, I\xe2\x80\x99d not only complete more work..., but reach a menta\xe2\x80\xa6 https://t.co/jNoznLvqDg'"
928344554801115142,2017-11-08 19:32:44,"b'""...This suggests that teachers\xe2\x80\x99 beliefs about mathematical ability may be a better predictor of the way they will\xe2\x80\xa6 https://t.co/SjqpXYlDt7'"
927947475658395648,2017-11-07 17:14:53,"b'and again @ a fun, bonus award session (6:30-8:30, Hall E, Sat). Also open to chats abt octopuses, board games, beer, Ethiopian food, etc.!'"
927947078885572608,2017-11-07 17:13:18,"b""Let's chat about neuroscience &amp; education, my 2 fave things! Find me and my poster at the Theme J session on Saturday (1 to 5pm, Hall A)..."""
927947004499591169,2017-11-07 17:13:00,"b""Young scientists do authentic neuroscience expts using zebrafish &amp; rats online in Rex! Here's my #SfN17 poster: https://t.co/WfQ3DhORcW"""
926568483592327168,2017-11-03 21:55:15,b'RT @tim_cato: this stat is still absurd https://t.co/wWDCO9ls4R'
925471575989805056,2017-10-31 21:16:32,"b""@SenatorBurr @SenThomTillis Before #HauntMyRep, there was #CocksNotGlocks. Wonder what'll come next from childhood\xe2\x80\xa6 https://t.co/DmAXU3CLiz"""
925471015207043072,2017-10-31 21:14:19,"b'Just pledged to #HauntMyRep forever if I die bc of immoral, obstructionist policies https://t.co/gmWSEKzZrA @SenatorBurr  @SenThomTillis'"
925134343512711170,2017-10-30 22:56:30,"b""RT @kathrynschulz: I know y'all are busy considering indictments. But perhaps you should take a break and consider, as I did, the yeti. htt\xe2\x80\xa6"""
925132929822535680,2017-10-30 22:50:53,b'RT @RosasBrain: Looking for a cute volunteer opportunity @DukeU? @bharedogguy needs volunteers for his new puppy center: https://t.co/9kV8y\xe2\x80\xa6'
924998578073952257,2017-10-30 13:57:01,b'RT @bluthquotes: https://t.co/gKSo7OOB3A'
923580983265329152,2017-10-26 16:04:00,"b'RT @AndreiCimpian: ""Gender inequality is due to bias, not differences in behavior"" via @ancsaaa3 https://t.co/uNuqJa47h3'"
923348747366617088,2017-10-26 00:41:11,b'RT @neuroschnitzel: [my TED talk notes]\noceans are complex like human brains\n\nPacific trash vortex is concentrated plasticity \n\nwater has m\xe2\x80\xa6'
922546505990443009,2017-10-23 19:33:21,"b'RT @edyong209: This is exceptional, and deserves your time. https://t.co/9S1dURuYM8'"
921481062701813761,2017-10-20 20:59:40,b'Brava -- a handy overview and bonanza of open science links &amp; resources! #openscience https://t.co/P2vhdScyWh'
921204919843131393,2017-10-20 02:42:22,b'RT @DurhamCounty: https://t.co/2ggAwpCC2i'
921129939063230464,2017-10-19 21:44:25,b'@PigsAndPlans  https://t.co/L27hiuVhuP'
921128636027166721,2017-10-19 21:39:15,b'@PigsAndPlans 1. @rihanna \n2. @MaraHruby \n3. @SylvanEsso'
921127489002459136,2017-10-19 21:34:41,"b'This will 100% be dope. LA and LA-adjacent friends, make it to this https://t.co/h27tkUrWEO'"
920754215470936065,2017-10-18 20:51:26,b'\xf0\x9f\x98\x82 https://t.co/FEQ6g150SP'
920500556237561857,2017-10-18 04:03:29,b'Find our pre-print here! https://t.co/ZobNjjThGq #openscience https://t.co/s9q95il5eA'
920463135466754049,2017-10-18 01:34:47,b'RT @tobigerstenberg: Hot off the press: Our paper in Psychological Science shows how people spontaneously engage in counterfactual simulati\xe2\x80\xa6'
920461141125599232,2017-10-18 01:26:52,"b'@EdSurge @FiftyThree A4. Makes beautiful images that can be saved for later, and T can still circulate around class\xe2\x80\xa6 https://t.co/BV7IQFw7Ig'"
920461052558610432,2017-10-18 01:26:30,"b'@EdSurge A4. Eventually streamed iPad -&gt; laptop -&gt; projector. Used @FiftyThree Paper app for flexible, beautiful dr\xe2\x80\xa6 https://t.co/BqZsr9CxG9'"
920460138787561473,2017-10-18 01:22:53,"b'@EdSurge A5. Infrastructure allowing instruction to be deeply interdisciplinary (across subjects, grades, etc.)\xe2\x80\xa6 https://t.co/vYb2bm7C0S'"
920458757376806912,2017-10-18 01:17:23,b'@EdSurge A4. Have horrible handwriting on board &amp; hate idea of being tethered to front. Changes how front of room i\xe2\x80\xa6 https://t.co/pa2DItMTv7'
920455673112121345,2017-10-18 01:05:08,b'@EdSurge A2. Is the space authentic to both the community: T + Ss? One my favorite parts of classroom was a record\xe2\x80\xa6 https://t.co/kTQSHMXJpz'
920455341632053250,2017-10-18 01:03:49,"b'@EdSurge A2. Is there room (walls, bulletin boards, posters, ceilings even) for Ss and T to co-create space as the\xe2\x80\xa6 https://t.co/wjJtlkPp5W'"
920454917940301824,2017-10-18 01:02:08,"b'@EdSurge A2. Is S seating modular enough to allow for group work of varying sizes, homogenous pairs, heterogenous p\xe2\x80\xa6 https://t.co/6uMNxbYA10'"
919034599908499457,2017-10-14 02:58:18,b'@AlexSchmidty https://t.co/wWQH1k58ub'
918188180045811716,2017-10-11 18:54:55,"b""RT @DrHolly: .@mirakatherine readying the #BeyondCurie Pop-Up Gallery in prep for @Alonglastname's talk this afternoon #sciart https://t.co\xe2\x80\xa6"""
918187926659518465,2017-10-11 18:53:55,"b'@DrHolly @mirakatherine @Alonglastname @NCStateSciences @artsncstate Love this concept, art, execution, series, everything'"
917957073358516225,2017-10-11 03:36:35,"b""RT @AcevedoWrites: 1. I rebuke writer's block as a thing.\n2. When uninspired I read. Consume art to produce art.\n3. Don't give the first dr\xe2\x80\xa6"""
917956902956478464,2017-10-11 03:35:55,"b""RT @ItsDanSheehan: Rick &amp; Morty should do an episode about how Rick's second favorite sauce is Universal Healthcare"""
913409454829338624,2017-09-28 14:25:59,"b'RT @leyawn: new idea: if you make a good tweet, the character limit for your next tweet goes up by one. if you make a bad tweet, it goes do\xe2\x80\xa6'"
905110478640304129,2017-09-05 16:48:48,"b'#DACA repeal = 26,936 NC DREAMers subject to deportation. @SenThomTillis, Reject nativism. Support #DreamAct https://t.co/tZ7xGHkfGn'"
900346708168658944,2017-08-23 13:19:17,b'Internet me: geez ugh no\nGrad student me: V cool; do we have a theory that would explain/predict this? Belief in sc\xe2\x80\xa6 https://t.co/eP9fzaXNXc'
900078337518948353,2017-08-22 19:32:52,"b'RT @DukePsychNeuro: Aaron Reuben and Jonathan Schaefer in Scientific American:\n""Mental Illness Is Far More Common Than We Knew:"" https://t.\xe2\x80\xa6'"
900078097839644672,2017-08-22 19:31:55,"b'RT @NASA: Image of #Eclipse2017, made from 7 frames, shows @Space_Station, as it transits the Sun near Banner, WY. Flickr: https://t.co/PQF\xe2\x80\xa6'"
898612954748157952,2017-08-18 18:29:58,"b'RT @djolder: ""Alone, we are defenseless. Collected, we are sacred."" \nHymn: A New Poem by Sherman Alexie https://t.co/4JqBj8UUqD'"
898612776863539200,2017-08-18 18:29:16,"b""RT @bartonswaim: Dear friends older than 37: You don't have to put 2 spaces after the period anymore. That was for the typewriter era. You'\xe2\x80\xa6"""
898270823575937026,2017-08-17 19:50:28,b'@CharlieReece Thank you for using your voice to support our community activists. Agree that it is a moral obligation for us all!'
898000845010157570,2017-08-17 01:57:40,"b'RT @micahgallen: God grant me the serenity to accept that I will not get this grant, the courage to write it anyway, &amp; the wisdom to know i\xe2\x80\xa6'"
895383710694084608,2017-08-09 20:38:06,b'RT @DrCraigMc: Genius #scicomm slide by @joryweintraub at #nemc2017 https://t.co/62egYZLebt'
895383299950071808,2017-08-09 20:36:28,"b'Tim Duncan, forever. (cc: @danielpineda) https://t.co/Bg3ICcy9pe'"
895382955098599425,2017-08-09 20:35:06,b'@fenellasaunders Congratulations!! Brava!'
892829353951801344,2017-08-02 19:28:00,b'@hmoshontz Convinced -- I want to go to #SIPS2018!'
891008788182040576,2017-07-28 18:53:43,b'@aaronreuben @SylvanEsso These got me out of bed every morning this week! So goooooood'
890940116692291584,2017-07-28 14:20:51,"b""RT @alaindebotton: It's touching that almost everyone you meet, however outwardly accomplished, craves reassurance you like them and think\xe2\x80\xa6"""
889198045283352576,2017-07-23 18:58:29,"b'RT @Neuro_Skeptic: I think the ""Highlights"" and the ""Response to Reviewers"" got mixed up here https://t.co/Tx7kb7uSbc @fMRI_today https://t\xe2\x80\xa6'"
887370650477895680,2017-07-18 17:57:04,b'RT @CorrectNames: Word Movie https://t.co/mpiGPjeBb4'
887051128831184898,2017-07-17 20:47:24,b'RT @JustinMcElroy: Some of us are just trying to keep humanity on the rails and some of us are Cracker Barrel. https://t.co/GZaAHhBveA'
885186813115105282,2017-07-12 17:19:16,"b""RT @mirakatherine: The shape of bird's eggs might be related to flight strength - my latest for @latimesscience! @AAASMassMedia @HSFdn http\xe2\x80\xa6"""
885186691811749893,2017-07-12 17:18:47,b'RT @joesbigidea: Why leave a refugee camp if it\xe2\x80\x99s safe? Nedal says life wasn\xe2\x80\x99t worth living. #refugeescientists https://t.co/MSyRfuhRdA'
877995347863363584,2017-06-22 21:02:57,"b'@georgesloan @samunderwood @PodSaveAmerica Oh, and just saw ""tilt empires"" in the next paragraph. Close enough, for\xe2\x80\xa6 https://t.co/Ly1kewQYjn'"
877995018589356032,2017-06-22 21:01:39,"b""@georgesloan @samunderwood @PodSaveAmerica Haha, yes-- it does seem like Goska's name was transformed! (Incidentall\xe2\x80\xa6 https://t.co/KEdYqbKkR5"""
877879746352128001,2017-06-22 13:23:36,"b'RT @Neuro_Skeptic: The aptly-named ""wtf gene"" encodes a poison, killing gametes that do not inherit the gene https://t.co/dL8oQ4eEoH what a\xe2\x80\xa6'"
877879666639388672,2017-06-22 13:23:17,b'RT @AcademicsSay: summer writing list | @dorrismccomics https://t.co/MspnJrnooD'
877878730156367872,2017-06-22 13:19:34,b'@samunderwood @georgesloan @PodSaveAmerica Finally found it on r/FriendsofthePod: https://t.co/30azTJdcNF'
876973698049331204,2017-06-20 01:23:17,"b""RT @SaraReinis: Me when I'm surrounded by loving, supportive friends https://t.co/IPjBo6vLgB"""
876639248199405568,2017-06-19 03:14:18,b'@samunderwood Loved this quote &amp; sentiment on @PodSaveAmerica. Any leads on the essay by Danielle ??? it came from?'
872891886322688000,2017-06-08 19:03:37,b'The best of us https://t.co/tjBMWqERhT'
869647460221673472,2017-05-30 20:11:26,b'RT @lakens: Incredibly insightful meta-meta-analysis (in press) on variables related to academic achievement. Teachers: read. https://t.co/\xe2\x80\xa6'
866752154186469379,2017-05-22 20:26:31,"b""RT @SheaSerrano: help someone else get a win today i promise it's gonna make you feel real good about yourself"""
864942712503533573,2017-05-17 20:36:27,b'RT @chris_starmans: Awesome series of tweets about how to write a great response to reviewers! https://t.co/P1D0FNSoOc'
852747197179346944,2017-04-14 04:55:49,b'RT @KurtVonneguys: Go to \xf0\x9f\x92\xbb https://t.co/LsajMrmCix \xf0\x9f\x92\xbb to take part in a @DukeU study AND enter a raffle for prizes like this #SoItGoes ename\xe2\x80\xa6'
846341164202672128,2017-03-27 12:40:32,b'RT @comscicontri: Congrats to @brendawyang for winning Duke Merritt sci journalism award for her 2016 #comscicon triangle piece! https://t.\xe2\x80\xa6'
842923268160049152,2017-03-18 02:19:02,"b'@fra_berni thank you, kind lady! when you plan your iceland trip, hit me up! \xf0\x9f\x87\xae\xf0\x9f\x87\xb8'"
839610814189486081,2017-03-08 22:56:31,b'#InternationalWomensDay https://t.co/QV30HWRRfi'
839551425764016129,2017-03-08 19:00:32,"b'Ofc: ""As a metaphor for a situation that is out of control or poorly handled, dumpster fire came into prominence in\xe2\x80\xa6 https://t.co/dz5PxQk4Ya'"
826280797795713024,2017-01-31 04:07:48,"b""@joecronin5000 https://t.co/uPWXj7RRch &amp; national borders let people with valid visas in, even if they're muslim, esp if escaping horrors"""
826278315753349120,2017-01-31 03:57:56,b'@joecronin5000 @AlexSchmidty Ban on Syrian refugees is indefinite. Unilateral executive action w/o urgent threat a dangerous precedent.'
826132182573936644,2017-01-30 18:17:15,"b'@SenatorBurr Senator, your silence re: immoral executive orders on immigration is deafening. Asking as a constituent, where do you stand?'"
826071790325739520,2017-01-30 14:17:17,"b'@SenJohnMcCain Welcome back, Senator.'"
825831332571918336,2017-01-29 22:21:47,"b'""You can\'t be neutral on a moving train."" #NoBanNoWall #RDUprotest https://t.co/bQip8sOtLr'"
824812642959228928,2017-01-27 02:53:53,"b'RT @AlexSchmidty: you (dumb, young): my job is snapchat\nme (wise, baby boomer): we used to have REAL jobs like ""elevator operator"" &amp; ""neigh\xe2\x80\xa6'"
824482179312934912,2017-01-26 05:00:44,"b""RT @AltNatParkSer: What an honour. We're touched! #resist https://t.co/AiYp3mhBqs"""
823995035318423552,2017-01-24 20:45:00,b'@fra_berni My bad! The Twitters are hard. :)'
823958765548556295,2017-01-24 18:20:52,"b""@fra_berni Gregg Popovich, the coach mentioned, coaches the NBA team from my hometown, San Antonio. I've been looking up to him forever!"""
823744327440592897,2017-01-24 04:08:46,b'@fra_berni My childhood hero from growing up in San Antonio is still my hero.'
822475729208299520,2017-01-20 16:07:49,b'RT @webmz_: This year every American who won a Nobel Prize in a scientific field was an immigrant #USofScience'
812539694953140224,2016-12-24 06:05:34,b'RT @edyong209: NC prof who developed way of measuring integrity of elections says his state is no longer a democracy https://t.co/UoIZw8TuN\xe2\x80\xa6'
807229638510514176,2016-12-09 14:25:18,b'RT @edutopia: 15 studies published this year that every teacher should know about: https://t.co/ptdgpImN6F. #edchat https://t.co/GKspssbGrd'
806522283057704960,2016-12-07 15:34:31,b'RT @BrianNosek: Open Stats Lab @openstatslab is an unplanned benefit of incentivizing open data - reuse for teaching statistics: https://t.\xe2\x80\xa6'
804765774908968960,2016-12-02 19:14:47,"b""RT @DukePsychNeuro: P&amp;N's Rosa Li in Slate Magazine:  Stop unfollowing Trump Supporters\nhttps://t.co/F6rzSQjJoL"""
802968516324270080,2016-11-27 20:13:07,b'My Duke blog post on using your teaching skills to make your PhD work for you outside the academy #scicomm\xe2\x80\xa6 https://t.co/KpCMBzylKc'
800340402331152384,2016-11-20 14:09:56,"b'My #psynom16 poster on remembering books, movies &amp; TV shows https://t.co/Ji9bIFuYPS (hat tip @hmoshontz for encouraging open science!)'"
799619387015786496,2016-11-18 14:24:52,"b'Hear more about squirrel attacks and the ""Function and Phenomenology of Fictional and Personal Memories"" @ poster s\xe2\x80\xa6 https://t.co/sZyvRqBbCt'"
796914447323303936,2016-11-11 03:16:24,b'RT @KevinReuning: I support we immediately stop using * and use this instead.\n\n\xc2\xaf\\(\xe3\x83\x84)/\xc2\xaf          &lt; 0.01\n\xc2\xaf\\_(\xe3\x83\x84)_/\xc2\xaf      &lt; 0.05\n \xc2\xaf\\__(\xe3\x83\x84)__/\xc2\xaf &lt;\xe2\x80\xa6'
796209616312999936,2016-11-09 04:35:40,"b'RT @andizeisler: Reminder that North Carolina overtly, knowingly, practiced voter supression. https://t.co/UT7Fl6QNun'"
791440746930966533,2016-10-27 00:45:52,b'RT @NateSilver538: Warriors are 0 for their last 4.'
780629897555415040,2016-09-27 04:47:25,"b'RT @gaywonk: Hillary Clinton is cooler, calmer, and more collected dealing with an unhinged Trump than I am using a CVS self-checkout machi\xe2\x80\xa6'"
773376100944740356,2016-09-07 04:23:25,b'@lastbookstorela is a must-see in DTLA: uniquely human &amp; tactile. Hearing the story of its start is illuminating https://t.co/J2UhP6TZGX'
769602914792767488,2016-08-27 18:30:08,"b'@JustKeyChem Me too! Or, I\'ll ""transcribe"" via laptop during dense lectures, then summarize &amp; generate on my own in a handwritten notebook.'"
769570343220576256,2016-08-27 16:20:42,"b'Best way to take notes during lecture? Psychology weighs in! @NPR: Attention, Students: Put Your Laptops Away https://t.co/Ob8vlbROqR'"
763419072486834176,2016-08-10 16:57:45,"b'@DukeSSRI Great, thanks! Likely my pop-up blocker caught it.'"
763377883674992640,2016-08-10 14:14:05,"b'@DukeSSRI Looking to request an appt at the Connections Bar! Just me, or is the link not working at the moment?'"
763084606069415936,2016-08-09 18:48:42,b'RT @StuartBuck1: Fascinating new paper by Steve Levitt: the impact of a coin toss on major life decisions and subsequent happiness.. https:\xe2\x80\xa6'
762855029791297538,2016-08-09 03:36:26,"b""Good teaching is a lot like magic, with romance &amp; passion as well as intellect. Fun to hear Teller's perspective! https://t.co/46N6uEs0Ey"""
760945042718658561,2016-08-03 21:06:50,b'@luucrystal I love it!!'
758464186091462656,2016-07-28 00:48:48,b'Haters gonna hate: When Einstein gave Marie Curie advice on how to handle haters https://t.co/CDIfkpf3fL https://t.co/yUgfCTF908'
757666641618595840,2016-07-25 19:59:38,"b'@gabridli Fascinating! Would be interesting to contrast with the late @OliverSacks, and how his research failures led him to the clinic'"
757264288453107712,2016-07-24 17:20:50,"b""My piece from last week on why it's so important to discuss the process for learners--and how grad school is hard! https://t.co/YDR8HfJU6v"""
757263661849276416,2016-07-24 17:18:20,"b'@gabridli @sciam Very, very cool!'"
755762469348446209,2016-07-20 13:53:08,"b'@scienceBtA P.S. Your Slate piece is great-- timely, clear, and so important. Congrats!  https://t.co/sDxfNmFyQG'"
755762067106299905,2016-07-20 13:51:32,b'@scienceBtA Thanks Rosa! Learned a bunch at @comscicontri!'
752999177148329984,2016-07-12 22:52:48,"b'RT @APStylebook: You asked: ""Pokemon Go,"" w quote marks &amp; lowercase o in Go. No accent mark. Plural: Pokemon. Use made-up words sparingly;\xe2\x80\xa6'"
738558893152866304,2016-06-03 02:32:16,b'Seeing some of the scholars I taught as ninth graders GRADUATE TODAY! \xf0\x9f\x98\xad\xf0\x9f\x8e\x88 https://t.co/FCuohTGXz7'
735625267750817793,2016-05-26 00:15:05,"b'@danielpineda Hahaha, the habit is sticky!'"
735620919650062337,2016-05-25 23:57:49,"b'@danielpineda Omg, that is the real deal. Everyone at #comscicon got called out for this fun phrase: ""elucidating the mechanism of...""'"
735620195843252224,2016-05-25 23:54:56,"b""Taking another look at a #scicomm piece I'm drafting &amp; so grateful for editing-guru @fenellasaunders's stellar comments from #comscicon!"""
735106689855262721,2016-05-24 13:54:27,"b'RT @joesbigidea: Good chatMT @brendawyang: @joesbigidea &amp; me at #comscicon, we talked Nobel prizes &amp; Brazilian bbq! Thanks Joe! https://t.c\xe2\x80\xa6'"
734129221027651584,2016-05-21 21:10:20,"b'@joesbigidea and a super excited me at #comscicon, where we talked about Nobel prizes and Brazilian bbq! Thanks Joe! https://t.co/aBtJk3jIpc'"
734021896346427396,2016-05-21 14:03:52,"b'""You don\'t want to put something out there that\'s kind of shitty."" -@ShipLives on being honest about time commitment online #comscicon'"
734020581071409152,2016-05-21 13:58:38,"b""Find your niche! It's where what you absolutely love matches up w/ how you can offer a unique perspective #comscicon #scicomm"""
734017711253147648,2016-05-21 13:47:14,b'@DrCraigMc is the @neiltyson of marine biology! Passion and clarity ftw #comscicon'
734017428586401794,2016-05-21 13:46:07,b'Set core values and know who you are when you want people to listen. -@DrCraigMc on online brand. Also applies to teaching! #comscicon'
734016018901831681,2016-05-21 13:40:30,"b'Scientists talk about the ""general public"" as if we\'re not a part of it! -@VerdantEleanor @comscicontri #comscicon'"
734014817242087424,2016-05-21 13:35:44,"b'""You don\'t have to be afraid to learn from the people doing what you love!"" @VerdantEleanor on tweeting at people \xf0\x9f\xa4\x97 #comscicon'"
734014309433499650,2016-05-21 13:33:43,"b'""Be yourself. Don\'t manufacture some brand of what you\'d Iike to be. That\'s bullshit."" @ShipLives on building a presence online #comscicon'"
732932718590300160,2016-05-18 13:55:52,"b'To learn best, test yourself instead of endless restudying! \xe2\x80\x9c@sciammind: Done Right, Testing Enhances Learning https://t.co/bOSq9pohGc\xe2\x80\x9d'"
731923256706535425,2016-05-15 19:04:37,b'@StudentOfEarth A pleasure to meet you yesterday at #comscicon! Good luck drafting this week!!'
731541989561380864,2016-05-14 17:49:36,b'Giving one minute talks about our research with live audience feedback at #comscicon https://t.co/StQcu2Bu5m'
731516911645806592,2016-05-14 16:09:57,"b'""You have to write for somebody... I write for an 8th grade girl who is interested in science but is on the cusp of leaving it."" #comscicon'"
730844545706016768,2016-05-12 19:38:12,b'This is the cutest. https://t.co/8AeHCaL6VA'
726100874905456640,2016-04-29 17:28:33,b'RT @JeffLoveness: I am TSA Pre-Check. I drink from the chalice of gods.'
722878941573353473,2016-04-20 20:05:44,"b'RT @Slate: Scientists ""wept"" at the latest tragic data on climate change. It\'ll make you angry: https://t.co/LOz55rZ8AV https://t.co/OkhEi9\xe2\x80\xa6'"
722878792193220608,2016-04-20 20:05:09,"b'On basically any thought experiment on people and what is going on there, ""Twins will not suffice; many clones are needed"" (Rubin 1995) \xf0\x9f\x91\xaf.'"
696008338971164675,2016-02-06 16:31:33,"b'On turning teacher passion into transformative classrooms: ""Love is more than putting your arms around people &amp; saying you care."" #TFA25'"
695987925004193792,2016-02-06 15:10:26,"b'""Politics screams for involvement...citizen participation is the disinfectant of politics."" Chairman G. Miller on moving the system. #TFA25'"
677746175156555776,2015-12-18 07:04:14,"b'RT @AkilahObviously: Mindy Kaling predicted ""Master of None"" https://t.co/BsPlQRl4yu'"
649996016268247040,2015-10-02 17:15:01,b'RT @MindShiftKQED: Steps for Cultivating a Love of Reading in Young Children http://t.co/bOPFraFXeN #edchat #parenting #reading http://t.co\xe2\x80\xa6'
648643215151734784,2015-09-28 23:39:28,"b""@TFA_ENC Hello! I'm a 2012 CM from LA who just moved to Durham. How can I get news about this region?"""
642474922766434306,2015-09-11 23:08:52,b'I want to engage with everyone in my life the way @StephenAtHome talks to @JoeBiden'
634237367570853888,2015-08-20 05:35:46,b'My fave way to confront mortality/treat life with care &amp; wonder is through square arrays!! http://t.co/JVIVmucv9l http://t.co/2YlmRdhIY7'
631691602478559232,2015-08-13 04:59:48,"b'Octopuses are INCREDIBLE, and now a Nature paper digs into how/why/what-in-the-world?!  http://t.co/lfp0Hv1FpK @NPR http://t.co/4qoYneoZqB'"
577349757980442624,2015-03-16 06:04:43,b'RT @kendricklamar: Keep calm. All is well.'
572911756109991936,2015-03-04 00:09:41,b'San Antonio Spurs become best team in NBA history  http://t.co/FJItDr08gN via @FoxSports'
568226109130584064,2015-02-19 01:50:36,"b'""Language alone protects us from the scariness of things with no names. Language alone is meditation."" Happy birthday, Toni Morrison!'"
543860125489197057,2014-12-13 20:08:53,"b'""Every male Supreme Court justice has a family. Two of the three female justices are single with no children.""'"
543860043599192064,2014-12-13 20:08:33,"b'A take on female-ness and career that is both personal and universal, modern and rooted importantly in the past: http://t.co/0EhCO4CzGg'"
542111285307908097,2014-12-09 00:19:37,b'Why must students of color learn to learn in lecture-based curricula in order to succeed in higher ed? http://t.co/4QIiKCn1yQ'
539604578296397824,2014-12-02 02:18:51,"b""RT @annehelen: one thing i love about Sufjan's Christmas is his willingness to sing hymns instead of pop christmas dreck"""
539346611307282432,2014-12-01 09:13:47,"b'RT @mathewi: RT @jbouie: This from Chris Rock is the realest shit I\'ve read all week. http://t.co/uQwT0Xi2ts http://t.co/mpiK7q7m6V""'"
530552359471304705,2014-11-07 02:48:34,b'RT @toddsimonmusic: w/ my @ethiocaliens fam playing some fl\xc3\xbcgelhorn pic from my @pucschools sis @brenda__y\r\r---\r\rBlurriest\xe2\x80\xa6 http://t.co/sv9\xe2\x80\xa6'
529317676351369218,2014-11-03 17:02:22,"b'@readingrainbow Beautiful! My mom bought me the series too, for Christmas one year. They made such a lasting impression!'"
529314507575681025,2014-11-03 16:49:47,"b""@readingrainbow Tamora Pierce's quartets were the first series I read where girls were unapologetically courageous and center stage."""
527231789740224512,2014-10-28 22:53:48,"b'LA feels ~*exactly*~ like this track off new @flightfac ""Down to Earth,"" fancy footwork \'n all. Whole LP on point! https://t.co/egcMnIcqfy'"
525517094444474368,2014-10-24 05:20:13,b'RT @sapinker: Scientists Describe Their Work In Emoji And The Results Are Hilarious (via @BusInsiderAU) http://t.co/DvpFd169yx'
518229215024402432,2014-10-04 02:40:47,"b'How does the Hollywood-driven teacher-as-hero- myth deceive us? On the value of patience, as well as passion.  http://t.co/tL9yl4M0I6'"
518031050992529408,2014-10-03 13:33:21,"b'RT @IJasonAlexander: In a flagrant display of brutal irony, my son is currently dating an architect.'"
517299399345463298,2014-10-01 13:06:02,"b""RT @Neuro_Skeptic: Evolution fact: jellyfish used to just be called 'fish'. But then better fish evolved, with scales and bones and eyes. S\xe2\x80\xa6"""
516229231232024576,2014-09-28 14:13:34,"b'Our own happiness as a moral matter of ""eternal immediacy"": ""[t]he loss of love is the loss of all rights..."" http://t.co/v11SVO5IY6'"
514244510709055488,2014-09-23 02:47:00,b'RT @AliceShort3: More craft beer: Here are five breweries that have opened in L.A. in  the past year http://t.co/6lxsiepyR1'
512088847409102849,2014-09-17 04:01:10,"b""But how do you stimulate a critical, data-driven dialogue of systemic injustice that moves PAST anger in a HS classroom? Idk but let's try."""
511362276788817920,2014-09-15 03:54:02,b'new! \xe2\x99\xab In Return \xe2\x80\x93 Odesza http://t.co/6Dg9lr82qF #NowPlaying'
509547617546559488,2014-09-10 03:43:13,"b'RT @danielpineda: Really resonating with me at the moment: ""The American Dream is not a sprint, or even a marathon, but a relay\xe2\x80\xa6"" \xe2\x80\x94 @Secret\xe2\x80\xa6'"
504489616083144704,2014-08-27 04:44:32,"b""@danielpineda I've felt this feel."""
504489492737052672,2014-08-27 04:44:02,"b""RT @futureclassic: It's here! @flighfac announced they're releasing a debut album, with a world tour to follow - tix on sale now - http://t\xe2\x80\xa6"""
504489414198714368,2014-08-27 04:43:43,"b'Yes! On fostering joy, blameworthy failure, &amp; how care is a necessary precondition to risk-taking. http://t.co/p8xIoHglAs via @MindShiftKQED'"
502618001494245378,2014-08-22 00:47:24,"b'RT @MsLaurynHill: An old sketch of Black Rage, done in my living room. Strange, the course of things. Peace for MO. - MLH https://t.co/47v9\xe2\x80\xa6'"
500926416372772866,2014-08-17 08:45:39,"b""RT @RichardDawkins: Stuart Kauffman's thought experiment: If evolution could be re-run 1000 times, would certain patterns predictably recur\xe2\x80\xa6"""
500885460739452929,2014-08-17 06:02:54,"b'""No one can be authentically human while he prevents others from being so."" More Freire to think with on this crazy night. #Ferguson'"
500867316129607680,2014-08-17 04:50:48,"b'\xe2\x80\x9cFourteen is a sort of magic age for the development of musical tastes,"" writes McGill\'s Dr. Levitin. So curious now! http://t.co/g4JOckha4o'"
499079766310658048,2014-08-12 06:27:43,"b""RT @TheAcademy: Genie, you're free. http://t.co/WjA9QuuldD"""
498608712148201472,2014-08-10 23:15:55,"b'""Like any other intricate and demanding skill, teaching requires a mixture of tenacity and instinct."" http://t.co/i4dO3AJ4VI'"
495765489768214528,2014-08-03 02:57:58,"b'From visiting sunny Napa Valley, to a bus of scholars belting ""Happy Birthday"" as we cross the Bay\xe2\x80\xa6 http://t.co/bQ5md5iGRo'"
494975243195125761,2014-07-31 22:37:48,"b""Could identifying with Harry Potter affect mindsets about out-groups? Skeptical, but it's a cool idea for sure. http://t.co/o0933f4fUp"""
494294233956618241,2014-07-30 01:31:43,"b'Why STEM? ""Math education, then, is really about training people to think creatively within a logical space.\xe2\x80\x9d http://t.co/Ur0LCAgQE6 via @qz'"
491478295611834369,2014-07-22 07:02:11,"b""Loved Bender's class and novel and now this close reading: lovingly done. What Writers Can Learn From Goodnight Moon http://t.co/VwsF4W3Mgz"""
491476754595606528,2014-07-22 06:56:04,b'RT @oliveiranth: scared of tattoos bc my body will be interpellated into history and what if i need it semiotically unblemished for when et\xe2\x80\xa6'
488946687348461569,2014-07-15 07:22:29,"b'Hipster Ipsum (hipsum.co) is funny: ""Selfies beard Intelligentsia trust fund Pitchfork, artisan meh gastropub next level ethical Godard.""'"
488943526499983361,2014-07-15 07:09:55,"b'Frivolously good. RT @Salon Texas BBQ [at Franklin] cashier makes gay sex joke, gets Obama fist-bump in return http://t.co/voXduJUzAp'"
487462554872995841,2014-07-11 05:05:04,b'RT @readingrainbow: \xe2\x80\x9cDude wore his nerdiness like a Jedi wore his light saber. Couldn\xe2\x80\x99t have passed for Normal if he wanted to.\xe2\x80\x9d \xe2\x80\x95Junot D\xc3\xadaz'
486353755437162496,2014-07-08 03:39:05,"b'DFW on creating greatness. ""How does art progress from irony and cynicism to something sincere and redeeming?"" http://t.co/jSWnu5vSVy'"
486308345985245184,2014-07-08 00:38:39,b'RT @brainpicker The best illustrations from 150 years of Alice in Wonderland. Enchanting. http://t.co/bBBGr1kg29  http://t.co/UzgF70XocX'
485930448372391936,2014-07-06 23:37:01,"b'When she gets bored, she vomits what she learned that day on the board. (We did some algebra too,\xe2\x80\xa6 http://t.co/j7mlIssYXc'"
485917440589565952,2014-07-06 22:45:20,"b""Edtech widening achievement gaps bc access isn't the issue, writes @anniemurphypaul This makes a whole lot of sense. http://t.co/0jwrjL11FS"""
463536705753341952,2014-05-06 04:32:17,b'RT @HerringWSJ: Portland as a franchise has played in 218 playoff games. Tim Duncan has played in 218 playoff games by himself. Thats nuts.'
418654693942767616,2014-01-02 08:07:11,"b'@danielpineda go home Daniel, ur drunk'"
400158593183277056,2013-11-12 07:10:17,"b'RT @brainpicker: \xe2\x80\x9cThe most damning revelation you can make about yourself is that you do not know what is interesting &amp; what is not."" http:\xe2\x80\xa6'"
397411664036773890,2013-11-04 17:14:58,"b'""Now am I worth it? Did I put enough work in?""'"
359601581970309121,2013-07-23 09:11:12,b'@iamerica16 Today I Learned ... http://t.co/kVO4z3gkYc'
359203971967090688,2013-07-22 06:51:15,b'@iamerica16 (Sorry for yelling)'
359190365749784577,2013-07-22 05:57:11,"b""@danielpineda RIght? Not hydrophobic OR hydrophilic what the hell that's not allowed"""
359083892621324288,2013-07-21 22:54:06,b'@danielpineda Have we talked about how they defy the laws of chemistry'
352661136597991424,2013-07-04 05:32:21,b'@danielpineda (my job is this)'
351075043993853952,2013-06-29 20:29:47,b'Got a semi-deep cut on my index finger: acquired the trivial superpower of being able to identify the acidity of foods by poking them. #ouch'
350068691041386497,2013-06-27 01:50:54,b'RT @brainpicker: Lovely: The childhood art of E. E. Cummings http://t.co/PttJhlPneA'
349054491229818880,2013-06-24 06:40:50,"b""Things I use Internet Explorer for: downloading Chrome when I'm setting up a new computer #endoflist"""
340005555705901056,2013-05-30 07:23:36,b'@danielpineda http://t.co/RT7pnU8Lkq relevant? mostly humorous: lessons from sasquatch'
338911423881162752,2013-05-27 06:55:54,b'@txsafx Forgot that I sent you there -- let me know what you thought! Forgot to tell you to get the fried rice'
338897511173468160,2013-05-27 06:00:37,"b""@txsafx If you're at Daikokuya, it's worth it"""
336281003041648640,2013-05-20 00:43:33,"b""Mirror neurons: so mainstream nao RT @HuffingtonPost The fascinating science of how we reach other people's minds http://t.co/pP9COVa9dS"""
336045922570092544,2013-05-19 09:09:26,"b'RT @rainnwilson: ""There\'s a lot of Beauty in ordinary things. Isn\'t that kind of the point?"" -Pam @JennaFischer'"
334922841348775936,2013-05-16 06:46:42,"b""Disclosure's You &amp; Me ft. Eliza Doolittle\xe2\x80\x99 remixed by @baauer is my JAM right now #summer https://t.co/nNSDJp2qgI"""
332066343736205312,2013-05-08 09:36:00,"b'""It\'s the little indignities that slowly devastate your soul."" Racist encounter at the WHCD: unacceptable. via @HuffPostDC'"
331939397484290048,2013-05-08 01:11:34,b'@iamerica16 @mandaspots Way better than fruit. You have a heart of gold.'
330217426820153345,2013-05-03 07:09:04,b'Faraway: The Making of a Universe http://t.co/bHQ29RiRnE via @NewYorker'
326910833152114689,2013-04-24 04:09:50,"b'Does @bjnovak do DJ sets? If not, what a wasted naming opportunity'"
326867938248376320,2013-04-24 01:19:24,"b""@ScrugLife There are 20 amino acids. But I gotcha grl, you mean the 8-9 essential amino acids, the ones we can't synthesize ourselves."""
326743871168073728,2013-04-23 17:06:24,b'@ScrugLife Litmus test: How often do you think/talk about quinoa?'
326603123407859713,2013-04-23 07:47:07,b'@ScrugLife you are a food hipster. #internetjudging'
326602959603499009,2013-04-23 07:46:28,"b""@ScrugLife That was one of the weirdest tweets I've ever read. Are you high?"""
324782857782456320,2013-04-18 07:14:02,"b'""You tilt when you should withdraw, and that is knightly too."" ANYONE?! #badmoviesilove'"
323691255156592640,2013-04-15 06:56:23,"b'@shytide proud to be part of it, bb; glad your Saturday was magical'"
323491541861691392,2013-04-14 17:42:48,"b""RT @JoyceCarolOates: Lean in, sit up, stand up, taller, speak out, speak up, louder, step forward, don't push, push harder, better brash ..."""
319910899169234944,2013-04-04 20:34:36,b'@danielpineda Chin up'
319300181361307648,2013-04-03 04:07:50,b'@ScrugLife Best tweet ever'
318862689847869440,2013-04-01 23:09:24,"b""@mandaspots I've been a little obsessed with this track. It's such an investment to get people to listen to though (7 mins), blagh"""
318862574865248256,2013-04-01 23:08:56,"b""@mandaspots So goooood. I've been listening to Goldroom too (Fifteen); of course you would find a beautiful remixed version."""
317511566843060224,2013-03-29 05:40:31,b'@mandaspots Oh my goodness -- Dewse Bon Iver - Re: Stacks (Tomas Barfod Remix) via #soundcloud http://t.co/ovzoGo02ce'
306577268912840705,2013-02-27 01:31:31,"b'RT @brainpicker: ""\'Smart\' simply means that you\'re ready to learn."" @UMBC\'s Freeman Hrabowski #TED2013'"
305496222347698176,2013-02-24 01:55:49,"b""@INutellaYou Tantalizing. Delicious. I can't wait."""
305479705941925889,2013-02-24 00:50:12,"b'""I will be a hummingbird. I will do the best I can."" http://t.co/EMMggf93XT'"
303767585537810432,2013-02-19 07:26:50,"b'@ScrugLife I take offense to this disclaimer! ""statistically significant"" may the most important part of any study, ever'"
303730328516825088,2013-02-19 04:58:48,"b'Bukowski on writing, on passion: ""unless the sun inside you is / burning your gut / don\'t do it."" http://t.co/hsZGfYp'"
301529426045317120,2013-02-13 03:13:11,"b""@danielpineda If Biden loses it, I'm gonna start bawling"""
301523204609044480,2013-02-13 02:48:28,b'I feel like joining the charge on immigration reform could be a game changer in 2016 for the GOP. #SOTU'
301522104942215168,2013-02-13 02:44:06,"b'ECE shows highest rates of return in impoverished communities, where home learning (books, internet access) are less accessible. ...'"
301521063660118016,2013-02-13 02:39:58,"b'""...Modern schools worthy of our children."" #SOTU'"
296135827459825664,2013-01-29 06:00:58,"b""This is a photo of @neiltyson live tweeting from @USC, right before he blew my mind. So, how's your Monday night? http://t.co/ChG4UYc"""
290977530410852352,2013-01-15 00:23:44,b'@neiltyson at my alma mater (USC) in 2 weeks -- I am so there. Wish I could bring my kids! #themostastoundingfact'
287778217086033920,2013-01-06 04:30:48,b'Classic Onion. Weeping. http://t.co/gRVtoBH'
287773684549181440,2013-01-06 04:12:47,b'This is actually useful RT @anniemurphypaul Switching from lectures to a more active form of learning led to gains... http://t.co/igbwga2'
287772800616370176,2013-01-06 04:09:16,"b'""...to themselves become writers and artists."" Sounds awesome! Oh, that\'s the end of your book? Okay...'"
287772582609055746,2013-01-06 04:08:24,"b'case in point: ""All education should strive to help those receiving it to gain enough freedom in relation to works of art...'"
287772375557222400,2013-01-06 04:07:35,"b""Tired of hearing abstract railings about ways formal education fails its students from ivory tower academics. It's true-- but not helpful."""
287287784727773184,2013-01-04 20:02:00,b'@mandaspots I want to pull a Garay song move for a nervous system hook: song suggestions?'
287095152437252097,2013-01-04 07:16:32,"b'@danielpineda thank you, sir!'"
287063948904259585,2013-01-04 05:12:33,"b'@clckwrk Whoa, share the deets please!'"
286980205975842816,2013-01-03 23:39:47,"b""@mandaspots yes'm! definitely need some funtime (read: drinktime) before Monday"""
286925386430963712,2013-01-03 20:01:57,"b'Susan Sontag\'s resolution, 1972: ""Kindness, kindness, kindness.""'"
285449836726206464,2012-12-30 18:18:39,"b'RT @KeithOlbermann: Photo of the month, offered without comment. http://t.co/hWhNP32h'"
282320982419582976,2012-12-22 03:05:42,b'@danielpineda Godspeed!'
281155683594948609,2012-12-18 21:55:13,"b'""Happiness takes effort. Also, courage.""  http://t.co/DbanEmX'"
266013452143849472,2012-11-07 03:05:23,b'RT @TheOnion: Autistic children nationwide are being allowed to stay up late and watch the rapidly scrolling numbers http://t.co/okNccn7m'
258440030597570560,2012-10-17 05:31:19,"b""@danielpineda re-living the VP debates through jon stewart now, it's good times"""
258437175270576128,2012-10-17 05:19:58,b'@danielpineda but at least the NPR page not found page is cute'
257739868329893888,2012-10-15 07:09:07,"b""@ellelipson I've been doing exactly this for 8 seasons and just now realized it... thanks for the insight into my Dexter-y habits :)"""
256565454389264384,2012-10-12 01:22:25,b'@danielpineda so cute'
256565413859717121,2012-10-12 01:22:16,"b'""Facts matter, Martha -- facts matter"" #quotableBiden #vpdebate'"
256563678575464449,2012-10-12 01:15:22,"b'Biden has the most beautiful ""That\'s such bullshit"" smile #vpdebate'"
239927347472633856,2012-08-27 03:28:31,"b'@iamerica16 @mandaspots thanks for a lovely saturday night! deeply needed that, from dancing to curry'"
239524472217026560,2012-08-26 00:47:38,"b""@txsafx Welcome to CA! Glad you're enjoying it :)"""
230087442487717888,2012-07-30 23:48:15,"b'@ScrugLife cognitive conflict resolved: like fiction, his lies reveal truths that reality obscures #closecall #emersonftw'"
230086803128979456,2012-07-30 23:45:43,b'@ScrugLife way to shatter my world'
227249704474378241,2012-07-23 03:52:06,"b'MRT @brainpicker ""Memory is a poet, not a historian.""'"
224250138472886272,2012-07-14 21:12:54,"b'RT @brainpicker: The pleasure of good writing, run through the fMRI http://t.co/xBNBqxHT'"
217106859012784129,2012-06-25 04:08:03,b'\xe2\x80\x9cThe day we need a thermometer to cook chicken is the day you FUCK OFF.\xe2\x80\x9d - Gordon Ramsay'
210566147957981184,2012-06-07 02:57:36,b'@geeconomist I know... watching these games actually makes me physically uncomfortable #cantakeit'
210551829652705281,2012-06-07 02:00:42,b'Hot damn. #GoSpursGo'
208274253387272192,2012-05-31 19:10:26,b'RT @anniemurphypaul: BRILLIANT: A wonderful description of what students learn by doing their own research: http://t.co/f36e461x'
207675726244233218,2012-05-30 03:32:06,"b'SPURS, you got this'"
207514628186587137,2012-05-29 16:51:57,b'@danielpineda Turns out Listerine is 42 proof-- same as a typical bottle of Schnapps hehe'
206991939290136577,2012-05-28 06:14:58,b'How does something so minty feel like fire? #Listerine'
206132378375163905,2012-05-25 21:19:23,b'My dad is playing poker on 2 iPads and an iPhone by himself. In the dark. #weirdgenes'
205500756374204417,2012-05-24 03:29:32,b'@kristin__ @danielpineda yay!!'
203960007220400128,2012-05-19 21:27:09,"b'Just bought a self-contained ecosystem for my life/kids! I quote: ""Requires virtually no maintenance, like a motorcycle made of dreams.""'"
203792506675150850,2012-05-19 10:21:34,b'Eating candy before bed at 3 in the morning while watching TV. Because I can. #adulthood?'
203561362314625026,2012-05-18 19:03:05,b'@janette_m Congratulations on all your hard work and amazing accomplishments -- happy graduation!!'
202158040068268032,2012-05-14 22:06:47,b'\xe2\x80\x98Why Don\xe2\x80\x99t We Have Any White Kids?\xe2\x80\x99 Kids on race and segregation. http://t.co/uqefjEpF'
202108025232818176,2012-05-14 18:48:02,"b""It's finally over #usc  http://t.co/K29VZVht"""
201472944021569536,2012-05-13 00:44:27,"b'@mandaspots Aw, thank you! So happy to have someone to cry/laugh about teaching with next year :)'"
201472689309876224,2012-05-13 00:43:26,"b'@iamerica16 @mandaspots @akrogerthat Thank youuu-- &amp; sorry for the sap, but savor your last year girl! It goes by so fast.'"
199183069062770689,2012-05-06 17:05:18,b'I feel like I spend a disproportionate amount of my life moving things from one place to another #cleaning'
199173078704586753,2012-05-06 16:25:37,"b""When did the internet decide to use 'Atlas Shrugged' as its communal punching bag? Not sure, but I like it :) http://t.co/EgfO65Hy"""
199151572272414721,2012-05-06 15:00:09,"b'""\'Where do you carry my heart?\' she asks him, referring to a poem they love by E. E. Cummings."" #medicine'"
199151367930126337,2012-05-06 14:59:20,"b'From @nytimes \xe2\x80\x9cThey can tell you everything thats ever happened to anyone, but they cant tell you what\xe2\x80\x99s going to happen to you."" #medicine'"
199151046147325954,2012-05-06 14:58:04,"b'Frontotemporal dementia patients, modern Phineas Gages? Heartbreaking science journalism: RT @designsponge http://t.co/LJlAuQ7m #medicine'"
198672224281034752,2012-05-05 07:15:24,"b""So humbled &amp; honored to be named an inaugural @USCDornsife Scholar; thanks for everything I've learned here, both in &amp; out of the classroom."""
198541060358684673,2012-05-04 22:34:12,"b'@USCedu Jump in with both feet, whatever it is you want to do--friends, LA, orgs, research, parties, classes... &amp; never stop fighting on'"
197730786886164481,2012-05-02 16:54:27,"b""@RogerNix2012 is the cutest darn thing!! Just backed @USCDornsife alumnus with his @Kickstarter funded children's book: http://t.co/8RGbHyxC"""
197697983473651712,2012-05-02 14:44:06,"b'""Passing tests doesn\xe2\x80\x99t begin to compare with searching and inquiring and pursuing topics that engage us and excite us."" #education #finals'"
197223507623559168,2012-05-01 07:18:43,"b'RT @leraboroditsky: new data from papua new guinea: concepts of time &amp; number are products of culture, not universal.\nhttp://t.co/RD ...'"
196550153769984002,2012-04-29 10:43:03,"b'@ScrugLife haha, how was it? if it\'s too intense, the barista (baristo?) suggested adding a shot of vanilla syrup to ""bring it all together""'"
196376847674642432,2012-04-28 23:14:23,"b'RT @DisneyPixar: \xe2\x80\x9cI don\xe2\x80\x99t want to survive, I want to live!\xe2\x80\x9d #WALLE http://t.co/7yqhtmTA'"
196355213408477184,2012-04-28 21:48:25,"b""@ScrugLife there's a pun somewhere in here involving possums and 'dirty' drinks but I can't quite put my finger on it"""
196350614282829824,2012-04-28 21:30:09,"b'@ScrugLife also, possums, what?'"
196350291942182913,2012-04-28 21:28:52,"b'@ScrugLife just order a chai tea latte with a shot (or shots) of espresso :) also, try the blended strawberry lemonade-- takes like magic'"
195182019200815105,2012-04-25 16:06:34,"b""RT @anniemurphypaul: BRILLIANT: The corporate world doesn't want drones, it wants creative thinkers--so restore arts funding to the scho ..."""
195179631790395392,2012-04-25 15:57:05,b'@clckwrk well-deserved congrats on your Big Success! have been enjoying your bemused skepticism vicariously--gl getting to the bottom of it!'
195141415653744641,2012-04-25 13:25:13,"b'love that this is on my campus; ""disneyland for nerds"" RT @ElectricLit Highlights from the @LATimes Festival of Books: http://t.co/eOfEtMd'"
195136572604170241,2012-04-25 13:05:59,"b""that awkward moment when flux adjusts your screen to be 'blue' and you're nowhere near finishing what you need to have finished"""
195128440918253568,2012-04-25 12:33:40,"b'""In the early stages of creation of both art and science, everything in the mind is a story.""'"
195128318364876802,2012-04-25 12:33:11,b'RT @brainpicker Dreamers and Storytellers \xe2\x80\x93 E. O. Wilson defines art and makes a case for reconciling science and the humanities'
195124179962564609,2012-04-25 12:16:44,b'n.d. tyson vs. c. sagan - are humans amazing beings created from stardust or insignificant compared to the universe? or false dichotomy?'
191949951587201024,2012-04-16 18:03:29,b'RT @leraboroditsky: can we crowd-source brain research? http://t.co/EV54pGg4'
190991686929887232,2012-04-14 02:35:41,"b""@kristin__ cat sitting... the closest i've ever come to having a furry friend. this is the zenith of my life."""
185575517901164544,2012-03-30 03:53:45,"b""@jessicajin8 it's cheesy in a GENIUS, beautiful, complicated way. like... goat cheese. or gouda. maybe string cheese?"""
185560793557909504,2012-03-30 02:55:15,"b""RT @TheScienceGuy: At the Nat'l Science Teachers Conf. We have too much testing and not enough enquiry. We can change the world. Stay tuned."""
184457217834098688,2012-03-27 01:50:02,"b'@txsafx hahaha, I thought it was pretty delightful ;)'"
182347092709228546,2012-03-21 06:05:09,b'How much would you pay for the Universe? #neildegrassetyson #space http://t.co/J2kY8IZ'
182075116618915840,2012-03-20 12:04:25,b'@danielpineda FURTHER REMINDS ME to congratulate you on making the exceptionally good choice to move to california...'
182074876658585600,2012-03-20 12:03:28,b'@danielpineda also reminds me that I need to get a fancy website sometime soon'
182074699428282369,2012-03-20 12:02:45,"b'@danielpineda Casually stalking you... just noticed myself on our ""interesting people"" list. So honored!!'"
181539290390605824,2012-03-19 00:35:14,"b""@anniemurphypaul ...In any case, it's precisely what I've been working on for 3 yrs; can I stop working on my thesis now? :)"""
181539181108011008,2012-03-19 00:34:48,b'@anniemurphypaul Thank you for your lovely &amp; succinct NYT piece on fiction &amp; brain. What brought you to the subject? ...'
180418583132782592,2012-03-15 22:21:56,b'RT @leraboroditsky: is there a science-inspired tattoo you have always wanted? @carlzimmer has collected some awesome ones here: http:// ...'
174827149843378176,2012-02-29 12:03:35,"b""@mandaspots sorry to fb creep, but i think i'm obsessed with your dad. can you guys adopt me please?"""
173253879650205699,2012-02-25 03:51:58,"b""@kristin__ hoping your interview went wonderfully today-- I'm sure they loved you!!"""
172270436132982784,2012-02-22 10:44:07,"b'tried to google ChiP-SAGE, a molecular biology technique, got distracted by Sage Potato Chips... #foodiescientistproblems'"
172160718672625666,2012-02-22 03:28:08,"b""in a shower cap, after getting pie'd in the face; what did you do today? #dancemarathon http://t.co/ftftfv4"""
171899097106751488,2012-02-21 10:08:33,b'act without expectation #laotzu #quotes'
169209165661736960,2012-02-13 23:59:43,b'@isabellatwu I took a fiction writing class with Aimee Bender last semester. Amazing.'
168374786534285312,2012-02-11 16:44:12,"b'""Instagram is a machine for producing instant nostalgia, a ward against death."" Genius commentary or crackpot rambling? http://t.co/fLVJ0KV'"
168362441061830656,2012-02-11 15:55:08,"b'http://t.co/GxbyOUj: an inspiring story about inspiring kids to read, a simple & beautiful thing RT @LiteraturePlaza'"
168332469383348224,2012-02-11 13:56:02,b'1st grader performing brain surgery to see what each lobe does! http://t.co/TgFsxNw'
165644616471814145,2012-02-04 03:55:28,"b""& the full report on 'the state of state sicence standards': http://t.co/6uMWrXj @2012TFALACorps"""
165644397571088384,2012-02-04 03:54:36,"b'""The State of State Science Standards""; lucky to be teaching in CA next year! http://t.co/G5mWcgA @mandaspots'"
163518365875453953,2012-01-29 07:06:31,"b""RT @brainpicker: The Tell-Tale Brain \xe2\x80\x93 an iconic neuroscientist's quest for what makes us human http://t.co/E5KRpere"""
162480228084625409,2012-01-26 10:21:19,"b""'From the Bottom of My Heart,' fMRI and archives study on gratitude, so lovely http://t.co/fbVvL3D"""
151156135544631297,2011-12-26 04:23:25,"b'An illustrated guide to SOPA, PIPA, and why the internet needs saving: http://t.co/j2ez0Pu'"
134048727802454016,2011-11-08 23:24:41,"b'""When you breathe, you inspire. When you do not breathe, you expire."" From \'Kids Talk Science,\' http://t.co/IJ6z2Vm'"
133923860138565632,2011-11-08 15:08:31,"b'""World\'s saddest IMDB page"" - http://t.co/TlppZ36'"
133921279471394816,2011-11-08 14:58:15,"b""habits of 7 famous writers; love nabakov's index cards http://t.co/s2Y3rLG"""
133917338847285250,2011-11-08 14:42:36,b'on a related note: http://t.co/nuacxEl -- one of my favorites!'
133917068742496256,2011-11-08 14:41:31,"b'""The greater one\xe2\x80\x99s science, the deeper the sense of mystery."" http://t.co/h0htyvX'"
133640895735144448,2011-11-07 20:24:07,b'RT @TheOnion: Obama Now Attempting To Get Each Word Of Jobs Bill Passed Individually http://t.co/vh2tRAwc'
133451546208894976,2011-11-07 07:51:42,"b""a strong argument for how design and visualization can make a real impact in today's complex world - http://t.co/hBabsAf"""
124938097392746496,2011-10-14 20:02:18,"b'""I\'d like to invite a few residents to participate in this country\'s first PENIS TRANSPLANT."" Grey\'s is getting a little desperate, isnt it?'"
118633553465577472,2011-09-27 10:30:17,b'the number of people on pottermore at leavey at 3:30am makes me smile #fightonhogwarts'
100725568022126593,2011-08-09 00:30:21,"b'@emilyafterhours ""teach me how to foodie, teach me, teach me how to foodie""'"
100368703631278081,2011-08-08 00:52:18,"b'@emilyafterhours no one says ""brie cheese""... it\'s just Brie. #learntofoodie'"
100270727462260736,2011-08-07 18:22:59,b'RT @mocost: Incredible scanning electron micrograph of synaptic vesicles http://t.co/ZnM8VRF via @neuropsy_blog'
99641902948818948,2011-08-06 00:44:15,"b'RT @hp_batsignal: Lightning has struck for the last time. I repeat, lightning has struck for the last time.'"
73215103528476672,2011-05-25 02:33:35,b'@danielpineda so good.'
73088868743782400,2011-05-24 18:11:58,"b""@kristin__ I don't start classes until next Tuesday... I want to come visit you!!"""
70272153282543616,2011-05-16 23:39:21,"b""Liberals follow gaze-cuing patterns; conservatives don't because... they don't like being told what to do? lol? http://bit.ly/dURzok"""
69081258361241600,2011-05-13 16:47:10,"b'Zur Hausan, Nobel laureate for discovering the link between HPV and cancer, fight on! #uscgrad'"
69077769325248512,2011-05-13 16:33:18,"b'""Youth that does not make the world tremble is no youth."" #uscgrad'"
69038298282209280,2011-05-13 13:56:27,"b""Found my new lens: Nikon's 35mm f/1.8. Now to scour eBay!"""
68300310573101056,2011-05-11 13:03:57,"b""RT @Lord_Voldemort7: #icanttrustyouif you have 'I must not tell lies' tattooed on the back of your hand. What's that all about? Shadyyyy."""
68299703900577792,2011-05-11 13:01:33,"b'""Never feel self-pity, the most destructive emotion there is"" - always good to remember - http://tinyurl.com/3mlu3oj #pith'"
67916588770263040,2011-05-10 11:39:11,"b'@morganb513 please tell me you found a phoenix too, or at least some basilisk husks'"
67723272875282432,2011-05-09 22:51:01,b'@mandaspots congratulations!! #sojealous #48hoursleft'
67482452750368768,2011-05-09 06:54:05,b'RT @xkcdrss: Marie Curie http://xkcd.com/896/'
67469158195015680,2011-05-09 06:01:15,"b'Makes Me Think - FMS #51 http://t.co/udsXR86 - ""Today in downtown San Diego, I watched a blue collar Mexican man get harassed for being ...""'"
65198224188784640,2011-05-02 23:37:22,b'@kristin__ I love that you reviewed pika pika too'
56129051261272065,2011-04-07 22:59:43,"b'Netflix tells me I have a penchant for ""Cerebral Fight-the-System Documentaries"" -- creepy how effective they are?'"
44878731445149696,2011-03-07 21:54:58,b'RT @NekoCase: Congress is voting to silence NPR and PBS. Stand up for public media now: http://freepr.es/hXIcvp via @freepress'
30518975611805696,2011-01-27 06:54:25,b'RT @jonahlehrer: Where have all the geniuses gone? http://bit.ly/gP5RDk'
29699808449007617,2011-01-25 00:39:20,"b'""Blot Blot Western baby got no bands this shit is crazy"" http://t.co/aZ0AR6h'"
27935805901119488,2011-01-20 03:49:49,b'RT @brendankoerner: Proof that American science education is in fine shape: http://bit.ly/hvWLWT'
27168291994734592,2011-01-18 01:00:00,b'Darren Aronofsky... looks so... normal...!'
19581086287798272,2010-12-28 02:31:09,b'RT @marigoldfarmer: I told mom I wanted a bunch of Steam games and she got me some kind of weird vegetable cooker thing &gt;.&lt;'
16277781755199488,2010-12-18 23:45:00,"b'@janette_m also, my mom found that poster you made for senate secret buddies and put it on my wall &lt;3'"
16274811600764928,2010-12-18 23:33:12,b'@janette_m you are always visiting LA when I am in Texas!'
13725258632667136,2010-12-11 22:42:11,b'@danielpineda Is mechatronics the study of Decepticons?'
7317211240726528,2010-11-24 06:18:53,b'@shipra_g reading an article on how literature is insidiously becoming more cinematic... fight on & have fun at home!'
4806321408839680,2010-11-17 08:01:30,b'@TheScienceGuy USC loves you! Thank you for your inspiring words and incorrigible spirit -- FIGHT ON!'
4064773868097536,2010-11-15 06:54:52,b'neurobiology of language 2010 http://instagr.am/p/Qj7I/'
1485159295614976,2010-11-08 04:04:24,"b'""In the foster home, my hair was my room.""'"
27323401738,2010-10-14 08:50:39,"b'""Don\'t tell me it\'s impossible. Tell me you can\'t do it. Tell me it\'s never been done before.""'"
26128447527,2010-10-02 00:20:34,b'binary day! (100110)'
25832873805,2010-09-28 23:57:06,b'Paroxysmal extreme pain disorder (PEPD) = real-life Cruciatus Curse? Sounds awful!'
15163191130,2010-06-01 07:44:56,"b""And the world's like a science / And I'm like a secret"""
14798364165,2010-05-27 00:21:29,b'@danielpineda Discovered the Speaking Out website today; endless entertainment! 4chan meets confused Republicans... hilarity ensues.'
14610536708,2010-05-24 08:26:15,"b'RT @TylerKnott: ""But can I have you tomorrow?\xe2\x80\x9d I asked. She said, \xe2\x80\x9cYou have me right now."" - Daily Haiku on Love by Tyler... http://tumb ...'"
12493551383,2010-04-20 03:08:15,"b'""In the beginning the Universe was created. This has made a lot of people very angry and has been widely regarded as a bad move.""'"
12215784966,2010-04-15 10:39:50,b'Ever tried.\nEver failed.\nNo matter.\nTry Again.\nFail again.\nFail better.\n\nhttp://bit.ly/bMmwWO'
12132836088,2010-04-14 00:16:31,b'@KogiBBQ USC misses you!'
12131684899,2010-04-13 23:51:27,b'@SliceTruck are you on Jefferson?'
