id,created_at,text
940926359869837314,2017-12-13 12:48:20,"b'RT @librarycongress: ""Never say die!"" -- 80s adventure romp ""The Goonies"" (1985) today joins 25 other treasures of cultural, historic and/o\xe2\x80\xa6'"
921921950678765568,2017-10-22 02:11:36,"b'@jayslagle @braker1nine In an otherwise terrible day for the Vols, this made my night. And it also got me super pum\xe2\x80\xa6 https://t.co/wydyFcaOYM'"
870423733281972224,2017-06-01 23:36:04,"b'RT @billpeduto: As the Mayor of Pittsburgh, I can assure you that we will follow the guidelines of the Paris Agreement for our people, our\xe2\x80\xa6'"
853360937482452992,2017-04-15 21:34:36,b'RT @Benstonium: Why does the NHL allow garbage like this on the ice?!\n\n#Calvert #Kuhnhackl https://t.co/tT1xmFtpd0'
832605023116853248,2017-02-17 14:58:01,"b""I love this guy and how wonderfully he's represented our city. I, too, hope @TheCUTCH22 is a Pirate for life. https://t.co/vUzPG6FNeC"""
744974444905504768,2016-06-20 19:25:23,b'Found some 1961 footage of hometown Knoxville doing research on once-unavailable USIA films. Crazy. 17:55 to 20:22 https://t.co/3Hy8aovfzs'
661245516035043329,2015-11-02 18:16:31,"b""Didn't hit me until today that @Grantland33 is actually gone. Ryan's article here speaks to why I loved it so much. https://t.co/tLrlQhdeYG"""
655048069218725888,2015-10-16 15:50:04,"b""Best random fact I've heard in a while: playwright Samuel Beckett gave 12-year-old Andre the Giant rides to school. http://t.co/8Q4FfbX2Dg"""
610849062468890625,2015-06-16 16:39:00,b'Ironic that a movie critical of this paradigm shift in Hollywood will also be a key force in shepherding it in.  https://t.co/tGr9ESy8le'
561251093494370304,2015-01-30 19:54:22,b'Why @MarkHarrisNYC is my favorite contemporary film historian.Great thesis on the relationship b/t film &amp; history.   http://t.co/2RJQ4tP6JX'
527244955157536769,2014-10-28 23:46:07,"b'I fully and passionately agree with this argument. ""A New Pirate Generation"" is an atrocity of a song. http://t.co/EDbc6InydC'"
512722976391704578,2014-09-18 22:00:58,"b""I'm in the throes of finishing qual exam on the war film. Looking for extra texts, I saw this. God, I needed a smile http://t.co/wGnv0ByhmN"""
511926836700655616,2014-09-16 17:17:23,b'Something extra ironic-y about reading Postmodernism in a coffee shop w/ a Johnny Mnemonic pinball machine under some tribal masks for sale.'
493567005421629441,2014-07-28 01:21:58,"b'RT @Pirates: Oh man, this GIF though... #JHAYAllDay http://t.co/IGd7BlKLOm'"
492784387285454849,2014-07-25 21:32:08,b'The upcoming Goosebumps movie will bring @bhill117 and me back to our glorious visits to Davis Kidd Bookstore. http://t.co/DxWAGaWNkP'
482170047801348096,2014-06-26 14:34:32,b'RT @hornets: Introducing the brand new Charlotte Hornets basketball court presented by @NovantHealth http://t.co/LnJaKLwNLP #HornetsCourt #\xe2\x80\xa6'
482154002805952512,2014-06-26 13:30:46,b'RT @ussoccer: Flooding in Recife. Teddy Goalsevelt guiding our car through the tough waters. Onwards to the stadium! #LetsDoThis http://t.c\xe2\x80\xa6'
391382647697469440,2013-10-19 01:57:49,"b""I'm not typically a fan of profit-hungry rehashes, but sweet Jehoshophat, I'm fully on board for this: http://t.co/2pWiyZ9Ee3"""
379366502623088640,2013-09-15 22:09:57,"b""Playing wiffle ball at the point after a Pirates' win. Can't imagine it getting much better than this. http://t.co/OvCrnW6elB"""
375454073303994368,2013-09-05 03:03:21,"b""RT @mconfroy: @bravebabymusic representing the Carolinas well tonight. So pumped we got to see them before they're playing arenas: http://t\xe2\x80\xa6"""
375072385788940288,2013-09-04 01:46:39,"b'How lucky we are in Pittsburgh to have @TheCUTCH22, not only as the face of the Bucs, but as the face of our city. http://t.co/vn6UBJ64sA'"
367467572607729664,2013-08-14 02:07:51,"b'Rarely do I blatantly campaign on behalf of a particular film...but dare I call this movie a ""must-see."" http://t.co/oCSEBAwfLV'"
351522136390762496,2013-07-01 02:06:22,"b'RT @BucsCommunity: This kid just walked up to this man and said ""Sir, will you rally cap with me?"".  #TooCute #LetsGoBucs  @Pirates http://\xe2\x80\xa6'"
318555968843685888,2013-04-01 02:50:36,b'So close to opening day...this is the year for the @Pirates  Silver is indeed coming to the Steel City! http://t.co/cUBmM4W6mI'
301842613672222721,2013-02-13 23:57:41,"b""Just wonderful. This is why he's my favorite.  http://t.co/eMsXcOJo"""
285928644889686017,2013-01-01 02:01:15,b'RT @TheCUTCH22: 40 years ago on this day we lost a great legend. Lets always remember Roberto Clemente.For not only did he change baseba ...'
277529115635101696,2012-12-08 21:44:32,b'RT @TheCUTCH22: My dream is in front of me...My future is near http://t.co/u1Ys0Q5p'
241716023768784896,2012-09-01 01:56:05,"b""I can't believe I'd never seen this before. It makes me really want to watch Citizen Kane for...what?...the 15th time. http://t.co/PlznyBtZ"""
230997532103303168,2012-08-02 12:04:38,"b""Sportcenter's coverage of Jets training camp reminds me of the 10 hours of red carpet coverage at the Oscars, except not nearly as exciting."""
227438048865050624,2012-07-23 16:20:31,"b""I know I'm fat when I get excited about discovering an extra Zaxby's chicken finger under a pile of greasy fries.  #manbreasts"""
223516251706761216,2012-07-12 20:36:41,"b""Watching the gem, Batman and Robin, and, man, Tom Hardy is going to have a tough time matching Jeep Swenson's nuanced performance as Bane."""
213483129455902721,2012-06-15 04:08:39,"b""Attending the midnight premiere of That's My Boy is the best decision I've made in years. Easily."""
211468634592264192,2012-06-09 14:43:47,b'Listening to the album Nebraska while driving through Nebraska. Just gotta find that mansion on the hill now. http://t.co/Sdy5hfAV'
210962803731865602,2012-06-08 05:13:46,"b""Never thought I'd say this, but I'm helping break down the equipment at a Daughtry concert."""
207012188882337792,2012-05-28 07:35:26,b'Audio: http://t.co/RDQ7Iq7v'
194543115779047424,2012-04-23 21:47:47,b'Possibly a new avenue for @texturephoto with her wedding photography. I know @jayslagle would love this. http://t.co/ryEakMY8'
193778232519176192,2012-04-21 19:08:26,b'My first 14er:  Mt. Shavano. http://t.co/GlI1Qb2c'
192315319417708544,2012-04-17 18:15:19,"b""In more ways than one, this may be the coolest thing I've ever seen:  http://t.co/H5kzNcCR"""
190225557336756224,2012-04-11 23:51:22,b'Salida...not too bad a place to live. http://t.co/YrNDLhWh'
189478815842582528,2012-04-09 22:24:04,"b""If I'm ever rich for some reason...which is highly unlikely...my movie room will look something like this:  http://t.co/kOTugkBI"""
188502924492668928,2012-04-07 05:46:14,b'This is fantastic. Jurassic Park and Ghostbusters even appeal to a high art Swedish director obsessed with death. http://t.co/ijJDveuT'
187623692052856832,2012-04-04 19:32:28,b'This is kind of why I do what I do...  http://t.co/od7828Lm'
166691830929440768,2012-02-07 01:16:45,"b""I can't imagine a place I'd rather be right now. http://t.co/lUKmeSoe"""
157537821186473984,2012-01-12 19:01:58,"b""I'm heading out of Knoxville for good today. Thanks for an amazing 20 years. I'd be truly blessed to somehow end up back here one day."""
133597020475760640,2011-11-07 17:29:46,b'This aptly describes my priorities and experiences at eight-years-old: http://t.co/2b2YM19i'
129776846215712769,2011-10-28 04:29:45,"b'Baseball brings me such a pure, unadulterated joy.'"
123368868033994752,2011-10-10 12:06:44,b'Two sets of wind chimes hanging in your car and wearing an American-flag t-shirts and jorts...classic West Virginia. #leatherbaseballcaps'
119605491998539777,2011-09-30 02:52:26,b'Ping pong defeat tastes like two-years-past-expiration-date Keystone Ice for @jayslagle #mmmdrinkitin'
106179017857712128,2011-08-24 01:40:25,"b""RT @mconfroy: Don't let anyone tell you that altruism doesn't exist: http://t.co/q4wlMLg #Bravery #RespectYourElders #Inspired"""
82316020571840512,2011-06-19 05:17:23,"b""Sad day. Clarence Clemons, the best rock saxophonist ever, passed away today. You're riding off tonight to claim the promised land, Big Man."""
61329130695823360,2011-04-22 07:22:58,"b""Chomet and Tati's The Illusionist - It\xe2\x80\x99s been quite some time since my last post, this past December in... http://tumblr.com/x0i27w59uw"""
55731841319186432,2011-04-06 20:41:21,"b""I'm at the Broadway Kroger...an odd place to hear, then pine for BB Mak. I miss them,in fact, I miss British pop groups in general #TakeThat"""
53249494237708290,2011-03-31 00:17:23,b'@chrisbrakebill Whatever happened to Powerman 5000? They were badass.'
53239449202593792,2011-03-30 23:37:28,"b""@chrisbrakebill Yeah, totally. She and the rest of The Go Gos's are so gifted."""
49909410931277824,2011-03-21 19:05:05,"b""I'm glad I'm moving next year. I won't have to be amidst the tragedy that is UT Athletics any longer. I'll miss you, Bruce."""
49203495475232769,2011-03-19 20:20:02,b'@chrisbrakebill Henry cares.'
48790322473467904,2011-03-18 16:58:14,"b""#teampearl Everyone knows I'm incredibly biased towards loving anyone named Bruce. He gave UT basketball identity and relevance."""
45708447848742912,2011-03-10 04:51:57,"b'Given my experience, I can honestly say driving in rural Alabama is far more fightening than riding on dirt roads in a communist country.'"
41643175814627328,2011-02-26 23:38:01,b'The Kroger-to-Kroger Dine-In Challenge continues at Tomo. #DouglasFairbanks http://t.co/QWHtYCy'
29424773238886400,2011-01-24 06:26:27,b'RT @markschlereth: My new post on NFL going to 18 games. Thanks for the feedback always appreciated! http://j.mp/dKT2Ty'
29370384591618048,2011-01-24 02:50:20,b'RT @bhill117: Roethlisberger leading the boys to another championship! Go steelers!'
26444475026907136,2011-01-16 01:03:48,b'Victory! Suck it Ravens. #goodburger'
26428911923499008,2011-01-16 00:01:58,b'I love the Steelers D so much. #thejgeilsband'
26390935063494656,2011-01-15 21:31:03,"b""Let's go Steelers! #chadmichaelmurray"""
24891415825747968,2011-01-11 18:12:30,b'Yessum...back in Nashvegas! Bussing back to my car. Yay! #theghostoftomjoad'
24790899204558848,2011-01-11 11:33:05,"b'If we are indeed on the Amazing Race, I hope Jay gets hit in the face with a watermelon.'"
