id,created_at,text
969581859695939585,2018-03-02 14:35:03,b'Helpful article @SHIjournal to rethink samples donation in #biobanking #sociology https://t.co/OoYTlF1KyW'
969237128898076672,2018-03-01 15:45:13,b'The latest news in #Geneediting https://t.co/n99d8jJLKM'
968951142863527937,2018-02-28 20:48:49,b'A lot of #CitizenScience is going in #health. #RareDiseaseDay https://t.co/7cQ8OMbVMA'
968527271140130817,2018-02-27 16:44:30,b'when is going to be the day when #nurses are going to be truly recognized by their work? Support #NursingNow for\xe2\x80\xa6 https://t.co/rjF8IEC2ny'
968150432618024965,2018-02-26 15:47:05,b'Tomorrow webinar #clinicaltrials #GDPR https://t.co/DMdLN2yVMD'
967045766639431680,2018-02-23 14:37:32,b'Job position @ChampalimaudF https://t.co/WvxUHEOBLd'
966635908450701312,2018-02-22 11:28:54,b'ICYMI: Deadline ends tomorrow. #ISBER2018 @ISBER_ORG https://t.co/ZL2tWGL9QC'
966635320056909824,2018-02-22 11:26:34,b'WHO is going to take #FirstEmbrace to Portugal? https://t.co/seieBjX8SD'
966634405350596609,2018-02-22 11:22:56,b'Quite interesting for Portuguese health #sociology! https://t.co/6OTUZ5g2SH'
966323969212248064,2018-02-21 14:49:22,b'How to explain the path of a biological sample? Great initiative! @BiobancoDelSSPA https://t.co/NdSE2tjtR6'
966313920272195584,2018-02-21 14:09:26,b'Be part of it! https://t.co/LYJbbqElLR'
944159500797468673,2017-12-22 10:55:41,b'CfP still open:Constructing scientific evidence in biomedicine:(dis)entangling the roles of researchers and citizen\xe2\x80\xa6 https://t.co/I3dfLhMTp9'
925749156886564866,2017-11-01 15:39:33,b'RT @BPrainsack: Just out: Sandra Soo-Jin Lee: \xe2\x80\x9eConsuming DNA: The Good Citizen in the Age of Precision Medicine\xe2\x80\x9c https://t.co/fexDkWo7Qs (\xc2\xa3)'
925144075849883648,2017-10-30 23:35:10,b'RT @BBMRILPC: The #Biobanking Article of the Week is about the oversight of #genomic #data sharing! https://t.co/Z52sR7kLMT'
923122530491170816,2017-10-25 09:42:16,b'Is it possible to achieve genuine participation in research through ICT? https://t.co/vVeC0pN0ZT'
913060555166019586,2017-09-27 15:19:34,b'CfP open:Constructing scientific evidence in biomedicine:(dis)entangling the roles of researchers and citizens toda\xe2\x80\xa6 https://t.co/F1IPHSuyy7'
913059534494687233,2017-09-27 15:15:31,b'The challenges of the expanded availability of genomic information - another great paper with @IS1303CHIPME \nhttps://t.co/UzTHf0iSbb'
913058232331010048,2017-09-27 15:10:21,b'RT @PascalBorry: A new agenda-setting paper on the expanded availability of genomic information. Developed within @IS1303CHIPME https://t.c\xe2\x80\xa6'
904987943680581632,2017-09-05 08:41:54,b'RT @DanyaVears: @PascalBorry kicks off day 2 of the @IS1303CHIPME final conference discussing issues with the UK https://t.co/A1ccIGUmCr sc\xe2\x80\xa6'
900116698518487040,2017-08-22 22:05:18,b'Just published! For an ethical sharing of health data online. https://t.co/lynPRUrc2Y @IS1303CHIPME'
867029620088070144,2017-05-23 14:49:04,b'RT @IS1303CHIPME: Take part in our short survey! - What do citizens in Europe believe about new types of genetic tests and healthcare? http\xe2\x80\xa6'
831900454405697538,2017-02-15 16:18:18,"b""RT @IS1303CHIPME: Don't forget! Final call for CHIPME STSM applications - 15 Feb 2017: https://t.co/XzoJkTddTS"""
829324835021000706,2017-02-08 13:43:43,b'When doing fieldwork gives you a gift like this... #Lisbon https://t.co/oyTU41zYoW'
823927849597988866,2017-01-24 16:18:01,b'A new biobank just opened in Portugal! UBI_pt https://t.co/W5Uj4JinNX'
823546356283346944,2017-01-23 15:02:06,b'RT @IS1303CHIPME: Interviews with our members and participants at the CHIPME Annual Workshop 2016 on Serbian Television! https://t.co/Dz2Ha\xe2\x80\xa6'
819938059882008578,2017-01-13 16:04:01,"b'RT @mariojdssantos: Medicalisation is alive and well, in late-modern societies. ""The concept of medicalisation reassessed""  https://t.co/Vk\xe2\x80\xa6'"
624643161487450112,2015-07-24 18:11:49,b'https://t.co/A6bFQdCBqy'
