id,created_at,text
970055334453764098,2018-03-03 21:56:29,"b'RT @garyyounge: The fact that Boris Johnson got and remains in his job, clearly illustrates how the privileges of gender, race &amp; class cons\xe2\x80\xa6'"
969565212780253184,2018-03-02 13:28:55,"b""RT @guardianscience: Two become one: two raven lineages merge in 'speciation reversal' https://t.co/cimOaJBvXB"""
969422862150000640,2018-03-02 04:03:15,b'RT @aeonmag: We need a philosophy of Slow Thought to ease thinking into a more playful and porous dialogue about what it means to live http\xe2\x80\xa6'
969238731679989760,2018-03-01 15:51:35,b'RT @aesopsanthro: Fascinating: genetics play a very minor role in determining microbiome composition (&lt;2% of variation tw. populations); di\xe2\x80\xa6'
968842882407960577,2018-02-28 13:38:38,b'RT @BBCWorld: Why New Zealand is releasing a rabbit-killing virus https://t.co/yrOs4PaHEd'
968839912077365248,2018-02-28 13:26:49,b'RT @brainpicker: Against busyness and surfaces \xe2\x80\x94 Emerson on living with presence and authenticity https://t.co/pGTjMoDyuN https://t.co/Lwx0\xe2\x80\xa6'
968471889512460288,2018-02-27 13:04:26,"b'RT @BklynInstitute: Podcast for Social Research, Episode 17 | Reading Donna Haraway in the Anthropocene | https://t.co/tM4O7qmolf https://t\xe2\x80\xa6'"
967589255861211136,2018-02-25 02:37:10,"b'RT @distributedcog: 2.24.4 John Dupre, ""Metaphysics of metamorphosis""\nhttps://t.co/JiimCsj6MQ'"
966482154170605569,2018-02-22 01:17:56,b'RT @aesopsanthro: How the microbiome challenges our concept of self: https://t.co/DlSXccmCuC 3 biological versions of the self look quite d\xe2\x80\xa6'
966044938453553152,2018-02-20 20:20:36,"b'RT @SociologyGold: Lecture - A Thousand Subjectivities: James, Whitehead, Deleuze with Melanie Sehgal and the dept. Unit of Play. Find out\xe2\x80\xa6'"
965885257709912064,2018-02-20 09:46:05,b'RT @richardhorton1: The mistaken opposition between \xe2\x80\x9cuseful\xe2\x80\x9d STEM degrees and \xe2\x80\x9cless useful\xe2\x80\x9d humanities subjects is a dangerous misunderstan\xe2\x80\xa6'
964221136857915392,2018-02-15 19:33:28,"b'RT @aesopsanthro: Care in nonhumans: ants clean &amp; treat wounds https://t.co/h3hqRpvuzm ""We suppose that they do this to clean the wounds an\xe2\x80\xa6'"
963819930792624128,2018-02-14 16:59:13,"b'RT @RSTMH: A new family of antibiotics, that could be used to combat hard-to-treat infections, has been discovered in soil samples by scien\xe2\x80\xa6'"
963819873330745349,2018-02-14 16:58:59,b'RT @TBIJsuperbugs: Cases of gonorrhoea resistant to antibiotics tripled in six months in Australia. Raises fears of STIs that will take mon\xe2\x80\xa6'
963412878056411138,2018-02-13 14:01:44,"b'RT @ColinJCarlson: you\'re never really ""alone on valentine\'s day"" if you think about all the parasitic microorganisms cohabitating your cor\xe2\x80\xa6'"
