id,created_at,text
967075547179237377,2018-02-23 16:35:52,b'Live Under Stephen Colbert\xe2\x80\x99s Desk with Jon Stewart During a Taping of The Late Show https://t.co/hnVGP7oAti'
966763259188531201,2018-02-22 19:54:57,b'RT @PHDcomics: Whose interest? https://t.co/57wGrsPLPd https://t.co/AdGzQRcJcb'
965989160858169344,2018-02-20 16:38:57,"b'if you think society has fallen so bad that we all need guns to protect ourselves, then we are beyond redemption as a society #NeverAgain'"
960993118068686848,2018-02-06 21:46:28,"b'RT @elonmusk: View from SpaceX Launch Control. Apparently, there is a car in orbit around Earth. https://t.co/QljN2VnL1O'"
960991031582797825,2018-02-06 21:38:10,b'RT @forthelaunch: THE FALCONS HAVE LANDED #SpaceX #FalconHeavy https://t.co/QgGncZUK7B'
960990945943592961,2018-02-06 21:37:50,"b'RT @kostdiek84: In case you wanted to watch it over and over: https://t.co/hbZngJewuD\nSo amazing! Well done, @SpaceX and thanks for letting\xe2\x80\xa6'"
953029493748252672,2018-01-15 22:21:52,"b'Wow, this is terrible! https://t.co/1UluF8iQPA'"
951964771955310594,2018-01-12 23:51:02,b'@USCCB Thank you for your leadership!'
951911044854644736,2018-01-12 20:17:33,b'RT @ryanstruyk: Breakdown of African-born vs. native-born residents in the United States by education via @uscensusbureau --&gt;\n\nAfrican-born\xe2\x80\xa6'
951869515033337861,2018-01-12 17:32:31,b'@novaexperiment Would it be possible to test the correlations shown in https://t.co/hY6GQ5BYdF @kostdiek84 #neutrinos #ashriver'
950483185720180736,2018-01-08 21:43:45,"b'If you liked the #SolarEclipse2017, you should check out this photo! https://t.co/cP5V43GAKG @society6 @kostdiek84 #photography'"
931301230827134977,2017-11-16 23:21:30,b'@Liz_Cheney I am a Wyoming native that recently completed a Ph.D. I worked hard to get it and only earned a small s\xe2\x80\xa6 https://t.co/tlQaydBYul'
931030126749347841,2017-11-16 05:24:14,"b'RT @LIGO: We are happy to announce the detection of #GW170608, #GravitationalWaves from a 19-solar-mass binary #BlackHole coalescence!  htt\xe2\x80\xa6'"
930508525431767040,2017-11-14 18:51:35,b'I wish we could all follow the precepts laid out here https://t.co/2LzK87ZO9l. Thanks @artofmanliness'
925437700303241216,2017-10-31 19:01:56,b'@DomenicoNPR Thank you!'
925434929172791296,2017-10-31 18:50:55,b'@DomenicoNPR Can you include a link to the source of this chart?'
893621462816378881,2017-08-04 23:55:34,"b'@Allegiant Still at the departing airport, taken off the plane after 2.5 hours on the tarmac.\xe2\x80\xa6 https://t.co/loCv7Ca0IK'"
893605404038451200,2017-08-04 22:51:45,"b'@Allegiant As soon as one problem is fixed, they found another?!?! Do you service your planes?'"
893601465318596608,2017-08-04 22:36:06,"b""@Allegiant Aren't there laws about that?"""
893598133896093697,2017-08-04 22:22:52,b'@Allegiant Two hours on the tarmac with no food.'
893594378949632000,2017-08-04 22:07:56,b'@Allegiant Now we are delayed so much that we are going to miss events we purchased tickets for. Very frustrated with @Allegiant'
893586552634220544,2017-08-04 21:36:50,b'Tried @Allegiant for the first time for our 5 year wedding anniversary. Stuck on the runway for an hour. Flight 566.'
893233523598909440,2017-08-03 22:14:02,"b'@nprpolitics @tamarakeithNPR  Can you explain this,  please? https://t.co/phutASUh0x'"
890799502684114944,2017-07-28 05:02:06,"b""RT @DomenicoNPR: I have to say, I don't get passing something you don't like and don't think will become law. What if it does?"""
880583040715546624,2017-06-30 00:25:32,b'https://t.co/GhDNDMQG59 New paper on weakly supervised neural networks #MachineLearning #HighEnergyPhysics'
868174807657009152,2017-05-26 18:39:38,b'Activity measurement of 60Fe through the decay of 60mCo and confirmation of its half-life https://t.co/hLqpVse5kH'
867597586198179840,2017-05-25 04:25:58,b'Had to gate check because @unitedairlines said there was no more room #nottrue #alternativefacts https://t.co/MQ4BkTUfWY'
867018276433518596,2017-05-23 14:04:00,"b'I just backed Arsenal, the intelligent camera assistant on @Kickstarter https://t.co/exsCLKN2Y8'"
864289081177415680,2017-05-16 01:19:09,"b""RT @SpeakerRyan: It's simple: Individuals who are \xe2\x80\x98extremely careless\xe2\x80\x99 w/ classified info should be denied further access to it. https://t.\xe2\x80\xa6"""
864288762284482561,2017-05-16 01:17:53,b'https://t.co/3VK1Fpw2s5 #LockHimUp @POTUS'
859445609417261057,2017-05-02 16:32:55,b'10 Ideal Summits for First-Time Mountaineering https://t.co/1ecmFnNLBc via @outdoorproject'
839505645934010368,2017-03-08 15:58:37,"b'Phys. Rev. D 95, 055007 (2017) - Improving LHC searches for dark photons using lepton-jet substructure https://t.co/iPcBpVrS3i'"
827200821716660225,2017-02-02 17:03:39,"b'RT @Pontifex: God wants us all to see one another as brothers and to live as such, forming a great human family that is harmonious in its d\xe2\x80\xa6'"
826115940878163968,2017-01-30 17:12:43,b'RT @archdpdx: The Archdiocese of Portland stands in solidarity with the USCCB statement regarding the recent Executive Order https://t.co/O\xe2\x80\xa6'
824035827487342592,2017-01-24 23:27:05,"b""RT @palafo: For later, after those Badlands National Park tweets get deleted, here's what happened. ht @migold https://t.co/b5vnKjwDnn"""
813015159044276225,2016-12-25 13:34:53,"b'Pondering the Word made Flesh, Merry Christmas!'"
697848237382762496,2016-02-11 18:22:39,"b'Phys. Rev. Lett. 116, 061102 (2016) - Observation of Gravitational Waves from a Binary Black Hole Merger https://t.co/aOkWHupj39'"
697845416088330240,2016-02-11 18:11:27,"b'RT @LIGO: Dave Reitze: ""This event is so significant that we can only put a lower bound on its significance - 5.1 sigma.""\n#GravitationalWav\xe2\x80\xa6'"
