id,created_at,text
969438625472634880,2018-03-02 05:05:54,b'RT @WriteThatPhD: Doing a PhD? How to write it up &amp; what to include in the:\nFirst few pages https://t.co/rKXXbSEuM0\nLit review https://t.co\xe2\x80\xa6'
967229484033368064,2018-02-24 02:47:33,"b'RT @ProfJessieSmith: Consent Searches Tip #5: For consent to be voluntary, officers need not advise Def that he/she can refuse consent. Sch\xe2\x80\xa6'"
966875113072275456,2018-02-23 03:19:25,b'RT @kramtrak: Anyone who thinks giving guns to professors is a good idea has never seen a professor try to set up a PowerPoint presentation.'
966139149983068160,2018-02-21 02:34:58,b'RT @DedicatedPeeler: Fundamental problems in policing:\n\n1) not enough reflective practice\n\n2) not enough critical thinking (critiquing our\xe2\x80\xa6'
965624053724827648,2018-02-19 16:28:09,b'RT @AdviceToWriters: You can only write regularly if you\xe2\x80\x99re willing to write badly. You can\xe2\x80\x99t write regularly and well. One should accept b\xe2\x80\xa6'
