id,created_at,text
969842468870012928,2018-03-03 07:50:38,"b'RT @TrendsImmuno: -IL-2 is a critical T cell activator but often too toxic for therapeutic use, Garcia&amp;co. report the use of an orthogonal\xe2\x80\xa6'"
969839343471812608,2018-03-03 07:38:12,b'RT @ajitjohnson_n: A bacteria (Staphylococcus epidermidis) commonly found on skin produces a substance that may help protect against skin c\xe2\x80\xa6'
968375795185078273,2018-02-27 06:42:35,b'RT @nature: Charged groups on protein surfaces often take part in molecular interactions. Two unstructured proteins have been found to use\xe2\x80\xa6'
967294660849762304,2018-02-24 07:06:33,"b'""It is great that the first person they tested penicillin on was not allergic to penicillin"" https://t.co/bArvF008Qy'"
967292746112249857,2018-02-24 06:58:56,b'RT @Astro_Sabot: Sometimes nature looks like art from @Space_Station!! https://t.co/eP56I0OjjW'
967276230209753089,2018-02-24 05:53:19,b'RT @FrontImmunol: CD4+ T Helper Cells Play a Key Role in Maintaining Diabetogenic CD8+ T Cell Function in the Pancreas: Gabriel Espinosa-Ca\xe2\x80\xa6'
967244989225844738,2018-02-24 03:49:10,b'RT @NatImmunol: New resource paper by Albert and colleagues looking at variability of human immunity https://t.co/Cux7Jhi8WJ https://t.co/O\xe2\x80\xa6'
967057145454772225,2018-02-23 15:22:45,b'RT @BBC: \xf0\x9f\x8d\xa9\xf0\x9f\x8d\x95 New research suggests that a 10% rise of ultra-processed foods in your diet is linked to a 12% increase in risk of cancer. http\xe2\x80\xa6'
967043483587379201,2018-02-23 14:28:27,"b""RT @NatGeo: For a baby elephant, there's no greater joy than a mud bath https://t.co/4F5lGnxwog"""
967043080166653952,2018-02-23 14:26:51,"b'RT @CellCellPress: #NaturalKiller cells recruit #dendritic cells to the tumor #microenvironment, and disruption of this process results in\xe2\x80\xa6'"
966860260995563520,2018-02-23 02:20:24,b'RT @UCSF: The virus is already in clinical trials for primary liver and colorectal cancers. \nhttps://t.co/DwVe26lWBP'
966845768748314624,2018-02-23 01:22:49,"b'RT @nature: Many doctoral curricula aim to produce narrowly focused researchers rather than critical thinkers. That can and must change, sa\xe2\x80\xa6'"
966843773551456256,2018-02-23 01:14:53,b'RT @immjournal: New review.  Adaptive immune education by gut microbiota antigens https://t.co/Ghnw64ckM8 https://t.co/krT0eLH3CQ'
