id,created_at,text
969600620066934784,2018-03-02 15:49:36,b'RT @digitalFlaneuse: Nailed it!!!\nThe first problem for data science is figuring out when you have a data science problem. Maybe it\xe2\x80\x99s a soc\xe2\x80\xa6'
966766438911479808,2018-02-22 20:07:35,b'RT @chris_naesseth: We combine variational and Monte Carlo methods for approximate Bayesian inference. VSMC is a new variational family wit\xe2\x80\xa6'
957737467284742144,2018-01-28 22:09:40,"b'RT @nuriastweets: Contra bords i lladres: \xe2\x80\x9cEt mirava ahir i pensava que ens fas molt de b\xc3\xa9, a tots plegats.\xe2\x80\x9d @HiginiaRoig \nhttps://t.co/tZI\xe2\x80\xa6'"
951728749837504512,2018-01-12 08:13:10,"b""RT @jmjornet: It's always a pleasure to give a talk back at home: The Internet of Nano-Things: From Nanomaterials to Macrosystems, Thursday\xe2\x80\xa6"""
936349906532417536,2017-11-30 21:43:08,b'RT @junpenglao: A new must-read: TensorFlow Distributions. From @dustinvtran and the folks working on BayesFlow https://t.co/WhmJBERDCb'
935974452440920064,2017-11-29 20:51:13,"b'RT @elisenda_bou: ""All your life,\xc2\xa0you will be faced with a choice. You can choose love or hate. I choose love"". Johny Cash https://t.co/6OL\xe2\x80\xa6'"
933847654185836544,2017-11-24 00:00:05,"b'RT @yaringal: Dear research community, please keep machine learning open access @NipsConference @icmlconf @iclr2017 JMLR\nhttps://t.co/w3tJq\xe2\x80\xa6'"
933847308424306689,2017-11-23 23:58:43,"b'RT @DynamicWebPaige: ""Yes, good morning everyone. My name is Paige Bailey, and this talk on overfitting will be divided into the following\xe2\x80\xa6'"
931297109084532736,2017-11-16 23:05:08,"b""RT @AlexWhitcomb: I know you've seen a robot walk, but have you ever seen one do a backflip? https://t.co/1ch3vnFu7U"""
930210609307586561,2017-11-13 23:07:46,b'RT @daledesilva: I recently launched this site to help create discussion.\nHelp me spread the word? #changethedate\nhttps://t.co/I2GIsncEnZ\xe2\x80\xa6'
929891795638423554,2017-11-13 02:00:55,"b'RT @ProfFeynman: It is imperative in science to doubt; it is absolutely necessary, for progress in science, to have uncertainty as a fundam\xe2\x80\xa6'"
928884472958803968,2017-11-10 07:18:10,b'Elpidio Jos\xc3\xa9 Silva: \xe2\x80\x98\xc3\x89s una urg\xc3\xa8ncia radical estudiar la il\xc2\xb7legalitzaci\xc3\xb3 del PP\xe2\x80\x99 https://t.co/K4JyFQIrVX'
926215789794942976,2017-11-02 22:33:47,b'RT @yanisvaroufakis: No Constitution in whose name politicians are jailed for pursuing peacefully a political agenda can be democratic  htt\xe2\x80\xa6'
926208540783517701,2017-11-02 22:04:58,"b'RT @kilianj: When, in the lack of political capacity, the repression and imprisonment are used to silence ideas, the lack of democracy beco\xe2\x80\xa6'"
916281027198304256,2017-10-06 12:36:35,"b'RT @_DianeKim: Bias in AI: when you translate this from English \xe2\x9e\xa1\xef\xb8\x8fTurkish, a gender neutral language, then that same Turkish phrase back to\xe2\x80\xa6'"
915829329199693825,2017-10-05 06:41:42,"b'RT @dustinvtran: Excited to be at Google for rest of this year. Aside from basic ML research, expect Edward officially merging into @tensor\xe2\x80\xa6'"
915749804944236544,2017-10-05 01:25:41,"b'RT @peachyrob: #AI - ""if we stop dreaming big dreams, if we stop looking for a greater purpose, then we may as well be machines ourselves""\xe2\x80\xa6'"
915340652396736512,2017-10-03 22:19:52,"b""RT @BBCBreaking: Catalonia will declare independence from Spain in a matter of days, region's leader Carles Puigdemont tells the BBC https:\xe2\x80\xa6"""
915340557425057792,2017-10-03 22:19:29,"b""RT @OwenJones84: An unelected monarch denounces Catalan voters after they've been beaten up by Spanish police. This will definitely stop Ca\xe2\x80\xa6"""
915340427670073344,2017-10-03 22:18:58,b'RT @jaumecollboni: Y despu\xc3\xa9s de una jornada de protestas pac\xc3\xadficas.Un mensaje sin ni una iniciativa concreta de di\xc3\xa1logo.Ni una.Muy preocupa\xe2\x80\xa6'
914966685538328576,2017-10-02 21:33:51,b'RT @Kasparov63: The beautiful promise of a united Europe was the end of force in resolving problems. The Spanish government has betrayed th\xe2\x80\xa6'
914840507498369026,2017-10-02 13:12:28,"b""RT @sandrelop: Les idees no viuen sense organitzaci\xc3\xb3. GR\xc3\x80CIES, @SxMreferendum i GR\xc3\x80CIES, ex\xc3\xa8rcit d'invisibles. \n\nhttps://t.co/UMQUlIzEWL"""
914814917009580032,2017-10-02 11:30:47,"b""RT @AlbertLloreta: Catalunya Experience: treballadors de La Caixa fent c\xc3\xa0ntics de la CUP. \nM'explota el cap! https://t.co/pRNQ42naey"""
914726985087180800,2017-10-02 05:41:22,"b""RT @elinalepomaki: The thing about human rights is you don't need an opinion about the campaign to know that police shouldn't beat unarmed\xe2\x80\xa6"""
914723942916489217,2017-10-02 05:29:17,"b""RT @Snowden: State violence fractures Spain: Rajoy's crackdown on #1Oct vote ends with 844 injured &amp; 90% voting for independence. https://t\xe2\x80\xa6"""
914673968933564416,2017-10-02 02:10:42,b'RT @roserpie: URGENT: Alg\xc3\xba que hagi estat testimoni de les carregues i que vulgui parlar per les noticies a Australia? #CatalanRederendum #\xe2\x80\xa6'
914574466436423685,2017-10-01 19:35:19,"b'RT @rcanigueral: THE SHAME OF EUROPE. And meanwhile Spanish government claims such force is ""professional and proportional"".\n#CatalanRefere\xe2\x80\xa6'"
914574120733384705,2017-10-01 19:33:57,b'RT @ignasi35: El m\xc3\xa9s greu \xc3\xa9s que dem\xc3\xa0 enviem els nens all\xc3\xa0 on avui hi havia batalla.\n\nEls nens!'
914492077768982528,2017-10-01 14:07:56,"b'RT @javisanchezglez: Era tan f\xc3\xa1cil como dejar votar y decir que no se reconoce el resultado, y empezar a dialogar el lunes.\n\nPero no, mejor\xe2\x80\xa6'"
914479247388925953,2017-10-01 13:16:57,b'RT @jeremycorbyn: Police violence against citizens in #Catalonia is shocking. The Spanish government must act to end it now.'
914405449910255617,2017-10-01 08:23:42,b'RT @orioldebalanzo: Catalans want to vote. This is the spanish response to it. #spanishdemocracy #CatalanReferendum (via @natzafarre) https\xe2\x80\xa6'
914402384373092353,2017-10-01 08:11:31,"b'Shame on you Spain, Shame! #CatalanReferendum'"
913651807271845889,2017-09-29 06:29:00,b'RT @Well086: Espeluznante! Apocal\xc3\xadptico! Estudiantes radicales partidarios del SI y del NO manifest\xc3\xa1ndose juntos a favor del derecho a vota\xe2\x80\xa6'
913041423087280130,2017-09-27 14:03:33,b'RT @el_pais: Formamos parte de una sociedad que tiende a condenar el talento y el \xc3\xa9xito ajenos: la envidia paraliza el progreso https://t.c\xe2\x80\xa6'
912192736144396288,2017-09-25 05:51:10,"b'RT @contrariansmind: Catalans are not alone. Across the world, people yearn to govern themselves. https://t.co/xlFBdBUtxy @MedTechpreneur @\xe2\x80\xa6'"
911717928772411393,2017-09-23 22:24:27,"b""RT @jrosell: M'ha agradat aquest v\xc3\xaddeo sobre 1-O. No hi ha bons o dolents, hi ha tontos i llestos. https://t.co/RzlKW2nMx7"""
911550527158198272,2017-09-23 11:19:16,b'RT @quimarrufat: Aqu\xc3\xad venen els nostres refor\xc3\xa7os :-) #TotUnPobleEnMoviment https://t.co/IBF9HDJavZ'
911130182932561921,2017-09-22 07:28:58,b'RT @WIRED: Mathematical literacy is empowering (via @quantamagazine) https://t.co/m19fwHjjYV'
911053613329346560,2017-09-22 02:24:42,b'RT @Snowden: The right of self-determination\xe2\x80\x94for people to freely decide their own system of government\xe2\x80\x94cannot simply be outlawed. It is a\xe2\x80\xa6'
910991335422697472,2017-09-21 22:17:14,b'RT @hierro34: Me muero. https://t.co/T6mLyAGLtI'
910829413809270784,2017-09-21 11:33:49,"b""RT @JordiGraupera: Si no s'havia previst maneres de superar perdre butlletes, un joc d'urnes o correus, aquesta generaci\xc3\xb3 de pol\xc3\xadtics ha de\xe2\x80\xa6"""
910809206797737989,2017-09-21 10:13:31,"b""RT @kilianj: A vegades quan portes molt temps a la muntanya t'imagines quant haur\xc3\xa0 avan\xc3\xa7at el m\xc3\xb3n, a vegades baixes i sembla que haigui tor\xe2\x80\xa6"""
910614764144910336,2017-09-20 21:20:52,"b'RT @MarinaMeseguer: ""Although the Catalan indep mov. has been peaceful, raids by Guardia Civil create echoes of the Franco dictatorship"" ht\xe2\x80\xa6'"
910605025436565504,2017-09-20 20:42:10,b'RT @guardian: \xe2\x80\x9cThe Spanish government has crossed a red line and become a democratic disgrace.\xe2\x80\x9d https://t.co/cNMXOrs4kc'
905526396448944128,2017-09-06 20:21:31,b'RT @lawrennd: Formal announcement of our new team in Barcelona. Very excited to be working with Hugo Zaragoza again! https://t.co/v0N6q8UVCj'
903601693606084608,2017-09-01 12:53:26,"b'RT @CatorzeCat: ""Em caldrien m\xc3\xa9s anys dels que viur\xc3\xa9 per tornar a patir per qualsevol mal amb remei"".\nUna confessi\xc3\xb3 d\'@EvaPiquer: https://t\xe2\x80\xa6'"
903266308736684033,2017-08-31 14:40:44,b'RT @jordiborras: Tuit fixat del dia #periodisme #GeorgeOrwell https://t.co/GmmzmnM2cP'
903266231502872577,2017-08-31 14:40:26,b'RT @wikileaks: Paper publishes highly suspect US intelligence document on ISIS attack in Barcelona ahead of Catalan referendum. https://t.c\xe2\x80\xa6'
902316163220217856,2017-08-28 23:45:12,b'Joan Dom\xc3\xa8nech: \xc2\xabPerdre el temps \xc3\xa9s una bona manera de guanyar-lo\xc2\xbb https://t.co/wjQaKngXi0 via @CatorzeCat'
902309905805213696,2017-08-28 23:20:20,b'RT @ProfFeynman: It is our responsibility as scientists ... to teach how doubt is not to be feared but welcomed and discussed. https://t.co\xe2\x80\xa6'
901604075300503552,2017-08-27 00:35:37,b'RT @BBCWorld: The father of the youngest victim of the Barcelona attacks embraces an imam in an emotional show of unity https://t.co/TS7I0o\xe2\x80\xa6'
901603595732172800,2017-08-27 00:33:42,"b'RT @davidminoves: A la manifestaci\xc3\xb3 #NoTenimPor ""Felipe, qui vol la pau no trafica amb armes"" #anemdeblau https://t.co/Tkq60lZ20E'"
900914299769573376,2017-08-25 02:54:41,b'The art of asking | Amanda Palmer https://t.co/km66r7sRgU'
898327602510700545,2017-08-17 23:36:05,b'RT @RogerPala: La Rambla \xc3\xa9s i ser\xc3\xa0 nostra. Tornarem a voltar per la Rambla. https://t.co/lZ3x69wviS'
898324444430467073,2017-08-17 23:23:32,b'RT @vilallongapac: Compareu portades. Sensacionalisme versus periodisme. #Barcelona https://t.co/AW58iriFmH'
893438646807744513,2017-08-04 11:49:07,b'RT @SashaVNovikov: The beta test of our Coursera course on Bayesian machine learning is coming soon! https://t.co/1vgHxysZj1'
888170139559936001,2017-07-20 22:53:57,b'RT @keenanisalive: Infographic I made for my graduate students about the emotional ups and downs of doing research. https://t.co/BibVOymdiw'
886190132549763072,2017-07-15 11:46:06,b'RT @escabellat: Things are getting a little tense https://t.co/EjewHe5Gsx'
885627723338481664,2017-07-13 22:31:18,b'RT @shakir_za: This reminded me about the year capuchin (or Cappuccino as many of us heard) monkeys were all the rage at NIPS \xf0\x9f\x98\x9a. https://t.\xe2\x80\xa6'
882740708670529536,2017-07-05 23:19:20,"b""RT @xfoml: use of the antiquated AI buzz word 'intellectronics' over time https://t.co/1hX9k09Xuv"""
876936552324022272,2017-06-19 22:55:41,b'RT @byron_auguste: Q: Why learn to code? \xf0\x9f\xa4\x94\n\nHint: Why learn to write a clear essay? or to use basic statistics? or how laws are made?\nhttps\xe2\x80\xa6'
874249470103375872,2017-06-12 12:58:11,b'RT @ithinkwellHugh: #TurbochargeYourWriting @BONUSBaltic\nRead-itis: The belief that after reading 1 more article u will be ready to write.\xe2\x80\xa6'
870746337263759360,2017-06-02 20:57:59,b'RT @InvictosSomos: ANTES DE DORMIR. H\xc3\xa1ganse un favor y lean la CARTA que escribi\xc3\xb3 Dani Alves sobre su vida. JOYA: https://t.co/RVyeJ39b0o h\xe2\x80\xa6'
870575917948477441,2017-06-02 09:40:48,"b""RT @txellcosta: Feia mesos que port\xc3\xa0vem aquestes paraules d'en #CarlesCapdevila al m\xc3\xb2bil\nAvui, m\xc3\xa9s que mai, tenim ganes de rellegir-les. \nG\xe2\x80\xa6"""
868278680086171649,2017-05-27 01:32:23,b'RT @rcbregman: In 3 days my new TED Talk on basic income got more views than my first one in 3 years :D https://t.co/uVtzPm4oIP'
867952322734768128,2017-05-26 03:55:34,"b""RT @fhuszar: Everything that works works because it's Bayesian:\nAn overview of important new work on why deep nets generalize https://t.co/\xe2\x80\xa6"""
859544664524730369,2017-05-02 23:06:32,"b""RT @ithinkwellHugh: A CV of failures. Why it's important to talk about things that haven't worked out. Blog: https://t.co/mRut3Yqs50  #impo\xe2\x80\xa6"""
856277682719412224,2017-04-23 22:44:43,b'RT @rcbregman: How to save capitalism from the capitalists: breaking up monopolists like Google is a good start. https://t.co/gacliRuZKH'
847588936712994816,2017-03-30 23:18:44,"b'RT @fhuszar: Evolution Strategies: embarrassingly simple, distributed, gradient-free optimisation\nreview+ thoughts on extensions:\nhttps://t\xe2\x80\xa6'"
847588737953300480,2017-03-30 23:17:57,b'RT @soniafer: On why we invested in @Vilynxapp https://t.co/5UcSfRQIzb Great to be part of this ride and learn with you guys @mrbrowngigle\xe2\x80\xa6'
845039363251613696,2017-03-23 22:27:38,"b""RT @ch402: I've been spending a lot of time thinking about what it means to be a researcher. This is the result: https://t.co/PMUQ3TmkKO"""
841783184173936640,2017-03-14 22:48:45,"b""RT @Vilynxapp: 'Vilynx recibe 5,8 millones para indexar v\xc3\xaddeos en internet' https://t.co/4urK54SiAy w/ our CTO @elisenda_bou \xf0\x9f\x98\x81\n\nThank you @\xe2\x80\xa6"""
841779322549489666,2017-03-14 22:33:24,b'RT @eloipuertas: Yes it is! Call for proposals are open! https://t.co/8yqHnJp7Ai'
839687833707143170,2017-03-09 04:02:34,"b""RT @yaringal: Zoubin's Keynote talk at the Bayesian Deep Learning Workshop at #NIPS2016 is available as well now!\nhttps://t.co/5SCKg9UNhp"""
837068572534824961,2017-03-01 22:34:34,b'RT @guardian: Pritzker architecture prize won by little known Catalan trio https://t.co/1qOhGvhDKn'
832001414591238144,2017-02-15 22:59:29,b'RT @bertini_36: Nuevo post! Variational inference\nhttps://t.co/v4ANmfffK9'
826152487103049728,2017-01-30 19:37:56,b'GR\xc3\x80CIES a tots els que aquest dies heu omplert la motxilla de records inolvidables. Embarco amb\xe2\x80\xa6 https://t.co/A0jLdrt2Wf'
818036629239631873,2017-01-08 10:08:25,b'RT @margotpascual2: The Scottish pioneer whose plan for a basic income could transform Britain\n\nhttps://t.co/GwREBfgHY4'
814397374915342336,2016-12-29 09:07:19,b'RT @vpartal: V\xc3\xaddeo: Un Tesla alerta d\xe2\x80\x99un accident entre dos cotxes que el precedeixen abans que passi https://t.co/LkFO63SLjB via @VilaWeb'
812260101021171712,2016-12-23 11:34:33,b'RT @BSC_CNS: Empieza el acto de presentaci\xc3\xb3n del MareNostrum 4 al personal del BSC #MN4. Da la bienvenida @martorellBSC https://t.co/ro5CwV\xe2\x80\xa6'
810747343662411776,2016-12-19 07:23:24,"b'RT @shakir_za: Following your suggestion @Suuraj, I made the following page to collect all the Sunday classics. See here: https://t.co/At1S\xe2\x80\xa6'"
807510491249704961,2016-12-10 09:01:18,b'Z. Ghahramani gave a wonderful talk at  #nips2016 about the history of #Bayesian #neuralnets https://t.co/LJ84CEaqus'
806875348000538628,2016-12-08 14:57:28,"b'RT @jorfabrega: La #tricotiodistrofia explicada pel Dr. Ramon Grimalt, un expert dermat\xc3\xb2leg catal\xc3\xa0 https://t.co/XWcfvcmxO9'"
806408950270791680,2016-12-07 08:04:10,b'RT @DocXavi: Sad that Chinese &amp; US media are paying more attention to #nips2016 than the Catalan one :( @ARAxarxestech @BigVangLV @quequico\xe2\x80\xa6'
805432201244536832,2016-12-04 15:22:55,"b""RT @shakir_za: Sunday classic paper. And for tomorrow's #NIPS2016 tutorial. One of the early variational inference papers. https://t.co/YoV\xe2\x80\xa6"""
803911663032406016,2016-11-30 10:40:51,b'RT @SparkBarcelona: Catch the wave of #DeepLearning on #Spark with @huitseeker at the upcoming meetup held @MW_Centre during #NIPS2016 http\xe2\x80\xa6'
803336599547342848,2016-11-28 20:35:45,b'RT @DocXavi: Announcing a course on Deep Learning for Speech and Language in Barcelona this January @la_UPC @TelecomBCN @DAT_upc https://t.\xe2\x80\xa6'
803146496845742080,2016-11-28 08:00:21,"b""RT @recercat: La revista @NatureNews posa el focus en les claus de l'\xc3\xa8xit del model catal\xc3\xa0 de recerca cient\xc3\xadfica https://t.co/TsGePLOX6J ht\xe2\x80\xa6"""
802922418763403264,2016-11-27 17:09:56,b'RT @hardmaru: A Fun Interactive Tutorial on Numerical Optimisation https://t.co/0uEVi4rkUk https://t.co/FsuFiM9fqz'
799317147507793920,2016-11-17 18:23:53,"b'RT @SparkBarcelona: Today, we are live on Youtube for the first time, broadcasting @holdenkarau talk thanks 2 @Trovit. #spark Join us at ht\xe2\x80\xa6'"
798881379824050177,2016-11-16 13:32:18,"b""RT @ferranadria: Ja est\xc3\xa0 oberta l' exposici\xc3\xb3 #CosmoSapiens a @CosmoCaixa_CAT Gr\xc3\xa0cies a tot l\xe2\x80\x99equip que ho ha fet possible! @FundlaCaixaCAT\xe2\x80\xa6"""
796485433156726784,2016-11-09 22:51:39,"b'RT @arecasens: Si voleu un bon an\xc3\xa0lisis, aix\xc3\xb2 ho va escriure Michael Moore abans de les eleccions i ho va clavar absolutament tot.\nhttps://\xe2\x80\xa6'"
794267998349574144,2016-11-03 20:00:22,"b'RT @stevenstrogatz: Conversation with Judea Pearl, creator of Bayesian networks &amp; a giant of computer science &amp; artificial intelligence htt\xe2\x80\xa6'"
791697689104748544,2016-10-27 17:46:52,"b'RT @SparkBarcelona: .@sparkbcn members listening and interacting in today\'s #meetup titled ""A behind the scenes look into #Spark\'s API and\xe2\x80\xa6'"
784354314663976960,2016-10-07 11:26:55,"b'RT @SparkBarcelona: ""A behind the scenes look into Spark\'s API and engine evolutions"" by @rxin  at Casa Convalesc\xc3\xa8ncia thanks to @Trovit ht\xe2\x80\xa6'"
781503378136367104,2016-09-29 14:38:19,"b'Season premiere with Reynold Xin, Co-founder &amp; Chief Architect at Databricks. Join us @SparkBarcelona https://t.co/fDWoIIrOYG'"
778188658729951232,2016-09-20 11:06:48,"b""RT @RadioSeu: El pilot @jbetriu reedita el doblet: campi\xc3\xb3 estatal d'#Enduro tant en E3 com en Scratch. https://t.co/ScnAYROp6M #ColldeNarg\xc3\xb3\xe2\x80\xa6"""
773843671217233920,2016-09-08 11:21:23,b'RT @TheRealSheldonC: Just got those new AirPods. https://t.co/hbvr3HpLaI'
773539288998879232,2016-09-07 15:11:52,b'RT @louisdorard: #papis2016 program is out! #ML &amp; #AI talks from @MIT @Uber @Salesforce @Intel @Microsoft https://t.co/SbUb9IEoJC https://t\xe2\x80\xa6'
771626771993075716,2016-09-02 08:32:13,"b'PAPIs 16 Conference on Predictive Applications &amp; APIs, Oct 10-12, Boston https://t.co/gzZSYtW7qr'"
770212731412738049,2016-08-29 10:53:19,"b""@laiacmir77 t'has apuntat, ja? Avisa'm quan ho facis!!"""
763969539981742080,2016-08-12 05:25:06,b'RT @ThaipbsEngNews: Southern Provinces rocked by bombs https://t.co/IBtf7oONkU'
763969465306390530,2016-08-12 05:24:49,b'RT @ThaipbsEngNews: International terrorism ruled out in bomb attacks in five provinces https://t.co/X712DNxYDU #\xe0\xb8\xa3\xe0\xb8\xb0\xe0\xb9\x80\xe0\xb8\x9a\xe0\xb8\xb4\xe0\xb8\x94 #ThaiPBS'
762661295166398464,2016-08-08 14:46:36,b'RT @louisdorard: The #papis2016 preliminary program is at https://t.co/GHQkxKnm42 \xe2\x80\x94 our best conference ever? :)'
762554332092911616,2016-08-08 07:41:35,b'@laiacmir77 just landed in chiangmai! \xf0\x9f\x98\x89'
762507485332713472,2016-08-08 04:35:25,b'Why north always behave differently? Heading north of thailand! https://t.co/zIFFFRN9jS'
759331638757195776,2016-07-30 10:15:45,"b'RT @Ad_Pure: Twitter Is Betting Big On Live Streaming, But Investors Are Losing Patience https://t.co/jBZql1p7ah #business #ecommerce'"
758216525845266433,2016-07-27 08:24:41,"b'RT @SparkBarcelona: Spark 2.0 available on Databricks: new unified APIs, 2nd phase of Tungsten, structured streaming... https://t.co/EpMQ90\xe2\x80\xa6'"
757913611520147456,2016-07-26 12:21:00,"b'RT @elEconomistaes: Twitter define su rumbo con su \xc3\xbaltima campa\xc3\xb1a: ser sin\xc3\xb3nimo de ""lo que est\xc3\xa1 pasando"" https://t.co/POXiAh4SCd https://t.\xe2\x80\xa6'"
755390652242944000,2016-07-19 13:15:40,b'Atom-sized storage could change the face of data and memory https://t.co/KphvtG8wVk via @mashable'
753488680027820032,2016-07-14 07:17:55,b'The Thinking Machine https://t.co/4jCwrIqqwi #CCCB'
753488276984651776,2016-07-14 07:16:19,"b'RT @jaumeguillamet: ""Com que el que ignores \xc3\xa9s m\xc3\xa9s del que saps, no parlis gaire"", Ramon Llull a metro Ciutadella @univpompeufabra https://\xe2\x80\xa6'"
753487531430248449,2016-07-14 07:13:21,"b""RT @Vilynxapp: Vilynx's @mrbrowngigle will talk #deeplearning #MachineLearning for video processing @nvidia #SIGGRAPH2016 7/26 https://t.co\xe2\x80\xa6"""
750598517702422528,2016-07-06 07:53:26,"b""@laiacmir77 visc+ de la Gene anava d'aix\xc3\xb2, xo el van parar.. la privacitat \xc3\xa9s clau, xo hi ha molt valor comercial en akesta info!"""
746514050448764928,2016-06-25 01:23:13,"b'RT @mpd37: Andrew Gelman: ""Generative models are the greatest invention since writing"" @StatModeling #icml2016 #deml'"
746115546370932736,2016-06-23 22:59:43,"b'RT @sergulaydore: Heard at #icml2016: ""SGD is so robust that your bugs in your SGD implementation will work as regularizers.""'"
745326372969680896,2016-06-21 18:43:49,b'RT @randal_olson: Most predictive words in papers accepted and rejected at #ICML2016. #machinelearning https://t.co/RtvrSeNEVs'
745325571639484416,2016-06-21 18:40:38,b'RT @drfeifei: Rumor was I was giving my #icml2016 keynote while D. Trump was in the same building. But our topic was vision and intelligenc\xe2\x80\xa6'
744637168480567296,2016-06-19 21:05:10,"b'RT @icmlconf: Tutorial Slides for Deep Reinforcement Learning by David Silver, Google Deep Mind #icml2016 https://t.co/0WtjKDlKX9'"
744636630347153408,2016-06-19 21:03:02,"b'Insightful tutorials today at #ICML2016: Residual DL, stochastic gradient methods and non-convex optimization. https://t.co/1TggTKdmNT'"
743775711530520576,2016-06-17 12:02:02,b'Excited to attend #ICML2016 and present our work about event detection in Twitter at the Anomaly Detection workshop. https://t.co/hYl2PK81S4'
743722334331166720,2016-06-17 08:29:56,b'RT @deeplearningldn: #OpenAI fist research results are live: 4 projects that share a common theme of enhancing/using generative models http\xe2\x80\xa6'
742349609528397824,2016-06-13 13:35:13,b'RT @papisdotio: Due to popular request we extended the call for proposals one more week for #PAPIs2016. Submit your proposal at https://t.c\xe2\x80\xa6'
741214926665093120,2016-06-10 10:26:24,b'RT @SparkBarcelona: #Spark bcn meetup is calling for presentations #cfp. Submit your proposal to https://t.co/sBAPkLyjLZ'
741214908361084928,2016-06-10 10:26:19,b'RT @BSC_CNS: Foto de familia del #annualbsc2016 https://t.co/u9huCSBugz'
741188877747163136,2016-06-10 08:42:53,b'RT @BSC_CNS: Mateo Valero y @pepmartorell hablan de los retos de futuro del BSC #annualbsc2016 https://t.co/MM7k3Rm1PD'
740520520886652928,2016-06-08 12:27:05,b'RT @SparkBarcelona: Thanks to @trovit for sponsoring this event! https://t.co/ywA6nRjyz4'
740520451936530432,2016-06-08 12:26:48,b'RT @SparkBarcelona: Many Q&amp;A to wrap up this first talk about water consumption segmentation by @d1eg0_garc1a https://t.co/kKLRosutXp'
740520387159707648,2016-06-08 12:26:33,b'RT @SparkBarcelona: Algebraic monoids helps on building #scalable pipelines #sparkbcn https://t.co/xHiZ7AXe2b'
740520276211957760,2016-06-08 12:26:06,b'RT @papisdotio: Only 48 hours to go before the #PAPIs2016 call for proposal ends. Make sure to submit your presentation at https://t.co/ALp\xe2\x80\xa6'
739775444371820544,2016-06-06 11:06:24,b'\xe2\x80\x9cStories of predictive applications &amp; advances in ML APIs\xe2\x80\x9d by @louisdorard https://t.co/Bx4GgC3Hst'
738281769783398400,2016-06-02 08:11:05,"b'RT @d1eg0_garc1a: It\'ll be an honor to talk next week @SparkBarcelona ""Predictive models"" @CapdevilaPujol @ferrangali @JordiTorresBCN https\xe2\x80\xa6'"
738281703060430849,2016-06-02 08:10:49,b'RT @twiecki: #Bayesian Deep Learning https://t.co/5Lvk79P1UE Neural Networks in #PyMC3 estimated with Variational Inference https://t.co/Rd\xe2\x80\xa6'
733233929398976512,2016-05-19 09:52:46,b'RT @newsycombinator: Google supercharges machine learning tasks with TPU custom chip https://t.co/wE3POzppVz'
732931692592238596,2016-05-18 13:51:47,b'RT @papisdotio: \xe2\x80\x9cCalling for Proposals? There\xe2\x80\x99s an app for that!\xe2\x80\x9d by @CapdevilaPujol https://t.co/KvrbdHBwl7'
732568571780419584,2016-05-17 13:48:52,"b""RT @JordiTorresBCN: Awesome #DeepLearning seminar in #Barcelona with Joan Bruna &amp; @OriolVinyalsML https://t.co/ewvPZWyqBm Don't miss it! ht\xe2\x80\xa6"""
730077987798851584,2016-05-10 16:52:11,"b""Call for Proposals \xe2\x80\x94 PAPIs '16 https://t.co/k2PNV5l8Lc"""
728195594456543232,2016-05-05 12:12:13,b'RT @BSC_CNS: .@infoCaixa y BSC investigar\xc3\xa1n la aplicaci\xc3\xb3n de #computacioncognitiva a innovaci\xc3\xb3n financera https://t.co/qlqBfM0RY0 https://t\xe2\x80\xa6'
727819323448930304,2016-05-04 11:17:03,"b'RT @dustinvtran: Edward: A library for probabilistic modeling, inference, and criticism https://t.co/VzFc05wK7c #ICLR2016'"
727426640406421504,2016-05-03 09:16:40,b'Operational Machine Learning \xe2\x80\x94 Madrid Workshop https://t.co/AU0OkJvCSI'
726403466856374272,2016-04-30 13:30:57,"b'RT @AitorMenta_: El #Doodle de hoy dedicado a Claude Shannon, el padre de la Teor\xc3\xada de la Informaci\xc3\xb3n. :D https://t.co/PSxxCcqmP7'"
725591910673453056,2016-04-28 07:46:07,"b'RT @Perestupinya: ""No debemos educar para industria que tenemos sino para la que queremos tener"". Andreu Mas Colell #HorizonslaCaixa https:\xe2\x80\xa6'"
721323112613220352,2016-04-16 13:03:26,"b""Enllestint xerrada d'aquesta tarda a Puigcerd\xc3\xa0. https://t.co/EuXEZuOHRS"""
717966014349189120,2016-04-07 06:43:31,b'@andreslozsan muy interesante! Sigueme y te mando mi contacto por DM.'
712935037809909760,2016-03-24 09:32:13,"b'RT @CollDeNargo: Avui ja ha sortit publicat al DOGC, cosa que ho fa oficial. Els nostres  jaciments s\xc3\xb3n #B\xc3\xa9CulturaldInter\xc3\xa8sNacional. https:\xe2\x80\xa6'"
712934528432672768,2016-03-24 09:30:11,"b""RT @AndrewYNg: Baidu Research's Big Data Lab on using aggregate mobile locations to improve crowd safety! https://t.co/ZMOQ1XzGA7"""
709770997826715648,2016-03-15 15:59:27,b'Never seen before Artificial Intelligence #startup battle where an algorithm will output a\xe2\x80\xa6 https://t.co/OYnfXxy2KM'
709764379391168512,2016-03-15 15:33:09,b'RT @OpenFuture_: #AIStartupBattle is about to start!. Live streaming available here: https://t.co/lSV3YJhWbV #PAPIsConnect'
709722357863161856,2016-03-15 12:46:10,b'.@ferrangali from @Trovit and @SparkBarcelona speaking at #papisconnect about the journey from #hadoop to #Spark https://t.co/hZupV1M3HX'
709705301172350976,2016-03-15 11:38:24,"b""Today's  speakers clarifying the long way that #AI still needs to go to build #strongAI at #papisconnect https://t.co/LLDzB41fjj"""
708951487620186112,2016-03-13 09:43:00,b'RT @papisdotio: Watch the #papisconnect live stream on Monday 14 &amp; Tuesday 15 March (UTC+1) https://t.co/KoVqQxSaYn #AI #Business #Society'
708208888676524032,2016-03-11 08:32:11,"b""RT @SparkBarcelona: Thanks all for coming to yesterday's meetup event in which @nsteenv taught how to train #convnets in #spark. Pics:\nhttp\xe2\x80\xa6"""
707563149839327232,2016-03-09 13:46:15,b'https://t.co/ga7WVPU5O5'
706053612401618944,2016-03-05 09:47:53,b'Telef\xc3\xb3nica Openfuture_ - Por primera vez en la historia un algoritmo elegir\xc3\xa1 a la startup con m\xc3\xa1s posibilidades de \xc3\xa9\xe2\x80\xa6https://t.co/CCEgF4GqU5'
705677160523153408,2016-03-04 08:52:00,b'RT @louisdorard: .@nsteenv stopping in Barcelona on his way to #papisconnect in Valencia... #DeepLearning made accessible!\n https://t.co/80\xe2\x80\xa6'
705320379624136704,2016-03-03 09:14:17,"b'RT @SparkBarcelona: Next week, learn how to distribute #deeplearning on top of #spark in #AWS. Join us at https://t.co/J9JEzzDvk9 Thanks to\xe2\x80\xa6'"
704577000703401984,2016-03-01 08:00:22,b'Win a Raspberry Pi 3! https://t.co/MhqUCWOklj via @PiSupply #PiSupply'
702791552368771072,2016-02-25 09:45:37,"b""RT @localret: L'App #Coberturam\xc3\xb2bil de la @gencat t\xc3\xa9 5,5 milions de punts mesurats https://t.co/XG9qfDZkCk @jordiPuignero @tic @cityprotoco\xe2\x80\xa6"""
702215932257685504,2016-02-23 19:38:19,"b'Magn\xc3\xadfic #horizons sobre eclosi\xc3\xb3, gl\xc3\xb2ria i mis\xc3\xa8ria de les idees. https://t.co/cjkILGBXpb'"
700639747572543489,2016-02-19 11:15:07,b'@huitseeker Sounds great!  @ferrangali and me are in town. What about a coffee tomorrow afternoon?'
699262820609888258,2016-02-15 16:03:42,"b'RT @SparkBarcelona: Find out in our youtube channel what @ferrangali told us at ""YARN by default"" session last week  https://t.co/cmHdPHVPa\xe2\x80\xa6'"
697795616508878848,2016-02-11 14:53:34,b'RT @LKrauss1: My earlier rumor about LIGO has been confirmed by independent sources. Stay tuned! Gravitational waves may have been discover\xe2\x80\xa6'
696681977752248320,2016-02-08 13:08:21,"b'RT @SparkBarcelona: ""YARN by default"" by @ferrangali at Trovit Search offices. FREE BEERS &amp; SANDWICHES thanks to @Trovit https://t.co/4pNII\xe2\x80\xa6'"
695512371952033792,2016-02-05 07:40:46,b'RT @aleixrvr: Master Algorithm book review https://t.co/JyJVFXX7aN'
695505016501571585,2016-02-05 07:11:32,b'Big Data for Social Good \xe2\x80\x94 Nuria Oliver https://t.co/Uo10vH0nU1'
694539064683466752,2016-02-02 15:13:11,"b'RT @JordiTorresBCN: Fotos de la presentaci\xc3\xb3n del libro ""Hello World en #TensorFlow"" en @BarcelonaTech y @BSC_CNS https://t.co/1DFJtmv9rz ht\xe2\x80\xa6'"
692420284876464129,2016-01-27 18:53:55,b'RT @DataBeersBCN: Draw to win a ticket for @papisdotio #Valencia Event sign up here: https://t.co/w8ZB2ueH8O #ArtificialIntelligence https:\xe2\x80\xa6'
689771694727233536,2016-01-20 11:29:22,b'RT @chrisemoody: My slides on #word2vec #lda &amp; #lda2vec  https://t.co/JBM93IWwLM and with presenter notes https://t.co/07k6Lmouzr https://t\xe2\x80\xa6'
687341008191918081,2016-01-13 18:30:41,b'RT @JordiTorresBCN: Meetup @SparkBarcelona announces changes in leadership team with @CapdevilaPujol @ferrangali and @JordiTorresBCN  https\xe2\x80\xa6'
681571187860860928,2015-12-28 20:23:28,"b""Nargonins'87 #cursadelsnassos         \xf0\x9f\x93\xb7 by jordioden @ Oliana City https://t.co/ahJ1lFrRuN"""
679707819822546944,2015-12-23 16:59:07,b'Calling for speakers in Artificial Intelligence (business &amp; tech) https://t.co/ZvDwJNK3v6'
679577989449969664,2015-12-23 08:23:13,b'RT @adrianafreitas: Read These Books 11 books...(before)/Instead of Getting an MBA https://t.co/VJHaNfMjEV via @HustleCon https://t.co/4qJN\xe2\x80\xa6'
678474217579372544,2015-12-20 07:17:13,b'El Gobierno aprueba el convenio con el BSC para la adquisici\xc3\xb3n del MareNostrum 4 https://t.co/qS2fi9Lgkd'
675268258304540672,2015-12-11 10:57:53,b'Las m\xc3\xa1quinas aprenden ya como los humanos https://t.co/HFOosXB15B v\xc3\xada @el_pais'
672679726310293505,2015-12-04 07:31:59,b'Why no one has solved event discovery https://t.co/6ZlWqMSOke'
669821436790353920,2015-11-26 10:14:09,b'Applications of Machine Learning to Location-based Social Networks https://t.co/A3SXPMwmd8'
667228990248255488,2015-11-19 06:32:42,b'M\xc3\xa0quines que pensen: possibilitats i dilemes de la intel\xc2\xb7lig\xc3\xa8ncia artificial https://t.co/KrCiHaTBuc #CCCB'
666567151038296064,2015-11-17 10:42:47,b'PAPIs Connect will be on March 14-15 in Valencia https://t.co/n7CFlceRcr'
665853244699209728,2015-11-15 11:25:59,"b""RT @RadioSeu: Celebraci\xc3\xb3 a Coll de #Narg\xc3\xb3 pels t\xc3\xadtols del pilot @jbetriu al Campionat d'Espanya. Galeria: https://t.co/fxuHIiNtkT https://t\xe2\x80\xa6"""
664010851632988160,2015-11-10 09:24:58,b'RT @jordi_aranda: Visualizing amount of money spent in Spain in 2014 #viz #cartogram #phagocytosis https://t.co/uJ6QqvOugp'
662580572921925632,2015-11-06 10:41:33,b'RT @v_lomonaco: must-read #papers in #DeepLearning! https://t.co/z4p1Cw0Lmy https://t.co/Vm5yEUWBs1'
662556748839014400,2015-11-06 09:06:53,b'RT @dani_agent: Who Knows What About Me? A Survey of Behind the Scenes Personal Data Sharing to Third Parties by Mobile Apps https://t.co/h\xe2\x80\xa6'
659616100603322369,2015-10-29 06:21:48,"b""Rossi's new competitor - Yamaha wants its motorcycle-riding robot to be faster than humans https://t.co/QZgIeHxSz7 via @mashable"""
659311585572319233,2015-10-28 10:11:46,"b""RT @JordiTorresBCN: The first Spanish book about #ApacheSpark with a @matei_zaharia's foreword meets #SparkSummitEU today! #LibroSpark http\xe2\x80\xa6"""
659288019300720640,2015-10-28 08:38:07,b'Think Bayes: Bayesian Statistics Made Simple https://t.co/mQUMZQEvWV v\xc3\xada @rbloggers'
657465197775450112,2015-10-23 07:54:52,b'ICub: the open humanoid robot at #CCIA2015 @iCub https://t.co/r9PX9mYg0o'
657319886486654978,2015-10-22 22:17:28,"b""@speaso Ohh!! :( l'any k hi tornem! Merci."""
657107816176590848,2015-10-22 08:14:46,"b'The past, present and future of APIs in ML. @aficionado @bigmlcom #CCIA2015 https://t.co/FPeFTT3i1T'"
651053604829274113,2015-10-05 15:17:30,"b'RT @ML_Hipster: A machine learning researcher, a crypto-currency expert, and an Erlang programmer walk into a bar. Facebook buys the bar fo\xe2\x80\xa6'"
650970087525060608,2015-10-05 09:45:37,"b'RT @JordiTorresBCN: Avui a @LaVanguardia bon article sobre @SparsityTech, start-up de @BarcelonaTech experta en grafs reconeguda x la UE ht\xe2\x80\xa6'"
645561158091579392,2015-09-20 11:32:28,b'RT @dani_agent: Que gran historia para un @databeers ! :) https://t.co/zMjxEc5XlY'
645510658105151488,2015-09-20 08:11:48,b'RT @genomcore: Entrevista al CEO de @genomcore de @ARAemprenem! http://t.co/IGcfNkm2pZ cc/ @Start_Up_Cat @WayraES @biocat_cat @ESADEAlumni \xe2\x80\xa6'
645510544355631104,2015-09-20 08:11:21,"b'RT @genomcore: Entrevista a @oflores_bcn, CEO de @genomcore en @ARAemprenem! cc/ @IRBBarcelona @CRGenomica @BSC_CNS @OpenFuture_ @Barcinno \xe2\x80\xa6'"
644977716882763776,2015-09-18 20:54:05,b'RT @jmjornet: What Can Nanotechnology And the Internet of Nano-Things Do For Entrepreneurs And job Creation? http://t.co/OJND8o18kS via @in\xe2\x80\xa6'
631012427384139776,2015-08-11 08:01:00,"b""RT @AaaLee: Meet Alphabet - Google's new parent company. https://t.co/Z7MHvcWfFj http://t.co/xaF4EbzIg8"""
629179846099341312,2015-08-06 06:38:59,b'RT @papisdotio: Multi GPU deep learning with @mikepcw from @nvidia #PAPIs2015 http://t.co/6TzeoRJt7b'
629179739643736064,2015-08-06 06:38:34,b'RT @papisdotio: Google Prediction API: Machine Learning Black Box. #PAPIs2015 #GoogleML #machinelearning \nhttps://t.co/erBFuw9yeC'
629179629669064704,2015-08-06 06:38:07,b'RT @papisdotio: #PAPIs2015 underway with keynote by @danny_lange from @AWSstartups on real world predictive apps with #amazonML http://t.co\xe2\x80\xa6'
629179570625859584,2015-08-06 06:37:53,b'RT @papisdotio: Getting ready for Day 1 of #PAPIs2015 \nLooking forward to meeting all of you soon. http://t.co/kvTAsuco8A'
628850191047786496,2015-08-05 08:49:03,b'Nada como planificar un buen viaje para  sentirte siempre #comoencasa  @Westwing_ES http://t.co/TnPjpTEXFg'
620880138398498816,2015-07-14 08:58:55,b'Content de poder explicar qu\xc3\xa8 investiguem. #Bigdata #analytics #smartcity #becarislacaixa\xe2\x80\xa6 https://t.co/TxYa0T9GH7'
618447772581261312,2015-07-07 15:53:33,b'RT @BecarioslaCaixa: Foto de familia de la ceremonia de entrega de becas de \xe2\x80\x9dla Caixa\xe2\x80\x9d de #doctorado en Espa\xc3\xb1a 2014 #becarioslacaixa http:/\xe2\x80\xa6'
618413703604666368,2015-07-07 13:38:11,"b""Entrega beques'14. #phd #becarislacaixa @ CosmoCaixa Barcelona https://t.co/7qsosW6yBL"""
616670257311285248,2015-07-02 18:10:21,b'RT @data_lytics: Resulta que @bigmlcom va a abrir un Laboratorio de Innovaci\xc3\xb3n de #MachineLearning en Valencia  http://t.co/lLv5kamHxJ'
615554142539513856,2015-06-29 16:15:18,b'@aleixrvr A pity that I cannot make it! Gaudiu-ho!'
615050621096460288,2015-06-28 06:54:29,"b'Manel Esteller: \xe2\x80\x9cInvestigo pel desig intern de guanyar, com Messi\xe2\x80\x9d  http://t.co/3UJK6tgYKE via @diariARA'"
614318361661587456,2015-06-26 06:24:45,"b'RT @orbitalaika_tve: Hoy se cumplen 103 a\xc3\xb1os del nacimiento del matem\xc3\xa1tico Alan Turing, padre de la inteligencia artificial. http://t.co/29\xe2\x80\xa6'"
612533835708760064,2015-06-21 08:13:41,b'PAPIs \xe2\x80\x9915: come meet the makers of Predictive APIs and apps https://t.co/gsKQ1czHoQ'
611065952248168448,2015-06-17 07:00:50,b'La firma de cosm\xc3\xa9ticos Coty comprar\xc3\xa1 el negocio de belleza de P&amp;G por 10.680 millones http://t.co/L8lIIXRqzs via @eleconomistaes'
610488124234407937,2015-06-15 16:44:45,b'RT @mikeferguson1: Spark 1.4 ships today! includes R language support. #SparkSummit'
609760619965739009,2015-06-13 16:33:55,"b'""Startups are more like marathons, so pace yourself"". https://t.co/O63G9AkW2q'"
609707825565179904,2015-06-13 13:04:08,b'@lacarrerada oi tant! ;-)'
609269587293655040,2015-06-12 08:02:43,"b'RT @BoltAcc: Las redes 5G, el #bigdata y el internet de las cosas liderar\xc3\xa1n la #innovacion en el sector #TIC hasta 2018 http://t.co/Vw6EsOp\xe2\x80\xa6'"
608903131326480384,2015-06-11 07:46:34,b'RT @JordiTorresBCN: Genial meetup @SparkBarcelona sobre #BigData+#Analytics con soporte @BSC_CNS y @BarcelonaTech http://t.co/8SOOM6npTB ht\xe2\x80\xa6'
608903008198475776,2015-06-11 07:46:04,b'RT @danielequercia: Beyond Happy Maps: Smelly Maps (video talk) - with smelly @lajello  @rschifan @katemclean :) https://t.co/3V8JI2Gf5G th\xe2\x80\xa6'
608165065464938497,2015-06-09 06:53:45,"b'RT @felgonzalez: El manres\xc3\xa0, @xavier_arrufat, creador del sistema antifrau que s\xc2\xb4implanta a les estacions de FGC  http://t.co/vMEWRP6LSb v\xc3\xad\xe2\x80\xa6'"
606525498345312256,2015-06-04 18:18:42,"b""PAPIs '15 talks and speakers announced! https://t.co/6gH3hnA7vt"""
606211175412592640,2015-06-03 21:29:41,b'RT @GimenoRobert: The age of sequential #supplychain planning is over. Prepare for the future. #SCM. #DigitalSupplyNetworks. http://t.co/ha\xe2\x80\xa6'
606210378507382784,2015-06-03 21:26:31,"b'RT @vrbenjamins: I have big data, data scientists, and a PhD in AI. So I will be OK? No! Data Scientists Don\xe2\x80\x99t Scale - HBR https://t.co/kgf\xe2\x80\xa6'"
604029169853435905,2015-05-28 20:59:11,b'RT @JordiTorresBCN: Gr\xc3\xa0cies a tots i totes per la #mencioFIB #festibity2015 @festibity. http://t.co/fw9MCUBZ9D'
603515651550916609,2015-05-27 10:58:38,b'Top 10 data mining algorithms in plain English https://t.co/LzygmbzL27'
595556997262667776,2015-05-05 11:53:47,b'RT @danielequercia: The New York Public Library Is Using Old Maps To Create A Time Machine Of The City #visualizar15 http://t.co/zhi5rvU5vY'
592767578797400064,2015-04-27 19:09:38,b'@speaso gr\xc3\xa0cies!! :-)'
592767454922842114,2015-04-27 19:09:08,b'RT @indicoData: Randomization and Probabilistic Techniques to Scale Up Machine Learning: http://t.co/hlr2KdRzES'
592745234162933760,2015-04-27 17:40:51,b'RT @TelecomBCN: Entrega de Beques i Premis Empresa del curs 2013-14\n\n http://t.co/MMrhCDuVsb'
591166950560112641,2015-04-23 09:09:19,b'RT @JordiTorresBCN: Quin llibre regalar per #SantJordi? El mestre d @MariusmollaAV i La Font Picant d Pep Padr\xc3\xb3s http://t.co/iXvRTgzFIi htt\xe2\x80\xa6'
590889809515806720,2015-04-22 14:48:03,"b'RT @CIBBVA: Resumen de #Dare2Data, la conferencia estrella de la semana de los datos #ICdataweek: http://t.co/aRS1feCXPn http://t.co/gkSpGf\xe2\x80\xa6'"
590792577068244992,2015-04-22 08:21:41,b'RT @USagarra: Free #dataviz workshop in BCN. Come join (and meet) us! @DataBeersBCN @dani_agent @bcnanalytics @danielequercia http://t.co/5\xe2\x80\xa6'
589068562314166272,2015-04-17 14:11:04,b'RT @jordi_aranda: @SolansDavid featuring our bbva-awarded PEAR Campaigns @databeers /cc @CIBBVA #cheers! http://t.co/cTftATM5zU'
588714641276198912,2015-04-16 14:44:42,b'Pear-campaigns team listening to Big Data cibersecurity talk at #dare2data @ Centro de Innovaci\xc3\xb3n BBVA https://t.co/8kGITybmIn'
588546279128576000,2015-04-16 03:35:42,b'Heading to #Dare2Data with @jordi_aranda @SolansDavid to show http://t.co/xT4LKsnj7T'
587377258672828417,2015-04-12 22:10:26,"b""RT @newsycombinator: Spain's hologram protest: Thousands join virtual march against new gag law http://t.co/aK57ElJJ04"""
586795786794573824,2015-04-11 07:39:52,b'RT @newsycombinator: Deep Learning vs. Probabilistic Graphical Models vs. Logic http://t.co/XEqjeNrrt5'
585719789529726976,2015-04-08 08:24:14,b'RT @JordiTorresBCN: #DeepLearning Open Position in Barcelona for a Senior researcher under ICREA program http://t.co/jEGdiVaX8a #Artificial\xe2\x80\xa6'
583362991351078912,2015-04-01 20:19:10,b'RT @HPC_Now: Congratulations to @BSC_CNS on their 10th anniversary! http://t.co/Gue4SvL1SO'
583229786455207936,2015-04-01 11:29:51,b'RT @SalomonRunning: Mallorca delivered for the first day of #AdvancedWeek2015. Epic day testing products on the magical trails. #mallorca h\xe2\x80\xa6'
583182506821836800,2015-04-01 08:21:59,b'RT @kilianj: Bon dia! Good morning!\n\n#Advancedweek2015 #mallorca @salomonrunning http://t.co/ufwcrMY7IA'
583160373534130176,2015-04-01 06:54:02,"b""RT @mashable: Google Panda is the April Fools' joke you wish was a real product http://t.co/KTyPuOddsz"""
581834963462541313,2015-03-28 15:07:19,b'RT @papisdotio: Due to popular request the CfP for #papis2015 is now until the 3rd of April. Looking forward to your proposals! http://t.co\xe2\x80\xa6'
580857468596674560,2015-03-25 22:23:06,b'Topic modeling with LDA: MLlib meets GraphX https://t.co/2LXbYUDRIv'
580638743033434112,2015-03-25 07:53:58,b'RT @DeepStuff: Tiny bio-robot is a germ suited-up with graphene quantum dots http://t.co/jwn6FdDpQP http://t.co/BLtbt3BCPM'
580311739880873984,2015-03-24 10:14:35,"b'RT @databeers: ""Databeers: los pioneros \'big data\' no llevan corbata"", rese\xc3\xb1a sobre @databeers http://t.co/BSiUGNUbF8 cc @DataBeersBCN  @da\xe2\x80\xa6'"
578597542981677056,2015-03-19 16:42:58,"b'RT @jordi_aranda: The day has come: @DataBeersBCN kickoff! @SolansDavid will talk about PEAR Campaigns, our BBVA-awarded project. See you t\xe2\x80\xa6'"
578185761520029696,2015-03-18 13:26:42,b'RT @timothysc: #SparkSummitEast livestream http://t.co/Y4omZpfPb4'
578185492392468481,2015-03-18 13:25:38,b'RT @DeloitteBA: Cognitive analytics rises to the surface in 2015. #AnalyticsTrends2015 http://t.co/KiqJ7lUpvy http://t.co/JNfgOqA666'
577907355398103040,2015-03-17 19:00:25,b'@YahooLabs which are the reasons to choose a functional programming language such Scala for probabilistic reasoning?'
577899201746571264,2015-03-17 18:28:01,"b'RT @rormandi: ""Truth is inferred, not observed""  by Andrew McCallum at #BigThinker presentation, @YahooLabs -- this is so true http://t.co/\xe2\x80\xa6'"
577892609928138752,2015-03-17 18:01:49,"b""RT @YahooLabs: Get ready. In 30min we'll bring you our quarterly #BigThinkers talk with @AndrewMcCallum live at http://t.co/cZRULE8Xxe #dat\xe2\x80\xa6"""
577470744403279873,2015-03-16 14:05:29,b'RT @miguelcalero: Qu\xc3\xa9 puedes aprender de #HouseofCards para tu #startup https://t.co/plYEzBEVtF'
576790286409576448,2015-03-14 17:01:35,"b'RT @KirkDBorne: New breed of scientific researchers, #DataScientists, must be Pi-shaped: https://t.co/BGmnXAOlIY #BigData by @jakevdp http:\xe2\x80\xa6'"
576288455849820160,2015-03-13 07:47:29,"b""RT @YahooLabs: Have you put this on your calendar yet? Webcast @andrewmccallum's talk on probabilistic databases March 17 http://t.co/5wTsP\xe2\x80\xa6"""
575791310784827392,2015-03-11 22:52:00,b'RT @_krisjack: Is there substance behind the @ApacheSpark hype? - Good discussion of pros and cons here http://t.co/1j9mtNLkF3 #Hadoop #Big\xe2\x80\xa6'
575787262149001216,2015-03-11 22:35:55,"b'RT @alvarobiz: At the ""monads are burritos (and the like)"" by @jordi_aranda at the @MOB_BCN, part of @scalabcn http://t.co/0YIF0L0dpf'"
575578186387484672,2015-03-11 08:45:08,b'RT @ThinkBig_open: \xc2\xbfNecesitan las empresas adaptarse al \xe2\x80\x9clean change\xe2\x80\x9d? #Startups\nhttp://t.co/n4eFLwuMVd http://t.co/rAk245buKv'
575004654083403776,2015-03-09 18:46:07,b'Personalization applied to CRM. @bcnanalytics http://t.co/4CVDYnvlDW'
574890574186180608,2015-03-09 11:12:48,b'RT @JordiTorresBCN: Talking about #CognitiveComputing Platforms with\xe2\x80\x82@barcelonagse  Master Data Science Students at @BSC_CNS  http://t.co/o\xe2\x80\xa6'
574889762043129856,2015-03-09 11:09:34,b'RT @Esri_Spain: La Plataforma ArcGIS se enriquece con m\xc3\xa1s de 600 variables sociodemogr\xc3\xa1ficas de @grupoais http://t.co/3dNtkj16Ir'
574525889037402112,2015-03-08 11:03:40,b'@pablobarbero_ Of course. Keep in touch.'
574301093057990658,2015-03-07 20:10:25,"b""RT @DiegoKuonen: '#Survey of Statistical Methods &amp; Computing for #BigData'\nhttp://t.co/YAiuhwJBuE\n#Statistics #DataScience #Rstats http://t\xe2\x80\xa6"""
574258374537166848,2015-03-07 17:20:40,"b""Back to the tracks. #nordicskiing @ Sant Joan de l'Erm https://t.co/Q7xnZmPaIQ"""
574128262407942144,2015-03-07 08:43:39,b'Machine Learning in 7 Pictures http://t.co/ABQNsbLTMR via @kdnuggets'
573746710033399808,2015-03-06 07:27:30,"b'RT @jeremywaite: ""You can\'t purchase loyalty"".\n\nGreat advice to marketers from @Frank_Underwood @HouseofCards http://t.co/4x1XetSsL6'"
572904009809436672,2015-03-03 23:38:54,b'Gran pre-estrena de #PerdiendoElNorte. Tronchantes @JulianLopez_ y @mikiesparbe y nivelazo en el resto de reparto y equipo.'
572700089552138240,2015-03-03 10:08:36,b'RT @MWC_Barcelona: A preview of how old Ca l\xe2\x80\x99Alier\xc2\xa0factory will look as the BCN Institute of Technology #MWC15 http://t.co/X3Pw8hpaJw http:\xe2\x80\xa6'
572665704287240192,2015-03-03 07:51:58,b'Sometimes it is the people no one imagines anything of who do the things that no one can imagine. - The immitation game'
572665216695214080,2015-03-03 07:50:01,"b""Machines can never think as humans do but just because something thinks differently from you, does it mean it's not thinking? By Alan Turing"""
572311081357602816,2015-03-02 08:22:49,b'RT @datascienceUB: Using Lego Bricks to explain Bayes Theorem http://t.co/7wUnHmbOAO #datscience'
572310950256234496,2015-03-02 08:22:18,"b'RT @starlabdf2: ""How Computational Intelligence, Machine Learning, and Neurotechnology embrace World 3.0"" http://t.co/B6mS0Tt3Ix http://t.c\xe2\x80\xa6'"
572156983119380480,2015-03-01 22:10:29,b'RT @JordiTorresBCN: What is happening in Barcelona at @BSC_CNS &amp; @BarcelonaTech in the world of what we understand as #CognitiveComputing h\xe2\x80\xa6'
572119749804605440,2015-03-01 19:42:32,"b'RT @SamsungMobileES: Elementos, materiales y formas en total armon\xc3\xada. #NextIsNow #GalaxyS6 #GalaxyS6Edge http://t.co/WBNLX5KZL4'"
572119176271278081,2015-03-01 19:40:15,"b'RT @jbetriu: Buen comienzo de temporada, doble victorio hoy en el nacional de Puerto Lumbreras, E2 y Scratch!! Muy\xe2\x80\xa6 https://t.co/95PO7I1JlE'"
571593686737416192,2015-02-28 08:52:09,"b""RT @BayesServer: Bayesian networks &amp; time-series models on Apache Spark - presented at 'Data science London' meetup tonight. Slides-   http\xe2\x80\xa6"""
571341660484972544,2015-02-27 16:10:41,b'RT @lisachwinter: Is Bayesian Inference a Religion? http://t.co/hVGYhsgdk7 via @larrywasserman @1Melo1'
571209627335069696,2015-02-27 07:26:02,b'RT @TheEconomist: Strange medicine: a way to treat bacterial infections with artificial viruses http://t.co/NgAPRSVvzy http://t.co/IOeMMHVb\xe2\x80\xa6'
570935185946087425,2015-02-26 13:15:30,b'Call for Proposals https://t.co/hxHKfNM0QT'
570678523419099137,2015-02-25 20:15:37,b'RT @santjoandelermm: neva sense parar....!! ja en tenim uns 50-60cm http://t.co/PBge4Op5Qv'
570499605693116416,2015-02-25 08:24:40,b'RT @papisdotio: RT @bigmlcom: PAPIs 2015 \xe2\x80\x93 Call for Proposals Begins!  http://t.co/1dm2FmD0Gn http://t.co/LOjlBDk10l'
570144901549195264,2015-02-24 08:55:11,"b'Gartner Advanced Analytics Quadrant 2015: Gainers, Losers - InformationWeek http://t.co/VVcCq906RC via @InformationWeek'"
570143532125712384,2015-02-24 08:49:45,b'RT @stanfordnlp: Deep learning based question answering is picking up steam! Weston\xe2\x80\x94Towards AI-Complete Question Answering #dlearn http://t\xe2\x80\xa6'
569989001618317313,2015-02-23 22:35:42,b'RT @gmiritello: Hey @databeersbcn is almost here! Quick view of who retweets whom and which are the main communities! cc @databeers http://\xe2\x80\xa6'
569568984942694402,2015-02-22 18:46:42,b'RT @mashable: Boston bikers built a 40-foot snow tunnel for commuting. http://t.co/cETruci2zg http://t.co/KZuL700OVX'
569566805347463168,2015-02-22 18:38:03,b'RT @DataScienceFr: Priors on odds and probability of success http://t.co/P1rjzawh03 #rstats'
569532435601469440,2015-02-22 16:21:28,b'RT @bigdata: .@Dolby neuroscientist Poppy Crum on Data-driven Sensory Intelligence #stratahadoop http://t.co/rdErm9N5Sx http://t.co/0qEeQjp\xe2\x80\xa6'
569468914113093632,2015-02-22 12:09:04,"b""RT @JordiTorresBCN: No truism is nearly so elegant as, or responsible for more deep insights than, Bayes's Theorem:Thanks @CapdevilaPujol h\xe2\x80\xa6"""
569422241638821888,2015-02-22 09:03:36,b'RT @wtvox: The Internet of Sheep: Farmers in Wales Are Extending The Concept Of IoT http://t.co/SyKQ5wKoYH #Wearables #IoT http://t.co/vHBS\xe2\x80\xa6'
569225886014312449,2015-02-21 20:03:21,"b""RT @arnaualvarez: @CapdevilaPujol Proud to see @josephsirosh talking about dairy farms data. Most people can't understand how important it'\xe2\x80\xa6"""
569124502585651200,2015-02-21 13:20:29,b'Why 2015 will be a game-changer for #Analytics? See keynotes from @strataconf  in San Jose. http://t.co/g9LkXFONLo'
569124103413751808,2015-02-21 13:18:54,"b'""Connected Cows?"" - A nice connection between my career and my family roots http://t.co/NJLxPe0QYi via @YouTube'"
568508223331966976,2015-02-19 20:31:37,"b""RT @MFordFuture: Do artificial intelligence and nanotechnology 'threaten civilisation'?\n@stuartdredge http://t.co/vuNvv6O03b\n#AI #Riseofthe\xe2\x80\xa6"""
567663347567714304,2015-02-17 12:34:23,b'RT @adrianafreitas: .#Barcelona wants to be the Leader in #BigData thx @Oracle +  #ExcelenceCenter @barcelonactiva http://t.co/jyCqkovfEk h\xe2\x80\xa6'
567663121310183424,2015-02-17 12:33:29,b'RT @DataBeersBCN: The first DataBeers Barcelona event is ready! Check out the first contributors and join us March 19th at @itnig http://t.\xe2\x80\xa6'
566302272129630210,2015-02-13 18:25:57,b'and felt astonished how #Bayesian nonparametric models resembles our #cognition processes.'
566302183311040512,2015-02-13 18:25:36,b'Just read about the link between human behaviour in learning the number of categories from observations and the #ChineseRestaurantProcess'
565101757756633088,2015-02-10 10:55:32,b'RT @aleixrvr: Spurious correlations\nhttp://t.co/nzvS8pM3m1'
564374688487731201,2015-02-08 10:46:25,"b""RT @diariARA: Avui, al teu quiosc, amb l'ARA, dossier d diumenge: Hem de t\xc3\xa9mer la intel\xc2\xb7lig\xc3\xa8ncia artificial? http://t.co/DOxQnLAlK6 http://\xe2\x80\xa6"""
564071090096705536,2015-02-07 14:40:02,b'Europa d\xc3\xb3na ajudes milion\xc3\xa0ries a tres cient\xc3\xadfics catalans http://t.co/1hPqMbSj1V via @diariARA'
563974269794021376,2015-02-07 08:15:18,"b""RT @strataconf: Computers are learning to read emotion, &amp; the business world can\xe2\x80\x99t wait. http://t.co/ZYeAnZCmaA @raffiwriter's @NewYorker p\xe2\x80\xa6"""
563973089613316096,2015-02-07 08:10:37,b'The Big Data Mistake In The Internet Of Things - Forbes http://t.co/lzMTZQ4ypI'
563686651525087232,2015-02-06 13:12:25,"b'RT @CjBayesian: Just when I was about to get some work done, I try this: http://t.co/77GAfH9HQX'"
561490852057718785,2015-01-31 11:47:05,"b'RT @bigdata: You can now watch a replay of the recent ""humans-in-the-loop"" machine learning (Active Learning) webcast by @marcua http://t.c\xe2\x80\xa6'"
561489633604038656,2015-01-31 11:42:15,b'RT @ThinkBig_open: Computaci\xc3\xb3n cognitiva: ordenadores que piensan de forma casi humana\n| http://t.co/Um4z5OYlG1'
561109360290824192,2015-01-30 10:31:11,b'RT @TheNextWeb: Google is using synthetic skin to help create an early detection system for cancer http://t.co/Z5geO3OwYH http://t.co/05Wts\xe2\x80\xa6'
561103727592230912,2015-01-30 10:08:48,"b""T'ha de preocupar l'aven\xc3\xa7 de la intel\xc2\xb7lig\xc3\xa8ncia artificial? Stephen Hawking i Bill Gates pensen que s\xc3\xad http://t.co/BjPWO3q37F via @diariARA"""
561066939930673152,2015-01-30 07:42:37,b'Introduction to Big Data with Apache Spark | edX https://t.co/yPRr1CzYtn'
561050182130085890,2015-01-30 06:36:01,b'RT @DeepStuff: MIT researchers revamp a common \xe2\x80\x9cdata structure\xe2\x80\x9d so that it will work with multicore chips. http://t.co/42CbTGEydk http://t.\xe2\x80\xa6'
559976953282048000,2015-01-27 07:31:24,"b'RT @mashable: The world is in the middle of an extreme outage: Facebook, Instagram and Tinder are down. http://t.co/m4vJb5m3wx'"
559728048145465344,2015-01-26 15:02:20,b'Three minutes and counting | Bulletin of the Atomic Scientists: http://t.co/nlUXsXEdyK'
559642784974798848,2015-01-26 09:23:32,b'Research papers that changed the world of Big Data http://t.co/K3HrzMdHkh via @Prismatic'
558986544292589568,2015-01-24 13:55:52,"b'RT @googleresearch: What are some ""killer apps"" for quantum computing? Find out what ETH Z\xc3\xbcrich Professor Matthias Troyer thinks at http://\xe2\x80\xa6'"
558984529172774912,2015-01-24 13:47:51,"b""RT @mashable: You're not alone in your creepy social media habits http://t.co/TS3jg2KD7Q"""
558761919025537024,2015-01-23 23:03:17,b'RT @strataconf: Building &amp; deploying large-scale #machinelearning pipelines http://t.co/uYBfNgwu7c New post on @radar by @bigdata http://t.\xe2\x80\xa6'
558334995153317890,2015-01-22 18:46:50,b'RT @SolansDavid: At #SparkBCN attending to the speech by @jordi_aranda about Spark Maching Learning library (MLlib) @SparkBarcelona http://\xe2\x80\xa6'
557827856739614720,2015-01-21 09:11:39,b'RT @bayesian_stats: Live stream of Bayesian Computation meeting in Reading. http://t.co/MYhphvOrdC'
557640689954336770,2015-01-20 20:47:55,"b'RT @univpompeufabra: [#TALENTUPF] Una ""app"" que ajuda a escollir el millor barri per viure guanya l\'Innova Challenge MX @DTIC_UPF \nhttp://t\xe2\x80\xa6'"
557556479272976384,2015-01-20 15:13:18,b'RT @Intel_Spain: Aqu\xc3\xad est\xc3\xa1n algunos de nuestros drones favoritos del #CES2015 :) http://t.co/ULuSPptrT5 http://t.co/KZSjm6wcCs'
557445372571045888,2015-01-20 07:51:48,"b'RT @googleresearch: Deep Neural Networks have shown great promise in Machine Learning applications. But how do DNNs ""work""? Find out at htt\xe2\x80\xa6'"
557100079174414336,2015-01-19 08:59:43,"b""@jordi_aranda is giving a talk about Spark's Machine Learning library (MLlib) next Thursday at @univpompeufabra http://t.co/X5il3AI9ab"""
556372860458242049,2015-01-17 08:50:01,b'From Wearable Tech 2.0 To Wearable Tech 3.0 https://t.co/T9bChyASNR'
556368351510155264,2015-01-17 08:32:06,"b'RT @starlabdf2: ""How Computational Intelligence, Machine Learning, and Neurotechnology embrace World 3.0"" http://t.co/BGzpIUoHiX #blog #pos\xe2\x80\xa6'"
556067730953342976,2015-01-16 12:37:32,b'RT @adrianafreitas: Kudos to all the 20 #Catalan Companies that got @EU_H2020 @EU_Commission cc: @InfantiumEs @flyabloon @watly1 http://t.c\xe2\x80\xa6'
555979584920117250,2015-01-16 06:47:17,b'RT @AndrewYNg: Want to learn from top 10 US univ? US News ranking just out; 8 of top 10 are @coursera partners! http://t.co/blkxjcEjud'
555979485057908736,2015-01-16 06:46:53,"b'RT @medialab: This is wonderful: #MIT @MITLL hosts first ""Make Your Own Wearables"" workshop for high-school girls http://t.co/gW4hoLAU8O'"
555974712401358848,2015-01-16 06:27:55,"b'Leyendo \'La aplicaci\xc3\xb3n ""Pear Campaign"" gana el premio InnovaChallenge MX\' http://t.co/f8Q3w7ipf7 via @expansioncom'"
555824052020191232,2015-01-15 20:29:15,b'RT @emms_s: Westwing capta 25 milions de finan\xc3\xa7ament per cr\xc3\xa9ixer http://t.co/ZZ8g9lIpI8 v\xc3\xada @diariARA'
555823466637967362,2015-01-15 20:26:55,"b""RT @aficionado: PAPIs.io '14 attendees in numbers, charts and pictures! http://t.co/YHYWEIhvmX"""
555822076201037825,2015-01-15 20:21:24,b'Investigadors del BSC i la UPC creen una aplicaci\xc3\xb3 que ajuda a les empreses a decidir el seu pla de m\xc3\xa0rqueting http://t.co/InESpYf1ML'
555742363310891008,2015-01-15 15:04:39,b'@ferranc gr\xc3\xa0cies de nou! :-)'
555670927300919296,2015-01-15 10:20:47,b'RT @PressRoom_BBVA: Las aplicaciones \xe2\x80\x98Relocation Assistant\xe2\x80\x99 y \xe2\x80\x98Pear Campaigns\xe2\x80\x99 ganan InnovaChallenge MX http://t.co/NUqrWc0LH1'
555660501019918338,2015-01-15 09:39:21,b'Las \xc2\xabapps\xc2\xbb Relocation Assistant y Pear Campaigns ganan el premio Innova Challenge MX  via @abc_es http://t.co/VW2xfgKYI2'
555297530435862528,2015-01-14 09:37:02,b'RT @ThinkBig_open: Un algoritmo es el mejor jugador del #poker del mundo | http://t.co/cm5MMIiFEl'
554930007341293568,2015-01-13 09:16:38,b'RT @abarrera: Have you checked our report on the Spanish VC industry in 2014? http://t.co/gZY3OI1j4j'
554915493665316864,2015-01-13 08:18:58,"b'RT @DataconomyMedia: #Machinelearning #startup GraphLab rebrand to @datoinc, and pick up $18.5m in fresh funding: http://t.co/XI7e4mRKew'"
554759207225151488,2015-01-12 21:57:56,"b'RT @muyinteresante: Correr regularmente, adem\xc3\xa1s de prevenir la diabetes y el colesterol, ayuda al desarrollo del cerebro, mira: http://t.co\xe2\x80\xa6'"
553127449031360512,2015-01-08 09:53:55,b'RT @synergicpartner: Los genios del #BigData ser\xc3\xa1n de los profesionales m\xc3\xa1s demandados en 2020. http://t.co/whuGsczYth v\xc3\xada @techreview_es'
553109228307898368,2015-01-08 08:41:30,"b'RT @Junkculture: Apparently not Bansky, but a powerful message nonetheless.   via http://t.co/3E5sIqScUe #CharlieHebdo http://t.co/F7kA1vQ4\xe2\x80\xa6'"
553106135642017792,2015-01-08 08:29:13,b'RT @mashable: New smartphone battery recharges in less than two minutes http://t.co/xJfgEJCJK1 #CES2015'
552014612431114240,2015-01-05 08:11:54,"b'RT @newsycombinator: A new machine learning podcast featuring Hinton, Bengio, Lecun and more http://t.co/AfRlYYasjB'"
545523396482592768,2014-12-18 10:18:07,b'Beca para hacer el doctorado en el Barcelona Supercomputing Center https://t.co/N7FnU0zvJX'
543776623922012160,2014-12-13 14:37:04,b'Trobarem a faltar la teva radio tranquila. D.E.P. Joan Barril. http://t.co/cAc1xy520N'
543553390580875266,2014-12-12 23:50:01,b'Making Friends With Artificial Intelligence: Eric Horvitz at TEDxAustin http://t.co/nriDu2sftU'
540101158048923648,2014-12-03 11:12:05,"b""@louisdorard @danielequercia Definitely yes! I'll try to attend the next #urbanbeers in bcn. Regards!"""
540086329443614720,2014-12-03 10:13:09,"b""@louisdorard @danielequercia  Keynotes are posted in o'reilly youtube channel, but I did not find any other talk rather than keynotes."""
539404432061263872,2014-12-01 13:03:32,"b'RT @JordiTorresBCN: Big Data, el petroli del segle XXI a @RTVECatalunya amb participaci\xc3\xb3 @BarcelonaTech i @BSC_CNS http://t.co/d8hbd1PYSp h\xe2\x80\xa6'"
538409055333937152,2014-11-28 19:08:16,"b""RT @ACMNANOCOM: ACM NANOCOM'15 Website is up!  http://t.co/6oDg8dBe2b"""
538114333835014144,2014-11-27 23:37:09,"b'Gran trobada amb els becaris de ""la Caixa"". #becariosmeeting @BecarislaCaixa http://t.co/BR6hc7rGHe'"
537517664202416129,2014-11-26 08:06:12,b'RT @nosqlmatters: Enjoy the review of #nosql14 BCN and get an impression about the fantastic atmosphere and the great fun we all had. http:\xe2\x80\xa6'
535837845010018304,2014-11-21 16:51:12,"b""@danielequercia it's a pitty I couldn't stay longer for Q&amp;As. I am with Jordi Nin at BSC who told me about your research. Amazing work."""
535823805042946048,2014-11-21 15:55:24,b'Amazing #StrataHadoop conference. http://t.co/gxsawnNRhX'
535819243682816001,2014-11-21 15:37:17,b'Happy to not have taken a data-based decision and stay at @danielequercia talk and enjoy this last #StrataHadoop conference.'
535813221224316928,2014-11-21 15:13:21,"b'""Logic will take you from A to B, imagination will take you everywhere"" by Einstein in #StrataHadoop by @danielequercia'"
535789102491525120,2014-11-21 13:37:31,b'Great talk about realtime data analysis by @mikiobraun at #StrataHadoop'
535741286402506752,2014-11-21 10:27:30,"b""The story that you taked from #StrataHadoop, it's what you've learned. By @benokri"""
535740144977207296,2014-11-21 10:22:58,"b'@benokri, poet and novelist, says storytelling is the oldest technology and inspires the audience at #StrataHadoop http://t.co/tjN0i05vsC'"
535736434880446465,2014-11-21 10:08:14,b'Francine Bennet also believes next generation of cities will be powered by crowdsourced data platforms. #StrataHadoop'
535734191544369152,2014-11-21 09:59:19,"b""In #StrataHadoop, it's not all about data, it's also about physics, social sciences, soccer... And yes, skating! http://t.co/iyGuCVg47w"""
535731952700362752,2014-11-21 09:50:25,b'Google code for predicting football matches outcomes. http://t.co/ZMLM5Ddryx #StrataHadoop'
535731505310736384,2014-11-21 09:48:38,b'Google predicted world cup games. They hit the final match but failed the semis coz of data bugs. Jordan Tigani from @google #StrataHadoop'
535723489307922432,2014-11-21 09:16:47,"b'Data lakes, a new metaphor for an old concept or a newness? Martin Willcox speaks out at #StrataHadoop @Teradata'"
535717341313904640,2014-11-21 08:52:21,"b'""Your models are not what your data science design, but rather what your engineers implement"" by prof Foster Provost at #stratahadoop'"
535713288617992192,2014-11-21 08:36:15,b'RT @strataconf: Buon dia! Morning keynotes kick off w/ some announcements from @Edd @rogerm http://t.co/K8uHSp6JQY'
535713233148346368,2014-11-21 08:36:02,b'RT @euanwarobertson: The godfather of #hadoop Doug cutting at #stratahadoop http://t.co/NcSSQGTvsX'
535498580065525760,2014-11-20 18:23:05,b'How better could we end off this day? Building a unified data pipeline in spark by @databricks at @SparkBarcelona http://t.co/BerXk4JaYi'
535461245206691840,2014-11-20 15:54:43,b'Strata conference. http://t.co/0SqgV0DehH'
535450401622212608,2014-11-20 15:11:38,b'Spark rules the #StrataHadoop ecosystem. @strataconf http://t.co/0RwEXYiV4A'
535417872286486529,2014-11-20 13:02:22,b'RT @elasticsearch: THE #Elasticsearch book signed by @kimchy &amp; the authors! RT this tweet &amp; you are in for a win at #StrataHadoop BCN! http\xe2\x80\xa6'
535394050594316288,2014-11-20 11:27:43,"b'SAMOA, another large-scale streaming platform take its firsts steps at yahoo #strataconf'"
535371128035110913,2014-11-20 09:56:38,"b""RT @tlberglund: If you didn't already believe that #spark was a big deal, a few minutes at #StrataHadoop would set you straight."""
535371054320193536,2014-11-20 09:56:20,"b""Tim O' Reilly also runs @Motorola #IOTH #StrataHadoop @timoreilly @strataconf http://t.co/89WpQx0Vqo"""
535368549238595584,2014-11-20 09:46:23,"b""What drives clothing demand? It's not just about dressing people with information, but find what features drive demand. #strataconf"""
535364666596544512,2014-11-20 09:30:57,"b""What you don't always want to hear about Big data, but we must be aware of it. Libelium and the democracy of Big Data at #StrataHadoop"""
535358499480682496,2014-11-20 09:06:27,"b'Car, bikes, healthcare, oil, data centers,... It seems to me that Mc Larens is everywhere. #StrataHadoop'"
535357447649914880,2014-11-20 09:02:16,b'Data-driven car/bike customization to the driver at McLaren #StrataHadoop @strataconf'
535023129220104192,2014-11-19 10:53:48,b'RT @JordiTorresBCN: Excellent hands-on by @pacoid of Spark at #StrataHadoop-Barcelona @OReillyMedia @databricks #BigData @SparkBarcelona ht\xe2\x80\xa6'
534987142150492160,2014-11-19 08:30:48,b'RT @strataconf: Welcome to an excellent day of tutorials at #StrataHadoop World http://t.co/byIpOAE1tG'
534748968291692544,2014-11-18 16:44:23,b'Panel discussion to wrap-up the first conference on predictive apps. #papis2014 @papisdotio http://t.co/BwHXw66j62'
534737594480078848,2014-11-18 15:59:12,b'RT @rahulag80: IBM Is Redesigning Supercomputers to Solve #BigData Problems http://t.co/GuYctMKeUW #supercomputer'
534656129662738432,2014-11-18 10:35:29,b'Strands showcasing in #papis2014 http://t.co/E5ETujivCV'
534624323387265025,2014-11-18 08:29:06,b'RT @geomark: Ready for the exhibition #SC14 @BSC_CNS http://t.co/o4RanklfpP'
534389736111345665,2014-11-17 16:56:56,b'Amazed how @graphlabteam mines large scale graph. At @papisdotio http://t.co/TPiIdp15gf'
534353598306856963,2014-11-17 14:33:20,"b""RT @louisdorard: For those of you who can't be at #papis2014... We're video taping the sessions! http://t.co/fhW9zK8lvY"""
534298959615762432,2014-11-17 10:56:13,b'BSC showcases its latest work at SC14 http://t.co/9RW30hg66G'
534054480225243137,2014-11-16 18:44:45,"b""Everything ready for #PAPIs'14 @papisdotio http://t.co/7iyRBZjtTr"""
533775427966615553,2014-11-16 00:15:53,b'RT @adrianafreitas: The Next Silicon Valley https://t.co/CovCG35bWY via @CBinsights'
533775011279273985,2014-11-16 00:14:14,"b'RT @CIBBVA: The future of #IT in 2015 and beyond, according to @Gartner_inc http://t.co/rLId4HgnbR #tech'"
533560585871298560,2014-11-15 10:02:11,b'Tentative schedule for the Strata conference this week in Barcelona! As hilarious as it sounds! http://t.co/oDUzGSscbc \xe2\x80\xa6'
533550941824241665,2014-11-15 09:23:52,b'Why I chose GraphLab instead of Spark(GraphX) http://t.co/MPQRghi4fo'
533522651856125952,2014-11-15 07:31:27,"b'http://t.co/Bcn2CMZAM3, la red que es de todos http://t.co/9mWZEmumla via @elmundoes'"
532999884388175872,2014-11-13 20:54:09,b'Bcn House of Analytics - sth great is about to happen in the city @bcnanalytics http://t.co/1T6eGCoD2J'
532789802966732800,2014-11-13 06:59:22,b'RT @bcnanalytics: Today is the big day! We will have our inauguration event at CCCB. We will start at 19h. Check all details here http://t.\xe2\x80\xa6'
531369742037422080,2014-11-09 08:56:33,"b'RT @JordiJubany: ""It always seems impossible until it\'s done"" Nelson Mandela. http://t.co/H3HGTDSrRp'"
529195878129893376,2014-11-03 08:58:23,"b""@arnaualvarez We're about to change cows' diets \xe2\x80\x94 yet again http://t.co/MLyvDQEX3i"""
528619067788111873,2014-11-01 18:46:21,"b""What's cooking? http://t.co/hX5cQ1vgiz"""
522776303192133632,2014-10-16 15:49:18,"b""Supercomputers -- the giant's shoulders | Mariano Vazquez | TEDxMadrid: http://t.co/bagCfEaC11 via @YouTube"""
517363681642811392,2014-10-01 17:21:28,b'Scala kick-off meetup at @MOB_BCN thanks to @ScalaBcn'
509249134654533632,2014-09-09 07:57:09,b'El Internet de las cosas y la sociedad colaborativa http://t.co/WMy2r6rZ6I via @el_pais'
507579407134105600,2014-09-04 17:22:15,b'RT @JordiTorresBCN: Third Spark Barcelona Meeting with Jes\xc3\xbas Cerquides (CSIC) at @itnig @EstrellaDammCat http://t.co/iAXAPcKcqJ #BigData @S\xe2\x80\xa6'
506845805492576256,2014-09-02 16:47:11,b'RT @rahulag80: Nanotechnology and big data - the next industrial revolution? http://t.co/A31hpjedU1 #bigdata #nanotech'
504714388771983362,2014-08-27 19:37:42,b'Making the Grade: Coding for Kids | NECN http://t.co/bXtf5INUdx via @undefined'
504712390009962496,2014-08-27 19:29:45,"b'RT @emisiona: Intel crea el m\xc3\xb3dem 3G m\xc3\xa1s peque\xc3\xb1o del mundo para la ""Internet de las Cosas"" http://t.co/9XGagNtqvJ'"
501848469490135041,2014-08-19 21:49:33,"b""RT @cbronline: How @SAP could help @FCBayern become the world's number one club #analytics http://t.co/aDtZ4aaeBA"""
501847947462864897,2014-08-19 21:47:29,b'RT @FCBayernEN: #FCBayern are delighted to announce their new partnership with @SAP.'
501450999668543488,2014-08-18 19:30:09,"b""Funniest TED talk ever: Own your body's data http://t.co/NJszFIIYP4"""
501410679073411074,2014-08-18 16:49:56,b'Why Barcelona is the best city in Europe for your IoT or Data Startup http://t.co/TQc7mwOwPy'
497781835376504832,2014-08-08 16:30:12,b'Schumpeter: Digital disruption on the farm | The Economist http://t.co/5cRMQN9G3r'
497123589607260160,2014-08-06 20:54:34,"b'Stimulating talk by Joi Ito, director of MIT Media Lab. http://t.co/o7oS9Bz1XV'"
494776485732179969,2014-07-31 09:28:01,b'RT @genisroca: Vais a pasar horas aqu\xc3\xad cuando descubr\xc3\xa1is este aleatorio de sitios web alucinantes: http://t.co/U2qg1uM6QB'
492683707954642944,2014-07-25 14:52:04,b'Qu\xc3\xa9 es el geomarketing http://t.co/ePwprmcEsF'
491509823528521728,2014-07-22 09:07:28,b'RT @CiscoPRspain: #Cisco presenta hoy su proyecto del Centro de Innovaci\xc3\xb3n global sobre #IoE en Barcelona #InnovationCenter @IoT'
491509802624090112,2014-07-22 09:07:23,b'RT @SchneiderES: @Schneideres ubicar\xc3\xa1 en #Barcelona su primer hub de innovaci\xc3\xb3n de tecnolog\xc3\xadas y soluciones inteligentes para las ciudades \xe2\x80\xa6'
491497510381563904,2014-07-22 08:18:32,"b""RT @xaviertrias: Empreses com @Cisco o @SchneiderElec s'ubicaran en aquest nou #bcnsmartcitycampus @cisco_spain @SchneiderEs a Can l'Alier"""
491138820348608512,2014-07-21 08:33:14,b'How Big Data Brings Marketing and Finance Together - @HarvardBiz http://t.co/xeajmSP9BB'
488344125432143872,2014-07-13 15:28:07,b'RT @BCN_TIC: Del campo a la mesa en 24 horas via @El_Pais #alimentaci\xc3\xb3n #apps #TIC http://t.co/b8D9fIcOV5'
488339233841885184,2014-07-13 15:08:40,"b'RT @genisroca: Drone aut\xc3\xb3nomo que ""te sigue\xe2\x80\x9d y te va filmando. Ped\xc3\xada 50.000$ en Kickstarter y ya va por 1.185.000 http://t.co/6SYbhDI91X'"
487726946823196672,2014-07-11 22:35:40,"b'RT @elEconomistaes: Entre #LoMasLeido | SAP, el gigante tecnol\xc3\xb3gico detr\xc3\xa1s del \xc3\xa9xito de #Alemania en el #Mundial2014 http://t.co/aSTH1QbXTa'"
483309639895760897,2014-06-29 18:02:52,b'Futurist Kurzweil Says He\xe2\x80\x99s Building AI into Google Search | MIT Technology Review http://t.co/iTpwK1tvEm'
482058812766306304,2014-06-26 07:12:31,b'RT @JordiTorresBCN: Barcelona Supercomputing Center starts to work on Deep Learning http://t.co/qoD2aWvHRu #BigData #deeplearning #machinel\xe2\x80\xa6'
478966729633046528,2014-06-17 18:25:41,b'El Big Data arriba al futbol - Televisi\xc3\xb3 de Catalunya: http://t.co/lbmkBkZQqb via @tv3cat'
478215845336735744,2014-06-15 16:41:57,b'Inspiring TED talk about Hybrid thinking: Nanotechnology   Big Data http://t.co/Tda7DYSS5o'
468872137009139712,2014-05-20 21:53:23,b'Breakthrough Research Could Lead to Tiny Wireless Medical Implants http://t.co/Q6FbhvVYU1 via @mashable'
467378955960324096,2014-05-16 19:00:01,b'Stunning 10-Year Time-Lapse Shows Construction of 9/11 Memorial Museum http://t.co/7rRIRWqwpb via @mashable'
465118387925176320,2014-05-10 13:17:19,b'Yesterday Big Data Week Hackathon Barcelona #bdw2014 #hackathon http://t.co/XpLnDyifO2'
465085501007867904,2014-05-10 11:06:38,b'Big Bang Data http://t.co/CUD2Xmhjih'
462991586675392512,2014-05-04 16:26:10,b'Running beloved bcn to bring this week to an end. #bcn #running http://t.co/aL1yKzCzs4'
459775080093208576,2014-04-25 19:24:55,"b""Sempre etern: 'Sobretot no et fiquis mai nervi\xc3\xb3s per res, perqu\xc3\xa8 el que avui et sembla important, dem\xc3\xa0 no ho \xc3\xa9s' #TitoEtern DEP Tito"""
458355865431441408,2014-04-21 21:25:28,"b""Primeros pasos para el 'wi-power': enchufe su televisi\xc3\xb3n a la red el\xc3\xa9ctrica sin cables http://t.co/agLeNjFKyx via @eleconomistaes"""
457811476540321792,2014-04-20 09:22:16,"b'RT @polnavarro: Good job! RT @fontserepujol: ""Gafas para aprender"". @LaVanguardia @CARSantCugat @pepmari4 @joaquinsfy @esportcat http://t.c\xe2\x80\xa6'"
456188271794479104,2014-04-15 21:52:14,b'As\xc3\xad son las zonas con m\xc3\xa1s paro de la UE: del 2% de Alta Baviera al 36% de Andaluc\xc3\xada http://t.co/31fu0FEuNC via @eleconomistaes'
456186820384944128,2014-04-15 21:46:28,b'Twitter Acquires Data Startup Gnip http://t.co/kLZEZNZt4Y via @mashable'
455600748194447360,2014-04-14 06:57:37,b'RT @AndrewYNg: David Blei wins ACM Infosys award for work on Topic Modeling.  Congratulations David!!! @princeton http://t.co/Jz2LdcfKUA'
455346630632288257,2014-04-13 14:07:51,b'Excellent article: On leaving a big job | LinkedIn http://t.co/Ec0Bsy7Nba'
450217014398038016,2014-03-30 10:24:35,"b""You Can't Spell Big Data Without BI http://t.co/4bIMSwzmUh"""
444924172037545984,2014-03-15 19:52:43,b'RT @Amazing_Maps: Top 40 countries by the number of scientific papers published\n- http://t.co/D5lSDwkele'
443883454380642306,2014-03-12 22:57:17,"b""RT @ibmbizanalytics: INFOGRAPHIC: The Four V's of Big Data. A simple refresher in the world of #analytics http://t.co/iQCqVSZZZ6 #CIOExchan\xe2\x80\xa6"""
443882985855918081,2014-03-12 22:55:25,b'RT @John4man: Introduction to Data Science (using spreadsheets): The one where John works through naive Bayes and Holt-Winters live\nhttp://\xe2\x80\xa6'
442582664340860928,2014-03-09 08:48:24,"b'RT @xavierverdaguer: if opportunity doesn\xe2\x80\x99t knock, build a door'"
