id,created_at,text
936225758644760576,2017-11-30 13:29:49,b'RT @lovell_natasha: Congratulations @AnnaEBone @SimonNoahEtkind winners of most original research paper award! https://t.co/Y89W3atPD5'
922040202415300608,2017-10-22 10:01:29,b'RT @runnermandoc: Get up and get moving to avoid #frailty. Focus on physical activity can help avoid unnecessary social care | The BMJ http\xe2\x80\xa6'
922039676411830272,2017-10-22 09:59:24,b'RT @hospicedoctor: Prof Fliss Murtagh @DrFlissMurtagh on evidence that measuring outcomes makes a difference #IOMCP17 https://t.co/Egib1Vny\xe2\x80\xa6'
922039613610516480,2017-10-22 09:59:09,b'RT @kesleeman: Yes - great opportunity! Please get in contact if you are interested in a *free* MSc. We\xe2\x80\x99d love to hear from you. https://t.\xe2\x80\xa6'
900368503743459328,2017-08-23 14:45:53,b'RT @CSI_KCL: New paper from @kesleeman - Emergency Department use by people with #dementia in their last year of life #hpm https://t.co/Fxv\xe2\x80\xa6'
900368404879556608,2017-08-23 14:45:30,b'RT @kesleeman: New paper! Emergency Department attendance by people with #dementia in their last year of life: common &amp; increasing https://\xe2\x80\xa6'
881223518905565186,2017-07-01 18:50:33,b'RT @kesleeman: There are currently 56 consultant vacancies in palliative care. And this is the future https://t.co/fOKlH2VSUZ Huge workforc\xe2\x80\xa6'
881223355516551168,2017-07-01 18:49:54,b'RT @PalliativeMedJ: Development and validation of the iPOS-DEM: https://t.co/Xbme7L6AfR #hpm #dementia https://t.co/hDlYnQBSuS'
865497895243440128,2017-05-19 09:22:33,b'RT @SimonNoahEtkind: We found palliative care need will rise out of proportion to population changes #hpm https://t.co/BdMgmozxDK https://t\xe2\x80\xa6'
865497775491825664,2017-05-19 09:22:04,b'RT @kesleeman: Great talk by @AnnaEBone on projections of place of death. Need huge expansion in community services to avoid rise hospital\xe2\x80\xa6'
865497504535662592,2017-05-19 09:20:59,"b""RT @CSI_KCL: We're at #EAPC2017! We have lots of drop-in sessions planned with members of the team or just pop over for a chat about our re\xe2\x80\xa6"""
853497489701441537,2017-04-16 06:37:13,b'RT @KingsJobs: Research Assistant: https://t.co/IdyVS4GH4x @CSI_KCL @ij_higginson @ClareEllisSmith #researchmethods #healthresearch #HSR #p\xe2\x80\xa6'
832160606853685248,2017-02-16 09:32:04,"b'RT @niinamk: Rare exciting clinical academic #AHP 8b job in Major Trauma. Now permanent, &amp; enuf 2 be workn 2wrds PhD!! Apply &amp; RT https://t\xe2\x80\xa6'"
830072939982774272,2017-02-10 15:16:25,"b'RT @CSI_KCL: Marsha Dawkins &amp; Simon Etkind discuss use of IPOS in clinical practice, followed by an international perspective by Prof Bause\xe2\x80\xa6'"
825769376242622472,2017-01-29 18:15:36,"b""RT @OfficialNIHR: We're highlighting #mentalhealth research from across the #NIHR whilst the #NIHRChallenge award call is live: https://t.c\xe2\x80\xa6"""
822175745418084352,2017-01-19 20:15:47,"b""RT @CSI_KCL: After 'stark findings' of national end of life care briefing, call to debate #EoL care for people with dementia https://t.co/t\xe2\x80\xa6"""
816674093181399040,2017-01-04 15:54:11,"b'RT @CSI_KCL: Great job opportunity for a Research Assistant working in Palliative Care / Dementia, with @kesleeman. Closes 8th Jan. https:/\xe2\x80\xa6'"
813301135410921472,2016-12-26 08:31:15,b'RT @CSI_KCL: Our POS workshops in Feb are filling up fast - book your place now to learn about using POS measures in #pallcare: https://t.c\xe2\x80\xa6'
807165302467416064,2016-12-09 10:09:39,b'RT @GeriSoc: Calling all commissioners &amp; providers of healthcare in care homes! Download @GeriSoc guidance #healthincarehomes https://t.co/\xe2\x80\xa6'
805869748869328896,2016-12-05 20:21:35,"b""RT @CSI_KCL: Next #CSIseminar 25 Jan Prof Martin Vernon presenting 'The challenges &amp; opportunities for an ageing population living with fra\xe2\x80\xa6"""
805699113639669760,2016-12-05 09:03:32,b'RT @beatdementia: .@mason4233 and @jaynegoodrick are asking for more volunteers to #dementia research this #Christmas https://t.co/OO63rLDi\xe2\x80\xa6'
804795919921270784,2016-12-02 21:14:34,b'RT @CSI_KCL: 3 fantastic scholarships available for MSc Palliative Care course 2017. DEADLINE EXTENDED TO 9 DEC #pallcare #hpm https://t.co\xe2\x80\xa6'
803333865544843264,2016-11-28 20:24:53,b'RT @MaudsleyNHS: Questions about @Channel4 #lifeonthepsychward ? Check our FAQs https://t.co/c15tOMOB79 \xe2\x80\xa6 Tune in tmrw 9pm Ch4 #endstigma'
802501527709581312,2016-11-26 13:17:28,"b'RT @beatdementia: #Healthcare professionals, wonder how to tell your patients about #dementia research? We\xe2\x80\x99ve got a #NHSToolkit https://t.c\xe2\x80\xa6'"
802261864688320512,2016-11-25 21:25:08,b'RT @CSI_KCL: Our MSc course is suitable for all health professionals in palliative care Application deadline 2 Dec https://t.co/5la0vYudp6\xe2\x80\xa6'
