id,created_at,text
970720656957599746,2018-03-05 18:00:14,"b""RT @Olive_Free: la communaut\xc3\xa9 universitaire et ts les amis des sciences doivent continuer \xc3\xa0 se mobiliser pr s'opposer aux attaques grandiss\xe2\x80\xa6"""
970716343879204864,2018-03-05 17:43:06,"b'RT @Grady_Booch: Computer, in other languages:\n\nIceland: t\xc3\xb6lva (prophetess of numbers)\nHawaiian: lolouila (electric brain)\nFrench: ordinate\xe2\x80\xa6'"
970632107029663744,2018-03-05 12:08:22,b'RT @nitot: Comment pr\xc3\xa9server nos libert\xc3\xa9s et nos choix de vie dans un monde de plus en plus num\xc3\xa9rique ? Ma r\xc3\xa9ponse : https://t.co/ndzW6UkZp\xe2\x80\xa6'
970602340440072193,2018-03-05 10:10:05,"b'RT @ComSciComCa: Bon, comme on en a parl\xc3\xa9 tr\xc3\xa8s r\xc3\xa9cemment sur twitter, autant tout de suite mettre les pieds dans le plat. \nOui, #LeCamionEx\xe2\x80\xa6'"
970552834801524736,2018-03-05 06:53:22,"b'RT @gchampeau: Cette s\xc3\xa9quence de @olbesancenot est un must-see absolu. Rien \xc3\xa0 ajouter, juste \xc3\xa0 partager.\n\n#onpc #besancenot #scnf #cheminot\xe2\x80\xa6'"
970552582077865984,2018-03-05 06:52:22,b'RT @DamienCAREME: Quel incroyable et inadmissible cynisme de la part du gouvernement ! Alors qu\xe2\x80\x99ils vont infliger des traitements inhumains\xe2\x80\xa6'
970373117502722048,2018-03-04 18:59:14,"b'RT @MA_Gagnon: ""La chimiste Alexandra Furtos, sp\xc3\xa9cialiste en spectrom\xc3\xa9trie \xc3\xa0 l\xe2\x80\x99Universit\xc3\xa9 de Montr\xc3\xa9al, a analys\xc3\xa9  les composants des granul\xe2\x80\xa6'"
970336748546023424,2018-03-04 16:34:43,b'RT @dirtybiology: Les m\xc3\xa8mes nihilistes &gt;&gt; tout https://t.co/v4CF58Xobr'
970022646976040960,2018-03-03 19:46:35,"b'RT @regis_alenda: France: Les trains marchent mal, il faut privatiser.\n\nUK: Les trains marchent mal, il faut nationaliser.'"
969958193827930112,2018-03-03 15:30:29,b'RT @loysbonod: #\xc3\x89coleNum\xc3\xa9rique Vous vous souvenez du communiqu\xc3\xa9 triomphant de la ministre pr\xc3\xa9c\xc3\xa9dente ? https://t.co/0rHQLhSBYi'
969928876699848705,2018-03-03 13:33:59,"b'RT @Looping_: Combien faut il de capitaliste pour changer une ampoule ? Aucun, si elle doit \xc3\xaatre chang\xc3\xa9e, le march\xc3\xa9 s\xe2\x80\x99en chargera.'"
969901099451928577,2018-03-03 11:43:36,b'RT @frestagn: C\xe2\x80\x99est bien \xc3\xa7a. Je pense qu\xe2\x80\x99il faut vraiment donner plus \xc3\xa0 HEC et \xc3\xa0 l\xe2\x80\x99X. Ces deux \xc3\xa9coles forment l\xe2\x80\x99\xc3\xa9lite de la Nation. Il faut\xe2\x80\xa6'
969899208332468224,2018-03-03 11:36:05,"b'RT @vasyjuly: Hahaha, Aberkane serait notre Bruce Banner \xf0\x9f\x98\x84 https://t.co/ShKt03ie9p'"
969896863368433664,2018-03-03 11:26:46,"b""RT @Bottlaeric: Hey les twittos il faut que je vous parle de ce site extraordinaire que j'ai d\xc3\xa9couvert tout r\xc3\xa9cemment (et avec lequel je n'\xe2\x80\xa6"""
969894739855265792,2018-03-03 11:18:20,b'RT @AnnTelnaes: Trump #Evergreen https://t.co/j6w0cdeHyf'
969651533859184642,2018-03-02 19:11:55,"b'RT @LadyMiiaou: A 11h, sur le d\xc3\xa9part : \xc2\xab\xc2\xa0ce petit week-end \xc3\xa0 la montagne va me permettre d\xe2\x80\x99avancer ma th\xc3\xa8se de mani\xc3\xa8re extr\xc3\xaamement prolifiq\xe2\x80\xa6'"
969510137059737605,2018-03-02 09:50:03,"b'RT @cacheflowe: I\xe2\x80\x99m building some custom CV tools for my next project, and pretty much reverse-projection-mapping a webcam\xe2\x80\x99s view of anothe\xe2\x80\xa6'"
969489095377465345,2018-03-02 08:26:27,b'Param\xc3\xa9trer notre bulle de filtre\xe2\x80\xa6 pour en reprendre le contr\xc3\xb4le \nhttps://t.co/HeTHHxE7U4'
969231671533932544,2018-03-01 15:23:32,"b""Le vieux mythe de l'ad\xc3\xa9quation formation-emploi, par Jean-Michel Dumay (mars 2018) https://t.co/H9A6X7MFDo"""
969191633697886208,2018-03-01 12:44:26,"b'RT @laelia_ve: .#SNCF On entend beaucoup ""Le #chemindefer  fran\xc3\xa7ais marche mal, lib\xc3\xa9ralisons-le totalement, ouvrons-le \xc3\xa0 la  concurrence, \xc3\xa7\xe2\x80\xa6'"
969096809908965376,2018-03-01 06:27:39,b'RT @mixlamalice: Petite mise \xc3\xa0 jour #postes #ouverts (publi\xc3\xa9s) #MCF #ESR. On suit toujours la tendance qui conduit \xc3\xa0 0 postes ouverts en 20\xe2\x80\xa6'
969095239028936704,2018-03-01 06:21:24,b'RT @OliBerne: Il fut un temps o\xc3\xb9 les scientifiques avaient le sens des priorit\xc3\xa9s. https://t.co/ZfESwBgCrt'
969094306714791936,2018-03-01 06:17:42,"b'L\xe2\x80\x99offensive g\xc3\xa9n\xc3\xa9rale, par Serge Halimi (mars 2018) https://t.co/bOyUo5I534'"
968873587640881154,2018-02-28 15:40:38,"b'RT @lemonde_campus: L\xe2\x80\x99enseignement sup\xc3\xa9rieur fran\xc3\xa7ais continue de d\xc3\xa9cliner, faute de moyens. \nPar @tricornot\nhttps://t.co/yOcEcfQ5pT'"
968870520006610944,2018-02-28 15:28:27,"b'RT @Calimaq: Tu es dada\xc3\xafste ? Tu t\'int\xc3\xa9resses aussi au num\xc3\xa9rique ? Adh\xc3\xa8re vite au Think Tank ""Digital New Deal Foundation"" ! ;-) https://t.\xe2\x80\xa6'"
937397310342008832,2017-12-03 19:05:09,"b'RT @KrysaliaH: Sachant que ces bureaux sont tout \xc3\xa9clair\xc3\xa9s pour \xc3\xa9viter le squatting, ET chauff\xc3\xa9s \xc3\xa0 25\xc2\xb0 pour \xc3\xa9viter que les rev\xc3\xaatements ne se\xe2\x80\xa6'"
937396848607793153,2017-12-03 19:03:19,"b'RT @Laurent_Potelle: \xc2\xab La vie ? \n- Un rien l\xe2\x80\x99am\xc3\xa8ne, un rien l\xe2\x80\x99anime, un rien la mine, un rien l\xe2\x80\x99emm\xc3\xa8ne... \xc2\xbb\nRaymond Queneau https://t.co/un\xe2\x80\xa6'"
931480372625494016,2017-11-17 11:13:21,"b""Tim Berners-Lee on the future of the web: 'The system is failing' https://t.co/JSieDTQ61h"""
931404399410339840,2017-11-17 06:11:28,b'RT @Gjpvernant: Manifestation \xc3\xa0 Londres pour installer un imp\xc3\xb4t sur la fortune qui permette de financer une \xc3\xa9ducation libre et gratuite pou\xe2\x80\xa6'
931145954190942208,2017-11-16 13:04:29,b'RT @Botanygeek: TWITTER: \xe2\x80\x98Never trust scientists that rely on govt!\xe2\x80\x99\n\nALSO TWITTER: \xe2\x80\x98Never trust science paid for by corporations!\xe2\x80\x99\n\nSo tha\xe2\x80\xa6'
930897005743878151,2017-11-15 20:35:16,b'RT @mart1oeil: \xc3\x87a. Ne. Veut. Rien. Dire. https://t.co/IyelsnoRQA'
930418845315162112,2017-11-14 12:55:13,b'IBM pitched its Watson supercomputer as a revolution in cancer care. It\xe2\x80\x99s nowhere close https://t.co/uYVGp0PzbO via @statnews'
930413529601073152,2017-11-14 12:34:06,b'Avec quelles donn\xc3\xa9es ? #ForumIA https://t.co/QHI01stwic'
929808710460944384,2017-11-12 20:30:46,b'Facebook\xe2\x80\x99s idiotic solution to revenge porn https://t.co/cHmwrftxt6 via @outline'
929808176882638850,2017-11-12 20:28:39,"b""How Facebook Figures Out Everyone You've Ever Met https://t.co/gUu1A20GaJ via @gizmodo"""
929447602726342656,2017-11-11 20:35:51,"b""RT @erwancario: \xc3\x87a y est, j'ai enfin boucl\xc3\xa9 mon Bullshit Bingo sur l'intelligence artificielle. Il devrait fonctionner pour pas mal d'artic\xe2\x80\xa6"""
927844749247213568,2017-11-07 10:26:41,"b'RT @Jessyfer_Goguet: ""F\xc3\xa9ministes lisant 2 687 messages de trous-du-cul en r\xc3\xa9ponse \xc3\xa0 un tweet qui disait juste ""Les femmes sont des \xc3\xaates hum\xe2\x80\xa6'"
927764389675126784,2017-11-07 05:07:22,b'RT @Uneheuredepeine: Affligeant : une justification des \xc2\xab\xc2\xa0raccourcis journalistiques\xc2\xa0\xc2\xbb comme bouclier contre la critique. Ces gens ont une\xe2\x80\xa6'
927506770322272256,2017-11-06 12:03:40,"b""RT @SciTania: Ou l'on d\xc3\xa9couvre que l'emploi d'un seul mot en t\xc3\xaate de manuscrit suffit \xc3\xa0 \xc3\xaatre sp\xc3\xa9cialiste.\n\n(Cherchez l'erreur. Et la condes\xe2\x80\xa6"""
927431289984122882,2017-11-06 07:03:45,b'@mart1oeil @franceinter Et du coup la r\xc3\xa9ussite d\xe2\x80\x99une formation se mesure au nombre d\xe2\x80\x99entreprises cr\xc3\xa9\xc3\xa9es (150 apparemment)'
927426198187200513,2017-11-06 06:43:31,"b""RT @Vannier75: La pub ins\xc3\xa9r\xc3\xa9e au beau milieu de l'article du @lemonde_pol sur les #ParadisePapers. Nous allons laisser faire cela encore co\xe2\x80\xa6"""
927174000727547909,2017-11-05 14:01:22,b'L\xe2\x80\x99art de la m\xc3\xa9moire : de la technique mn\xc3\xa9monique \xc3\xa0 la cr\xc3\xa9ation du fantastique ? https://t.co/OyMwJSeGVO'
927172049944104960,2017-11-05 13:53:37,b'Evgeny Morozov et le \xc2\xab domaine public \xc2\xbb des donn\xc3\xa9es personnelles https://t.co/nnd7rnVar2'
927171520333516801,2017-11-05 13:51:31,"b""Quand mes proches s'\xc3\xa9tonnent que je sois toujours en doctorat https://t.co/CUminWjySh via @cielmondoctorat #phd"""
927099836574429184,2017-11-05 09:06:40,"b'RT @TheNewMeat: People who say ""Hitler was a socialist cuz his party included the word socialist"" must be incredibly confused that the titm\xe2\x80\xa6'"
927098779458785280,2017-11-05 09:02:28,"b""RT @StephenMarche: I learned in Thor: Ragnarok that Bruce Banner has seven PhDs. No wonder he's so angry all the time. cc @AcademicsSay"""
926381894115254272,2017-11-03 09:33:49,"b""RT @AValentin11: C'est un peu long, mais fallait que \xc3\xa7a sorte. :-)\nLe (faible) niveau des \xc3\xa9tudiants https://t.co/Sz5aZ48PPF"""
926376385626673152,2017-11-03 09:11:56,"b'Apr\xc3\xa8s Google Glass, Spectacles de Snapchat ne serait pas en bonne voie non plus https://t.co/stsWLYRAe9 via @slate'"
926375603107975168,2017-11-03 09:08:49,"b'As Facebook Grapples With Election Crisis, Its Employees Try To Come To Terms https://t.co/CypIeLI671 via @cwarzel'"
926373627901202433,2017-11-03 09:00:58,b'How the judge on Oracle v. Google taught himself to code https://t.co/UlNJyjCQJc via @Verge'
926372936168235009,2017-11-03 08:58:13,"b'En lien le travail de Horea Bad\xc4\x83u sur ""le passage de l\xe2\x80\x99alphabet \xc3\xa9crit \xc3\xa0 l\xe2\x80\x99alphabet oral sur les r\xc3\xa9seaux sociaux"" https://t.co/2BHBYZKMMW'"
926372427558420480,2017-11-03 08:56:12,"b'"" from a typographic culture to a photographic one, which in turn meant a shift from rationality to emotions"" https://t.co/oqFV3VPDDT'"
926367909626241024,2017-11-03 08:38:15,b'\xe2\x80\x9cInvisible Manipulation:\xe2\x80\x9d by @privacyint https://t.co/DDTXIBAZPG'
926189419794698241,2017-11-02 20:49:00,b'Rone - Bye Bye Macadam (Official Video) https://t.co/vwI6iXT6di'
