id,created_at,text
968907613722169345,2018-02-28 17:55:51,b'RT @rarediseaseday: NEW! The official Rare Disease Day 2018 video is out now! Take a look and be inspired by rare disease patients and rese\xe2\x80\xa6'
968360735414865922,2018-02-27 05:42:45,b'RT @PHDcomics: This is how you do it https://t.co/ZGFGZZUMyc https://t.co/v8f5ecL7vo'
967930363040313344,2018-02-26 01:12:36,"b'RT @_Astro_Nerd_: ""Young stars flaring to life"" a giant cluster of about 3,000 stars called Westerlund 2, located at a raucous stellar bree\xe2\x80\xa6'"
967456743071522816,2018-02-24 17:50:36,"b'RT @neiltyson: A subject is scientifically controversial when actively debated by legions of scientists, not when actively debated by the p\xe2\x80\xa6'"
966896365685981184,2018-02-23 04:43:52,b'RT @thelonglab: @realscientists  https://t.co/DJSESqCWh7'
964304592266674176,2018-02-16 01:05:05,b'@nature @_christysmith'
963892803246858240,2018-02-14 21:48:47,"b'RT @neiltyson: Just an FYI: The proper word for someone from Venus, -- the planet of love, beauty, and its consequences \xe2\x80\x94  is \xe2\x80\x9cVenereal.\xe2\x80\x9d B\xe2\x80\xa6'"
963674984748146688,2018-02-14 07:23:15,b'RT @KellerCaponePhD: Some tracks are red\nSome tracks are blue\nATAC-seq marks promoters\nand enhancers too!\n#ScienceValentines #openchromatin\xe2\x80\xa6'
963234271451234304,2018-02-13 02:12:00,"b'RT @JSheltzer: Two years after publishing Origin of Species, Darwin wrote that he was ""very stupid"" and ""hate[s] everybody and everything.""\xe2\x80\xa6'"
962076796010217472,2018-02-09 21:32:37,"b""RT @NatureMedicine: In this month's editorial, we discuss #personalizedmedicine for heart disease. With emerging insight into disease mecha\xe2\x80\xa6"""
961809148324200448,2018-02-09 03:49:05,"b'RT @USTARGenetics: Hand-held DNA sequencer closes gaps in human genome, challenges industry leader https://t.co/5WkNTizsdx via @statnews'"
961725068475641856,2018-02-08 22:14:58,b'@ClementYChow Woo hoo! Thanks for the signal boost \xf0\x9f\x91\x8d\xf0\x9f\x8f\xbc'
