id,created_at,text
970654605347614720,2018-03-05 13:37:46,b'Can we use predictive coding to improve human-robot interaction for rehabilitation (aka make prosthetic devices mor\xe2\x80\xa6 https://t.co/ihsssAuuOH'
970654119643041793,2018-03-05 13:35:50,b'How can #Bayesian statistics (aka fancy math) improve #rehabiliation? Excited to discuss some potential experiments in seminar this morning!'
970324582992367616,2018-03-04 15:46:23,b'The power of stories in communicating science and math! https://t.co/qk5juLlI7A'
970324274199388163,2018-03-04 15:45:09,"b'To all of my @UMich pals, this conference is definitely worth checking out!! #ComSciCon #SciComm https://t.co/BnIPyUhftR'"
970323928156602368,2018-03-04 15:43:46,"b'RT @BeyondProf: Networking can be broad. According to @FromPhDtoLife, any activity that puts you &amp; your ideas in conversation with others i\xe2\x80\xa6'"
970101769123651584,2018-03-04 01:01:00,"b'RT @hankgreen: Watching an @okaytobesmart video and Orin stares right into Joe Hanson\'s eyes and says ""Dada.""'"
970090682953199616,2018-03-04 00:16:56,b'RT @niru_m: Check out our poster tonight at #cosyne18 (III-8). We show that deep networks trained to reproduce retinal responses to natural\xe2\x80\xa6'
970089757639364609,2018-03-04 00:13:16,b'RT @PhDStudents: Defending your #thesis can be an intensely nerve-wracking experience. How can you best #prepare to face your examiners? @j\xe2\x80\xa6'
970087059867295744,2018-03-04 00:02:33,b'RT @phd_fashionista: 30 Things to Do Before 30 for Scientists https://t.co/BRgXUwaqOc on @bloglovin'
970045378103070720,2018-03-03 21:16:55,b'RT @ajc: Shaquem Griffin bench presses 20 reps using prosthetic arm https://t.co/twdfLGtsBd https://t.co/MnDAeptGMh'
970039786282127360,2018-03-03 20:54:42,"b'Movement is foundational to thought.\n\n""Complex reflexes, expanding neural hierarchies, and basic motor programs all\xe2\x80\xa6 https://t.co/7UhsQVyaht'"
970036071454183432,2018-03-03 20:39:56,b'A perfect day for reading an interesting book! #consciousness #popsci @mitpress https://t.co/3u47EJfHql'
969954319662505984,2018-03-03 15:15:05,"b'RT @mgmakai: Insight from Day 2 of #comsciconATL : ""Hope lies where we can counter stories with other stories."" Thank you @DrJoeHanson for\xe2\x80\xa6'"
969954279170740224,2018-03-03 15:14:55,b'RT @water_REP: To all my @ComSciConATL peepz: what a ride. Thanks so much for all you gave. I have so much to think and learn and grow. I c\xe2\x80\xa6'
969692351953297408,2018-03-02 21:54:07,"b""@mikamckinnon @scicurious SO RELEVANT. \n\n@DrPlattLab mentioned this concept at @ComSciConATL: You don't have to sac\xe2\x80\xa6 https://t.co/LIMEel6wHp"""
969687386765627392,2018-03-02 21:34:23,b'RT @j_lanier: Graduate Students Host Science Communication Conference #comsciconATL\nhttps://t.co/gTsFCvHlfb'
969660960674926593,2018-03-02 19:49:23,"b""RT @ComSciConATL: If you bring 55 books into a room full nerds, you're gonna find yourself in the d-d-d-d-anger zone #comsciconatl https://\xe2\x80\xa6"""
969660536525918210,2018-03-02 19:47:41,b'So many potential collaborations at @ComSciConATL! https://t.co/HHN5HwD7Fs'
969644858875969537,2018-03-02 18:45:24,"b'@HealthTwisty ""I think everyone appreciates simple."" #ComSciConATL #SciComm'"
969638394077868032,2018-03-02 18:19:42,b'We influence the world in two ways: movement and sweating! #sweatyrationalizers #comsciconatl  #scicomm https://t.co/ebxOjBC57v'
969631342710476800,2018-03-02 17:51:41,"b'Learning about math, donuts, and the universe from @j_lanier! #comsciconatl #scicomm'"
969607929765777414,2018-03-02 16:18:39,"b'@DrJoeHanson on a mantis preying on a hummingbird. ""This is the most \'nature is metal thing\' I\'ve ever seen.""\xe2\x80\xa6 https://t.co/pRdZ8QUetq'"
969607190964264961,2018-03-02 16:15:43,"b'RT @ComSciConATL: ""Pseudocopulation: one of my favorite words to just randomly throw in at a cocktail party"" @drjoehanson'"
969607164942848000,2018-03-02 16:15:37,"b""RT @8leggedyogi: Listening to our keynote speaker, Joe Hanson, and it wouldn't be a #scicomm conference without some readings from the book\xe2\x80\xa6"""
969603087462817794,2018-03-02 15:59:25,"b'@DrJoeHanson ""An audience comes with a responsibility. The bigger the audience, the bigger the responsibility."" @ComSciConATL #comsciconatl'"
969601053779005440,2018-03-02 15:51:20,"b'RT @ComSciConATL: #comsciconATLpanel3\n""To get tenure, I had to publish in scientific journals. As an academic, I didn\xe2\x80\x99t know where to place\xe2\x80\xa6'"
969600997734707201,2018-03-02 15:51:06,b'Excited to hear the #ComSciConATL keynote from @DrJoeHanson! https://t.co/okuKHHbd3i'
969592073333637120,2018-03-02 15:15:39,"b'How do we bridge gaps between science and the arts and humanities, and how do we communicate that these disciplines\xe2\x80\xa6 https://t.co/n9eqmjtvtY'"
969580408831700992,2018-03-02 14:29:18,"b'@deboleena_roy ""Moving forward with humility opens up connections in the sciences."" On interdisciplinary collaboration at #ComSciConATL'"
969434218106359808,2018-03-02 04:48:23,"b""Humans aren't sponges that sit still and take in all information as it comes, we move around and choose what we pay\xe2\x80\xa6 https://t.co/7pYt838ZxL"""
969432685356748800,2018-03-02 04:42:18,b'RT @anne_churchland: Excited to have secured funding for a theoretical postdoc to team up for a joint project w/ me+theorist Dr. Tatiana En\xe2\x80\xa6'
969425222792343552,2018-03-02 04:12:38,"b'RT @almost_dr_mast: \xe2\x80\x9cWherever you go, there you are. Wherever you go, you\xe2\x80\x99re a scientist\xe2\x80\x9d @DrPlattLab #comsciconATL'"
969424073347469313,2018-03-02 04:08:04,"b'Exactly what I\'m learning from #ComSciConATL! ""Wow, I\'m so excited for you to know about this!""\n\nLet\'s get the publ\xe2\x80\xa6 https://t.co/k29Z3WlmDx'"
969421989520830464,2018-03-02 03:59:47,"b'Turns out, a lot of really awesome scientists are really awesome poets. From Charles Sherrington, to young scientis\xe2\x80\xa6 https://t.co/MniyUC4ovs'"
969336088039968769,2018-03-01 22:18:27,"b'Moving the body through improv exercises increases mindfulness and attention!? If you see me talking to myself, tha\xe2\x80\xa6 https://t.co/Fb4VbrxXOL'"
969298843358593027,2018-03-01 19:50:27,"b'RT @water_REP: ""Science exists because of writing."" -- Sheila Tefft. If you are a scientist, you are a writer. #comsciconatl'"
969298826577240065,2018-03-01 19:50:23,"b""RT @E_Bizzell: @DrPlattLab - numbers alone won't fix the lack of diversity in science. Need inclusive spaces and environments #comsciconATL"""
969298803256852480,2018-03-01 19:50:18,b'RT @E_Bizzell: @coralsncaves - Science communication not a luxury but an absolute necessity for functional society #ComSciConATL'
969298765269127168,2018-03-01 19:50:08,b'RT @E_Bizzell: @coralsncaves- Defending and advocating for science is not political speech   #ComSciConATL'
969298112668987392,2018-03-01 19:47:33,b'@ComSciConATL inspiring me to get a Twitter! Excited to engage with the scientific community and the public! #ComSciConATL'
