id,created_at,text
970058225549791236,2018-03-03 22:07:58,b'RT @nursingclio: The #MeToo movement has revolutionized public thinking on sexual assault and harassment by exposing how deeply embedded mi\xe2\x80\xa6'
969708878182133760,2018-03-02 22:59:47,"b'RT @HistoryJobs: Posted Today: Visiting Assistant Professor and Assistant Editor, Journal of American History | Indiana University https://\xe2\x80\xa6'"
969211222380990464,2018-03-01 14:02:17,b'RT @AAIHS: #Job Opening: Postdoctoral #Fellowship in #Race and History - @RutgersU https://t.co/f8DajglqYs #HigherEd #History https://t.co/\xe2\x80\xa6'
969023926176231424,2018-03-01 01:38:02,"b""@jjponcevazquez Sadly, no - the program looks fantastic but I've been a little overbooked on conferences this semes\xe2\x80\xa6 https://t.co/K0WWWFXSIr"""
968968064942428162,2018-02-28 21:56:03,"b""RT @OIEAHC: Don't forget to download this week's FREE bonus audio and content on the OI Reader App! https://t.co/bXrZgBAEmo"""
968926353130172419,2018-02-28 19:10:19,"b'RT @NEHgov: The Slave Societies Digital Archive @VanderbiltU is digitizing fragile 16th-19th-century records from churches in Cuba, Brazil,\xe2\x80\xa6'"
967291512420626432,2018-02-24 06:54:02,b'Day one of FEEGI in Hawaii has been fantastic - such a great group of scholars and discussion. https://t.co/yO92aDKZCS'
966388089575956481,2018-02-21 19:04:09,"b'RT @JuliaGaffield: Job Posting: The History Department at Georgia State University invites apps for 3 Lecturers (full time, non-TT) in Worl\xe2\x80\xa6'"
966359004711669760,2018-02-21 17:08:35,"b'I saw the movie last night and was blown away. This is a fantastic discussion: but, spoiler alerts! https://t.co/MMujW1GiOH'"
964957275319357440,2018-02-17 20:18:37,"b'@lmansley Yes!!!! Ah, one less thing to write now! ;-)'"
964943444375425025,2018-02-17 19:23:39,b'Perfect! https://t.co/kowqrGAkNr'
964183379322253312,2018-02-15 17:03:25,"b""I can attest to how awesome of an opportunity this is! It's always a great conversation and very engaged group of s\xe2\x80\xa6 https://t.co/1zChNMhjbw"""
963895500176060418,2018-02-14 21:59:30,b'Really looking forward to this book! https://t.co/lubJ5WSn7I'
963781403187073025,2018-02-14 14:26:07,b'RT @TheJERPano: In the spirit of # VastEarlyAmerica #Galentines \xe2\x99\xa5\xef\xb8\x8fWho are you following for #FollowWomenWednesday ? @womnknowhistory @mcnei\xe2\x80\xa6'
963024363141390336,2018-02-12 12:17:54,"b'RT @OIEAHC: Was it still smuggling if everyone was doing it? Ask Wim Klooster, Christian Koot, and Fabricio Prado as they join host @lizcov\xe2\x80\xa6'"
961977182498287617,2018-02-09 14:56:47,b'Fantastic opportunity here! https://t.co/CvuttoTNuh'
961976946635796480,2018-02-09 14:55:51,b'RT @GD_Smithers: The Cherokee Diaspora @yalepress is now in paperback! https://t.co/dsxIsxCHMG'
961696538127986688,2018-02-08 20:21:36,"b'RT @clairejowitt: Proposals warmly welcomed for NEW Amsterdam University Press series Maritime Humanities, 1400\xe2\x80\x931800: Cultures of the Sea\xe2\x80\xa6'"
961681591469830144,2018-02-08 19:22:13,b'RT @NewberryLibrary: Care to #ColorOurCollections? Download our free coloring book here: https://t.co/DxnNACk5Nt https://t.co/2Q6o4yswOp'
960598873260556288,2018-02-05 19:39:53,b'RT @Metafrantic: When libraries troll their patrons. https://t.co/Hn8a96f8je'
960563409879224321,2018-02-05 17:18:57,"b'RT @OIEAHC: 4th annual VCEA meeting @urichmond was a huge success for grad students, professors, historians all over the Commonwealth! Than\xe2\x80\xa6'"
956631583473242113,2018-01-25 20:55:17,b'@CarolynArenaPhD That was a fantastic moment.'
956215178340814848,2018-01-24 17:20:38,b'Read about the OI colloquium series from my talented colleagues! https://t.co/UvNUqfzVKM'
955807123576942592,2018-01-23 14:19:10,b'RT @OIEAHC: From the Archive: Learn about 2017-2019 OI-@NEHgov fellow Carolyn Arena and her work on the indigenous Caribbean. https://t.co/\xe2\x80\xa6'
955802820283895810,2018-01-23 14:02:04,"b'Guest Post: Review of Farrelly, &lt;i&gt;Anti-Catholicism in America, 1620-1860&lt;/i&gt; https://t.co/ZEyjDKjOFO via @thejuntoblog'"
951833811515473921,2018-01-12 15:10:39,b'RT @Soccerpolitics: THIS. Perfectly put. Shoud be basic knowledge. https://t.co/S5QRzrmdKv'
951104115312091141,2018-01-10 14:51:06,b'RT @lizcovart: #HistoryJobs #Twitterstorians https://t.co/vIxIwL9CB0'
950835862182428672,2018-01-09 21:05:09,"b'RT @OIEAHC: Thanks for all the congratulatory tweets, texts, and more on our good news. ICYMI: CATHY KELLY is our new Editor of Books! http\xe2\x80\xa6'"
950733633408598016,2018-01-09 14:18:56,b'Due January 15th! https://t.co/6JTXbLbiY9'
950368712892272640,2018-01-08 14:08:52,"b'New CFP that looks fantastic! CFP: Making a Republic Imperial, 28-30 March 2019 https://t.co/i4KKd6F5AL'"
948924024050143232,2018-01-04 14:28:12,"b'RT @processhistory: ""Law, in other words, is not determinate, and Indian law is especially malleable."" Gregory Ablavsky discusses federal I\xe2\x80\xa6'"
948202151486066688,2018-01-02 14:39:44,b'All the more reason to go to London! https://t.co/j6TcuNFJ7o'
947187072888135681,2017-12-30 19:26:10,b'RT @ccjones13: Hey #AmRelHist #twitterstorians: @mdpmulligan is looking for panelists for the Mid Atlantic Conference of British Studies. I\xe2\x80\xa6'
947158741593583617,2017-12-30 17:33:36,"b""Rocky Mountain Council for Latin American Studies CFP due January 15th! Who doesn't want to go to Reno in the sprin\xe2\x80\xa6 https://t.co/CVpLpUSYAU"""
943203950358138880,2017-12-19 19:38:40,b'@brettrushforth @gogogomalley @ElenaSchneid This is wonderful and a fantastic reply! I study #history to dive into\xe2\x80\xa6 https://t.co/99eTJiAgmm'
936611827798216704,2017-12-01 15:03:55,"b""More inspiration to be had at the Junto today! Check out Michael Hattem's reflections on the origins of his researc\xe2\x80\xa6 https://t.co/9dJevMDgWD"""
935860653646143489,2017-11-29 13:19:01,"b""Feeling haunted by sources? Read Lindsay O'Neill\xe2\x80\x8b's discussion of the African princes that inspired her second book\xe2\x80\xa6 https://t.co/5JcNmZNUdm"""
935497750954823681,2017-11-28 13:16:59,"b""Day two of our Inspiration Roundtable at the Junto! Check out Rachel Hermann's post about the primary sources we lo\xe2\x80\xa6 https://t.co/waZcgV6pVW"""
935146520470581248,2017-11-27 14:01:19,"b'Join us at the Junto this week for what inspires us! Inspiration Roundtable: Guest Post by Whitney Barlow Robles, ""\xe2\x80\xa6 https://t.co/5F5Rgb8Hx9'"
880138228786790400,2017-06-28 18:58:00,"b'Guest Post: Review of Bassi, &lt;i&gt;An Aqueous Territory&lt;/i&gt; https://t.co/l3NS2OfVlc via @thejuntoblog'"
880138194343280644,2017-06-28 18:57:52,"b'Q&amp;A: Ernesto Bassi, author of &lt;i&gt;An Aqueous Territory&lt;/i&gt; https://t.co/uf2iVbVmyP via @thejuntoblog'"
867463057475342336,2017-05-24 19:31:24,"b'RT @jmadelman: This summer @thejuntoblog will highlight #WhereHistoriansWork in #VastEarlyAmerica, edited by @kathryn_lasdow. https://t.co/\xe2\x80\xa6'"
857208414597992453,2017-04-26 12:23:06,"b'""Meditations on Archival Fragments"": Review of Dispossessed Lives https://t.co/CN5NeAbF03 via @thejuntoblog'"
834008109244874752,2017-02-21 11:53:23,b'Join the digital identity conversation! https://t.co/8wsX0lqIcc via @thejuntoblog'
833870129062617089,2017-02-21 02:45:05,b'Dr. James Hill shares exciting research! https://t.co/eimY8q0oer via @wordpressdotcom'
823520874703765505,2017-01-23 13:20:51,"b'Guest Post: Janine Yorimoto Boldt, ""Looking at Early American (Art) History"" https://t.co/AI40FaqBGk via @thejuntoblog'"
818860128137084933,2017-01-10 16:40:42,b'A review today and an interview tomorrow! Stay tuned! https://t.co/PWsToO9hF4 via @thejuntoblog'
797178062223896578,2016-11-11 20:43:55,"b'RT @ccjones13: These are all over my neighborhood in suburban Salt Lake. I had nothing to do with the flyers, but I fully endorse them. htt\xe2\x80\xa6'"
792015974190944256,2016-10-28 14:51:37,"b'This is powerful stuff and worth the read. Academia, Love Me Back https://t.co/6t8lD2vpID via @wordpressdotcom'"
788338735779876865,2016-10-18 11:19:35,"b""Second installment of the Junto's Slavery's Capitalism roundtable! The Global and the Hemispheric https://t.co/FzJPdTE5sT via @thejuntoblog"""
661915974178889728,2015-11-04 14:40:40,b'@newyorkhistory https://t.co/P2hyZwkX4u'
659758778577874944,2015-10-29 15:48:45,"b""A great blog post about an excellent conference written by two of my favorite colleagues. Can't get better! https://t.co/pwfhwt9I0w"""
654261518645755904,2015-10-14 11:44:36,b'Reviewed a book on pirates = academic success! Pirates and Governors http://t.co/WM0XfkR794'
644828849251983360,2015-09-18 11:02:32,b'Guest Post: Remembering Ethan Schmidt: http://t.co/BtlqGLkJ3c via @thejuntoblog'
641613556807548928,2015-09-09 14:06:07,"b""Great response to criticisms of the W&amp;M Quarterly's expansive idea of early America. http://t.co/g2cMzuTzlH via @thejuntoblog"""
641277024334692352,2015-09-08 15:48:51,b'Guest Post: MEAD: The Magazine of Early American Datasets: http://t.co/wLsaBlC5Qg via @thejuntoblog'
634085153141301249,2015-08-19 19:30:55,b'Get your autumn reads here!: http://t.co/PNFOP7SMJw via @thejuntoblog'
629300876730101760,2015-08-06 14:39:55,"b'Are Your People Getting Mad?: http://t.co/acEsrQLT1g via @thejuntoblog\nPolitics and madness, a great read!'"
628989836939128832,2015-08-05 18:03:57,b'Thanks for including me on such an impressive list of scholars! #FollowWomenWednesday'
628574137523507204,2015-08-04 14:32:07,b'Student evaluations of teaching are probably biased. Does it matter? http://t.co/436biMNdQw'
623822397205016578,2015-07-22 11:50:24,"b'An interview with Gil Kelly, gent. Share your favorite Gil memories! http://t.co/F3bXgJRQas via @thejuntoblog'"
595208248468361216,2015-05-04 12:47:59,b'@thejuntoblog Thanks!'
590869176266465282,2015-04-22 13:26:04,"b'Guest Post: Disaster, Death, and Distilleries: http://t.co/QiXgDYlgUK via @thejuntoblog'"
583733008399736832,2015-04-02 20:49:29,b'When Sources Talk Back: http://t.co/zY1VPOQROt via @thejuntoblog'
564800945327210496,2015-02-09 15:00:13,"b'Murder!: Entangled History, String Theory, and Narrative: http://t.co/pal5kDhc3J via @thejuntoblog'"
560111471984918529,2015-01-27 16:25:55,"b'Dunn roundtable continues!\nArchives, Representativeness, and the Inner Life of Slaves: http://t.co/PooCZ29pui via @thejuntoblog'"
559726577551151105,2015-01-26 14:56:29,"b'Roundtable Review: Richard S. Dunn, A Tale of Two Plantations (Introduction): http://t.co/2BohljP3n4 via @thejuntoblog'"
539755601245372417,2014-12-02 12:18:58,b'The Value of Storytelling: Recap: http://t.co/LKVfloLirA via @thejuntoblog'
536533347246149632,2014-11-23 14:54:52,b'The Week in Early American History: http://t.co/YJPNJ1NLD1 via @thejuntoblog'
535083741882765312,2014-11-19 14:54:40,b'Think different about tech in class\nSkype in the Classroom: Applications for the History Classroom: http://t.co/vmZ77chTra via @thejuntoblog'
529717138521468928,2014-11-04 19:29:42,"b""Roundtable: Empire/State: http://t.co/hR9fk8ugCv via @thejuntoblog\nSmart analysis of Alfred F. Young's legacy by a fellow Juntotist!"""
