id,created_at,text
968920538948292608,2018-02-28 18:47:12,b'RT @Cyclogenesis_au: Doing an informal poll. Are you a member of @ametsoc or @theAGU or involved in the Earth and Atmospheric Sciences (EAS\xe2\x80\xa6'
910556430796812290,2017-09-20 17:29:05,"b'RT @simon_rp84: #MariaHurricane seen by the Sentinel-2 satellite on 19th Sept.\nLook at that detail, you can even see ocean waves in the eye\xe2\x80\xa6'"
729828486777540609,2016-05-10 00:20:45,b'@theweathermanda @wxmeddler @VORTEXJeff Hahaha well at least my most recent reunion with DOW6 was uneventful...'
606237815425265664,2015-06-03 23:15:33,b'@theweathermanda Suppose something good came out of that then :)'
