id,created_at,text
969422941770301440,2018-03-02 04:03:34,"b""RT @WurmLab: So you've got the perfect research job. Congratulations! But how do you keep up with all that reading? This is what we do. htt\xe2\x80\xa6"""
969180689936523266,2018-03-01 12:00:57,b'RT @AxelVisel: Interested in limb enhancers?  New resource from our lab: https://t.co/nCWqzeBsSL Paper: https://t.co/J1kGXAgqnP https://t.c\xe2\x80\xa6'
969179924786380800,2018-03-01 11:57:55,"b'RT @albertcardona: The ~1,600 neurons of one hemisphere of the #Drosophila larval brain, reconstructed from electron microscopy by the hand\xe2\x80\xa6'"
968733929674018817,2018-02-28 06:25:41,b'RT @StemCellsAus: @StemCellsAus Frontiers of Medicine: Through understanding the cellular reprogramming process A/Prof Jose Polo @ARMI_Labs\xe2\x80\xa6'
968111042914996224,2018-02-26 13:10:33,b'@DanniNDR @ARMI_Monash Very cool pic!'
968063922786848768,2018-02-26 10:03:19,b'RT @JedMSP: This comment got me thinking how absolutely bonkers DNA replication is when you try to explain it with any sort of metaphor.\n\nA\xe2\x80\xa6'
968061726703800320,2018-02-26 09:54:36,b'RT @ARMI_Labs: Our Director of Research @petecurr spoke with @abcbrisbane about the humble #Axolotl - the champion of #regeneration and how\xe2\x80\xa6'
967572310227009536,2018-02-25 01:29:50,b'This is awesome! #DataScience #dataviz \nMore graphs ---&gt; https://t.co/IiGa6vDUJF https://t.co/HCyDzDm4dr'
967562981587304449,2018-02-25 00:52:45,b'What people think programming is vs. how it actually is #datascience @rstudiotips \n\nhttps://t.co/BktnBn6dcJ'
966612428560609281,2018-02-22 09:55:36,b'RT @tcarpenter216: Moved advanced stats class to be R focused (instead of SPSS). Realizing I have to go slower but that\xe2\x80\x99s because students\xe2\x80\xa6'
966256984281440256,2018-02-21 10:23:11,"b'Stay up-to-date! https://t.co/uNhLBledl0  Scientists reviewing, highlighting and commenting on #preprints they feel\xe2\x80\xa6 https://t.co/BdbylAh8UI'"
966251029435105280,2018-02-21 09:59:32,"b""Can't stop re-watching this! Again aaaaand again! #devbio https://t.co/y7GfDaWn53"""
964024285634347008,2018-02-15 06:31:15,b'Comparison of 5C data from ESCs and NPCs revealed no evidence for a gain of specific interactions in NPCs that migh\xe2\x80\xa6 https://t.co/KCZMs9MAf2'
964024102821404672,2018-02-15 06:30:31,b'Take-Home Message: Not all Enhancer-Promoter interaction are revealed by 3C-techniques. @wendy_bickmore finds long-\xe2\x80\xa6 https://t.co/Ogj5NRQFOV'
963928683772657664,2018-02-15 00:11:21,b'The #science way: Which countries REALLY win the #Olympics?\nCalculate the odds for a country winning its amount of\xe2\x80\xa6 https://t.co/e229v4Onmb'
963357007322365952,2018-02-13 10:19:43,b'RT @CVandestadt: Curiousity driven science led to the technology of crispr genome editing  #ConverSciCRISPR https://t.co/jA0VEYbyYG'
963296555053690880,2018-02-13 06:19:30,"b""See you @ConverSci folks. With #CRISPR giants @UCBerkeley's Jennifer Doudna &amp; bio-pioneer  @kesvelt from MIT. Hasht\xe2\x80\xa6 https://t.co/GIBypZpP4a"""
962654204320862209,2018-02-11 11:47:02,"b'RT @Poppi62: Thanks for the kind words. Please, have a look at the wider initiative behind this piece: https://t.co/g02QfJovnT https://t.co\xe2\x80\xa6'"
962515828569645056,2018-02-11 02:37:10,b'RT @BioProtean: Boss looking straight at me: \xe2\x80\x9cWe could probably get it in a better journal if somebody experienced quickly made and charact\xe2\x80\xa6'
962501067924623362,2018-02-11 01:38:31,b'Ever struggle to explain #devbio to your family &amp; friends?? Just send them this! @Poppi62 wrote a beautiful piece e\xe2\x80\xa6 https://t.co/kig09NXaQb'
961948903716274177,2018-02-09 13:04:25,b'It should and does not matter who gave birth to a child #parentalleave https://t.co/JHxCWkHIIy'
961871369234362368,2018-02-09 07:56:19,b'RT @petecurr: Excited to see our small contribution to this fantastic paper now in press. https://t.co/XlyRclFcx6'
961714723510087680,2018-02-08 21:33:52,b'Superbugs! https://t.co/9Zp0iy9GbN'
961538194964492288,2018-02-08 09:52:24,"b'RT @DORAssessment: Have you seen @DORAssessment\xe2\x80\x99s new website? Hint: you can still sign the declaration! https://t.co/9o7xKPwtiC\n #science,\xe2\x80\xa6'"
961538091331678208,2018-02-08 09:52:00,b'@DORAssessment ARMI represent! Time to sign &amp; shine @HozanaCastillo @CVandestadt @SamKeenan37 @harrietm11 @DanniNDR'
961428270838267904,2018-02-08 02:35:36,"b""Journal-based metrics are a corrupting incentive in peer review says Erin O'Shea at #BioPeerReview https://t.co/m6GznuBItO"""
961341820864159744,2018-02-07 20:52:05,b'RT @jack_fergie: The naming of lab racks is getting out of hand and there\xe2\x80\x99s still more to name. Suggestions please. #phdlife #phdchat https\xe2\x80\xa6'
961173208819879936,2018-02-07 09:42:05,b'Help your #dataviz - prevent p-value parroting. By @joachimgoedhart @the_Node\nhttps://t.co/WjLgedy0OJ https://t.co/2eGDWO0CQY'
961122928615219200,2018-02-07 06:22:17,"b""RT @ConverSci: Thanks, Gabriel!  We'll publish the results Monday am on our website and tweet when it's up."""
961118915047849984,2018-02-07 06:06:20,b'Your best bet to get an autograph of a potential #NobelPrize laureate! https://t.co/829X1w9zKY'
961116942558998529,2018-02-07 05:58:30,b'@ConverSci Done! Looking forward to the talks next week. Will the survey results be shown at the event? #ConverSciCRISPR'
960843376030437379,2018-02-06 11:51:27,b'@StartupShelley @thesocialsci Haha thanks \xf0\x9f\x98\x81 getting locked up in #phdlife now!'
960762282513805312,2018-02-06 06:29:12,b'Just setting up my Twitter. Thanks @thesocialsci for the great workshop! #myfirstTweet #owningmyPhd'
