id,created_at,text
967970965018656769,2018-02-26 03:53:56,b'RT @DaniRabaiotti: Me to my supervisors on my PhD progress: #phdchat https://t.co/DNCKsQUtb2'
967077565285347333,2018-02-23 16:43:53,b'RT @JesseGomezBrain: My new paper on visual cortex development is out: children see the world differently\nhttps://t.co/LQoyaJsxIM'
966004857109807104,2018-02-20 17:41:20,"b'RT @edyong209: This, by @mariuyehara, is excellent https://t.co/svMQSPkXil'"
959667083221979136,2018-02-03 05:57:17,b'@MadisonHughes15 Welcome'
950960089531215874,2018-01-10 05:18:47,"b'@esdalmaijer Yes! I can already tell that\xe2\x80\x99s going to be me next. And I\xe2\x80\x99ve been meaning to read G\xc3\xb6del, Escher, Bach\xe2\x80\xa6 https://t.co/VfCGDJDjMD'"
950528740827611136,2018-01-09 00:44:46,b'\xe2\x80\x9cSome infinities are bigger than other infinities\xe2\x80\x9d https://t.co/eGjsFAwA7b'
950528029708529664,2018-01-09 00:41:56,b'I just learnt Cantor\xe2\x80\x99s Theorem and it totally blew my mind'
933121462709321728,2017-11-21 23:54:27,b'Uh oh looks like someone forgot to update their .gitignore https://t.co/9Nc5cr7XlI'
931311425405968384,2017-11-17 00:02:01,"b'RT @russpoldrack: The House Just Voted to Bankrupt Graduate Students - ""It would make meeting living expenses nearly impossible, barring al\xe2\x80\xa6'"
924085956545613824,2017-10-28 01:30:35,b'RT @NateSilver538: Figuring out *how* to optimize something is mostly a math problem. But figuring out *what* to optimize is mostly not.'
909164818296274944,2017-09-16 21:19:18,b'This is a wild ride https://t.co/o6Cg1OQp4C'
895551805987450880,2017-08-10 07:46:03,b'@micahgallen Thank you'
881664826761596928,2017-07-03 00:04:09,b'Thought-provoking thread https://t.co/JQZM2heoXH'
879417764728848385,2017-06-26 19:15:08,"b""RT @Stikov: Read an interview with Kalanit Grill-Spector, today's plenary speaker #ohbm2017\nhttps://t.co/V3qlsPBn0G"""
878115133888708608,2017-06-23 04:58:57,b'Ooh my mother is going to love this one https://t.co/wkkQ6ljSmI'
878035251607490560,2017-06-22 23:41:31,b'Follow up on this piece https://t.co/DSvezYdgI7 about the Charles Murray/Sam Harris podcast'
878035099266293760,2017-06-22 23:40:55,"b""I'm late on this but this is an excellent/important read: https://t.co/WlO5t1w6ek"""
875536257174061056,2017-06-16 02:11:25,b'Woah https://t.co/zClPxdqv76'
871947297155727360,2017-06-06 04:30:10,b'Our new paper on the effect of unexpected events on working memory is out! (Spoiler: the stop system features) https://t.co/D3nPxhMOMD'
868130104303427584,2017-05-26 15:42:00,"b""Is it just me or does this look like Jabba the Hutt's eye? https://t.co/3MbJB4c6Pl"""
867174581034930176,2017-05-24 00:25:06,b'RT @VinayPrasad82: This is one of the best reflections on science i have read\nH/T @StuartBuck1 \nhttps://t.co/JfN60Iaoi3'
866417897450725376,2017-05-21 22:18:18,b'Congrats to @MadisonHughes15 on hitting 1000 all time points!! So proud \xf0\x9f\x98\x8d\xf0\x9f\x8e\x89 @USASevensRugby @WorldRugby7s @USARugby'
862788745371631616,2017-05-11 21:57:21,b'@MasudHusain @BrainInTheMind @husain_lab Thank you Masud! It was a pleasure to be a part of your lab'
862439385098199040,2017-05-10 22:49:07,b'Excited to see research from my masters with @braininthemind in @husain_lab published! (And loving the pic Sanjay) https://t.co/vFdnAxDMiJ'
853627192953229313,2017-04-16 15:12:37,b'@jmulahh @pattymehls Appreciate it. You too Jordan'
853520178340081664,2017-04-16 08:07:22,b'@jmulahh @pattymehls Misogyny is hilarious'
840097463939694594,2017-03-10 07:10:18,b'Seconded \xf0\x9f\x98\x82 https://t.co/JzUSULOPDY'
839700754440998913,2017-03-09 04:53:55,"b""@brain_apps oh my goodness what breed of cat is that?! He's beautiful!"""
834121890083983360,2017-02-21 19:25:30,"b""Great new postdoc opportunity with @BrainInTheMind at Oxford! https://t.co/jUf2kJMrKl Can attest - he's a fantastic supervisor"""
828024931447296000,2017-02-04 23:38:22,b'RT @scott_tobias: Find someone to look at you the way these guys look at a bill freeing mining companies to dump coal debris in streams. ht\xe2\x80\xa6'
813867560064221184,2016-12-27 22:02:01,"b'Great coverage of the ""Sherlock"" nat neuro paper https://t.co/bvWC5xTRMK'"
806266480870313984,2016-12-06 22:38:03,"b'RT @ptoncompmemlab: Our Sherlock paper is out! Shared experience, shared memories https://t.co/oHlNMJSJ0t  @kanileke @YuanChangLeong @chris\xe2\x80\xa6'"
805884079052754949,2016-12-05 21:18:31,b'@mattlongo Thank you!'
805881541909876736,2016-12-05 21:08:26,b'@brain_apps Thanks Matt!'
805881156436561921,2016-12-05 21:06:54,b'@dfinz clarification: *my first paper'
805836609786478592,2016-12-05 18:09:54,b'New (first!) paper out on holistic face processing in acquired prosopagnosics: https://t.co/hE0PBeJbO5'
800006149693018112,2016-11-19 16:01:44,"b'RT @jpeelle: Great interview with Yael Niv, co-founder of @BiasWatchNeuro https://t.co/fghw3u3SSq'"
798999028474134528,2016-11-16 21:19:47,b'Deen (&amp; Saxe): fMRI in awake infants (!) shows adult like organization of high lvl visual cortex but not category-selective regions #sfn16'
798593043544743938,2016-11-15 18:26:33,"b'RT @esdalmaijer: My #SfN16 poster is tomorrow (Tue 15 Nov), 1-5pm, LLL19. Is encoding into working memory a parallel process? Behaviour, mo\xe2\x80\xa6'"
798426786862419968,2016-11-15 07:25:54,"b'Come check out my poster tomorrow (Tues, Nov 15) afternoon! Effect of surprise on visuospatial working memory. Board MMM16 #sfn16'"
798302573274873856,2016-11-14 23:12:19,b'Wow writing 140 character summaries/interesting points from talks is hard. May need to start cutting out spaces soon. #camelCase #sfn16'
798301508441763840,2016-11-14 23:08:05,b'Stokes:sharper tuning prof for distractor reps despite decr P1 activity-processing distractor more efficiently to discard more easily?#sfn16'
798227490942554112,2016-11-14 18:13:58,"b""Aron: optogenetic stimulation of STN (ChR2) in mice stops licking bouts - using Halo to 'turn off' STN protects fro\xe2\x80\xa6 https://t.co/XXScL8P1BE"""
798219939945455617,2016-11-14 17:43:58,b'Forstmann: post-mortem data so far shows no evidence for subdivisions of STN #sfn16 https://t.co/1RXaUZDQWN'
797529087736545280,2016-11-12 19:58:46,b'RT @husain_lab: .@MasudHusain presenting the work of @BrainInTheMind on how reward (and dopamine) breaks the speed-accuracy tradeoff https:\xe2\x80\xa6'
796859470299004928,2016-11-10 23:37:57,b'RT @NeedhiBhalla: Broken down by income:\nUnder $50K: Clinton +11%\n$50K-100K: Trump +4%\n$100K or more: Trump +1%'
796859458181742594,2016-11-10 23:37:54,"b""RT @NeedhiBhalla: 1) exit poll data doesn't support this \nsee: https://t.co/KrxB2OU0yw\nsee: https://t.co/wGFRoc505y"""
796859449667260416,2016-11-10 23:37:52,"b""RT @NeedhiBhalla: I am not here for discussions of how Democrats can reach out to the white working class so this doesn't happen again"""
796171425711144960,2016-11-09 02:03:54,b'RT @infinite_scream: AAAAAAAAAAAAAAAAAAAAAAAHHHHHHHHHHHH'
796171275030786052,2016-11-09 02:03:18,b'RT @infinite_scream: AAAAAAAAAAAAAAAAAAAAAHH'
786250925471965184,2016-10-12 17:03:23,"b'RT @ResearchDigest: Brain scan study reveals dogs attend to word meaning, not just\xc2\xa0intonation https://t.co/lMmcbYV8Lr https://t.co/CedbTZKe\xe2\x80\xa6'"
780493121939468288,2016-09-26 19:43:55,b'RT @chrisdc77: This is what a (psychological) scientist looks like. Someone who changes their beliefs based on evidence. Hats off. https://\xe2\x80\xa6'
780491468674781184,2016-09-26 19:37:21,"b""RT @petridishes: finally the whole country will watch as a woman stands politely listening to a loud man's bad ideas about the field she sp\xe2\x80\xa6"""
778022492866682880,2016-09-20 00:06:31,b'RT @stewartbrand: I will buckle down to work as soon as I finish reading the Internet.'
765721176324894720,2016-08-17 01:25:29,b'RT @MadisonHughes15: Very proud! Had lots of fun with @dfinz at the @TeamUSA house. https://t.co/BrR48wETqu'
757615221762461696,2016-07-25 16:35:19,b'My two favorite things! \xf0\x9f\x98\x8d https://t.co/RILHyjkgbM'
753757906739273732,2016-07-15 01:07:43,"b""RT @hardsci: On selection bias (aka Berkson's Paradox, aka collider bias) in the Fryer police-shootings study https://t.co/tS08VXw2SW by @u\xe2\x80\xa6"""
753674219704098816,2016-07-14 19:35:11,"b'RT @KenTremendous: ""I\'m solid on hating Mexicans and Muslims, but could be better on hating gays and women.""\n""Mike Pence is available.""\n""Lo\xe2\x80\xa6'"
751576620591230977,2016-07-09 00:40:04,b'If you still need the stats...\nhttps://t.co/3TjpE561tb https://t.co/JCvQhofunT'
748915485396258816,2016-07-01 16:25:40,b'Flip side of being unaware of what influences our choices: having control w/out realizing it https://t.co/U3rgLzDjsn'
746390551780483072,2016-06-24 17:12:29,"b'RT @LouiseJJohnson: Surely, like with the Boaty McBoatface poll, someone can step in to invalidate the decision and declare David Attenboro\xe2\x80\xa6'"
746130246114545665,2016-06-23 23:58:07,"b""Don't worry, Scilly is holding down the fort https://t.co/yZOPqLJKNT"""
745813725978865664,2016-06-23 03:00:23,"b""@justMcDavid True. For all you know it's just an accurate description of an image, marcel and smugness be damned"""
745465266033688577,2016-06-22 03:55:44,b'@justMcDavid Thought you might appreciate this one https://t.co/fylw7Ldphr'
741372950834601984,2016-06-10 20:54:20,"b'RT @Neuro_Skeptic: Using fMRI, researchers can reconstruct which face you have in mind https://t.co/LJ0ieC6dUe https://t.co/Z3JYdzIlbG'"
736248209601744896,2016-05-27 17:30:26,b'@justMcDavid \xf0\x9f\x91\x8f I really enjoy your Twitter presence'
687751553000722433,2016-01-14 21:42:02,b'RT @girlziplocked: \xe2\x80\x9cVC\xe2\x80\x99s who \xe2\x80\x98can\xe2\x80\x99t find\xe2\x80\x99 women entrepreneurs are not good at deal flow &amp; their investors should pull out\xe2\x80\x9d @sarahnadav http\xe2\x80\xa6'
672885383818964992,2015-12-04 21:09:11,b'Maddy did something cool again: https://t.co/OqCf4Fq1ji'
671831205919088641,2015-12-01 23:20:16,"b'RT @mojorojo: Me watching Jessica Jones;\n""WTF ALL CHARACTERS ARE WOMEN, THE MEN ARE EITHER BAD OR EYE CANohh. Okay. Ah. So that\'s what that\xe2\x80\xa6'"
654072157018828800,2015-10-13 23:12:08,"b'RT @ResearchDigest: Social psych textbooks ignore all modern criticisms of Milgram\'s ""obedience experiments"": http://t.co/XVkHMK9SXX http:/\xe2\x80\xa6'"
645804354654437376,2015-09-21 03:38:51,b'Happy restaurant week to you too #bestholidayever'
644562905917100032,2015-09-17 17:25:46,b'RT @brain_apps: Interesting paper: Dopamine Is Required for the Neural Representation and Control of Movement Vigor http://t.co/lVLqPgRvLX'
639860380747993088,2015-09-04 17:59:37,b'Important to keep in mind right now: http://t.co/ZjqW286b78 #ReproducibilityProject'
638318319813005313,2015-08-31 11:52:01,"b'RT @whlevine: Sterling (1959, J Amer Statist Assoc). Right there in the abstract. http://t.co/lNfuZx5NPT'"
614450242461765632,2015-06-26 15:08:48,b'\xe2\x9d\xa4\xef\xb8\x8f\xf0\x9f\x92\x9b\xf0\x9f\x92\x9a\xf0\x9f\x92\x99\xf0\x9f\x92\x9c #SCOTUS coming through'
608688355522564098,2015-06-10 17:33:07,"b'RT @scientist_me: Mind you, guys in the lab were always checking out my nice rack...#distractinglysexy #TimHunt http://t.co/xT7jpL0hiE'"
603513053368426496,2015-05-27 10:48:19,b'@Psych_Writer @PsyNAppS Loved your talk!'
600315455211970561,2015-05-18 15:02:12,"b""RT @MadisonHughes15: Absolutely incredible weekend. So much hard work has gone into the progress we've made. I'm so lucky\xe2\x80\xa6 https://t.co/Qdt\xe2\x80\xa6"""
594532628843372544,2015-05-02 16:03:19,"b'RT @ScienceInsider: ""Authors were understandably upset."" PLOS ONE ousts reviewer, editor after sexist review storm http://t.co/LaYMh0Ynbd h\xe2\x80\xa6'"
581591830317387776,2015-03-27 23:01:12,b'Academic gives humor a shot \xf0\x9f\x92\xaf #solideffort #itsthelittlethingsingradschool https://t.co/AygOxsNcrC'
555587454288551936,2015-01-15 04:49:06,"b""@bookemshaaarkie @MadisonHughes15 @ZTesty5 @BrianGreen36 He's only playing Trivia Crack b/c he knows he's out of his league in Two Dots"""
524715599759695872,2014-10-22 00:15:22,"b""RT @MadisonHughes15: Thanks @worldrugbyshop &amp; @adidasrugby! I love my @adidas RS7s. Lightest boot I've ever worn and great for kicking too \xe2\x80\xa6"""
516060772301303808,2014-09-28 03:04:10,b'RT @USARugby: .@MikeFriday09 has selected 12 Eagles for @GoldCoast7s. @MadisonHughes15 named captain: http://t.co/cfGzrb16HE. http://t.co/M\xe2\x80\xa6'
219169747688894465,2012-06-30 20:45:14,b'Adding five knocks to the system @angelina_cholie #trainingformasters #jokes'
