id,created_at,text
970446816998141952,2018-03-04 23:52:05,b'Woo hoo! https://t.co/5fxFQsK1FX'
970383814135513088,2018-03-04 19:41:44,b'@JustinWolfers The battle is on to see who has the absolute advantage'
970383460685754368,2018-03-04 19:40:20,b'RT @umichbball: #GoBlue https://t.co/VLABuqMLwv'
970379413559959552,2018-03-04 19:24:15,b'@causalinf I cannot not say something different'
969758302182797312,2018-03-03 02:16:11,"b""Can't argue!  It's all about the pitching.  Of course, good pitchers typically have great defenses.  So, it's all a\xe2\x80\xa6 https://t.co/YQ6ftqwo5b"""
969744794917404672,2018-03-03 01:22:30,"b'@PlayBall @MLB Trout, Blackmon, Inciarte'"
969701778806771712,2018-03-02 22:31:34,b'Another poolside pup https://t.co/6fCkmmewD2'
969701587164811264,2018-03-02 22:30:49,"b'I\xe2\x80\x99m sure it\xe2\x80\x99s winter somewhere, but not in Texas https://t.co/eYa1ntbaHy'"
969692752656191488,2018-03-02 21:55:42,"b'@thehill While that\xe2\x80\x99s clearly a good move on the judge\xe2\x80\x99s part, we really should not be subjecting refugees to life in Indiana anyway.'"
969654174450319360,2018-03-02 19:22:25,"b'@MSNBC It\'s a nice story, but won\'t they just say ""no""?  How do you prove ""influence""?  Serious question.  Even if\xe2\x80\xa6 https://t.co/5J9SglCpAT'"
969631498176466946,2018-03-02 17:52:18,b'I believe I can fly ... https://t.co/fTXCIQ0UDk'
969403440391708673,2018-03-02 02:46:05,b'RT @BrookingsInst: The median worker in 2017 earned only slightly more than in 1979. What can be done to revitalize American wages: https:/\xe2\x80\xa6'
969372813692952576,2018-03-02 00:44:23,b'@TheEconomist Perhaps this is an opportunity for some tariffs I can get behind'
969371526444277760,2018-03-02 00:39:16,b'@BBCWorld Apparently Trump wants them deported. \xf0\x9f\x99\x84'
969313580460990467,2018-03-01 20:49:01,b'That resembles my vertical! https://t.co/rHgQuXijCL'
969255940741529602,2018-03-01 16:59:58,b'@Independent https://t.co/nCi8mTsvui'
968915588025331714,2018-02-28 18:27:32,b'RT @AP: BREAKING: Police in Georgia respond to shots fired at high school and have taken a teacher into custody; no children hurt.'
968856490906931201,2018-02-28 14:32:42,"b""RT @BetoORourke: Voted? There's just too much on the line to sit any election out. Early voting continues across the state today. Find your\xe2\x80\xa6"""
968714487971840002,2018-02-28 05:08:26,"b'@voxdotcom Maybe it\xe2\x80\x99s just me, but I thought that was a picture of the bad white guy from Black Panther'"
968574953120567296,2018-02-27 19:53:58,"b'RT @mboteach: THREAD: As more emerges about the winners from the #GOPTaxScam, let\xe2\x80\x99s compare them to the losers in the #Trumpbudget. It\xe2\x80\x99s be\xe2\x80\xa6'"
968568496769683456,2018-02-27 19:28:19,"b'RT @BetoORourke: ""Beto O\'Rourke is giving Ted Cruz a run for his money"" RT to share this breaking news from CNN https://t.co/QsyVUFswNI'"
967799973931900928,2018-02-25 16:34:29,b'@BaseballmovieQ Benchwarmers (although my son loves it)'
967557369977802754,2018-02-25 00:30:28,"b'@CJNitkowski @Chris82713480 As a dad of a select player in DFW, I can tell you with absolute certainty, you don\xe2\x80\x99t n\xe2\x80\xa6 https://t.co/Okzljk7EL4'"
967376409546063877,2018-02-24 12:31:23,b'Well I\xe2\x80\x99m convinced \xf0\x9f\x99\x84\xf0\x9f\x98\xa1 https://t.co/tXbZuOkv40'
967262203299721216,2018-02-24 04:57:34,"b'@mikekofoed @chloergibbs I literally found the same gif, went to reply, and saw yours.  \xf0\x9f\x99\x84'"
967259967551164416,2018-02-24 04:48:41,b'@BryanDolgin Wow!  I never expected the coach to be that explicitly involved.  Call me naive.'
967063229578072064,2018-02-23 15:46:55,b'Oh that\xe2\x80\x99s kinda funny https://t.co/o4wdewFk4F'
966883798200696836,2018-02-23 03:53:55,b'@BetseyStevenson And they eat kangaroos!'
966861127647838208,2018-02-23 02:23:50,"b'@JeffDenning Last I checked, that\xe2\x80\x99s not good'"
966827404533620738,2018-02-23 00:09:50,"b'Just received a lengthy email from my kids\' school stating that teachers and staff are prepared to ""lay down their\xe2\x80\xa6 https://t.co/T2SJI1aUHa'"
966801910970880000,2018-02-22 22:28:32,b'RT @krassenstein: BREAKING: First National Bank of Omaha just dumped the NRA and will no longer issue NRA Visa cards!\n\nShow your appreciati\xe2\x80\xa6'
966505042084876289,2018-02-22 02:48:53,b'RT @nberpubs: The enactment of the Deferred Action for Childhood Arrivals policy in 2012 increased high school graduation rates by 15 perce\xe2\x80\xa6'
966438088317775873,2018-02-21 22:22:50,"b'@thehill If true, then they don\xe2\x80\x99t have to worry about losing their vote if they pass #GunControlNow'"
966341098733035522,2018-02-21 15:57:26,b'@CNNPolitics \xf0\x9f\xa4\xa6\xe2\x80\x8d\xe2\x99\x82\xef\xb8\x8f'
966340216578629633,2018-02-21 15:53:56,b'@Buster_ESPN Sad'
966339977700368385,2018-02-21 15:52:59,"b'RT @NBCNews: LIVE: Students in Weston, Florida, walk out of classes to protest gun violence in wake of the Parkland school shooting https:/\xe2\x80\xa6'"
966162606473072640,2018-02-21 04:08:10,"b'@CBSSportsMLB As long as there is Archer trade speculation, there will be 3-4 teams at least less interesting'"
966107389853421568,2018-02-21 00:28:45,"b'@causalinf Four, don\xe2\x80\x99t eat unclean \xf0\x9f\x8d\xa4'"
965723596365746176,2018-02-19 23:03:42,b'@causalinf Real men use reusable grocery bags.  Just sayin\xe2\x80\x99.'
965323690232737799,2018-02-18 20:34:37,b'@NCAACWS @umichbaseball Thumbs up \xf0\x9f\x91\x8d'
965314268253081605,2018-02-18 19:57:10,"b'@thehill And he will probably be the dumbest person in the room, or at least the most ignorant'"
965037020459552769,2018-02-18 01:35:29,b'@causalinf There is also possible nonrandom selection into birth.  Could be medical technology is better here so mo\xe2\x80\xa6 https://t.co/aI0E0suSq2'
964532141878104064,2018-02-16 16:09:17,b'@haaretzcom Twitter haters are gonna hate.  I thought this was an excellent article.  There are clearly a lot of is\xe2\x80\xa6 https://t.co/gAxhSTkbzw'
964531557234069505,2018-02-16 16:06:58,b'Worth reading for anyone who thinks tougher regulations on gun permitting cannot both protect the innocent and allo\xe2\x80\xa6 https://t.co/9uJVh6CjK8'
964242749074657280,2018-02-15 20:59:20,"b'Wow!  Now, what if the schools reopened on Tuesday and, upon being asked on what they did on Monday to make schools\xe2\x80\xa6 https://t.co/r3cmmNgAVx'"
963979974733651968,2018-02-15 03:35:10,b'@HuffPostPol Understatement much?'
963858380623433731,2018-02-14 19:32:00,b'@ddale8 Maybe he wouldn\xe2\x80\x99t need so much security if the EPA actually P-ed the E.'
963555145060626434,2018-02-13 23:27:03,b'@thehill Jackass'
963554839283236871,2018-02-13 23:25:50,"b'@JonahNRO Congrats, but I honestly can say \xe2\x80\x9cAsness\xe2\x80\x9d in my head without chuckling just a little.  \xf0\x9f\xa4\xa6\xe2\x80\x8d\xe2\x99\x82\xef\xb8\x8f'"
963554474563432448,2018-02-13 23:24:23,b'@KamalaHarris Don\xe2\x80\x99t forget the EITC.  Also helps low income workers without incentivizing firms to find ways of rep\xe2\x80\xa6 https://t.co/0WRloTjMpa'
963553602324267008,2018-02-13 23:20:55,"b'@causalinf How are me and you continuous?  that\xe2\x80\x99s what\xe2\x80\x99s bothering me.  Of course, the fact that that\xe2\x80\x99s what bothers me, also bothers me.'"
963553195158130688,2018-02-13 23:19:18,b'@causalinf I thought this was going in a number of different directions.  1.  The president completely discounts al\xe2\x80\xa6 https://t.co/ItUwWAhMw7'
963255216102658048,2018-02-13 03:35:14,b'Holy \xf0\x9f\x92\xa9.  This is really beyond comprehension.  It reminds of an article soon after Trump was elected that basically\xe2\x80\xa6 https://t.co/D5UjpfDTrm'
963062992391819266,2018-02-12 14:51:24,"b""@tribelaw Only happens in the movies, I'm sure"""
962719630757388288,2018-02-11 16:07:01,b'@NatashaBertrand @keithboykin \xf0\x9f\xa4\xa6\xe2\x80\x8d\xe2\x99\x82\xef\xb8\x8f'
962411352789745665,2018-02-10 19:42:01,b'Fascinating work by my @SMU colleague! https://t.co/xvT6VpzLke'
962107406049271808,2018-02-09 23:34:15,b'@BrookingsInst It would save lots of mental energy from being expended thinking about sample selection'
962086916735799296,2018-02-09 22:12:50,b'Life is rough https://t.co/qn3WmagAag'
962064637297508354,2018-02-09 20:44:18,b'@TeacherPension @Wirepoints @tedd  https://t.co/NzdTvLs5DA'
962056591804542976,2018-02-09 20:12:20,"b'@paulgp Sure it is.  The expectation in that case does not even exist, let alone be equal to the true value.'"
962043186884431872,2018-02-09 19:19:04,"b""@paulgp whichever it is, just remember it's biased"""
961645354709127174,2018-02-08 16:58:13,"b'Congrats to my former @SMUDedman @SMU PhD student, Le Wang, on winning the Kuznets prize for a paper originally par\xe2\x80\xa6 https://t.co/asnS0m62OG'"
961618983685382145,2018-02-08 15:13:26,b'@causalinf Thanks!  The check is in the mail.'
961255915335880709,2018-02-07 15:10:44,"b'@StevePhillipsGM @JonHeyman Keep saying this!  Totally right.  Are there counter-examples, though, where a big free\xe2\x80\xa6 https://t.co/6iBjZ4mXGz'"
961228580561866753,2018-02-07 13:22:07,b'@christopherruhm It\xe2\x80\x99s an investment in peace ... said no one ... ever'
961227136819441665,2018-02-07 13:16:22,b'@economeager I agree about the inability to switch off.  Caused lots of issues when I was an AP.  Gets better after\xe2\x80\xa6 https://t.co/nf5OXfK9OI'
961078621258633217,2018-02-07 03:26:13,b'RT @BabyAnimalPics: All dogs should come with a soundtrack https://t.co/JQ0uMAxGBF'
961004444564512769,2018-02-06 22:31:28,"b""@paulgp @causalinf I dunno.  The book doesn't really strike me as a textbook.  More as a collection of their previous papers."""
961003034779246595,2018-02-06 22:25:52,"b""Oh my! (couldn't resist) https://t.co/m7DTTi4BCS"""
961002812015562752,2018-02-06 22:24:59,"b'@causalinf @paulgp This paper is also discussed in detail in Imbens &amp; Rubin\'s ""textbook"".'"
960736915040456704,2018-02-06 04:48:24,b'This will not end well for @Doritos #OhVey https://t.co/LdprvC27a1'
960698623809019904,2018-02-06 02:16:15,b'@Ken_Rosenthal What is this \xe2\x80\x9cfree agent signing\xe2\x80\x9d of which you speak?'
960269853146927104,2018-02-04 21:52:28,b'Asher is SOOOOO psyched!  #BigSexy https://t.co/vRzWKrdJ7D'
960258332207480832,2018-02-04 21:06:41,"b'@causalinf @scottimberman I have to read it carefully, but if the method requires hetero only across groups - no wi\xe2\x80\xa6 https://t.co/EdJWvBlhyJ'"
960256542300884993,2018-02-04 20:59:35,b'@scottimberman @dougwebberecon I warn everyone... you\xe2\x80\x99re not old until 41.  There is definitely a discrete jump in\xe2\x80\xa6 https://t.co/0mp8EbBkSg'
960253058008670213,2018-02-04 20:45:44,b'RT @dog_feelings: the human told me. the only reason. i wasn\xe2\x80\x99t drafted in the puppy bowl. is because my opponents. wouldn\xe2\x80\x99t stand a chance'
959930892000034816,2018-02-03 23:25:33,"b""RT @MLB: @Rangers fans, you're going to want this. \n\nRT for a chance to win this Rougned Odor @Topps Tier One relic! #MLBCards https://t.co\xe2\x80\xa6"""
959809992751833088,2018-02-03 15:25:09,b'@JohnHolbein1 Short titles also forgo the pithy pun at the beginning with reference to something from pop culture'
959809661829566464,2018-02-03 15:23:50,b'@JohnHolbein1 I actually don\xe2\x80\x99t think this is surprising in hindsight.  Longer titles probably suggest a more nuance\xe2\x80\xa6 https://t.co/SeffI9Rtmd'
959510220455202816,2018-02-02 19:33:58,b'@Sullivan_Ranger Is Elvis really that much bigger than Lino?  He looks he could eat him for a snack!'
959437271694041093,2018-02-02 14:44:05,b'Not in Texas.  Weather is perfect down here! https://t.co/U0tZtkmri7'
959436128045715458,2018-02-02 14:39:33,b'@BryanDolgin I have always missed the carts!'
959141983972478976,2018-02-01 19:10:43,b'@causalinf Something like this https://t.co/xAag9LNzBi'
958709562072227840,2018-01-31 14:32:26,"b""@causalinf I'll wait for the movie to come out"""
958538359625912320,2018-01-31 03:12:08,b'Yes!  Hallelujah! https://t.co/woAq0DN4bg'
958188174039281664,2018-01-30 04:00:37,b'@bakerdphd @smusimmons @SMU @smuresearch This is always my favorite https://t.co/NlGAhZdGKd'
958037604506718210,2018-01-29 18:02:19,"b""If this real, that's pretty incredible.  We had 2 pet rats for a while and they do make excellent pets.  They'll ev\xe2\x80\xa6 https://t.co/EPf4Gx8Q4N"""
957671336117194752,2018-01-28 17:46:53,b'Asher\xe2\x80\x99s \xf0\x9f\x8e\xaf He\xe2\x80\x99s got some Texan in him for sure https://t.co/DvScTU7z3b'
957439704407969792,2018-01-28 02:26:28,b'My 13 yr old has apparently discovered the humor of South Park.... even if does \xe2\x80\x9chave a lot of Jew jokes and I\xe2\x80\x99m Je\xe2\x80\xa6 https://t.co/r8bm1ANaxH'
957314760613224454,2018-01-27 18:09:59,b'@JohnHolbein1 You might also check out @EricChyn \xe2\x80\x98s JMP that is r&amp;r at AER.  Effect of demolitions to id neighborho\xe2\x80\xa6 https://t.co/qFWDRfBdZe'
957312350427795456,2018-01-27 18:00:25,b'@ProfNoto @JohnHolbein1 @metrics52 Agreed.  It\xe2\x80\x99s nice since they compare the gender mix and twins IVs and attempt t\xe2\x80\xa6 https://t.co/DEWl7e0yHg'
957302378960650242,2018-01-27 17:20:47,b'@DinaPomeranz Mark Pitt (fantastic advisor @Brown_Economics)\nRichard Porter (great prof @umichECON)'
957109663589392394,2018-01-27 04:35:00,b'This is so depressing!  It makes earth seem like a lonely place.\nhttps://t.co/BFTenBeksA'
957108190218539010,2018-01-27 04:29:09,b'@agoodmanbacon @causalinf it is not exactly the same as no selection on unobservables encompasses the case where D\xe2\x80\xa6 https://t.co/bPz0GVa1sU'
957073693942976512,2018-01-27 02:12:04,b'@jodiecongirl @agoodmanbacon @causalinf Of course'
957073627551354880,2018-01-27 02:11:49,"b'@agoodmanbacon @causalinf Matching requires the presence of an instrument, the instrument just does not need to be\xe2\x80\xa6 https://t.co/JXu1owUDQS'"
957073133021941760,2018-01-27 02:09:51,"b'@jodiecongirl @agoodmanbacon @causalinf Actually Nick Kiefer, if I recall, had some work several years ago on predi\xe2\x80\xa6 https://t.co/Yeu5U1RCn5'"
956722552897929218,2018-01-26 02:56:46,b'@dynarski Trips to Texas?!  It\xe2\x80\x99s great that recruiting season is in January.  Almost 70 on campus today!'
956618727172255745,2018-01-25 20:04:12,b'Does this mean that demand is elastic?\nhttps://t.co/tt0YJQk229'
956548982582530048,2018-01-25 15:27:03,b'RT @BabyAnimalPics: I just found the greatest video ever https://t.co/dZyxuNBrCz'
956176014157103104,2018-01-24 14:45:01,b'@causalinf This is great. I had this talk 2x yesterday; a job candidate and a junior faculty member. Specifically:\xe2\x80\xa6 https://t.co/ANxAv0Qxvi'
955916597721489408,2018-01-23 21:34:11,b'RT @SMUDedman: #DedmanCollege economics professor @danilaserra_eco discussing her recent study https://t.co/IAtRe2TXGY'
955875775533780994,2018-01-23 18:51:58,"b""@mikekofoed Real uncles don't let their nephews do macro or time series!"""
955291676624420864,2018-01-22 04:10:58,b'@JoshuaSGoodman Went to a college presentation for parents for my high school daughter and I asked that question.\xe2\x80\xa6 https://t.co/fNaUm0qUqx'
955241639219466240,2018-01-22 00:52:08,b'Why is Stephen Miller in quotes??? https://t.co/YCOckOt34X'
955241384474284032,2018-01-22 00:51:08,"b'@BryanDolgin @tonyromo He actually was, though #pigsareflying'"
955143236779208704,2018-01-21 18:21:08,b'Capital-labor substitution or just labor-labor substitution?  Does technology replace jobs or just alter the type o\xe2\x80\xa6 https://t.co/6LfaMtlKCY'
955138924913004544,2018-01-21 18:03:59,b'Morning is off to a good start.  First in the emo cup!  #equestrian #FoxglenFarms #blueribbon https://t.co/wFDCzLoVt9'
954817422611107840,2018-01-20 20:46:27,b'Day 2 underway #equestrian #FoxglenFarms https://t.co/2QHoK7mVJk'
954810811423318016,2018-01-20 20:20:11,b'@tyleransom @JeffDenning @JohnHolbein1 @causalinf My course info/lectures are here.  https://t.co/FlIzlzPGXi.  PS w\xe2\x80\xa6 https://t.co/zLiNcMtAOr'
954537727432839169,2018-01-20 02:15:03,b'Bella and Carlyle got third place in their first derby!  Woo hoo!  #FoxglenFarms #equestrian https://t.co/66SoUjNRzG'
954349729349013505,2018-01-19 13:48:01,b'@danilaserra_eco \xf0\x9f\x91\x87\xf0\x9f\x8f\xbb https://t.co/XXYKQ4Kutk'
954149478361194496,2018-01-19 00:32:17,"b""RT @sapinker: I collect ambiguous headlines. This one, on our President's health, is among the best. https://t.co/G6YTMc9hNM"""
954081832349454337,2018-01-18 20:03:29,b'@paulgp The 45 year old me: I can\xe2\x80\x99t wait for the kids to go off to college'
954071402549784576,2018-01-18 19:22:02,b'@causalinf @petergklein Stata does have an endogenous regime switching model between the constipation function and\xe2\x80\xa6 https://t.co/Mvv927PdFg'
953981197134245890,2018-01-18 13:23:36,b'@DanielePaserman You can only observe the missing counterfactual in the movies'
953777956849057792,2018-01-17 23:55:59,"b'@thehill Wow, didn\xe2\x80\x99t see that coming at all'"
953306625720414213,2018-01-16 16:43:05,b'Oh vey! https://t.co/bMIhoq19ZQ'
952418813143928832,2018-01-14 05:55:14,b'Hysterical!  \xf0\x9f\x98\xad https://t.co/RnNDCvMD7m'
951900687486668800,2018-01-12 19:36:24,b'@causalinf @Susan_Athey sure'
951899507918364672,2018-01-12 19:31:42,"b'@causalinf @Susan_Athey I have a former student, Ian McDonough (AP - UNLV), that has very good Stata skills and cou\xe2\x80\xa6 https://t.co/KjmjMI4vKo'"
951897991815852032,2018-01-12 19:25:41,b'@causalinf @Susan_Athey We are counting on you...'
951886628225679360,2018-01-12 18:40:32,b'@thehill People suck'
951472543650729989,2018-01-11 15:15:06,b'@causalinf Also the most coverage of a paper on citrus'
951471836436496384,2018-01-11 15:12:17,b'@SMU Economics has begun scheduling initial flyouts for its two positions #EJMinfo (and it\xe2\x80\x99s warm here!)'
951223926708998144,2018-01-10 22:47:11,"b'@JeffDenning If people know the paper is better, then the majority will side with the better paper.  Problem is whe\xe2\x80\xa6 https://t.co/mIJsSuPUH0'"
951130346648686594,2018-01-10 16:35:20,"b'There may be a lot to not like about the Econ seminar culture, but I hate attending non-Econ seminars and not being\xe2\x80\xa6 https://t.co/hk8FBAYBsz'"
950894580005851136,2018-01-10 00:58:29,b'@mattyglesias I thought it was a pre-rolled joint sold in CO or CA'
950483252241993728,2018-01-08 21:44:01,b'@causalinf Agreed.  Only point is that that type of stuff may not make it in a book by those authors as they are on\xe2\x80\xa6 https://t.co/GJyfdHL7ul'
950482482922745857,2018-01-08 21:40:57,"b'@causalinf Their JEP article is good, but it emphasizes ML for prediction and that it shouldn\xe2\x80\x99t be used for causation (as currently used)'"
950131718551457792,2018-01-07 22:27:08,b'@ryanbedwards @DinaPomeranz @WorldBank Papers and books by Morgan and Winship are excellent starters'
949781271449931776,2018-01-06 23:14:35,"b'@alanbarreca \xe2\x80\x9cIt\xe2\x80\x99s not you, it\xe2\x80\x99s me\xe2\x80\x9d works... it usually is me.'"
949319253391564800,2018-01-05 16:38:42,b'@scottimberman You do live in Lansing.  This could be a daily retweet.'
949112141377884160,2018-01-05 02:55:42,b'@EliraKuka Wouldn\xe2\x80\x99t be able to get home on my Phili ticket and I stink and have no clean (or warm) clothes....'
949109923371241478,2018-01-05 02:46:53,b'Or 30 hours ago... interviews should be interesting'
949108980042825728,2018-01-05 02:43:09,b'Left Tel Aviv about 26 hours ago.  Flew to Newark.  Flight home cancelled.  Rented car and drove to Chicago through\xe2\x80\xa6 https://t.co/jYR0yySu2a'
948974127121084416,2018-01-04 17:47:17,"b'@scottimberman @dynarski I doubt Austin has the hotels, the airport, and the traffic is awful.  Curious to see how San Antonio plays out'"
948862850843447296,2018-01-04 10:25:07,b'@dynarski No hotel cluster in Dallas.  San Diego every year would be nice!'
948264801993666562,2018-01-02 18:48:41,b'RT @danilaserra_eco: It you are going to #ASSA2018 and would like to hear about my and @EconCath\xe2\x80\x99s field experiment testing the impact of f\xe2\x80\xa6'
947902519308685314,2018-01-01 18:49:06,b'RT @SMUDedman: https://t.co/dTEwOLZyc1'
947543987803623425,2017-12-31 19:04:25,b'@scottimberman We feel safer in the Middle East!'
947334301426864128,2017-12-31 05:11:12,"b'Lisa: \xe2\x80\x9cnot now, I\xe2\x80\x99m coming down\xe2\x80\x9d https://t.co/L28iqzFCSB'"
946545800062099456,2017-12-29 00:57:59,"b'Good, but depressing https://t.co/tmWm2WEsDq'"
945209942092414976,2017-12-25 08:29:46,b'Definition of irony... flying to Israel and \xe2\x80\x9ccoming to America\xe2\x80\x9d by Neil Diamond comes up on your playlist. \xf0\x9f\xa4\x94'
944966965592018945,2017-12-24 16:24:15,b'@benjaminwittes Interesting! I have a feeling Trump would then claim credit for \xe2\x80\x9chelping\xe2\x80\x9d groups he is accused of disparaging.'
944734496775200770,2017-12-24 01:00:31,b'@thehill Let\xe2\x80\x99s hope Trump uses the new year to nominate some qualified individuals'
944733535545552896,2017-12-24 00:56:41,b'@BrookingsInst Because correlation implies causation \xf0\x9f\xa4\x94'
944733196591222784,2017-12-24 00:55:21,"b'@sportingnews He\xe2\x80\x99s right.  If he hadn\xe2\x80\x99t sucked so bad, they wouldn\xe2\x80\x99t have gotten rid of him and the rest, as they say, is history.'"
944419170665598976,2017-12-23 04:07:31,b'RT @SMUngeorge: SMU photographer Hillsman Jackson captured this beautiful shot @SMU tonight. May your holidays be shiny and bright! https:/\xe2\x80\xa6'
944364222733078528,2017-12-23 00:29:10,b'@causalinf @ryanbedwards @scottimberman No problem.  Happy to send the tex file If people contact me as well if people want to adapt them.'
944328500919652352,2017-12-22 22:07:14,"b'@causalinf @ryanbedwards @scottimberman If you think has a lot of iterations, move on doubly robust estimators...'"
944326511322157056,2017-12-22 21:59:19,"b'@ryanbedwards @causalinf @scottimberman Yes, Smith and Todd recommended DD matching but like everything it is appli\xe2\x80\xa6 https://t.co/xJM01cmlx2'"
944325835095511040,2017-12-22 21:56:38,b'@causalinf @scottimberman Everything is here.  I updated it for next semester and condensed matching as much as I could.'
944325619403419648,2017-12-22 21:55:47,b'@causalinf @scottimberman https://t.co/FlIzlzPGXi'
944322998298972167,2017-12-22 21:45:22,b'@causalinf @scottimberman Yes.  DD is motivated by assuming the bias from regular matching due to SOU is equal to d\xe2\x80\xa6 https://t.co/L4FZ5hQuey'
944322165935140864,2017-12-22 21:42:03,b'In case any of my current or future PhD students need gift ideas for me.  Just sayin\xe2\x80\x99. https://t.co/QxVJBX6aKK'
944321627180978176,2017-12-22 21:39:55,b'@paulgp Now explain the LATE to lay people \xf0\x9f\xa4\x94'
944320746729496576,2017-12-22 21:36:25,b'@causalinf @scottimberman Yes.  It\xe2\x80\x99s matching where the outcome is delta Y instead of Y.'
944320212593242112,2017-12-22 21:34:17,b'@causalinf @scottimberman SOU is not their thing and they have a strong statement in the book about SOU methods rel\xe2\x80\xa6 https://t.co/8rVpyqsYgU'
944313160344973312,2017-12-22 21:06:16,b'@thehill You don\xe2\x80\x99t say?'
944298087631204353,2017-12-22 20:06:22,"b'RT @SMUDedman: Dr. Cullum Clark, director of @SMU\xe2\x80\x99s Economics Research Center, said the first thing people need to do is to determine wheth\xe2\x80\xa6'"
944295538513596418,2017-12-22 19:56:15,b'#whatEconomistsReallyDo is develop and apply - impartially - rigorous statistical methods to understand the causal\xe2\x80\xa6 https://t.co/ax0BFCopyI'
944294680057077761,2017-12-22 19:52:50,"b""An excellent place to work and where the beautiful holiday lights aren't blanketed by a foot of snow! https://t.co/6KR5sBwkLU"""
944293897378902020,2017-12-22 19:49:43,"b'@Tigerpug @thehill Exactly!  In other news, more than one-third of the population are morons.'"
944249825817714691,2017-12-22 16:54:36,"b'@scottimberman While I agree, it is noteworthy how strongly Imbens &amp; Rubin push SOO methods in their 2015 book.'"
943978843265781761,2017-12-21 22:57:49,b'@thehill And now the tax bill will break even!'
943930895563743238,2017-12-21 19:47:17,b'@ProfNoto Millennials don\xe2\x80\x99t have much stuff?'
943844112456994816,2017-12-21 14:02:26,b'@WakingUpFrank @BetoORourke https://t.co/T72DLEQbio'
943843228515696640,2017-12-21 13:58:56,b'@WakingUpFrank @BetoORourke It\xe2\x80\x99s a nice stat but it\xe2\x80\x99s meaningless. It\xe2\x80\x99s not causal.  Charter schools tend to attrac\xe2\x80\xa6 https://t.co/1LZRoktJFB'
943842843998720000,2017-12-21 13:57:24,b'@WakingUpFrank @BetoORourke Totally agree.  Charters are more options.  All schools need more funding.  Charters re\xe2\x80\xa6 https://t.co/FsU2FH2xa9'
943839823667908608,2017-12-21 13:45:24,b'@WakingUpFrank @BetoORourke The money follows the students.  It only siphons money if charters offer a better optio\xe2\x80\xa6 https://t.co/KKlaiFOLWK'
943839118416662528,2017-12-21 13:42:36,b'@GeorgeTakei And we fund CHIP and protect #dreamers.  No brainer!'
943837296251555845,2017-12-21 13:35:21,b'@WakingUpFrank @BetoORourke There\xe2\x80\x99s nothing wrong with charters per se.  some are good and some are bad.  Just like\xe2\x80\xa6 https://t.co/hIqWpBOCxn'
943688096939376640,2017-12-21 03:42:29,"b'@BryanDolgin If there is a bull in pen, that could be exciting! https://t.co/AqFr43NSUV'"
943687737646907397,2017-12-21 03:41:04,b'@M_Dannenberg1 The question is the right one.  It is a different discussion about understanding the causes and cons\xe2\x80\xa6 https://t.co/pckCjWBD3r'
943673475591532544,2017-12-21 02:44:23,b'Who needs winters off from baseball?  Not Asher.  Another great night working on defense @rgreerbaseball !! https://t.co/Z54qHX9BjD'
943659517362962434,2017-12-21 01:48:55,b'@keithboykin The #fake #hypocritical kind'
943637233910853632,2017-12-21 00:20:23,"b'@Noahpinion We don\xe2\x80\x99t need to like one another.  We need to respect each other\xe2\x80\x99s freedoms and choices, and we need t\xe2\x80\xa6 https://t.co/ebKuoMsu2e'"
943573344380694536,2017-12-20 20:06:30,"b""Excellent and true.  Don't ask me about the stock market. https://t.co/Az5LM6Vy4o"""
943237816389111808,2017-12-19 21:53:14,b'@OldTimeHardball Bring them back.  Now.'
943234822301941762,2017-12-19 21:41:20,b'@thehill Can we please stop worrying about the past when there is so much to worry about the present and future!'
943221375195582464,2017-12-19 20:47:54,b'@realDonaldTrump @yashar Schmucks!  Thanks for ruining this country.  You truly have accomplished more than any pre\xe2\x80\xa6 https://t.co/NELYynKhf6'
943220533096787968,2017-12-19 20:44:33,"b'RT @GeorgeTakei: The GOP-led House just passed the Tax Scam, which will saddle middle class families with higher taxes and throw 13 million\xe2\x80\xa6'"
943178544330563584,2017-12-19 17:57:43,"b""@causalinf Yeah, but it was trending back to his original support levels.  So frickin' sad.  If the election was ne\xe2\x80\xa6 https://t.co/FHy01i9LcE"""
943145784014442496,2017-12-19 15:47:32,b'@BleacherReport Thankfully ...\nhttps://t.co/rDJefWVL2V'
943129961254260736,2017-12-19 14:44:39,"b'This is BEYOND depressing and disgusting.  Maybe we emerge on the other side in better place, or maybe this is the\xe2\x80\xa6 https://t.co/pkhddrJURo'"
942992870260269056,2017-12-19 05:39:54,"b""America's homeless population rises for first time in years (from @AP). But the DJIA is over 25,000 so all must be\xe2\x80\xa6 https://t.co/YmP4yafPdI"""
942897999050629120,2017-12-18 23:22:55,b'@Noahsyndergaard @MrMet My pitcher-in-training doing his off season work @TPABASEBALLTX @StixBaseballTX https://t.co/4yGtcCdiO6'
942894740739121157,2017-12-18 23:09:58,b'Ugh. https://t.co/1OkiSH8xrp'
942894360097673216,2017-12-18 23:08:28,b'This is a \xe2\x80\x9cman\xe2\x80\x9d saying he\xe2\x80\x99s over the sexual misconduct of another man vs women.  Really?  I\xe2\x80\x99m embarrassed to be a m\xe2\x80\xa6 https://t.co/5ytRn0CxnP'
942843343935016961,2017-12-18 19:45:45,"b'Great article for those who believe that many, if any, are choosing not to work in order to live off safety net pro\xe2\x80\xa6 https://t.co/ivkQs62xUE'"
942840370907566082,2017-12-18 19:33:56,"b'@renato_mariotti When did @AlanDersh become such a putz?  As a nonlawyer (but former debate geek in college), I tho\xe2\x80\xa6 https://t.co/9c2veqvvst'"
941705960954966016,2017-12-15 16:26:11,"b""@Apple I noticed that.  Was debating whether the phone was learning or deciding it didn't care anymore."""
941694322621247488,2017-12-15 15:39:57,"b'@LeadersandBest @UMich and if it stops spinning during the winter, the heat shuts off on campus ... if i recall'"
941662056322879490,2017-12-15 13:31:44,b'@cody_orr @scottimberman @causalinf He can\xe2\x80\x99t help it.  He\xe2\x80\x99s tainted from all the lead in his drinking water.  Too soon? \xf0\x9f\xa4\x94'
941542453722734592,2017-12-15 05:36:28,"b'Very interesting article, especially as it bears on the hiring season for economists.  Do economists have a \xe2\x80\x9clook\xe2\x80\x9d?\xe2\x80\xa6 https://t.co/T1loYcwmT4'"
941478665996718080,2017-12-15 01:23:00,b'These Texas winters are just brutal \xf0\x9f\x8c\x9e https://t.co/lFP50StXAA'
941375473527017472,2017-12-14 18:32:57,b'@realDonaldTrump ... screwing over the bottom 99% one action at a time (and helping to limit the free flow of infor\xe2\x80\xa6 https://t.co/JKMMF9UBS7'
941309825757130752,2017-12-14 14:12:05,b'@thehill https://t.co/upBuwTKjqz'
941177621479600130,2017-12-14 05:26:45,b'#Hanukkah2017 Asher got a new glove and texted us a video of him tucking it into bed! #MLB https://t.co/SXUuhlB2gk'
941173657774252032,2017-12-14 05:11:00,"b""@causalinf I'm sure it's causal"""
941124294159020032,2017-12-14 01:54:51,"b'@michigandebate @JoeBiden @ColinKahl @UMichUnions Thatta boy, @ColinKahl !'"
941104539582828544,2017-12-14 00:36:21,"b'@dynarski Man, white people suck'"
941089779550244864,2017-12-13 23:37:42,"b""RT @TranslateRealDT: Of all the tweets I didn't write myself, this is the one I didn't write the most. https://t.co/mdaa0eEqcW"""
941078254328393728,2017-12-13 22:51:54,b'Another one of our outstanding colleagues in Economics @SMU https://t.co/u5U0YPwqoB'
940996056774594560,2017-12-13 17:25:17,b'Looks like dirt as an instrument for voting patterns https://t.co/He0QWEDesy'
940818457721036800,2017-12-13 05:39:34,b'@ananavarro barely...'
940789883035095041,2017-12-13 03:46:01,"b""Hooray for small miracles!  The sad part is that you can take away the fact that he's an (alleged) pedophile, and h\xe2\x80\xa6 https://t.co/oD3Z17IrrN"""
940756302745174016,2017-12-13 01:32:35,b'Utterly ridiculous \xf0\x9f\x98\xa1 https://t.co/VBwZeVzDrI'
940745064476798978,2017-12-13 00:47:56,b'You can\xe2\x80\x99t even put together that good of a lineup in fantasy baseball.  It would not be good for the @MLB\xe2\x80\xa6 https://t.co/5rSzljsVxG'
940744615216459779,2017-12-13 00:46:09,"b'@EliraKuka @ProfNoto Ahhh, be happy!'"
940744524996935680,2017-12-13 00:45:47,b'Congrats to one of @SMUDedman @SMU \xe2\x80\x98s outstanding junior faculty! https://t.co/dtexVSgdXy'
940744004001517569,2017-12-13 00:43:43,b'@SenGillibrand So are enlightened men.  We are with you!'
940594817171640325,2017-12-12 14:50:54,b'Certainly beats reading Trump tweets or about the latest way the government plans to screw over 99% of the US popul\xe2\x80\xa6 https://t.co/ugy5bCX0oa'
940233110888833024,2017-12-11 14:53:36,"b'@DurRobert I tried to read the abstract, but couldn\xe2\x80\x99t make it all the way through'"
939916388235468800,2017-12-10 17:55:04,b'RT @BaseballRampage: Today is day 1 of our 9 Innings of Christmas Deals. To kick things off we have decided to give away a Wilson A2000 Jos\xe2\x80\xa6'
939886707503259648,2017-12-10 15:57:07,b'@causalinf One of our current dogs... total moron. https://t.co/Fk6ms4iMWM'
939873631466938368,2017-12-10 15:05:10,b'@ACLU Thank you!'
939871577822367744,2017-12-10 14:57:00,b'@nomadj1s How do you draw a \xe2\x80\x9cline\xe2\x80\x9d around something?  Doesn\xe2\x80\x99t that by definition make it not a line?'
939546103191654400,2017-12-09 17:23:41,b'@NAEP_NCES And....?'
939166333505327105,2017-12-08 16:14:37,"b""@Espngreeny Waiting on a Stanton trade and an Ohtani signing come close (but then again I don't live in Manhattan - thankfully) #MLB"""
939165743458942978,2017-12-08 16:12:16,"b'@Seema_Sunshine @J_HumanResource Yeah, the solution is for men not to be lazy and step it up at home when women hav\xe2\x80\xa6 https://t.co/O7pJHTILv1'"
938576577679577088,2017-12-07 01:11:08,"b'RT @ezraklein: It\xe2\x80\x99s true: if Al Franken should resign, so should Donald Trump. But the fact that Trump won\xe2\x80\x99t resign doesn\xe2\x80\x99t mean Franken sh\xe2\x80\xa6'"
938551991185367042,2017-12-06 23:33:26,"b'RT @ScottNevins: If baking a cake for a gay wedding means you support gay marriage, then helping a pedophile get elected in Alabama means y\xe2\x80\xa6'"
938541832371351552,2017-12-06 22:53:04,b'Jacka$$ https://t.co/cYjJ3aLtPz'
938432291013095424,2017-12-06 15:37:48,"b'RT @RawStory: Trump would bring back cancer if Obama had cured it, former Hillary Clinton staffer says https://t.co/ruyp2QwyG5'"
938432191805173761,2017-12-06 15:37:24,b'@MichaelSLinden It doesn\xe2\x80\x99t take a class in forecasting to guess which way things are headed'
938431669702483968,2017-12-06 15:35:19,b'Apparently Twiggy doesn\xe2\x80\x99t find #academiclife as exciting as I do https://t.co/BJ5h5YEkSO'
938419361529856001,2017-12-06 14:46:25,b'This how work happens at home #academiclife https://t.co/oXwcezBdoS'
938390391791013888,2017-12-06 12:51:18,b'RT @voxdotcom: You can tell what a party really cares about by watching what they\xe2\x80\x99re willing to pass \xe2\x80\x94 financing be damned. https://t.co/2X\xe2\x80\xa6'
938226840384221184,2017-12-06 02:01:24,b'Cool research spotlight about working being done @SMU @smusimmons https://t.co/C5B3jzDq7P'
938226587815895040,2017-12-06 02:00:24,b'@bakerdphd @rslbliss @chronicle Wow!  Congrats.'
938128645100630017,2017-12-05 19:31:13,b'I imagine @realDonaldTrump will let them compete for the US in exchange for re-election https://t.co/1IbTwUlQBA'
938101358808485895,2017-12-05 17:42:47,"b'@causalinf Ichino et al. (2008), ""From Temporary Help Jobs to Permanent Employment: What Can We Learn from Matching\xe2\x80\xa6 https://t.co/tHZqRZMtKu'"
937910977558958085,2017-12-05 05:06:17,b'RT @Mikel_Jollett: The President formally endorsed a child molester today.\n\nHe did this so that the child molester could support a Republic\xe2\x80\xa6'
937893921308467201,2017-12-05 03:58:30,b'@JeffFlake @MittRomney Unlike the giant stain that is the #GOPTaxScam'
937870509055905792,2017-12-05 02:25:28,b'@Sullivan_Ranger As good as it gets... watching your son work hard on defense @rgreerbaseball under an all-time full moon!'
937869949741264896,2017-12-05 02:23:15,b'There are no words \xf0\x9f\x98\xb6 https://t.co/zNGhFasDxd'
937858385831190529,2017-12-05 01:37:18,"b'Asher loves have little homework on Mondays.  First, hitting lesson.  Second, defensive work and conditioning at @rgreerbaseball.  #MLB'"
937857553047932928,2017-12-05 01:33:59,b'I\xe2\x80\x99m sure it\xe2\x80\x99s mostly poor people breathing polluted air.  Why would the govt bother to do anything about that?  \xf0\x9f\x98\xa1 https://t.co/r2gKROmeGt'
937843210541510657,2017-12-05 00:37:00,"b'@HeyBarn @Sullivan_Ranger @HillaryBarnette Welcome back, sir!'"
937830972543979521,2017-12-04 23:48:22,"b'RT @AEAjournals: The newest journal of the American Economic Association, American Economic Review: Insights, invites submissions. https://\xe2\x80\xa6'"
937830890415239168,2017-12-04 23:48:02,"b'@agoodmanbacon @johngraves9 In RCT and even a valid quasi-experiment, balance is only in expectation.  That is why\xe2\x80\xa6 https://t.co/G5UfouyKTw'"
937799524680118272,2017-12-04 21:43:24,b'@editoremilye @jenniferdoleac Pre-post comparisons don\xe2\x80\x99t also provide unbiased estimates of the missing counter factual'
937734670032220160,2017-12-04 17:25:42,b'JOE ad for the Research Data Center Administrator position at the RDC opening in 2018 in Dallas.  Please circulate\xe2\x80\xa6 https://t.co/Tmdez2zrSJ'
937699250053447681,2017-12-04 15:04:57,b'@scottimberman Send me their contact info.  I will tell them.'
937445254227165187,2017-12-03 22:15:40,b'@dynarski I think some of the problem arises from candidates pulling off jobs based on JEL codes and not reading th\xe2\x80\xa6 https://t.co/9ePrXWuKaV'
937317402177605632,2017-12-03 13:47:37,b'RT @atDavidHoffman: Senate GOP. https://t.co/3TyTzQ1U8C'
937062380885954560,2017-12-02 20:54:16,"b'As if the changes in the tax code are not bad enough, let\xe2\x80\x99s also take away people\xe2\x80\x99s health insurance and (further)\xe2\x80\xa6 https://t.co/a2yVjAIiZB'"
937012318503923712,2017-12-02 17:35:20,"b""RT @kylegriffin1: It's been 63 days since Congress let CHIP, the children's health insurance program that insures 9,000,000, expire."""
936970840985530368,2017-12-02 14:50:31,"b'When this happens to humans, @realDonaldTrump invites his wealthy friends over to mock the less fortunate and steal\xe2\x80\xa6 https://t.co/lxcSEmTACV'"
936455593119887360,2017-12-01 04:43:06,"b'@thehill And in BREAKING (non-fake) NEWS, the president is an a$$hat'"
936359892029464577,2017-11-30 22:22:49,b'@dashching It would be great to see the analogous picture for households getting a tax cut'
936344483574280192,2017-11-30 21:21:35,"b'RT @dashching: Senator McCain: the Senate GOP bill ""would directly benefit all Americans"". https://t.co/4ghfbYLPbx https://t.co/uxfVD3CLCR'"
936343532834574336,2017-11-30 21:17:49,b'RT @JohnJHarwood: JCT on effects of Senate tax bill in 2027:\n\nthose earning $200K+: $12.9B tax cut\n\nthose earning $30-50K: $12.9B tax incre\xe2\x80\xa6'
936343500282621954,2017-11-30 21:17:41,"b'RT @JustinWolfers: The official non-partisan scorekeeper -- the JCT -- has spoken, and its\' ""dynamic analysis"" says Mnuchin\'s tax bill won\'\xe2\x80\xa6'"
936232111031422976,2017-11-30 13:55:04,"b'Depressing and infuriating, but definitely worth reading if you care about this country and your fellow citizens https://t.co/7QHErceZHS'"
935948635254255616,2017-11-29 19:08:38,"b'@bakerdphd Tis true!  He retired a year or so ago from SMU, but split time with the New School in Moscow the past few years, I believe.'"
935922186031857666,2017-11-29 17:23:32,"b'So, I am not a Russian agent (although I do have Russian ancestry) and the one circled was the chair of the economi\xe2\x80\xa6 https://t.co/NrhEc3fZob'"
935860916511485952,2017-11-29 13:20:04,b'@amine_ouazad @jenniferdoleac Agree!  Don\xe2\x80\x99t put \xe2\x80\x9cacademic\xe2\x80\x9d in your cv or cover letter title.  Just signals you also have a non academic one.'
935744051244126208,2017-11-29 05:35:41,"b'@CJNitkowski agreed, but he can still minimize the price tag to acquire him if he limits the number of teams bidding'"
935717682120478722,2017-11-29 03:50:54,b'@StevePhillipsGM @CJNitkowski thought for the day: stanton shld want the team trading for him to give up as little\xe2\x80\xa6 https://t.co/GDSpKcm9az'
935637281754484736,2017-11-28 22:31:25,b'@MeetThePress @SenJohnKennedy He could have stopped after \xe2\x80\x9cif I had thought for a second\xe2\x80\x9d.'
935636245023199232,2017-11-28 22:27:18,b'@Buster_ESPN \xe2\x80\x9cNot a viable alternative\xe2\x80\x9d is the best thing that\xe2\x80\x99s been written about #Geno in years'
935541013275398145,2017-11-28 16:08:53,b'Job Posting: The Dallas-Fort Worth Federal Statistical Research Data Center is seeking an Admin (\xe2\x80\xa6 https://t.co/wrNypRYXxJ'
935538526137061377,2017-11-28 15:59:00,"b""@AbigailWozniak @seema_econ @LindenMcBride I'm not sure how accurate this thing is, but I plugged in all 4 letters\xe2\x80\xa6 https://t.co/TMdUPfXFWU"""
935530110148599808,2017-11-28 15:25:34,b'@SMU economics will begin contacting individuals for our second search in applied fields today.  Thanks to all who\xe2\x80\xa6 https://t.co/qgaBZrbA6x'
935339853398597632,2017-11-28 02:49:33,"b'Way to go @ChrisArcher22!  I knew I liked you and I will definitely root harder for you on behalf of my son, a 13-y\xe2\x80\xa6 https://t.co/idm50p80XQ'"
935313073371525121,2017-11-28 01:03:08,"b'So, one of my son\'s (public) 7th grade teachers mentioned ""Christmas break"" today in class.  My son asked, ""Why isn\xe2\x80\xa6 https://t.co/V3LBAXDtQL'"
934960058336792576,2017-11-27 01:40:23,b'@mikekofoed @dougwebberecon @Stata I was always partial to scrappy.do'
934844050204774400,2017-11-26 17:59:24,b'@Noahpinion 1a is collegiate athletics...  a few schools actually make money from it and the rest throw millions at trying to do the same.'
934454861717999618,2017-11-25 16:12:55,b'@ModeledBehavior The latter.'
934435925790265354,2017-11-25 14:57:40,b'@DBS110 Men'
933862928511406080,2017-11-24 01:00:47,b'Football... losing more of its appeal every day https://t.co/kVkJaP1Xpq'
933807737112350720,2017-11-23 21:21:28,"b'But, hey, at least @realDonaldTrump got to play some golf this week https://t.co/6DbVEOwyVo'"
933434902451752960,2017-11-22 20:39:57,"b""@shenhav_n Agreed.  I'm not sure what purpose it is supposed to serve in selling the student.  And, it makes me fee\xe2\x80\xa6 https://t.co/lHJIFlXSYa"""
933183241363664897,2017-11-22 03:59:57,"b""So, without going back and doing a formal count, I've noticed that a number of rec letters for *female* job market\xe2\x80\xa6 https://t.co/zdFk9r9HOQ"""
933169799202422785,2017-11-22 03:06:32,b'Bring back the Expos #MLB https://t.co/ssygiXsB8t'
933125285318455296,2017-11-22 00:09:39,b'\xf0\x9f\x98\x82\xf0\x9f\x98\x82\xf0\x9f\x98\x82 https://t.co/ZhkdbHvpsb'
933097378189475840,2017-11-21 22:18:45,"b""RT @EricPaulLeue: 1970s gay teachers? they'll molest kids!\n1980s gays in your home? they'll molest kids!\n1990s gays adopting? they'll moles\xe2\x80\xa6"""
933076970212151296,2017-11-21 20:57:40,"b'I am fortunate to have several excellent female colleagues in the econ department @SMU, such as @EliraKuka\xe2\x80\xa6 https://t.co/WohF3b2c6t'"
932779545932988417,2017-11-21 01:15:48,b'@economeager @scottimberman Good to know. Thanks!'
932776111397883906,2017-11-21 01:02:09,"b'@scottimberman @economeager Not to reiterate, but it is important to not lump all IV estimators together.  The fini\xe2\x80\xa6 https://t.co/Zhx8OBv7Ns'"
932747385645813760,2017-11-20 23:08:01,b'What offseason? #workethic #mlb #gostix https://t.co/Fr3RI1Fiov'
932698481805930496,2017-11-20 19:53:41,b'@SMU economics has begun contacting individuals for our junior econometrics position to set up interviews.  Our sec\xe2\x80\xa6 https://t.co/QWhTgLExqd'
932609650494754816,2017-11-20 14:00:42,b'Awful https://t.co/6hXm6Haf3z'
932388403248816128,2017-11-19 23:21:32,"b""RT @economistified: If you're on the job market, I'll even read &amp; comment on your abstract and first few intro pages for free (unless too m\xe2\x80\xa6"""
932386953177260034,2017-11-19 23:15:47,"b""I heard he's waiting to make sure the turkeys' parents are truly grateful https://t.co/XozZShGSl9"""
932350289440657409,2017-11-19 20:50:05,"b""@mlbtraderumors Don't know, but those unis are hideous!"""
932335400454098945,2017-11-19 19:50:56,"b""@causalinf It's interesting, though, that there about 5 of these job market papers looking at the same thing"""
932087771249954817,2017-11-19 03:26:56,b'RT @neeratanden: Not a single Democrat voted for this disaster. Remember who did when your taxes go up. https://t.co/v8rwArWyHL'
932086851854327808,2017-11-19 03:23:17,"b""RT @MichaelSLinden: Cindy's daughter qualifies for CHIP, which you let expire, and which is worth way more than $700 a year to Cindy and he\xe2\x80\xa6"""
931976439695642624,2017-11-18 20:04:33,b'Word \xf0\x9f\x91\x87\xf0\x9f\x8f\xbb https://t.co/3tjy2My24O'
931656145781116928,2017-11-17 22:51:49,"b'@voxdotcom Wow.  I\'d like to say that this story is incredible, but it seems like it is more the ""norm"" than ""incre\xe2\x80\xa6 https://t.co/ve6S1M91jX'"
931654583633502209,2017-11-17 22:45:36,b'Seems like a sound policy (sarcarsm) https://t.co/lw5JEqJs8u'
931583310182182912,2017-11-17 18:02:23,"b""@TDeryugina That's just awful.  I should no longer be shocked by some people's behavior, but it still does."""
931324118099783680,2017-11-17 00:52:27,b'This is just awful \xf0\x9f\x90\x98\xf0\x9f\x90\x98\xf0\x9f\x90\x98\xf0\x9f\x90\x98 https://t.co/yPR1RKNJiu'
931172018959077376,2017-11-16 14:48:04,"b""@dinapomeranz @economeager Skimming, what's missing is discussion of sample size and that the majority of studies a\xe2\x80\xa6 https://t.co/W2DlM9IpIS"""
930818478600318977,2017-11-15 15:23:13,b'@thehill Better than being a teenager harassed by an evil old man!'
930531160773550087,2017-11-14 20:21:31,b'@EliraKuka @econoshih https://t.co/1qk0zlWpfB'
930473279525093379,2017-11-14 16:31:31,b'RT @paulkrugman: Good quick summary https://t.co/b7uB4q6q4D'
930428954913181696,2017-11-14 13:35:24,b'@familyunequal He was including all the people at his inauguration'
930238378653765632,2017-11-14 00:58:07,"b""@scottimberman As long as they are not in PowerPoint.  I couldn't vote for you then."""
929755040881041409,2017-11-12 16:57:30,b'@thehill  https://t.co/PzD3XMBOyJ'
929127417708531713,2017-11-10 23:23:33,"b'RT @StixBaseballTX: Due to the watering schedule at Trinity &amp; the rain from Thursday, the Saturday Tryouts will now be at Haltom HS. Sunday\xe2\x80\xa6'"
929092157557936130,2017-11-10 21:03:26,b'Should we \xf0\x9f\x98\x82 or \xf0\x9f\x98\xa2? https://t.co/jMstmsSPMU'
929090784816705536,2017-11-10 20:57:59,b'Incredibly sad commentary on the state of politics in the US #ashamed https://t.co/HKh1WPXlZZ'
929007856640233472,2017-11-10 15:28:27,b'One of the many reasons I am (pretty much) done with football #NFL https://t.co/lrJI0vwnOQ'
929006224171036677,2017-11-10 15:21:58,"b""Of course, there should be less publication bias against null findings, but it's also incumbent on researchers to r\xe2\x80\xa6 https://t.co/AwAzRwPvWa"""
928630857136472064,2017-11-09 14:30:24,b'This is what I feel like trying to sleep lately in our house... https://t.co/2x45dtLRmX'
928443042847215617,2017-11-09 02:04:05,b'Sharing for a friend...  So true!!! https://t.co/gNPYYvWYSc'
928281300645109761,2017-11-08 15:21:23,b'@scottimberman Embrace it!  #GoBlue'
928252299914502144,2017-11-08 13:26:09,b'Wonderful times we live in today! https://t.co/esBw90RbJd'
928015432635879424,2017-11-07 21:44:55,"b""RT @Mikel_Jollett: Guns are not allowed in the U.S. Capitol and every congressman has Obamacare...in case you're wondering how these people\xe2\x80\xa6"""
927997300013699072,2017-11-07 20:32:52,"b'@TimMcKayUM @dynarski Is she really standing on his head, or is he under her foot?'"
927996988121022465,2017-11-07 20:31:37,"b""@voxdotcom It's amazing that common sense is newsworthy, but I'll take it"""
927667011416715264,2017-11-06 22:40:25,b'@business Really?  No $hit.'
927652479814258689,2017-11-06 21:42:40,b'RT @voxdotcom: The Republican tax cut bill actually raises taxes on 28 percent of US taxpayers https://t.co/gHR4gyJ9oq'
927563781609345025,2017-11-06 15:50:13,"b""@CNNPolitics Then why don't we get tough on mental health issues instead of watching the gov't gut and undermine he\xe2\x80\xa6 https://t.co/7QgN4RVDjC"""
927197918980984837,2017-11-05 15:36:25,b'@EliraKuka @danilaserra_eco Yay @danilaserra_eco'
927197598871584769,2017-11-05 15:35:08,b'@RCleviton The point is I follow soccer on twitter!'
927071538876174336,2017-11-05 07:14:13,b'@RCleviton https://t.co/2q2HTiZEFZ'
926450808803201024,2017-11-03 14:07:40,b'RT @MLB: Anyone else miss baseball already? https://t.co/YKNtDPOHkL'
925945891609038848,2017-11-02 04:41:18,b'And not a moment too soon!  #MLB https://t.co/4UlMGuIUpQ'
925905435068157953,2017-11-02 02:00:32,"b'@BryanDolgin Yes and no.  For many teams, it will temper offers, but ... it only takes one and someone will ""show him the \xf0\x9f\x92\xb0\xf0\x9f\x92\xb0\xf0\x9f\x92\xb0""'"
925510510132506624,2017-10-31 23:51:15,"b""@mattyglesias And we aren't going to tax that shitload of an inheritance ... for the sake of the truckers"""
925451516982554624,2017-10-31 19:56:50,b'@MLBPipeline @Athletics @MLBazFallLeague A hot dog is not a sandwich!'
925383481026326530,2017-10-31 15:26:29,b'@Espngreeny And putting him on the field makes @nyjets fans go from miserable to suicidal'
924998515159392257,2017-10-30 13:56:46,b'@StevePhillipsGM Heard u and @CJNitkowski all morning.  I think you are not giving these guys credit.  @astros bull\xe2\x80\xa6 https://t.co/RBm8w0pfMU'
923734830608797696,2017-10-27 02:15:20,b'@EliraKuka I promise Ariel was not discussed!'
923628056492806150,2017-10-26 19:11:03,"b""@AP This American doesn't care what Ryan says about Americans."""
923627402844147712,2017-10-26 19:08:27,"b""@thehill I'm sure people smile in North Korea too"""
923585329600368640,2017-10-26 16:21:16,"b'@StevePhillipsGM Do they consider Dusty, or do they go young?'"
923406638077366272,2017-10-26 04:31:13,"b""@StevePhillipsGM Tonight, but I'd like to see more runs scored not via the long ball as Culberson goes deep"""
923360931618480129,2017-10-26 01:29:35,b'@CJNitkowski One for Hill too https://t.co/eZ5JZJDQLT'
923355068316946432,2017-10-26 01:06:18,b'When you really want to throw a 90mph fastball to Altuve @MLB #worldseries17 https://t.co/mK2K2Cl7AR'
923341807722926082,2017-10-26 00:13:36,b'RT @tribelaw: R Cong finally has 1st legislative success under Trump: screwing consumers out of any remedy agnst banks that ripped em off.\xe2\x80\xa6'
922517146894307329,2017-10-23 17:36:42,b'Agreed! https://t.co/2g5AO17lvk'
922237307113082880,2017-10-22 23:04:43,b'@KiraboJackson It should suffice to simply state that no causal conclusions should EVER be drawn from time series (\xe2\x80\xa6 https://t.co/JqJ9nub38a'
922164975875035136,2017-10-22 18:17:17,b'@CJNitkowski Get used it to it.  13u son plays select in DFW since 7u.  Seen plenty of awful parents and bad coaching.'
920471697270165504,2017-10-18 02:08:48,b'@dynarski My student has a paper under review showing that trade with China has a beneficial causal effect in terms\xe2\x80\xa6 https://t.co/3khdBbwoZi'
920107328158027777,2017-10-17 02:00:56,"b'@StevePhillipsGM Good call, except off Harris pitch.  Robbed Judge of a grand slam (perhaps)!'"
920106119321833472,2017-10-17 01:56:08,"b""RT @ABC: LATEST from Puerto Rico:\n\n-48 dead, 111 missing\n-5,141 people are still in 106 shelters\n-15% of island's customers have electricit\xe2\x80\xa6"""
919608525483102211,2017-10-15 16:58:52,"b""RT @voxdotcom: 9 essential things to know about Puerto Rico's humanitarian crisis: https://t.co/BzBT1grGzc"""
919597332185997312,2017-10-15 16:14:23,"b""@brett_matsumoto @mikemadowitz @AbigailWozniak I tweeted on behalf of SMU.  I'm chairing our junior econometrician\xe2\x80\xa6 https://t.co/7fOjg24zL2"""
919387024318066688,2017-10-15 02:18:42,"b""@BryanDolgin It tends to be more rare because it's from before the player is a star #economics #supplyanddemand"""
919238797568696321,2017-10-14 16:29:42,"b'@DKThomp In all seriousness, is there more pressure or less ability to handle it or more openness to talking about it?'"
919181725359575040,2017-10-14 12:42:55,b'Sounds like good policy \xf0\x9f\x98\xb3 https://t.co/UaLSyzmN1p'
918993206913757184,2017-10-14 00:13:49,b'@SenBooker Unless you live in Puerto Rico and your name is @realDonaldTrump #PuertoRico'
918953625644302337,2017-10-13 21:36:32,b'@scottimberman And uses non peer reviewed work even more skeptically'
918953472803983361,2017-10-13 21:35:55,b'#GoStix https://t.co/s1ENtCilHI'
918945977670742018,2017-10-13 21:06:08,b'Traveling to Texas Rose Horse Park.  One tired teenager! https://t.co/NsoZc0tzTj'
918837573463678978,2017-10-13 13:55:23,"b""@AbigailWozniak Happy to have SMU participate!  I'm chairing our search for a junior econometrician.  @EliraKuka #EJMinfo"""
918691567652581377,2017-10-13 04:15:12,b'This could be in jeopardy https://t.co/80nI0X3nng'
918687013875757056,2017-10-13 03:57:07,b'@BryanDolgin @Cubs The 7th is the 9th until the 9th is the 9th'
918650478111621120,2017-10-13 01:31:56,"b""@dynarski Pizza cook at Big Fred's in Omaha, NE"""
918603913481392128,2017-10-12 22:26:54,b'RT @weilanch: Please help us spread the word!  Great work and even better colleagues. https://t.co/Qd4z3WVOHJ'
918603657402253312,2017-10-12 22:25:53,b'RT @scottimberman: Come work with us!!! https://t.co/NEqUwXGXVz'
918506422412955649,2017-10-12 15:59:30,b'Worthwhile read for economists https://t.co/BlkCxhOB5O'
918172974997561345,2017-10-11 17:54:30,"b""@CJNitkowski You should thank @realDonaldTrump for making his premiums too high.  I'm sure he can no longer afford his health care!"""
917897326236192769,2017-10-10 23:39:10,b'@Independent Yet another example of substituting capital for labor'
917571768512020480,2017-10-10 02:05:31,b'@NBCDFW Hell no!'
917482141830844416,2017-10-09 20:09:23,b'@AP I have now abandoned @espn and the @NFL.  #FreeJemele'
917478486322962433,2017-10-09 19:54:51,b'@thehill #FreeJemele'
917416549178372096,2017-10-09 15:48:44,b'@NatGeo I once caught a fish thiiiiissss big!'
917096572252454912,2017-10-08 18:37:16,b'@thehill Is there any chance he left because he realized he was at the 49er-Colt game?  Wanted to go somewhere to see Jets-Browns? #nfl'
914919836584742912,2017-10-02 18:27:42,"b'So weird seeing pictures of debates going on and not seeing any ""nerd carts"" or boxes of files! https://t.co/VnbmsghVF6'"
914919492093906949,2017-10-02 18:26:19,b'And how would the bar owner respond if people told him that that is not an appropriate way to protest his displeasu\xe2\x80\xa6 https://t.co/YUwnIJTrcn'
914134261967544322,2017-09-30 14:26:06,b'@thehill I wish he were drunk... then there would be a chance he would sober up'
913248365349163008,2017-09-28 03:45:52,b'Classic! https://t.co/SismlRybKg'
912388702713913344,2017-09-25 18:49:52,"b""RT @GeorgeTakei: Where's your outrage, Donald? https://t.co/yXsguV3Iig"""
912126281709481984,2017-09-25 01:27:06,b'@NBCDFW Yes'
911618177007841280,2017-09-23 15:48:05,"b""@scottimberman Booooo!  Baseball is the intelligent person's sport!"""
911616295069773832,2017-09-23 15:40:36,b'@cnni Why is the scale of the vertical axis so off from the data?'
911601587088486400,2017-09-23 14:42:09,"b""@KeithOlbermann And don't forget the referee's wife at home applauding him is a woman!"""
911265152749768704,2017-09-22 16:25:17,"b""Oh, this is awesome!  I had to keep checking to make sure it wasn't an Onion article.  Frankly, I don't even care i\xe2\x80\xa6 https://t.co/56rU7mnLpS"""
909079917182308352,2017-09-16 15:41:56,"b""RT @Independent: Donald Trump won't like these pictures of him in a dress so don't share them https://t.co/AP5bnZK0kN"""
909079380160401409,2017-09-16 15:39:48,b'\xf0\x9f\x98\x82 https://t.co/X9ZAu8d7Rx'
908356268301185031,2017-09-14 15:46:25,b'I find watching this very relaxing https://t.co/rtLMLLqNI7'
907944845238587392,2017-09-13 12:31:34,"b'In further developments, the youngest has now been deported from the US https://t.co/pa0fy2fyEu'"
907627132020563969,2017-09-12 15:29:05,b'trying to book a hotel room through the @aea is the worst experience in academia'
905819989386690564,2017-09-07 15:48:09,"b'RT @MichaelSLinden: No, the United States is not ""the highest taxed nation in the world."" Maybe a gif will convince the president to stop r\xe2\x80\xa6'"
905647454695063552,2017-09-07 04:22:33,b'Did we not learn anything from Terminator? https://t.co/GaPROhWjxW'
904873791263789056,2017-09-05 01:08:18,"b'Can I get an ""amen""?! https://t.co/0nSMXvxvgc'"
903293584367124482,2017-08-31 16:29:07,"b""@DrewCHallett As a DFW resident, try Velvet Taco.  One in Dallas and Ft Worth.  La Duni is also similar to Gloria's for Latin."""
903265013766467584,2017-08-31 14:35:35,"b'RT @PennStateIFC: With the current devastation in Houston, we are pledging $0.15 for every RT this gets! Please forward this along to help\xe2\x80\xa6'"
902726315262042113,2017-08-30 02:55:00,b'@scienmag @AcademicsSay professors when a student is heading toward office hours'
902213612827238400,2017-08-28 16:57:42,"b""@amitabhchandra2 That's fantastic news"""
902213222027186176,2017-08-28 16:56:09,"b'@WatchStadium Ah, this is fantastic!  Bring back the mascots!'"
901482100112666629,2017-08-26 16:30:56,b'RT @raffasadun: Why male scientists devalue research that shows gender bias in the field. https://t.co/psmezNQFoi via @WIRED'
901101476013105152,2017-08-25 15:18:28,b'@scottimberman Maybe they mean @NorthwesternU?'
900460177190768641,2017-08-23 20:50:10,"b'RT @nomadj1s: Save the Date: Econ Twitter panel on kids, family, &amp; career\n\nWednesday, September 6th\n9p EDT\n\n#econlife https://t.co/AQM3layV\xe2\x80\xa6'"
899686214319689730,2017-08-21 17:34:43,b'Pretty cool! https://t.co/VUjMZ7OXUl'
899630106729218048,2017-08-21 13:51:46,b'Need this more than ever! https://t.co/Om0XfsVvkc'
899406802709884928,2017-08-20 23:04:26,b'RT @IlliniBizDean: A plea to my male senior colleagues in economics\n\nhttps://t.co/b6IGqSeHdi'
899267289694035970,2017-08-20 13:50:04,"b'@GottliebShow Is it just me, or did he fumble before he was hit?'"
897501138504695809,2017-08-15 16:52:00,b'@NBCDFW yes'
896836451450671108,2017-08-13 20:50:47,"b""@rangers this #beltre kid is pretty good.  I think he'll stick around a while."""
895845974098272257,2017-08-11 03:14:58,b'@BryanDolgin @scottmerkin  https://t.co/uvrIFkcRuB'
895716127581454336,2017-08-10 18:39:01,b'#GoBlue https://t.co/y5y5pdy5us'
892754974010208256,2017-08-02 14:32:27,"b""@RefDemo @YahooSports Agreed.  What's the point of a wall then?"""
892406295982223360,2017-08-01 15:26:55,b'@SI_PeterKing I want to get 40.'
891775588582780928,2017-07-30 21:40:43,b'Wow! https://t.co/65fLrZyNyQ'
891772940089520129,2017-07-30 21:30:11,b'Awesomeness https://t.co/ZEwkOL7hMQ'
891392911077777410,2017-07-29 20:20:05,"b'@OldTimeHardball @Montreal_Expos @Expos2019 Bring back the @Montreal_Expos, please!'"
889898622443302913,2017-07-25 17:22:19,b'@TimCowlishaw #ItWasUNLucky'
889897627311104000,2017-07-25 17:18:22,"b""@coopmavs And I'm tired of the @dallascowboys only cutting criminals who aren't going to make the team.  I'm sick o\xe2\x80\xa6 https://t.co/53QtOwisAK"""
889683253954785280,2017-07-25 03:06:31,b'@BryanDolgin @Rangers Heading out there tomorrow.  Any chance???'
888799684059443201,2017-07-22 16:35:32,b'@bigleaguestew The reason why Asher wears 31'
888088639842000896,2017-07-20 17:30:06,b'Great organization!  Come try out!  #StixFam #StixBaseball https://t.co/pEvk2hrKTY'
886206083999690752,2017-07-15 12:49:29,b'@BryanDolgin @Rangers and they trade Lucroy'
885198914160402436,2017-07-12 18:07:21,b'RT @AcademicsSay: Summer work can be a lonely time for academics. A gentle reminder: you are not alone :) https://t.co/gukHZUX6ju'
884977154215354368,2017-07-12 03:26:10,b'@watchstadium Jazz hands?'
883058050583715840,2017-07-06 20:20:20,b'@taykuy It worked in Field of Dreams!'
882299966294720512,2017-07-04 18:07:58,b'@ShamsCharania @coopmavs What is it say when Knicks FA targets prefer Sacramento?? \xf0\x9f\x98\x82'
882299488374849540,2017-07-04 18:06:05,b'@DEAGiles @uvicgradstudies There is a similar paper by Judge &amp; Mittelhammer in Advances in Econometrics from a few years ago'
882230556108390400,2017-07-04 13:32:10,b'Happy fourth! https://t.co/4BdBMURDEb'
879858684297449472,2017-06-28 00:27:11,"b""RT @ESPNStatsInfo: The three other schools with a national championship in baseball, men's basketball and football:\n\nOhio State\nUCLA\nMichig\xe2\x80\xa6"""
879464195258974208,2017-06-26 22:19:38,b'Ugh! https://t.co/It2CpdRBo3'
877983885442678784,2017-06-22 20:17:25,b'@BryanDolgin @MLB The ball is different'
877568477413822464,2017-06-21 16:46:44,"b'@JustinWolfers Yes, but there is likely substitution going on away from school. Legislating one input in the produc\xe2\x80\xa6 https://t.co/oDrqKfINhl'"
876863517223243780,2017-06-19 18:05:28,"b""RT @richardjustice: He's not even one of our 10 dumbest pols in Texas. https://t.co/LkHqVgwqN2"""
875414834103422977,2017-06-15 18:08:55,"b'Asher\'s in there somewhere if you wish to play ""Where\'s Asher?"" https://t.co/VwsiUc9Vfp'"
873610895607209985,2017-06-10 18:40:43,b'@JustinWolfers Is it causal?'
870734483779080192,2017-06-02 20:10:53,b'@TxStormChasers Argyle https://t.co/THLp45HUm4'
870733436503207936,2017-06-02 20:06:43,b'@wfaaweather  https://t.co/G0xdGR8lLs'
870727346151542785,2017-06-02 19:42:31,b'@scottimberman There should only be one law:  it had better be there under a clear and defensible set of assumption\xe2\x80\xa6 https://t.co/xn5zrRVN79'
870726801084915712,2017-06-02 19:40:21,"b""@scottimberman Don't even necessarily agree with 2.  IV is very temperamental.  Always proceed with caution."""
867815188409581572,2017-05-25 18:50:38,b'@JulieFineNBC5 @NBCDFW Of course not.  Legalized discrimination is a no-brainer.  Banning texting while driving req\xe2\x80\xa6 https://t.co/2BVPTluoYM'
865930462715412480,2017-05-20 14:01:25,"b""@DrewCHallett Of course, Rutgers wasn't the #1 seed"""
865929785071075329,2017-05-20 13:58:43,"b""@BryanDolgin @MLB It's also riddled with new injury stories"""
864989556059275264,2017-05-17 23:42:35,b'RT @TheJusticeDept: Appointment of Special Counsel https://t.co/O3i7TWVDdO'
864837263771004928,2017-05-17 13:37:26,"b""@ForTheWin That's because LeBron will be in his 60s (at least) then"""
863505021568253954,2017-05-13 21:23:34,b'@NBCDFW @united Why?  Was @united trying to bump it from its flight???'
860148801411174402,2017-05-04 15:07:09,b'Worth reading!  Ugh!! https://t.co/difTJ3Ndhy'
859953088999960578,2017-05-04 02:09:28,b'Krikey! https://t.co/VhUAvxV6Rs'
858334146300706841,2017-04-29 14:56:22,b'#alternativefact https://t.co/37AibGB9tC'
855536975448866816,2017-04-21 21:41:24,"b'Nothing beats playing catch with your child, no matter how old one gets https://t.co/gb1NnK2u73'"
854446737351639040,2017-04-18 21:29:11,b'@EliraKuka well done! https://t.co/9kJB25MGVz'
851899559206944768,2017-04-11 20:47:37,b'RT @ezraklein: Stepped away from the internet for a few hours and came back and WHAT THE HELL  https://t.co/K5jU75E5Hy'
850545434653229056,2017-04-08 03:06:48,b'@NBCDFW yes'
849362430966870016,2017-04-04 20:45:58,"b'RT @voxdotcom: On #EqualPayDay, these are the most unequal jobs in America: https://t.co/wcZMOuiB2v'"
847885589965922304,2017-03-31 18:57:32,b'Prospects for Sunday baseball are not looking good at the moment https://t.co/c1ARWL78En'
847843671064150016,2017-03-31 16:10:58,b'No doubt! https://t.co/xZb5KB3UAj'
846462003740848128,2017-03-27 20:40:42,"b'@DanWolken except for all the games they lost, they were undefeated!'"
846461151307354112,2017-03-27 20:37:19,b'@StatsOnFire San Antonio'
846368993145487361,2017-03-27 14:31:07,"b'RT @coachingsearch: Frank Martin: ""If you lose the desire to fight for your dream, don\'t get mad when you don\'t get it.\xe2\x80\x9d https://t.co/SYr7p\xe2\x80\xa6'"
846358702357663745,2017-03-27 13:50:13,"b'RT @ezraklein: This, from @awprokop, is very good:  https://t.co/r6QgNUmeVL'"
846138334946758657,2017-03-26 23:14:34,b'Still going ... Gonna be a late night trip back to DFW.  #pinoak\xe2\x80\xa6 https://t.co/BgrWzbnf51'
846057232550821888,2017-03-26 17:52:17,b'Word! https://t.co/qesHHnERVi'
845401029478944770,2017-03-24 22:24:46,"b""@ezraklein Trump has problems, yes, but it's amazing that Ryan succeeded in playing him but for an awful policy. They both look like fools."""
843999364829888512,2017-03-21 01:35:03,"b'""Hurry, let\'s do something quickly ... even if it\'s totally stupid!"" https://t.co/7Gr02b6bxD'"
843974925954285568,2017-03-20 23:57:57,"b""Asher's working off the spring break rust https://t.co/Wdy7ns4Le6"""
843531832180297728,2017-03-19 18:37:15,b'RT @umichbball: THIS WIN IS SWEET!!!!! \n\n#GoBlue #MarchMadness #Sweet16 https://t.co/20R8JNj9BR'
843508494896713728,2017-03-19 17:04:31,"b'RT @ChelseaClinton: Other species? Other ethnics? White nationalism painfully alive and on live TV. No pretense, even laughter. Is this rea\xe2\x80\xa6'"
842528517359263744,2017-03-17 00:10:26,b'RT @MarkThoma: How to Restore Faith in Economics - Noah Smith https://t.co/VXUuNTxKmW'
842052746928775168,2017-03-15 16:39:54,b'Excellent read so that everyone has a better understanding of health care (and politics)! https://t.co/ljOKM3ZV0g'
836785487859834882,2017-03-01 03:49:41,b'@NBCPolitics @MSNBC out of labor force does not mean out of work.  People are OLF if they are not working and not actively seeking work.'
836351242737692672,2017-02-27 23:04:09,"b""@ForTheWin I guess he did not listen to @stephenasmith on @MikeAndMike this morning.  Or he did, and he's doubling down."""
834490528150364160,2017-02-22 19:50:20,b'For those who think we have it easy \xf0\x9f\x98\x82 https://t.co/35DfdU9EF3'
829795277179588614,2017-02-09 20:53:05,b'RT @UMichFootball: Michigan Stadium is undisputedly one of football\xe2\x80\x99s most legendary venues. \n\nTHIS IS MICHIGAN \xc2\xbb https://t.co/7vaTBNA0t4\xe2\x80\xa6'
829413963536297984,2017-02-08 19:37:53,b'RT @AcademicsSay: regression | @PHDcomics https://t.co/37vKglhpw2 https://t.co/DzitaThbCB'
829111158338621441,2017-02-07 23:34:38,b'RT @umichbaseball: Paradise. https://t.co/JrLAPhndTU'
828452534813675520,2017-02-06 03:57:30,b'RT @SportsCenter: \xf0\x9f\x90\x90 https://t.co/jfWzTqj2gA'
828451337331437568,2017-02-06 03:52:45,b'RT @CBSSports: https://t.co/72II0rXqlo'
825880893646630914,2017-01-30 01:38:43,b'I stand firmly with the Muslim community. I reject the voices that seek to divide. I fight for all families. #txlege https://t.co/3IFu5JaXC4'
825397731086704640,2017-01-28 17:38:48,"b'@NewbergReport @rianwatt or stated differently: ""signing free agents is dumb"" (build through the draft)'"
819203363116032001,2017-01-11 15:24:36,"b'RT @SouthlakeStyle: #OperationKindness, the largest no-kill shelter in Texas broke records  in 2016 by saving 4,566 homeless animals https:\xe2\x80\xa6'"
819185558140387329,2017-01-11 14:13:51,"b'RT @UpshotNYT: At a recent conference of economists, the mood was of deep gloom. https://t.co/Im9rnnt3r7 https://t.co/nOOaXBS7qw'"
816467865238958080,2017-01-04 02:14:42,"b""@jemelehill @theScore when you get shut out, don't you deserve mistreatment?!  ugh.  oh how I hate ohio state!"""
812814239169658880,2016-12-25 00:16:30,"b'RT @DrewCHallett: Michigan State has the fewest football and hoops wins in the Big Ten since the start of 2016-17 (11). Yes, even fewer tha\xe2\x80\xa6'"
808101671687618562,2016-12-12 00:10:26,"b'@SportsCenter and in other news, Jeff Fisher is signed to another extension'"
799673112744914944,2016-11-18 17:58:21,b'RT @SMUBasketball: Shootaround at @TheGarden... SMU versus Michigan in the @2KClassic  championship game tonight at 7pm ET/6pm CT on ESPN2.\xe2\x80\xa6'
798594829013815296,2016-11-15 18:33:39,b'RT @weatherchannel: October keeps 2016 on pace to be the warmest year on record: https://t.co/x0FFkxZVyV https://t.co/BocWsR2lPh'
796901229343477760,2016-11-11 02:23:53,b'RT @StixBaseballTX: Reminder @StixBaseballTX Tryouts this weekend for Spring/Summer! Please retweet and spread the word. @stix_south #StixF\xe2\x80\xa6'
792113972992323584,2016-10-28 21:21:02,"b""RT @StixBaseballTX: Stix Tryouts for '17 Spring/Summer are posted! Please retweet and help us spread the word. #StixFam #StixBaseball https\xe2\x80\xa6"""
742803595532238848,2016-06-14 19:39:12,"b'RT @BaseballQuotes1: If you get an out on 1 pitch, take it. If you throw a lot of pitches, before you know it your arm is gone-Doc Gooden h\xe2\x80\xa6'"
733487204756951040,2016-05-20 02:39:11,b'RT @CBSSportsMLB: Report: Rangers to soon announce plans for new retractable roof ballpark https://t.co/1W54dsnWXq'
727287288426717184,2016-05-03 00:02:56,b'@HoopsRumors NYC.  They definitely need a team.'
718526568126021632,2016-04-08 19:50:58,"b""RT @Baseball_Photos: 27 years ago today @jabbottum31 made his @MLB debut. Don't ever let anyone tell you that you can't do something. https\xe2\x80\xa6"""
717709645133950976,2016-04-06 13:44:48,"b""@Joba_44 Thanks for the catch with my son b4 the @Rangers gm on Sat during BP! He'll never forget! #GBR #Huskers https://t.co/4vbqZiiLVm"""
688579655163486208,2016-01-17 04:32:37,"b""@MikePereira how does the call stand?  You can see the entire play.  Should've been confirmed or overturned.  Seem to punt on what's a catch"""
666468122879070208,2015-11-17 04:09:17,b'RT @DallasFedComDev: .@UofC Derek Douglas great presentation on The Impact University! #IntentImpact2015 https://t.co/NJl4R14oVL'
659156102773260288,2015-10-27 23:53:56,b'@BBTN gotta put Sano in there for this year!  He is awesome (and I am not a @Twins fan)'
656814737569673216,2015-10-21 12:50:11,"b'RT @bestcolleges_: Southern Methodist University (Dallas, TX) \xf0\x9f\x8c\xb3 http://t.co/7vc79kUqvt'"
653380797890625536,2015-10-12 01:24:56,b'@BryanDolgin or it might not be'
645978998820859904,2015-09-21 15:12:49,"b'@jabbottum31 Agreed!  Jim has won twitter.  Good night, everyone!'"
645380906987819009,2015-09-19 23:36:13,b'@BryanDolgin @huskers holy crap #NEBvsMIA'
643052892883017728,2015-09-13 13:25:31,b'Awesome pic #SMU http://t.co/3RSwrI81nW'
642792195108409344,2015-09-12 20:09:36,b'@TouchdownTommie nasty OL play'
640141298129735680,2015-09-05 12:35:53,b'RT @TheEconomist: Why the possibility of Mr Trump becoming the Republican nominee is a terrible thing http://t.co/EIlj8alLWK http://t.co/aQ\xe2\x80\xa6'
631097382420090880,2015-08-11 13:38:35,"b""RT @voxdotcom: Most parenting advice is worthless. So here's some parenting advice. http://t.co/WwYZbp5Wmt http://t.co/TYtaDgbK1U"""
629673488530280453,2015-08-07 15:20:33,"b'RT @DrewCHallett: New NCAA Stadium Capacity List:\n\n1. Michigan: 107,601\n2. PSU: 106,572\n3. OSU: 104,944\n4. TAMU: 102,512\n5. Tennessee: 102,\xe2\x80\xa6'"
626924734161141760,2015-07-31 01:17:58,b'@120Sports the fact that they are the bills'
626831331570221056,2015-07-30 19:06:50,b'RT @ITatBrown: A #throwbackthursday to when we taught @BrownUniversity\xe2\x80\x8b about the internet in spring 1993 #tbt http://t.co/Z0BAb5A1NV'
622080768861343744,2015-07-17 16:29:47,"b'@swmckewonOWH wisc, mich, penn st, oklahoma, ucla'"
608258989793505280,2015-06-09 13:06:58,"b'@120Sports ""I said leggo my eggo!""'"
600700281391714304,2015-05-19 16:31:22,b'@threesquareLV @SMUkimcobb enjoying my time at the food insecurity research conference discussing my joint work with the @ntfb #threesquare'
595710884472868865,2015-05-05 22:05:17,b'@RandyGregory_4 @Byron16Jump what numbers will you be?  #GBR'
593087514010783744,2015-04-28 16:20:57,"b'@SportsCenter Well if @raylewis says violence is bad, of course we must listen http://t.co/6RYnA4LgbD'"
585939122981703681,2015-04-08 22:55:47,b'RT @TCEQNews: .@TCEQNews - @SMU Prof. Daniel Millimet on economic impact of environmental regulation @TERAscience wrkshp. http://t.co/9PWJ8\xe2\x80\xa6'
580171444664975360,2015-03-24 00:57:06,b'@JeffDenning Congrats!  Well deserved.'
578669359016480768,2015-03-19 21:28:21,b'#SMUs road just got much tougher #PonyUp #dontcountyourchickens'
578628504406740992,2015-03-19 18:46:00,"b""#SMU's road potentially just got easier #PonyUp"""
576182040355213312,2015-03-13 00:44:38,b'@Carrollisd spring break with the #Rangers http://t.co/EK0U4ytTH8'
570686327039127552,2015-02-25 20:46:37,"b'@BBTN wow.  if I go gluten-free, maybe I can be a 20-10 guy at my sunday morning pickup game'"
562086049027870720,2015-02-02 03:12:11,"b'RT @SportsCenter: Tom Brady wins 4th Super Bowl of his career, ties Terry Bradshaw &amp; Joe Montana for most ever for starting QB. http://t.co\xe2\x80\xa6'"
562085170837069825,2015-02-02 03:08:42,b'RT @Rangers: Football is behind us. Baseball is coming. #NeverEverQuit http://t.co/jAfiZEzllz'
562085055900565504,2015-02-02 03:08:15,"b'RT @umichfootball: Congrats, Tom. #GoBlue http://t.co/Nt2y2M0LYE'"
561708140128116736,2015-02-01 02:10:31,b'RT @CWRULawLibrary: .@CaseWResLRev 64:4 now available: http://t.co/6hy7tIRNuA @CLEQuality @dlmillimet @ProfDanielLyons @shapiro_stuart @Kat\xe2\x80\xa6'
560129150128644096,2015-01-27 17:36:10,"b""@BryanBroaddus @dpbrugler I'm a #Husker homer (living in DFW) and Gregory scares me too.  Abdullah does not.  He's a pro."""
560128228497453056,2015-01-27 17:32:31,"b'RT @voxdotcom: On the 70th anniversary of Auschwitz\xe2\x80\x99s liberation, read this survivor\xe2\x80\x99s searing essay http://t.co/BLqheUkS4w http://t.co/r9Q\xe2\x80\xa6'"
548123802614648832,2014-12-25 14:31:12,"b'RT @voxdotcom: The most important chart of 2014, explained in under a minute http://t.co/PaFIJkNClt http://t.co/k1ELDTQhXA'"
548123460078407681,2014-12-25 14:29:51,"b""RT @JeffDSachs: Biggest lie in economics is that helping the poor hurts the economy. That's a fable told by the rich. Mainstream economics \xe2\x80\xa6"""
547863220309229568,2014-12-24 21:15:45,b'@DanWolken @ForTheWin real men go for 2  #GBR #Huskers #Osborne'
546893709741424640,2014-12-22 05:03:15,b'RT @AverageGoal: Goals for winter break: http://t.co/6iNHiWZFUM'
543958711148888065,2014-12-14 02:40:37,b'RT @HistoricalPics: Make the most of it! http://t.co/I9uJeKlZMs'
543056764942303232,2014-12-11 14:56:36,"b""@TexAgs @SiriusXMNFL @Bengals AJ's too tall"""
541641475818549248,2014-12-07 17:12:45,"b'RT @BaseballQuotes1: Find something you love, and go after it, with all of your heart. -Jim Abbott http://t.co/kU7kXKk7xE'"
541448124603305985,2014-12-07 04:24:27,b'@TimCowlishaw putting osu in avoids the bad pub of ignoring head to head as Baylor does not deserve to be in'
539138781530427392,2014-11-30 19:27:56,"b""When it's not clear cut, should a public institution really waste $8M to fire a sports coach?  #Huskers #GBR"""
536143867234779138,2014-11-22 13:07:13,b'RT @thei100: The Pope on climate change: God always forgives\xe2\x80\xa6 but the Earth does not http://t.co/Ntpx5PIQXn http://t.co/vjoB8pJABc'
535105685164261376,2014-11-19 16:21:51,"b'@jaysonst and they said ""our plan is to give you $325 million""'"
518383482046017536,2014-10-04 12:53:47,"b""@ESPN_Colin Nebraska has a legit Heisman Trophy RB In a college game where running still matters... But I'm nervous."""
514914860900298753,2014-09-24 23:10:44,"b""RT @JustinWolfers: This is the most remarkable chart that I've seen in some time. An extraordinarily important trend: http://t.co/p5CpqdAc6\xe2\x80\xa6"""
508341319224537088,2014-09-06 19:49:49,b'RT @BleacherReport: VIDEO: Nebraska\xe2\x80\x99s Ameer Abdullah runs for a ridiculous 58-yard TD vs. to beat McNeese State http://t.co/wibwyp8QPK http\xe2\x80\xa6'
508103334486884352,2014-09-06 04:04:09,"b'@BryanDolgin World Series, baby!'"
505893217116884992,2014-08-31 01:41:56,b'RT @Sean_Callahan: Had no idea the 784 yards by Nebraska today is the most ever by a Big Ten team. #Huskers'
505793409777688577,2014-08-30 19:05:20,"b""RT @Baseball_Photos: Never give up on something you can't go a day without thinking about. http://t.co/PPCXk8BOFM"""
500786895476232193,2014-08-16 23:31:14,b'@Ianfitzespn DC defense has been SPECTACULAR'
497240222120546304,2014-08-07 04:38:01,"b'RT @SportsCenter: Jack Hoffman, the 8-year-old Nebraska football fan, has had a recurrence of brain cancer. Our thoughts are with Jack: htt\xe2\x80\xa6'"
493784494713733121,2014-07-28 15:46:12,"b'@Espngreeny good interview, terrible job by nfl. Birch right that punishment means nfl does not condone, but severity places DV low on totem'"
493463117087518722,2014-07-27 18:29:09,b'@USATODAYsports how much space dies it take to show a zero for their score?'
493460992886460416,2014-07-27 18:20:43,"b""RT @BaseballHall: #FirstLook: Greg Maddux's Hall of Fame plaque http://t.co/zPAFuJeIyA"""
493019301268295680,2014-07-26 13:05:36,b'RT @laureldavilacpa: #GOPocrisy The only thing they hate about Obamacare is Obama. http://t.co/Sfhlgfv11x'
476381135664979968,2014-06-10 15:11:28,"b'RT @Baseball_Photos: ""Little League baseball is a very good thing because it keeps the parents off the streets."" -Yogi Berra http://t.co/8D\xe2\x80\xa6'"
475364440309628928,2014-06-07 19:51:29,"b'RT @Baseball_Photos: ""It\'s easy, man. I just take the ball and throw ...They either hit it or they don\'t.."" -Vida Blue http://t.co/nqdS4YIe\xe2\x80\xa6'"
470950139721687040,2014-05-26 15:30:37,b'RT @DeptofDefense: On #MemorialDay please take a moment to remember those that made the ultimate sacrifice while serving. http://t.co/j6w4q\xe2\x80\xa6'
469866727204220928,2014-05-23 15:45:32,b'@GottliebShow I think you just made a cross-racial comparison... Way to go!'
464581251702472705,2014-05-09 01:42:56,b'@Espngreeny not Johnny Football'
464554155747835904,2014-05-08 23:55:16,"b""RT @JessamynESPN: Probably the most accurate I've seen to date RT @TomFornelli: THE MOMENT YOU\xe2\x80\x99VE ALL BEEN WAITING FOR: My mock draft. http\xe2\x80\xa6"""
457551226230411264,2014-04-19 16:08:07,b'RT @randallfootball: Truth! http://t.co/vA7LqQvG9P'
457177142371946496,2014-04-18 15:21:39,b'RT @NBCNews: 49 million Americans live in food insecure households http://t.co/YMhnmKRuqP #InPlainSight http://t.co/BnQBzUIp4q'
454823528970219520,2014-04-12 03:29:14,b'@espn_durrett why not bunt to 3b with shift?'
454234632502800384,2014-04-10 12:29:10,b'@MikeAndMike easy!  I HATE trips to the mound.  Allow only 1 trip per game that does not involve taking the P out.  #ChangeTheGame'
453322712660717568,2014-04-08 00:05:31,"b'RT @JalenRose: Bald heads,Black shoes/socks,Best selling book,Highly acclaimed  documentary,Shattered cultural &amp; racial barriers. Case clos\xe2\x80\xa6'"
451781208037261312,2014-04-03 18:00:08,"b'RT @umichbball: 25 years ago today, these guys shocked the world. #tbt http://t.co/zcq1WFbSHq'"
449361140435255296,2014-03-28 01:43:39,"b'RT @darrenrovell: Miguel Cabrera will earn $49,423 PER AT BAT over the next decade. Median annual income of a household in Michigan: $48,47\xe2\x80\xa6'"
449019975022292992,2014-03-27 03:07:59,b'RT @SMUBasketball: Nic Moore buries a triple with 6 seconds left. and the MUSTANGS WIN!!!!!!! THE MUSTANGS WIN! 67-65 #PonyUp #NIT #CALvsSMU'
446322198614007808,2014-03-19 16:27:59,"b'RT @BaseballQuotes1: Man this is baseball. You gotta stop thinking, just have fun. -The Sandlot'"
444196173474050048,2014-03-13 19:39:55,b'RT @BaseballQuotes1: Little League baseball is a very good thing because it keeps the kids off the streets. -Yogi Berra'
443978632000593920,2014-03-13 05:15:29,"b""@coopmavs it's hard to be a fan of @Trey_Burke3 when he's beating your gators in the tourney"""
443977317535084544,2014-03-13 05:10:15,b'\xe2\x80\x9c@FootballPost: Jets land Eric Decker http://t.co/LTnMbnKvOl\xe2\x80\x9d from Peyton to gino ... and decker was never heard from again'
443777070754045953,2014-03-12 15:54:33,b'RT @JustinWolfers: The rising education of women is one of the most important (and under-researched) transformations of our time. http://t.\xe2\x80\xa6'
443135562145226753,2014-03-10 21:25:25,"b""RT @BaseballQuotes1: Any time you have an opportunity to make a difference in this world and you don't, then you are wasting your time on E\xe2\x80\xa6"""
442850647528841216,2014-03-10 02:33:16,"b""RT @SportsCenter: They're storming the court in Lincoln! Nebraska upsets No. 9 Wisconsin, 77-68. Terran Petteway drops 26 Pts, 10 Reb for B\xe2\x80\xa6"""
440849809482604544,2014-03-04 14:02:39,b'RT @SMUBasketball: .@nytimes - A Winning Script in Yet Another Act - http://t.co/eGhPFFfSxC'
433257479036612609,2014-02-11 15:13:27,"b'RT @BCAppelbaum: In a significant break with Fed tradition, Janet Yellen is not wearing a tie.'"
432701087791861760,2014-02-10 02:22:33,b'@keithlaw except the dolphins take him off their board!'
432347718778748929,2014-02-09 02:58:23,"b'RT @ESPNStatsInfo: SMU beats No. 7 Cincinnati 76-55; Mustangs 13-0 at home this season, winning by average of 21.2 points. #CINvsSMU'"
432280600364339200,2014-02-08 22:31:41,b'RT @sn_ncaab: SMU (18-5!) takes on American unbeaten Cincinnati tonight. @tsnmike on how Larry Brown has got it done: http://t.co/nuRBqwf7t9'
431623303703187456,2014-02-07 02:59:49,"b'RT @JustinWolfers: ""The Shame of America\'s Long-Term Unemployment Crisis"" http://t.co/WA8pORKgSi'"
430160195398819842,2014-02-03 02:05:57,b'@ESPN_FirstTake @SuperBowl Percy'
430159654962724864,2014-02-03 02:03:48,b'@GottliebShow uh oh.  Now the broncos need 5 TDs and 6 2 pt conversions.'
430153171961262080,2014-02-03 01:38:02,b'@Edwerderespn maybe that was his goal along?!'
430139420927623169,2014-02-03 00:43:24,b'@Espngreeny @markschlereth can a defenseless player recover a fumble?'
425800045846204416,2014-01-22 01:20:16,b'@Dutch_Oven45 @DallasStars we were on our way until I tripped over the dog'
423468149778825217,2014-01-15 14:54:09,"b""@JustinWolfers and that's probably not a good thing... too many dropping out f labor force"""
420955203135746048,2014-01-08 16:28:36,"b""@CBSSports @dennisdoddcbs it's all about the QB.  Sparty is the possible exception.  Proven college QB then you gotta chance."""
420953902133944320,2014-01-08 16:23:25,b'@BleacherReport idiot.'
420953472528171008,2014-01-08 16:21:43,"b'@JJT_ESPNDallas this year, draft a QB in 4+ round if GREAT value.  Otherwise, get a good one on practice sq.  if not, next year in 2+ round.'"
420952722469187584,2014-01-08 16:18:44,b'\xe2\x80\x9c@ToddRadom: 1986 Pete Rose quote on Greg Maddux.  http://t.co/TcCzsYLiQx\xe2\x80\x9d @BryanDolgin pretty cool'
420292023992582144,2014-01-06 20:33:21,b'@Edwerderespn I think the Rangers could take the Cowboys in BB and FB.'
419544614119284736,2014-01-04 19:03:25,b'RT @RickGosselinDMN: Big day for SMU -- Moody re-opens and an NFL playoff game between two teams owned by SMU alums -- Indy (Jim Irsay) and\xe2\x80\xa6'
418851640033021952,2014-01-02 21:09:47,"b""@ESPN_Colin so that's what a view looks like from first class"""
418848110131945472,2014-01-02 20:55:45,b'@WSJecon a declining unemployment rate is not the same thing as a rising employment rate'
418499433353867264,2014-01-01 21:50:14,b'@Tommyjr10 @ESPN_BigTen congrats!  #Huskers #GBR'
418462457686794241,2014-01-01 19:23:19,"b'@TouchdownTommie that reminded me of the original ""Tommie""'"
418462212898820096,2014-01-01 19:22:20,b'RT @ESPN_Numbers: A 99 YARD TD pass for Nebraska in the Gator Bowl! \n\nThat. Just. Happened.'
417506385505447936,2013-12-30 04:04:13,b'@ESPN_FirstTake I think it was the nail in the kiffin'
416434003898404864,2013-12-27 05:02:58,"b'@JalenRose dirk in, melo out.  Go blue!'"
415262823602614272,2013-12-23 23:29:07,"b""@GottliebShow I'm waiting for the Ramen Bowl"""
412245024928047104,2013-12-15 15:37:27,b'@MatthewBerryTMR andre brown vs. roddy white (non-ppr)???'
409722473555324929,2013-12-08 16:33:44,b'@Espngreeny miller is very good but can only make about 3 throws... Too limited in passing game'
409022359136256001,2013-12-06 18:11:44,"b""@AdamSchefter what's the over-under on when he gets hurt and weeden enters?"""
405824935420887040,2013-11-27 22:26:19,"b""RT @jessemetcalfe: 800,000 North Texans are food insecure. 1 in 4 children don't know where their next meal is coming\xe2\x80\xa6 http://t.co/4XaFqFJR\xe2\x80\xa6"""
401807825048838144,2013-11-16 20:23:45,b'@USDOL wage gaps alone are not evidence of discrimination.  the discourse on discrimination needs to be elevated.'
387222416625127426,2013-10-07 14:26:33,"b'@JJT_ESPNDallas As @ESPN_Colin just said, the major problem with the DCs is that there is too much fun in losing around here'"
354402052178329601,2013-07-09 00:50:08,b'#TakeTanner go #rangers'
352555171898855424,2013-07-03 22:31:17,b'@AdamSchefter gotta love the multi-tasking ... only from #umich alums!'
348143725999955968,2013-06-21 18:21:47,b'@MartinPerez33D good luck!'
335837355669868545,2013-05-18 19:20:39,"b'@NewbergReport yup.  Played last night.  Lost to Keller, winning game 2 when they called it for lightening so they called it a tie.'"
335835920425177088,2013-05-18 19:14:57,b'@NewbergReport congrats.  My son is on the 8u Southlake Dragons.'
332103405847842817,2013-05-08 12:03:16,b'@HuskerXpress @TouchdownTommie best QB ever... I wear #15 coaching my sons little league team in his honor'
332103174276132866,2013-05-08 12:02:21,b'RT @HuskerXpress: Like this post if Tommie Frazier is the best College Quarterback of all time! http://t.co/1Lmb90xexL'
329424419560771585,2013-05-01 02:37:56,"b'@JJT_ESPNDallas wp, wp, hr ... Good thing my 8 yr old pitcher to be is in bed already'"
328124561474322432,2013-04-27 12:32:46,b'@BryanBroaddus odds we end up with Burkhead?'
327916886316699648,2013-04-26 22:47:32,b'@espn_durrett @mattmosley so 49ers got a 3rd next year and a 6 this year to move down 6 spots... the cowboys need the 49ers trade chart. .'
327578197082390528,2013-04-26 00:21:42,b'@RealSkipBayless it worked out well for the clippers taking the candy man (olowakandi) in the nba draft'
326041292817698816,2013-04-21 18:34:36,b'@Espngreeny Are there really 50?  And where does Johnny Mitchell rank? http://t.co/jbkMjB4maS'
322187917969747968,2013-04-11 03:22:40,"b""@espn_macmahon mavs were +21 with dirk, -32 in 14 mins with him on the bench.  Really?  I'd pull a Barry Sanders if I were him."""
321396716706336769,2013-04-08 22:58:43,b'@coopmavs bitter gator fan ;)'
319282945737252865,2013-04-03 02:59:20,"b'Congrats, #YU ... Job well done'"
319281636204232704,2013-04-03 02:54:08,"b""C'min #YU #YuDarvish"""
318420461220401152,2013-03-31 17:52:08,b'@coopmavs #GoBlue http://t.co/9XgoO7FSML'
318417509567053825,2013-03-31 17:40:25,b'@JalenRose #GoBlue @umichbball http://t.co/JextaLaZUf'
318054806411436032,2013-03-30 17:39:09,"b'@DickieV he is tony romo at this point ... Great regular season, no postseason success.'"
314480217110503425,2013-03-20 20:55:01,"b""@JalenRose if they do, it still won't be the fab 5 #GoBlue"""
313033904288313344,2013-03-16 21:07:53,"b'RT @LetsQuoteComedy: 2+2 = Fish, 3+3 = Eight, 7+7 = Triangle, Only smart people can understand this, RT if you did!'"
313031940016046081,2013-03-16 21:00:05,b'@BryanBroaddus DC have any interest in Rex Burkhead in rd 3 or 4?'
312233063721607168,2013-03-14 16:05:38,b'@ESPNStatsInfo How many NFL FAs who have signed 5yr deals over the past few yrs actually have a chance of playing out the full 5yrs?'
293356365102084096,2013-01-21 13:56:22,b'@MikeAndMike love smith v tony dungy'
285223541597687809,2012-12-30 03:19:26,"b""@MBTexasFootball @ESPNCFB @mattmosley I hope that's the last Manny Diaz-Mack Brown man-hug I ever have to witness."""
279981571497422848,2012-12-15 16:09:43,b'I rated The Fighter 9/10 http://t.co/xkeVZnJL #IMDb'
275455178830905345,2012-12-03 04:23:27,"b""@Edwerderespn should've been 4"""
267178264819273728,2012-11-10 08:13:56,b'I rated Wreck-It Ralph 5/10 http://t.co/HF9py9iD #IMDb'
265299968930217985,2012-11-05 03:50:16,b'@JJT_ESPNDallas @espn_macmahon Julio jones runs a 4.39 40 and Bruce carter ran him down.'
262289571058941952,2012-10-27 20:28:01,"b""@YahooForde Ducks need a real opponent... What's Savannah St up to this weekend?"""
260197735951634432,2012-10-22 01:55:49,b'I rated The Conspirator 7/10 http://t.co/wrO2MZUw #IMDb'
258902633186725889,2012-10-18 12:09:32,"b'RT @Carrollisd: ""It\'s a great day to be a Dragon!""  @ Johnson ES Library http://t.co/iEkxwAFi'"
258746846023921664,2012-10-18 01:50:30,b'@Kurkjian_ESPN Kramer is 1; coach from cheers; the fonz; hawkeye on mash; Phil on modern family; Liz lemon on 30 rock'
256113904994906113,2012-10-10 19:28:07,b'@Kurkjian_ESPN  better than elvis andrus?'
255790066172047361,2012-10-09 22:01:18,b'@Dutch_Oven45 my son Asher wishes you a happy bday as we are off to his 8U little league game!'
255051945650290688,2012-10-07 21:08:17,b'@jemelehill bill Cosby &gt; mason Crosby'
254969861552361472,2012-10-07 15:42:06,"b""@JJT_ESPNDallas @mattmosley Why doesn't ESPNDallas show the SMU score on the ticker on the website online, but does show UNT?"""
254592100623077376,2012-10-06 14:41:01,b'@JJT_ESPNDallas @espn_durrett so what is the projected opening day roster for the 2013 rangers #rangers'
254307838187433984,2012-10-05 19:51:28,b'RT @TheDemocrats: This jobs chart tells the story of our progress under @BarackObama\xe2\x80\x94share it widely: http://t.co/OTTEHmIx'
254307231615569921,2012-10-05 19:49:03,"b""RT @Rangers: RETWEET if you're a part of the #RangersRepublic: http://t.co/SvqpTgSD"""
254307056419475457,2012-10-05 19:48:21,b'RT @lmcoachofyear: RT to vote for Bo Pelini of University of Nebraska for @lmcoachofyear #COTY2012 #Huskers http://t.co/Y8vQhwma'
253725572897832960,2012-10-04 05:17:45,"b'Gone Girl by Gillian Flynn, definitely worth reading. http://t.co/FgclUHdJ'"
252594774484348929,2012-10-01 02:24:21,b'I rated Hotel Transylvania 4/10 http://t.co/X9mtcy7H #IMDb'
248229676730957824,2012-09-19 01:19:01,"b'@Buster_ESPN @jackcorscadden You r a west coast homer since Hail to the Victors says that Michigan is the ""Champions of the West""'"
247895761575112704,2012-09-18 03:12:09,b'@USATODAYsports Maybe someone in the NFL office put a nice bounty on GWill.'
242009887926796288,2012-09-01 21:23:48,b'@BFeldmanCBS @rkaipustowh make that nearly 500 yd pace and 6 TDs for Taylor Martinez @Huskers'
234277425536704512,2012-08-11 13:17:45,b'RT @KeithOlbermann: Oh no way Tebow can compete with THIS MT @RyanLizza official results of one of the first elections Ryan ever won. ht ...'
233986472301178880,2012-08-10 18:01:36,"b'@educationweek Economists have, and should continue to, for example: http://t.co/bLGyGusR'"
233930173030998016,2012-08-10 14:17:54,"b'RT @TheDemocrats: Former Rep. @tomperriello: ""Mitt Romney\'s message is clear: He wants to raise your taxes so he can cut his own."" #Romn ...'"
232954546874359808,2012-08-07 21:41:06,b'RT @KeithOlbermann: I think a lot of us could benefit from Adoptive Squirrel Parents http://t.co/sKpGwtW8'
