id,created_at,text
969564280583544832,2018-03-02 13:25:12,b'RT @CardiffDA: Have you seen our new blog yet? \xf0\x9f\x91\x80 @DrJamesFarror piece on mental health provision for PhD students is a really worthwhile lu\xe2\x80\xa6'
969249921936314369,2018-03-01 16:36:03,b'RT @CardiffDA: A bit late due to the \xe2\x9d\x84\xef\xb8\x8f chaos but our blog is now live! Check out @DrJamesFarror piece on mental health provision for PGRs.\xe2\x80\xa6'
969226635139575808,2018-03-01 15:03:31,b'RT @StudentMindsOrg: Today is #UniMentalHealthDay. Together we can create change in our communities as we talk about mental health without\xe2\x80\xa6'
969213008324059137,2018-03-01 14:09:22,b'RT @PostgradCSU: Due to the snow all university buildings will be shut from 10am today and will remain closed tomorrow. This includes libra\xe2\x80\xa6'
969148840480788480,2018-03-01 09:54:24,"b'RT @CardiffDA: So sorry but all Doctoral Academy workshops, events and focus groups are *cancelled* today and tomorrow due to the adverse w\xe2\x80\xa6'"
968924983878660098,2018-02-28 19:04:52,"b'@StudentMindsOrg Of course, I\xe2\x80\x99d be delighted to! Having suffered in silence with regards to my own mental health th\xe2\x80\xa6 https://t.co/PmSeYkf8lh'"
968924065854615552,2018-02-28 19:01:13,b'Looking forward to running this focus group tomorrow. As someone who suffered in silence throughout my own PhD and\xe2\x80\xa6 https://t.co/z4nWV86qAI'
968804983922745344,2018-02-28 11:08:02,b'RT @SoS_Conf2018: 5 DAYS LEFT! Submit your abstract following the link below! @CardiffDental @SchoolOfOptom @CUHealthSci @CardiffDental @ca\xe2\x80\xa6'
968418456512188417,2018-02-27 09:32:07,"b'Currently putting the finishing touches on a blog about PGR mental health, to coincide with #UniMentalHealthDay on\xe2\x80\xa6 https://t.co/f8QPBmTFN0'"
968413541018603520,2018-02-27 09:12:35,"b'RT @CardiffDA: Speaking of Science 2018, the postgraduate conference run by students for students, is inviting abstracts for posters and ta\xe2\x80\xa6'"
