id,created_at,text
969186563170107392,2018-03-01 12:24:17,b'RT @thejournal_ie: Childline has reopened its services today after closing overnight due to adverse weather conditions https://t.co/z2UlBMf\xe2\x80\xa6'
967908985474113536,2018-02-25 23:47:39,"b'RT @WriteThatPhD: 20+ practical guides, tools &amp; templates to help write up your #research: abstracts, book proposals, literature reviews, g\xe2\x80\xa6'"
966563882801213440,2018-02-22 06:42:42,b'RT @MicrobiomeBot: Monitoring of spoilage-associated microbiota on modified atmosphere packaged beef and differentiation of psychrophilic a\xe2\x80\xa6'
964823931696943104,2018-02-17 11:28:45,b'RT @teagasc: Check out these Beef Farmer events kicking off this Monday https://t.co/8TkhkuNbtZ'
964632008684130304,2018-02-16 22:46:07,b'RT @afgdpPhD: Delighted to invite Dr Kate Sheehy back to tell our group about her PhD and career journey- @ithinkwellHugh @PhDSkills @afgdp\xe2\x80\xa6'
964567935602823168,2018-02-16 18:31:31,b'Amazing three days @afgdpPhD masterclass module. \nThank you to @juliedowsett for organising it. Thank you to\xe2\x80\xa6 https://t.co/Dlz72KlMKJ'
964554543056015360,2018-02-16 17:38:18,b'RT @afgdpPhD: Delighted to welcome the great Carol Hunt from @kerryfoodgroup to talk to our #PhDResearchers about career opportunities with\xe2\x80\xa6'
