id,created_at,text
969362257758081024,2018-03-02 00:02:26,"b""Master's thesis successfully defended! ID, herbicide resistance and control of Amaranthus palmeri introduced to cro\xe2\x80\xa6 https://t.co/Rupf4KBwzY"""
966473265849004032,2018-02-22 00:42:37,"b""I saw this in the office when I was doing my master's internship in Dr. Norsworthy's weed science group in Arkansas\xe2\x80\xa6 https://t.co/9kXjIs3Tp8"""
964638669574373376,2018-02-16 23:12:35,"b'RT @WyoWeeds: If you want to come earn a PhD working on a super cool crop/weed ecology project, I have an opportunity available! https://t.\xe2\x80\xa6'"
961413162246565889,2018-02-08 01:35:34,"b""RT @AHRI_Team: We're sure you've heard about our Herbicide Resistance 101 course with @SBPowles, but have you taken the plunge and done it?\xe2\x80\xa6"""
960860263175086081,2018-02-06 12:58:33,b'RT @enioverri: Um governo com 3% de aprova\xc3\xa7\xc3\xa3o n\xc3\xa3o pode impor uma reforma da previd\xc3\xaancia que vai destruir a vida de 97% da popula\xc3\xa7\xc3\xa3o! #Quero\xe2\x80\xa6'
941091014319755266,2017-12-13 23:42:37,"b""RT @mjanders1: Question of the day: What would you do if herbicides weren't an option for waterhemp control anymore? #ISUCrops @ISUWeeds ht\xe2\x80\xa6"""
940254636707115009,2017-12-11 16:19:09,"b'RT @OptiSciences: Caio A. C. G. Brunharo, and Bradley D. Hanson (2017) Vacuolar Sequestration of Paraquat Is Involved in the Resistance Mec\xe2\x80\xa6'"
935501846663266304,2017-11-28 13:33:15,b'RT @SyngentaUS: Managing waterhemp before it reaches is 4 inches is crucial. https://t.co/A9YwYH1aZy #ResistanceFighter #plant18 https://t.\xe2\x80\xa6'
921439822094438400,2017-10-20 18:15:47,b'RT @WorldofWeeds: Herbicide rotation ineffective against resistance in waterhemp\nhttps://t.co/giHNyn3OsI'
919964529987129344,2017-10-16 16:33:30,b'RT @TakeActionWeeds: Weed scientist says herbicide resistance can develop in just 7 yrs. Learn why this resistance cycle keeps spinning. ht\xe2\x80\xa6'
