id,created_at,text
968743077157449728,2018-02-28 07:02:02,b'RT @Kelantutkimus: Vaikuttaako #asumistuki vuokriin? Mit\xc3\xa4 mielt\xc3\xa4 vuokranantajat ovat asumisen tuista? Miten tukea pienituloisten asumista k\xe2\x80\xa6'
968383572427059200,2018-02-27 07:13:30,b'As a guest editor of a Themes Section in Social Policy and Society I proudly\ninform that articles to be published i\xe2\x80\xa6 https://t.co/VL3XbmXwuX'
967076730954506240,2018-02-23 16:40:34,"b'RT @Kelantutkimus: Valtaosa perheist\xc3\xa4 k\xc3\xa4ytt\xc3\xa4\xc3\xa4 #kotihoidontuki jonkin aikaa, mutta kesto vaihtelee. Kuntien tuki lasten kotihoidolle on v\xc3\xa4he\xe2\x80\xa6'"
964085328821866496,2018-02-15 10:33:48,b'RT @Kelantutkimus: Toimivatko asumisen tuet? Tervetuloa seminaariin 16.3. klo 9-12! My\xc3\xb6s verkossa. https://t.co/5bLDBxkdTr #asumistuki #asu\xe2\x80\xa6'
963289359863738368,2018-02-13 05:50:55,"b'RT @SaarikoskiLaura: Asuntopula synnytti Kaliforniassa uuden poliittisen liikkeen, joka sanoo: Yes in My Backyard! https://t.co/stJRGuillI'"
960510798618677249,2018-02-05 13:49:54,b'RT @Kelantutkimus: Asumisen tukien tavoite on turvata pienituloisten asuminen kustannustehokkaasti. Totetuuko se? Tervetuloa #seminaari\xe2\x80\x8bin\xe2\x80\xa6'
958981316476882944,2018-02-01 08:32:17,"b'\xe2\x80\x9dAsuntojen hinnat Ruotsissa irtosivat perustekij\xc3\xb6ist\xc3\xa4 ja karkasivat k\xc3\xa4sist\xc3\xa4. Nyt on k\xc3\xa4sill\xc3\xa4 korjausliike\xe2\x80\x9d, sanoo Su\xe2\x80\xa6 https://t.co/Y5iyIbd6hb'"
958589424484438016,2018-01-31 06:35:03,b'RT @TITAconsortium: Helsingiss\xc3\xa4 elet\xc3\xa4\xc3\xa4n muuta maata yleisemmin minimibudjettirajan alapuolella \xe2\x80\x93 asumisen hinta heikent\xc3\xa4\xc3\xa4 mahdollisuuksia k\xe2\x80\xa6'
954330990314442752,2018-01-19 12:33:33,"b'Kirjoitin blogitekstin siit\xc3\xa4, miten sukupuolen moninaisuuden n\xc3\xa4kyv\xc3\xa4ksi tekeminen on kaikkien etu, my\xc3\xb6s heid\xc3\xa4n, joid\xe2\x80\xa6 https://t.co/NJkjtaOYsK'"
954266759409872896,2018-01-19 08:18:19,"b'RT @tyoterveys: Ty\xc3\xb6paikan k\xc3\xa4yt\xc3\xa4nn\xc3\xb6t ja #esimies vaikuttavat siihen, pit\xc3\xa4v\xc3\xa4tk\xc3\xb6 is\xc3\xa4t perhevapaita. @THLorg Johanna N\xc3\xa4rvi esittelee #is\xc3\xa4hoitaa\xe2\x80\xa6'"
953188577323646976,2018-01-16 08:54:00,b'Yksil\xc3\xb6projektista kohti yhteis\xc3\xb6llisemp\xc3\xa4\xc3\xa4 lasten hoivaa ja kasvatusta @EsaIivonen #itlasuomi100 #mll\xe2\x80\xa6 https://t.co/Nt3LEbfx0J'
949227875080777728,2018-01-05 10:35:35,b'RT @EerolaPetteri: Henna Pirskasen ja minun toimittama Perhe ja tunteet julkaistaan ensi kev\xc3\xa4\xc3\xa4n\xc3\xa4! Kirjoittajina mm. loistavat @VarpuAlasuut\xe2\x80\xa6'
948545594355798016,2018-01-03 13:24:27,"b'RT @Kelantutkimus: Vanhempainvapaiden v\xc3\xa4himm\xc3\xa4istuet ovat j\xc3\xa4\xc3\xa4neet pahasti j\xc3\xa4lkeen muusta perusturvasta, tutkijat arvioivat https://t.co/Msx1\xe2\x80\xa6'"
946325089125044224,2017-12-28 10:20:57,"b'Sijaitseeko perhe kotitalousyksik\xc3\xb6ss\xc3\xa4, kysyy tutkija @vtuomaala https://t.co/iaWDbHSno4'"
943489323676127232,2017-12-20 14:32:38,"b'RT @Miika_Vuori: Huoltajien hyvinvoinnin tukeminen kaiken A ja O, kun lapsella on diagnosoitu esim. #ADHD. Et\xc3\xa4menetelmien (@voimaperheet) j\xe2\x80\xa6'"
936166895882993664,2017-11-30 09:35:55,b'Daily chart: Parents now spend twice as much time with their children as 50 years ago https://t.co/28d2XaGt2x k\xc3\xa4ytt\xc3\xa4j\xc3\xa4lt\xc3\xa4 @TheEconomist'
921331509721747456,2017-10-20 11:05:24,b'T\xc3\xa4m\xc3\xa4 on hieno uutinen. Onnea Itla! #itla  \n\nhttps://t.co/JDRMpgcv2T'
919643124913369089,2017-10-15 19:16:21,b'RT @SAGEsociology: #BookReview: #Parenthood between Generations: Transforming Reproductive Cultures #communication https://t.co/u5f9bCxHZ1'
918757618507767808,2017-10-13 08:37:40,"b'RT @Kelantutkimus: Lotta Haikkola: NEET-nuoret eiv\xc3\xa4t ole yhten\xc3\xa4inen joukko. Yksi ratkaisu ei auta kaikkia, aktivointi aktivoinnin vuoksi ei\xe2\x80\xa6'"
918724912164081664,2017-10-13 06:27:42,"b'RT @TapioRasanen: Compared to #Finland, mothers work more part-time and fathers attend work less in #Sweden #employment #tietotrendit\nhttps\xe2\x80\xa6'"
918724741548199936,2017-10-13 06:27:02,b'RT @Kelantutkimus: Seuraa perjantain #seminaari\xe2\x80\x8ba verkossa: https://t.co/1lZz2YSnaN #nuoret #syrj\xc3\xa4ytyminen #sosiaaliturva #osallistumistulo\xe2\x80\xa6'
913716939461152768,2017-09-29 10:47:49,b'Ty\xc3\xb6ryhm\xc3\xa4 ehdottaa uudistuksia lapsenhuoltolakiin: https://t.co/AAGTKTjYs0'
900584531534782464,2017-08-24 05:04:19,"b'Kerro, mik\xc3\xa4 perusoikeus Suomesta puuttuu. | Tunnenperusoikeuteni.fi https://t.co/agTNqMMlVJ'"
897782656359903232,2017-08-16 11:30:39,"b'RT @veronikahonka: T\xc3\xa4ss\xc3\xa4 esimerkki osallistavasta  ja aidosti nuoria kuuntelevasta otteesta. Mallia meillekin, @vapaavuori ?\n   https://t.c\xe2\x80\xa6'"
876711418086793216,2017-06-19 08:01:05,b'Helsinkil\xc3\xa4islapset syntyv\xc3\xa4t monimuotoisiin perheisiin https://t.co/ldb9adelGO'
872702092141613056,2017-06-08 06:29:27,b'RT @perhetutkijat: Lapsen hankkiminen on kohduttomalle vaativa projekti. Tutkija @KaisaKivipuro kirjoitti aiheesta: https://t.co/KPYKik3g4U\xe2\x80\xa6'
865118526792663040,2017-05-18 08:15:04,b'Kiinnostavaa ja t\xc3\xa4rke\xc3\xa4\xc3\xa4! Mutta lehdess\xc3\xa4 hieman outo muotoilu asiantuntijoista antamassa vertaistukea. @Vaestoliitto https://t.co/8eopTfy5ue'
862271452199792641,2017-05-10 11:41:49,"b'RT @perhetutkijat: #Tunteet ja #biologia ovat pinnalla ihmissuhteiden tutkimuksessa. Elina Turjanmaa kertoo blogissamme, mill\xc3\xa4 tavoin: http\xe2\x80\xa6'"
861824874733588484,2017-05-09 06:07:16,"b'""Tiede tuo muutosta, ja yliopistot kouluttavat ihmisi\xc3\xa4, jotka pystyv\xc3\xa4t toteuttamaan muutoksia."" https://t.co/iwxLbKMS1s'"
861470400202625024,2017-05-08 06:38:43,b'RT @yhdenvertaisuus: T\xc3\xa4ss\xc3\xa4  suositus sunnuntailukemiseksi: Kielens\xc3\xa4 kadottaneet lapset \xe2\x80\x93 n\xc3\xa4in saamen kieli pestiin pois koululaisista https\xe2\x80\xa6'
861470002653913088,2017-05-08 06:37:08,"b'RT @THLlapemuutos: Yleisimmin pienen lapsen hoidosta vastaa yh\xc3\xa4 perheen \xc3\xa4iti, #childcare -tulokset #varhaiskasvatus #lapemuutos\nhttps://t.c\xe2\x80\xa6'"
854945604883144706,2017-04-20 06:31:30,"b'L\xc3\xa4\xc3\xa4k\xc3\xa4rikunta jyr\xc3\xa4hti laajana rintamana: Hallitus, n\xc3\xa4pit irti neuvoloista https://t.co/QLl705sFTn'"
842615639516889088,2017-03-17 05:56:38,b'Lapsiperhepalvelut SOTE-uudistuksen py\xc3\xb6rteiss\xc3\xa4: romuttuuko kansainv\xc3\xa4lisestikin ainutlaatuinen neuvolaj\xc3\xa4rjestelm\xc3\xa4? https://t.co/0ICNreO3ZJ'
840223650137661440,2017-03-10 15:31:43,b'Perheell\xc3\xa4 on edelleen merkityst\xc3\xa4 yhteiskunnallisen statuksen v\xc3\xa4litt\xc3\xa4j\xc3\xa4n\xc3\xa4 https://t.co/Ng6TLo1xD7'
832089660381941761,2017-02-16 04:50:09,b'Joustavan hoitorahan mahdollisuuksista: https://t.co/kVnEgC0SM2'
830171616856383488,2017-02-10 21:48:31,"b'RT @fathermetro: Pikavilkaisu p\xc3\xa4iv\xc3\xa4n musiikkiuutisiin. Dingo palaa festarilavoille, Popedalta uusi sinkku. IHANAA OLLA TAAS 9-VUOTIAS!'"
810761844243709952,2016-12-19 08:21:01,b'...I have found my peace.. https://t.co/b4JnrO8Y0t'
801765934935539712,2016-11-24 12:34:29,b'Asiantuntijana mediassa: uhka vai mahdollisuus? https://t.co/XjIlv30cWq via @SandbergErja'
801749963793432576,2016-11-24 11:31:01,"b'RT @VilleNiinisto: Hallitus jatkaa linjaansa. Kaikenmaailmandosentit eiv\xc3\xa4t nyt p\xc3\xa4\xc3\xa4t\xc3\xa4, kun Putkosen lepakkojahti alkaa. #huuhaa vastaan tuul\xe2\x80\xa6'"
799207466584129536,2016-11-17 11:08:03,"b'Miten sinkun el\xc3\xa4m\xc3\xa4\xc3\xa4n vaikuttaa se, ett\xc3\xa4 parisuhde on oletusarvo? Anu Kinnunen kirjoittaa aiheesta:https://t.co/ZzQr0bU2ha #parisuhde #sinkut'"
799186519172976640,2016-11-17 09:44:48,b'RT @kasperstromman: Rakastatko lastasi? K\xc3\xa4yt\xc3\xa4 silloin n\xc3\xa4it\xc3\xa4 tarroja. https://t.co/2iIZTUc5Xo #some\xc3\xa4idit'
796674624750841857,2016-11-10 11:23:26,"b""RT @Furedibyte: The real common factor between Brexit &amp; US election-is Crisis of Authority-not of democracy-1st time since modernity 'they'\xe2\x80\xa6"""
796261019207299072,2016-11-09 07:59:55,"b'RT @HeikkiAitto: Good morning from Finland. Last night, Obama said ""the sun will rise this morning"". Now I\'d like to see some proof. https:\xe2\x80\xa6'"
788302685070032896,2016-10-18 08:56:20,"b'RT @perhetutkijat: Perheen\xc3\xa4 el\xc3\xa4misen tavat eiv\xc3\xa4t riipu avioliittolaista, kirjoittaa Anna-Maija Castr\xc3\xa9n: https://t.co/fHWSp3lPaS #tahdon2016\xe2\x80\xa6'"
785790887095709696,2016-10-11 10:35:21,b'RT @CPCS_UniKent: CALL FOR PAPERS - Reproducing Expectations? Personal Narratives and Public Discourses of Reproduction\n\nProposed... https:\xe2\x80\xa6'
785790743486967809,2016-10-11 10:34:47,"b""RT @janmacvarish: My book 'Neuroparenting: The Expert Invasion of Family Life' is now published. More details and 30% discount code at http\xe2\x80\xa6"""
773440083395510273,2016-09-07 08:37:40,"b'Mist\xc3\xa4 on oikeat \xc3\xa4idit tehty? Kaisa Kivipuro pohtii, miten lis\xc3\xa4\xc3\xa4ntymisteknologiat muuttavat \xc3\xa4itiytt\xc3\xa4: https://t.co/Tgf2elMJIw'"
765132516093296640,2016-08-15 10:26:21,"b'RT @CPCS_UniKent: Conference on reproductive politics in Britain and France coming up in September, including papers by Jennie... https://t\xe2\x80\xa6'"
763684970770620416,2016-08-11 10:34:20,"b""RT @TitusHjelm: @raewynconnell #nsa16 Opening talk: 'A more powerful, more loving, more radical sociology is possible'. Sounds promising!"""
751490597760933888,2016-07-08 18:58:15,"b""RT @Marvelle1: Very privileged to be listening to Prof Mary Daly presenting on the 'turn to parenting in policy' #ESAfamiliies"""
751379480652967936,2016-07-08 11:36:42,b'Beautiful and important presentation by Robin Hadley about the experiences of involuntary childless older men #ESAfamily'
751366265474846720,2016-07-08 10:44:12,"b""RT @estherdermott: Fascinating paper by @EllaSihvonen tracing increase in media interest 'parenting' &amp; 'parenting support' in policy in Fin\xe2\x80\xa6"""
750973266790125568,2016-07-07 08:42:33,b'RT @estherdermott: kicking off ESA RN13 parenthood conference with 5 great talks on fatherhood #ESAfamilies #ONEFaR'
748499548394393600,2016-06-30 12:52:53,"b'""N\xc3\xa4yttely muistuttaa kaikessa koskettavuudessaan, ett\xc3\xa4 rakkaus l\xc3\xa4htee lopulta meist\xc3\xa4 itsest\xc3\xa4mme."" https://t.co/NIxW1tP24l'"
747702636120510465,2016-06-28 08:06:14,b'RT @TheSocReview: Researching Intimacy in Times of Austerity https://t.co/rOUlWQ39SC'
745968153952391168,2016-06-23 13:14:01,"b'Keynote by Ann Phoenix  - interesting examples of ""blaiming the parents"" #parentingkent @CPCS_UniKent'"
745961349419786240,2016-06-23 12:46:59,"b""RT @RosEdwards2: Issue of 'over parenting' isn't an individual blame - is cultural message from society #parentingkent"""
742788599289110528,2016-06-14 18:39:37,b'Kodinhoitajien palkkaaminen tuo miljoonas\xc3\xa4\xc3\xa4st\xc3\xb6t  | Yle Uutiset | yle.fi https://t.co/EmYG3IgbwL #kodinhoito #huostaanotto #lastensuojelu'
740827557889736704,2016-06-09 08:47:08,"b'Kirjoitukseni nykyvanhemmuudesta Perhe, suhteet ja yhteiskunta -blogissa https://t.co/X46ZLmYMBn'"
739372585658552320,2016-06-05 08:25:35,b'J\xc3\xa4rkytt\xc3\xa4v\xc3\xa4\xc3\xa4 ja ep\xc3\xa4inhimillist\xc3\xa4.  #lapsenoikeudet https://t.co/bHm8H57lMd'
733605990227181568,2016-05-20 10:31:12,"b""RT @manwhohasitall: TODAY'S DEBATE: Should we continue to train young male doctors who could later go on to have children?"""
720132418062192641,2016-04-13 06:12:02,"b'RT @veronikahonka: Mit\xc3\xa4 t\xc3\xa4\xc3\xa4ll\xc3\xa4 tapahtuu? Suomesta l\xc3\xb6ytyy \xc3\xa4iti, joka k\xc3\xa4y t\xc3\xb6iss\xc3\xa4!!! Ennenn\xc3\xa4kem\xc3\xa4t\xc3\xb6nt\xc3\xa4 n\xc3\xa4in 1950-luvulla. https://t.co/NbUMpDVh\xe2\x80\xa6'"
717307191041126401,2016-04-05 11:05:35,b'Beautiful: \xe2\x80\x9cBeing empathetic is one of the bravest things you can do.\xe2\x80\x9d  #empathy #neuroscience @katrisaarikivi\n\nhttps://t.co/rFesqskBfd'
717278434188271616,2016-04-05 09:11:19,"b'@Peivv Tuntuu tosiaan kummalliselta, ett\xc3\xa4 puolisoilla olisi erilainen elintaso, mutta Mattilan tutkimuksesta ilmenee, ett\xc3\xa4 n\xc3\xa4in ei aina ole.'"
717262413289095168,2016-04-05 08:07:40,b'Voiko av(i)oliitossa olevilla olla erilainen elintaso? Rakkaus ja parisuhde = vaikea yht\xc3\xa4l\xc3\xb6? \n\nhttps://t.co/kXdsCpWOHK via @perhetutkijat'
711128240274980864,2016-03-19 09:52:39,"b'RT @KaisaKivipuro: Sosiologip\xc3\xa4ivien Julkisuus ja tutkimustieto - ty\xc3\xb6ryhm\xc3\xa4ss\xc3\xa4 puhutaan, ett\xc3\xa4 Sosiologip\xc3\xa4iv\xc3\xa4t ei juuri n\xc3\xa4y Twitteriss\xc3\xa4. #sosi\xe2\x80\xa6'"
709659939757801472,2016-03-15 08:38:09,b'Milt\xc3\xa4 lapsen perhe n\xc3\xa4ytt\xc3\xa4\xc3\xa4 eron j\xc3\xa4lkeen? Riippuu kenelt\xc3\xa4 kysyt\xc3\xa4\xc3\xa4n. #perhealbumi #uusperheet #avioero \n\nhttps://t.co/JP0ekkNBfi'
709263436904079360,2016-03-14 06:22:35,b'RT @TheSocReview: Early Career Researcher Event: Sociological Review Writing Retreat https://t.co/yM37kmp3Fv Apply by April 30th!'
708197717218971648,2016-03-11 07:47:48,"b'""Kilpailukykypelin suurin h\xc3\xa4vi\xc3\xa4j\xc3\xa4 on julkisen sektorin nainen."" #hallitus #talous #tulonsiirrot #leikkaus  https://t.co/nhykyMkSZL'"
708184121202192384,2016-03-11 06:53:46,"b'Upeat n\xc3\xa4yttelij\xc3\xa4t, kaunista ja viilt\xc3\xa4v\xc3\xa4n ajankohtaista #kaksimatkaaisraeliin \n\nhttps://t.co/f4nOt9gwMY'"
707912955384487937,2016-03-10 12:56:15,b'Kun inhimillisyys unohtuu #tiede #leikkaus\n\nhttps://t.co/8vsT8GJbNq'
707112462252957696,2016-03-08 07:55:23,"b'RT @KatiKalliomaki: Niinp\xc3\xa4: naisten ty\xc3\xb6markkina-aseman rinnalla pit\xc3\xa4isi puhua my\xc3\xb6s miesten kotimarkkina-asemasta, sanoo Lassi K\xc3\xb6pp\xc3\xa4, @Vaest\xe2\x80\xa6'"
707111417971920896,2016-03-08 07:51:14,b'@amoring: Lapsen perhe ja moninaiset l\xc3\xa4heissuhteet lasten hoivan j\xc3\xa4rjest\xc3\xa4misen l\xc3\xa4ht\xc3\xb6kohdaksi  #perhep\xc3\xa4rj\xc3\xa4\xc3\xa4'
706768561033842688,2016-03-07 09:08:50,b'LUMA.fi: Aloittelijoiden peliohjelmointileiri 8-12-vuotiaille 2 https://t.co/VZteUJfFlu via @LumaSuomi'
705678495775649792,2016-03-04 08:57:18,b'https://t.co/jFf4dL9cL2'
705282029752029184,2016-03-03 06:41:54,"b'RT @FRSjournal: New: Early interventionist parenting support: the case study of Finland, by @EllaSihvonen https://t.co/CXlDlo91lI'"
705281478427549698,2016-03-03 06:39:42,"b'RT @anukoivunen: Jos #a2ilta keskittyy faktojen asemesta tunteiden k\xc3\xa4sittelyyn, ratkaisuja miettim\xc3\xa4\xc3\xa4n tarvitaan psykologeja. Rohkeasti koht\xe2\x80\xa6'"
704581252477788160,2016-03-01 08:17:15,b'RT @Tieteentek: Tohtorit kyll\xc3\xa4styiv\xc3\xa4t surkuttelemaan yliopistojen ahdinkoa - syntyi tohtoriverkosto https://t.co/KLaMSUOEru #tohtoriverkost\xe2\x80\xa6'
704581165118791680,2016-03-01 08:16:54,"b'RT @Tieteentek: Kun yliopistoilta leikataan, kasvaa hakupaine Suomen Akatemiassa ja s\xc3\xa4\xc3\xa4ti\xc3\xb6iss\xc3\xa4 #yliopisto #tiede https://t.co/J0BNI4ktra'"
692673639993479168,2016-01-28 11:40:39,"b'RT @ylioppilaskunta: T\xc3\xa4m\xc3\xa4 on historiallisen synkk\xc3\xa4 p\xc3\xa4iv\xc3\xa4 koko Helsingin yliopiston yhteis\xc3\xb6lle, tieteelle ja Suomen tulevaisuudelle. https:/\xe2\x80\xa6'"
674197041820602368,2015-12-08 12:01:15,b'Lounastauko laulaen!  #Sibelius150 #Senaatintori'
