id,created_at,text
969688808143941635,2018-03-02 21:40:02,b'Check it out! My advisor Dr. Gedan in Atlantic article on coastal farms and salt water intrusion. https://t.co/NIyBxcETaC #agroecology'
969568100877242369,2018-03-02 13:40:23,"b'RT @itatiVCS: #biology #ecology friends: would y\xe2\x80\x99all be willing to take a picture and speak a story, Humans of New York style, at conferenc\xe2\x80\xa6'"
969349074733424642,2018-03-01 23:10:03,"b'RT @chicagobotanic: #FullMoon tonight, the worm moon, has us thinking about #moongardens. What would you plant? https://t.co/IN3TOqIbSh htt\xe2\x80\xa6'"
969191464436752385,2018-03-01 12:43:46,"b'RT @animalculum: Plants go extinct, but sometimes species are rediscovered. This one after 151 years. https://t.co/84sDdavgtG\n\nMycoheterotr\xe2\x80\xa6'"
966775750258036736,2018-02-22 20:44:35,b'RT @OceanPortal: #EarthOptimism is going digital this year! Join in this #EarthDay to share your ocean conservation success stories. #Ocean\xe2\x80\xa6'
966773034228092928,2018-02-22 20:33:47,b'Trio of new blooms in February (taken around the Smithsonian) https://t.co/VDW1JxVjWS'
966466512700760064,2018-02-22 00:15:47,b'RT @JAppliedEcology: Trait-based selection of nurse plants to restore ecosystem functions in mine tailings https://t.co/r33OvUj2nZ #SoilEco\xe2\x80\xa6'
966460513977819136,2018-02-21 23:51:57,b'https://t.co/OmWXP2IXM0'
966434017934487554,2018-02-21 22:06:40,b'@JewelLipps So cool! Reminds me of marsh hibiscus season when the wetland\xe2\x80\x99s peppered with dots of light pink!'
966359240507092993,2018-02-21 17:09:31,b'Was just awarded the 1st research grant of my graduate career. Thanks to the WFBC. I am so excited for this opportunity! #youngscientist'
965437559731089408,2018-02-19 04:07:05,b'Crazy science of the day: parasitic mistletoe that grows on other parasitic mistletoe. a.k.a. plantception https://t.co/w6SHAVNiaB #science'
964618578451488768,2018-02-16 21:52:45,"b'RT @cschleichsrun: This is the FINAL time I will explain the difference between ice dance and pairs. Ice dancers have wider, U-shaped snout\xe2\x80\xa6'"
963478875014684674,2018-02-13 18:23:59,b'https://t.co/3oGpjwNhuM #conservation'
963450363553738753,2018-02-13 16:30:41,b'\xf0\x9f\xa4\xa6\xf0\x9f\x8f\xbb\xe2\x80\x8d\xe2\x99\x80\xef\xb8\x8f https://t.co/TOLdI7eXi9'
961994423918788611,2018-02-09 16:05:18,b'Teaching plant evolution and competition this week: I love that I get to be a plant nerd for a living #scied'
961235665018064898,2018-02-07 13:50:16,"b""RT @RosemaryMosco: Happy(?) Valentine's!\nhttps://t.co/bcBwP2XlFx https://t.co/6fVIvNLip0"""
960975772566597632,2018-02-06 20:37:32,b'That feeling when grading assignments is a \xe2\x80\x9cwork break\xe2\x80\x9d #gradschool'
960543534704201729,2018-02-05 15:59:59,"b""RT @USFWS: If you're looking to watch more eagles... keep an eye on the @USFWSNCTC eaglecam, we should have some eggs soon! https://t.co/9g\xe2\x80\xa6"""
959609450054156290,2018-02-03 02:08:16,"b'RT @ConservationOrg: Did you know that coastal ecosystems, like coastal wetlands, can provide 30% of the solution to climate change? #World\xe2\x80\xa6'"
959477621242449920,2018-02-02 17:24:25,b'Me: *sees text from advisor* OMG!\nUndergrad TA: what???\nMe: there\xe2\x80\x99s a new regional wetland grass ID book coming out!!!! #nerdoutoftheday'
959107111581028352,2018-02-01 16:52:09,"b'@Ehmee Your story in science: times of uncertainty, times you followed your passion and how it led to the cool work you get to do now!'"
959104479529525248,2018-02-01 16:41:41,"b""RT @JewelLipps: #WomenInSTEM, #conservation advocates, and Americans who've never been to the southwest border need to check out @riverandt\xe2\x80\xa6"""
959104067636203520,2018-02-01 16:40:03,b'Thematic jewelry for teaching marine inverts in lab today! #cephalopodlove #teachingfun https://t.co/eCtkqgmgr2'
928278949502771200,2017-11-08 15:12:02,b'Presenting my seed bank research at #cerf2017 #tidalmarsh @ Rhode Island Convention Center https://t.co/dQK7SZTTJ6'
927516359377944576,2017-11-06 12:41:47,b'Excited to be presenting at #CERF2017 !\nposter on soil seed banks in conjunction w/ Sea level rise and transgression of coastal ecosystems'
903626321498165249,2017-09-01 14:31:18,"b'So excited to be developing new skills this semester. Teaching and grant writing, come at me! #gradlife #PhD'"
903597057218400259,2017-09-01 12:35:01,b'RT @neiltyson: Hmm. Don\xe2\x80\x99t see much denial of @NOAA climate scientists who have predicted Hurricane Harvey\xe2\x80\x99s devastating path into Texas.'
900329141198872576,2017-08-23 12:09:29,b'TA orientation day at GW. Time to jump into the unknown! #backtoschool'
894903754905993216,2017-08-08 12:50:56,"b'RT @nytpolitics: The Times reviewed an alarming draft report on climate change by federal scientists, who fear Trump will suppress it https\xe2\x80\xa6'"
893452946825854981,2017-08-04 12:45:56,b'Brought newspaper for pressing herbarium specimen at our field site... it was thematic\n#risingseas https://t.co/gEVo6fXHTF'
889480756044718080,2017-07-24 13:41:52,b'RT @Darwin2009: Can we manage coastal ecosystems to sequester more blue carbon? https://t.co/CicfXC0dCg https://t.co/ceq6jegxg9'
889479746781839360,2017-07-24 13:37:52,b'Off to visit some new field sites in Somerset County! #ecology #fieldwork'
887084681967149057,2017-07-17 23:00:44,b'RT @eugenegu: Arya Stark drained the swamp. #GameOfThrones'
886287276078190592,2017-07-15 18:12:07,"b'""To err is to human"" -DC boat certification instructor commenting on the leading cause of boating accidents #humannature'"
885551039289716737,2017-07-13 17:26:35,b'RT @NRDems: Join @RepRaulGrijalva &amp; @SenWhitehouse for a forum tomorrow @ 1:30pm ET to address the dangerous impacts #climatechange has on\xe2\x80\xa6'
877632265819500546,2017-06-21 21:00:12,"b'Summer = juggling work in the field, lab, and greenhouse. Follow the bouncing botanist!'"
870667714473463808,2017-06-02 15:45:34,b'RT @elonmusk: Am departing presidential councils. Climate change is real. Leaving Paris is not good for America or the world.'
870667169813712896,2017-06-02 15:43:24,"b""June's packed with field work and tackling the veritable forest of seedlings in the greenhouse. Working towards my July 4th trip to Maine!"""
867076180054339584,2017-05-23 17:54:05,b'Submitted my first manuscript for publication! #womeninSTEM #youngscientist'
864463027264991233,2017-05-16 12:50:21,"b'RT @USFWS: For the 1st time in ~70 years, western snowy plovers are nesting on LA County beaches \xf0\x9f\x8f\x96\xef\xb8\x8f: https://t.co/9cQl2fFmld (M. Love &amp; E.\xe2\x80\xa6'"
864280618510811136,2017-05-16 00:45:31,b'Identifying seedlings takes time and patience. #watchthingsgrow #babyplants https://t.co/7TF9Ko864w'
861313273890734081,2017-05-07 20:14:21,"b'Made a new twitter, ready to (hopefully) use it!'"
