id,created_at,text
970231164844822528,2018-03-04 09:35:10,b'RT @NicolasBrookes: What if we agreed on a post-2020 #cohesionpolicy for all regions right away? See @CPMR_Europe latest analysis on foreca\xe2\x80\xa6'
970230020303212545,2018-03-04 09:30:37,"b'RT @astrochatgame: \xc2\xabUn peque\xc3\xb1o paso para el hombre, un gran paso para la humanidad\xc2\xbb: \nEse primer gran paso en la luna en 1969 no habr\xc3\xada sid\xe2\x80\xa6'"
969656386719305728,2018-03-02 19:31:12,"b'RT @UIIN: ""Entrepreneurial universities are more than patents and start-ups."" -\n UIIN CEO @ArnoMeerman was discussing the goals of #entrepr\xe2\x80\xa6'"
968729327465529345,2018-02-28 06:07:24,b'RT @FAOenEspanol: M\xc3\xa1s de 7 millones de personas en #Sud\xc3\xa1ndelSur est\xc3\xa1n en riesgo de padecer grave inseguridad alimentaria en los pr\xc3\xb3ximos me\xe2\x80\xa6'
968576586747392001,2018-02-27 20:00:28,b'RT @AgnesMONFRET: Complementarity with EU funds? A cohesion policy reality! #stairway2excellence https://t.co/3kLqqZeiw5'
968253121276280841,2018-02-26 22:35:08,b'RT @BICAraba: Vitoria abre el 5 de marzo la Semana Europea de la Startup #SEW18 #SEW18VitoriaGasteiz v\xc3\xada @gasteizhoy https://t.co/4zIjSaIeNe'
968004487947472896,2018-02-26 06:07:09,b'RT @EEN_EU: What opportunities can digital technologies bring to your #tourism\xf0\x9f\x8f\x96\xef\xb8\x8f business? \nWatch these free webinars and give your #digita\xe2\x80\xa6'
967778949580443648,2018-02-25 15:10:56,b'RT @mmc1511: Un d\xc3\xada de sol y descanso y te encuentras con esos reportajes que te recuerdan que eres parte de un proyecto con impacto. @Enpr\xe2\x80\xa6'
967274495080878080,2018-02-24 05:46:25,b'RT @BICAraba: #sew18vitoriagasteiz Startup Europe Week 2018 Vitoria-Gasteiz \xf0\x9f\x93\x85 5 marzo \xf0\x9f\x9a\x80 \n\nAceleradoras: \xc2\xbfmoda u oportunidad? https://t.co/u\xe2\x80\xa6'
966674421149782018,2018-02-22 14:01:56,"b'Sue\xc3\xb1os,ilusi\xc3\xb3n,pasi\xc3\xb3n,motivaci\xc3\xb3n,acci\xc3\xb3n.. as\xc3\xad es como yo entiendo el emprendimiento. Pero tan importante como los s\xe2\x80\xa6 https://t.co/LVkx6Gg5Dp'"
966671438370484224,2018-02-22 13:50:05,b'Berrikuntza eta Proiektuen kudeaketako ikasleak (MIP) ere gurekin izan dira! Aupa zuek!! \n ; )  #ekitenmu\xe2\x80\xa6 https://t.co/r2PG0brmrF'
966670096646189056,2018-02-22 13:44:45,b'Mila mila esker gaur gurekin egon zareten guztioi!!! Plazer bat izan da zuekin #ekitenmu partekatzea!!!\xe2\x80\xa6 https://t.co/nBc8b9Cj3W'
966666031954579461,2018-02-22 13:28:36,b'RT @MUnibertsitatea: Azken hizlari bat daukagu #EkitenMU topaketan. @LaSalveBilbao-ko bazkide fundatzailea @ikermerchan-ek marketin eta kom\xe2\x80\xa6'
966665393472450560,2018-02-22 13:26:04,b'RT @sazpilikueta: Eriz Delgado presenta el modelo de negocio del Banco de Inclusi\xc3\xb3n Social Txokobide #EkitenMU @MUnibertsitatea https://t.c\xe2\x80\xa6'
966665329521909766,2018-02-22 13:25:48,"b""RT @magnetcoop: And done! Thanks @MUnibertsitatea for having us! We had a blast! If anyone has a question let us know, we'll be in the audi\xe2\x80\xa6"""
966418201276973056,2018-02-21 21:03:49,b'RT @magnetcoop: Getting ready for tomorrow\xc2\xb4s #EkitenMU event at @MUnibertsitatea! https://t.co/zf4w2ovP9V'
966417978551099392,2018-02-21 21:02:55,b'Denak lotara!! pilak kargatu eta... bihar goizeko 9:30etan #ekitenmu n ikusten gara!!! : ) #ekintzailetasuna\xe2\x80\xa6 https://t.co/PIk8X8YSOQ'
966020392015089664,2018-02-20 18:43:03,b'RT @MUnibertsitatea: El jueves 22 de febrero @MUnibertsitatea celebra el encuentro EKITEN con alrededor de 200 estudiantes en torno al empr\xe2\x80\xa6'
966020230026878977,2018-02-20 18:42:25,"b'RT @MUnibertsitatea: Otsailaren 22an, osteguna, @MUnibertsitatea k, hasiera emango dio EKITEN lehiaketari, EKITEN topaketaren baitan. https\xe2\x80\xa6'"
965637157334503424,2018-02-19 17:20:13,b'Tik tak...! : ) #EkitenMU @MUnibertsitatea #ekintzailetasuna https://t.co/wSF2zZDt58'
965343475951644674,2018-02-18 21:53:14,"b'RT @AitorGoy: Ni gamers, ni influencers, ni youtubers.... El canal canal youtube con m\xc3\xa1s impacto seg\xc3\xban Google es....de Matem\xc3\xa1ticas \xf0\x9f\x99\x8c\xf0\x9f\x8f\xbb https\xe2\x80\xa6'"
965342027444555776,2018-02-18 21:47:29,"b'RT @MUnibertsitatea: El mi\xc3\xa9rcoles, 21 de febrero, te esperamos en la Feria FIEP de Bilbao. Ac\xc3\xa9rcate y conoce nuestros m\xc3\xa1steres universitari\xe2\x80\xa6'"
964646151629819904,2018-02-16 23:42:19,"b'RT @mondragonfp: #DUAL programaren aurkezpen saioa #LanbideHeziketa ko 1go mailako ikasleei, #ULMAHandling eta #ULMAPackaging-ekin https://\xe2\x80\xa6'"
964257577243684865,2018-02-15 21:58:16,b'RT @MuTalento: Bihar gurekin Unai Elorza! Ongi etorria @MUTalento ra. Seguro que nos aportas muchas miradas enriquecedoras sobre la gesti\xc3\xb3n\xe2\x80\xa6'
963534474649665536,2018-02-13 22:04:55,"b'RT @CientificoenEsp: Me he hecho miembro de la ""Asociaci\xc3\xb3n de cient\xc3\xadficos que aprovechan cualquier excusa para introducir su tema de invest\xe2\x80\xa6'"
963517197921505281,2018-02-13 20:56:15,b'RT @jonetxeberriai: Nuevos modelos de negocio de @IKEASpain plantea el alquiler y la recompra de sus muebles para evitar que se desechen ht\xe2\x80\xa6'
963515286447181825,2018-02-13 20:48:40,"b'RT @enguita: Tiene raz\xc3\xb3n -Ni coche ni adosado en las ciudades del futuro\nNicholas Negroponte, uno de los creadores del Laboratorio Media-La\xe2\x80\xa6'"
963468942797885446,2018-02-13 17:44:31,b'RT @ekinean: Zure negozioa kokatzeko leku egoki baten bila al zabiltza? Ezagutu itzazu Eibarguneak eskaintzen dituen onurak. https://t.co/S\xe2\x80\xa6'
963181971773050881,2018-02-12 22:44:11,b'RT @markelolano: La aportaci\xc3\xb3n de las #universidades est\xc3\xa1 siendo clave en el desarrollo de diversos proyectos de #EtorkizunaEraikiz. La aca\xe2\x80\xa6'
962335250109038592,2018-02-10 14:39:37,b'RT @Uninet_ataria: Emakume eta Neska Zientzialarien Nazioarteko Eguna ospatuko da igandean (otsailak 11) https://t.co/2Om4zRFFOp https://t.\xe2\x80\xa6'
962252489193115648,2018-02-10 09:10:45,b'RT @techreview_es: #LoM\xc3\xa1sLe\xc3\xaddo | Buscamos a los j\xc3\xb3venes m\xc3\xa1s #innovadores de #Europa y #Am\xc3\xa9ricaLatina https://t.co/KiR3O7KLZT @Innovadores35\xe2\x80\xa6'
962049253135728640,2018-02-09 19:43:10,b'RT @MUnibertsitatea: Ikusi ahal duzu gure spot berria? Gure ikasleekin batera ezagutu #MUnibertsitatea! https://t.co/NRDP9toVk4'
961010163393224705,2018-02-06 22:54:12,b'RT @WHO: Today is the International Day of Zero Tolerance for Female Genital Mutilation.\nFGM is a violation of human rights and must never\xe2\x80\xa6'
960224075762339841,2018-02-04 18:50:34,"b'RT @biaafbilbao: A todo/as los que luch\xc3\xa1is, a familiares y amigos un abrazo fort\xc3\xadsimo en el #DiaMundialContraElCancer https://t.co/hetyuPcU\xe2\x80\xa6'"
959556275767009285,2018-02-02 22:36:58,b'RT @EU_Commission: What is the European Union? How does it take decisions? \nEverything you ever wanted to know about the EU in our new publ\xe2\x80\xa6'
959552614118690816,2018-02-02 22:22:25,b'RT @Ekingune: El talento de los j\xc3\xb3venes no tiene l\xc3\xadmite https://t.co/0uNXAxtaVY'
959528020649435142,2018-02-02 20:44:41,b'RT @Ekingune: Alumnos de FP mudan a empresarios\n\nhttps://t.co/aO8iHXTD73 via @notgip'
933423591235911681,2017-11-22 19:55:00,b'RT @jarevalo_FP: La Comisi\xc3\xb3n Europea elige la Formaci\xc3\xb3n Profesional vasca como referente de educaci\xc3\xb3n - https://t.co/EuaVH6X9in'
933422408446500866,2017-11-22 19:50:18,b'RT @aarranzcad: La Formaci\xc3\xb3n Profesional @FPeuskadi est\xc3\xa1 trabajando para dar respuesta a las empresas en Industria 4.0 y desarrollando las\xe2\x80\xa6'
933241745642373120,2017-11-22 07:52:25,b'RT @jaioneML: Alumnos del M\xc3\xa1ster en Innovaci\xc3\xb3n y Proyectos en el #BasqueIndustry40  Congreso Basque Industry 4.0  @MU_gep https://t.co/yCBT\xe2\x80\xa6'
915237269396688896,2017-10-03 15:29:03,b'RT @grupospri: Abian da BiscayApp lehiaketaren beste edizio bat https://t.co/ASWhXbSMJW @Bizkaia https://t.co/duIMQrGNRa'
912774034017931266,2017-09-26 20:21:02,b'RT @grupospri: Este jueves 28 se cierra la convocatoria del programa para promocionar la innovaci\xc3\xb3n no tecnol\xc3\xb3gica https://t.co/XGHfXD4oIN\xe2\x80\xa6'
912773903562547200,2017-09-26 20:20:31,b'RT @ekinean: Azkenengoko egunak doako tailerrean izena emateko! https://t.co/rMH7EbDyCt Anima zaitezte! #Ekinean https://t.co/NR56Uj2MIf'
874199330982436864,2017-06-12 09:38:57,b'RT @jaioneML: Presentaciones Proyectos de Innovaci\xc3\xb3n de alumnos del M\xc3\xa1ster en Innovaci\xc3\xb3n empresarial y direcci\xc3\xb3n de proyectos.\nOso lan onak\xe2\x80\xa6'
834692805608009728,2017-02-23 09:14:07,b'\xc2\xbfQu\xc3\xa9 consejos nos pod\xc3\xa9is dar para superar las adversidades que nos encontraremos al emprender? #ekiten @MUnibertsitatea'
798854925258092544,2016-11-16 11:47:10,b'Mip-eko ikasleekin Dibertsifikazioa lantzen! Eskerrik asko Ibon! @IDEKO_IK4 @jaioneML @MUnibertsitatea https://t.co/e9UVQzO3Xi'
798853539413929985,2016-11-16 11:41:40,b'RT @jaioneML: Dibertsifikazioa Danobat Group Berrikuntza Masterrean MGEP-MU https://t.co/P3PJ4ppzBY'
789398500123435008,2016-10-21 09:30:43,b'Jornada muy interesante #VISIO16 Conociendo experiencias reales junto con alumnos #MIP sobre VT e IC\xe2\x80\xa6 https://t.co/x4ieNIo9v8'
789350243238313984,2016-10-21 06:18:58,b'RT @jaioneML: #VISIO16 Mondrag\xc3\xb3n Unibertsitatea en el Congreso VISIO 2016 https://t.co/DqxAB2IeT4'
729726272654458881,2016-05-09 17:34:35,b'RT @jescherman: Meet the trailblazers many have never heard of! @steminist @GirlsWhoCode @WomeninSTEM https://t.co/Pye8Z8NBZB https://t.co/\xe2\x80\xa6'
729724684397334528,2016-05-09 17:28:17,b'\xc2\xbfQu\xc3\xa9 os parece? #STEMooc https://t.co/vKa3vb5BU1'
729722119752458240,2016-05-09 17:18:05,b'Buena reflexi\xc3\xb3n.. \xc2\xbfNECESITAN FEEDBACK LOS PROFESORES? https://t.co/0qsCIMk7q3 v\xc3\xada @_INED21'
729720106419429378,2016-05-09 17:10:05,b'Interesante para profes!! https://t.co/bs3qO0KI9V'
729326970199285761,2016-05-08 15:07:54,b'@snchezjosm Gracias!!!'
535494830005436419,2014-11-20 18:08:11,b'RT @YorokobuMag: Lo que las bailarinas dibujan con los pies se puede ver con una app http://t.co/a9kooQH8Iy http://t.co/L14xCbiV18'
535493770922704897,2014-11-20 18:03:58,"b'RT @epunset: \xc2\xa1\xc2\xa1Felicidades, Eduard!! \xc2\xa1\xc2\xa178 a\xc3\xb1os!! http://t.co/lb9MAIV69c'"
535178521761415168,2014-11-19 21:11:17,b'6 ideas from creative thinkers to shake up your work routine http://t.co/Z8jPW8BcZT v\xc3\xada @TEDTalks'
535171751379230720,2014-11-19 20:44:23,b'Bajando a tierra! : )'
453950094237126656,2014-04-09 17:38:31,b'Ray Ban anuncia una alianza con Google para fabricar gafas inteligentes de dise\xc3\xb1o http://t.co/nMNCTcmsQu v\xc3\xada @diariovasco'
448219396595793920,2014-03-24 22:06:46,b'RT @Dezeen: Interactive lights that search out humans and dark spots: http://t.co/hWmgkswayj'
448216482103975936,2014-03-24 21:55:11,b'@itziarlpc ohh!! me encanta!! : )'
448215591279951872,2014-03-24 21:51:39,b'Descubriendo Debabarrena!!! http://t.co/NuHaUrs2zW'
442327521095610368,2014-03-08 15:54:33,"b""RT @FastCoDesign: Science: Women's jobs suck more than men's. http://t.co/JNffMvuoEk http://t.co/NXjrqYv2Ce"""
442326888460353536,2014-03-08 15:52:02,b'@lacajadezapatos Grande!'
440119831338430464,2014-03-02 13:41:59,"b'RT @disenosocialorg: ""Todos somos unos genios. Pero si juzgas a una pez por su habilidad de escalar un \xc3\xa1rbol, vivir\xc3\xa1 su vida creyendo que e\xe2\x80\xa6'"
440119293368623104,2014-03-02 13:39:51,b'RT @DisenIngenieria: Impresora 3D capaz de crear mobiliario http://t.co/W8eMCxi27X .'
438820371870257152,2014-02-26 23:38:24,b'RT @CreativeMarket: How to live a creative life http://t.co/K7sKjeVJ9N http://t.co/CCGh3qqY6v'
438820305566711809,2014-02-26 23:38:08,b'RT @yankodesign: Loving these cute sculptures. http://t.co/eudlT6YsBc'
438820176336027648,2014-02-26 23:37:37,b'RT @NuEmprendedores: LAS CLAVES DEL ESP\xc3\x8dRITU EMPRENDEDOR \xe2\x9e\x9chttp://t.co/II4iiSm1IV | http://t.co/m6vZfk2cgZ'
438079691728388097,2014-02-24 22:35:12,b'RT @designboom: a new kind of photovoltaic panel produces energy with bacteria in soil @valldauralabs http://t.co/6hHvSrptK4 http://t.co/K4\xe2\x80\xa6'
438079193411502082,2014-02-24 22:33:13,b'RT @fubiz: The Legographer http://t.co/dsqK3DEO0F http://t.co/b271n7KkWE'
437025420605919232,2014-02-22 00:45:54,b'RT @FastCompany: 7 Of The Best Error Messages On The Internet http://t.co/lMTP4mA87y http://t.co/AvP3fP7PXw'
436628480890245120,2014-02-20 22:28:36,b'RT @SJ_Bilbao: Abiertas las inscripciones para el Service Jam de Bilbao!! http://t.co/8kr6deX4TB #gsjam #gsjambio'
436617162653192192,2014-02-20 21:43:38,b'RT @Innobasque: RT @GOSASUN: \xc2\xbfTienes un proyecto innovador relacionado con el \xc3\xa1mbito de la salud en Euskadi y necesitas financiaci\xc3\xb3n? Pr\xc3\xb3xi\xe2\x80\xa6'
436615656789008384,2014-02-20 21:37:39,b'Qu\xc3\xa9 majo! : ) http://t.co/we3tM9S0pu'
436614389790412800,2014-02-20 21:32:37,"b'RT @FastCoDesign: 100 years of Olympic posters: The good, the bad, and the ugly. http://t.co/Y344Okdhbb http://t.co/IfOhPnUefn'"
436614245418287107,2014-02-20 21:32:02,"b'RT @FastCoDesign: This app transforms ""obsolete"" smartphones into baby monitors. http://t.co/M4h4OFCYuf http://t.co/nwpo1eUfn2'"
436613844614807552,2014-02-20 21:30:27,b'RT @NuEmprendedores: \xc2\xbfQU\xc3\x89 HAC\xc3\x8dA DIFERENTE EL LIDERAZGO DE STEVE JOBS?  \xe2\x9e\x9chttp://t.co/8twUJrFEoy | http://t.co/ISTCBY7UZv'
431559242852884481,2014-02-06 22:45:16,b'RT @trendhunter: 40 Outstanding Organic Baby Products - From Handmade Rattles to Eco Hand-Printed Apparel http://t.co/9yrdTIi0vu #Eco http:\xe2\x80\xa6'
431193652405489664,2014-02-05 22:32:32,"b""RT @designboom: dcpp arquitectos' cerrada reforma 108 merges in &amp; outdoor living space in mexico #architecture http://t.co/z2ZNGB3HRd http:\xe2\x80\xa6"""
431193576073342976,2014-02-05 22:32:14,b'RT @NuEmprendedores: 17 Actitudes para ser un Emprendedor de \xc3\x89xito \xe2\x9e\x9chttp://t.co/unCIe8CN64 | http://t.co/0WrTPFR2Vk'
431193128289443840,2014-02-05 22:30:27,b'RT @Inspirationf: 40 Creative Wine Label Designs http://t.co/pWgkbONtQb'
431192511063670784,2014-02-05 22:28:00,"b'Lol!! Is That A Pop-Up Pedestrian Plaza, Or Are You Just Happy To See Me? By @shaunacysays http://t.co/hhS1EyFILj v\xc3\xada @FastCompany'"
431190126077935616,2014-02-05 22:18:31,b'RT @FastCoDesign: Could cell phones stop drivers from hitting pedestrians? http://t.co/fzX7AAUHEf http://t.co/PrtSD6wlqZ'
430800057227812864,2014-02-04 20:28:32,"b""RT @BlogdelDiseno: 'Un sof\xc3\xa1 en b\xc3\xbasqueda del equilibrio perfecto' http://t.co/lrhagcaTD0 #Dise\xc3\xb1o http://t.co/KALoGQHdPc"""
430444768670121984,2014-02-03 20:56:44,b'Kids furniture design!! K  i d s ! ! ! http://t.co/eQSYqrONgg http://t.co/ybIlSM1d8L'
430421265175052288,2014-02-03 19:23:21,"b'RT @LinkedIn: Next time you need to come up with a great idea, pull out a marker and draw. http://t.co/2bK0L7cbTZ http://t.co/odmRjsCN5p'"
430421176457101313,2014-02-03 19:22:59,b'RT @maidertomasena: El trabajo es un proceso que nunca termina... \xc2\xa1Sal a tiempo! http://t.co/Us844KJfGh'
430421040599433217,2014-02-03 19:22:27,b'RT @fubiz: 200 Years Old Stone Home in Switzerland http://t.co/k6k5NfD9ok http://t.co/ifhTnPAHyX'
430420993920606208,2014-02-03 19:22:16,"b""RT @chefjoseandres: @donostiakultura is San Sebasti\xc3\xa1n one of the most beautiful cities in the world!? Yes it is! Don't wait an visit now ht\xe2\x80\xa6"""
430406597849124864,2014-02-03 18:25:04,b'RT @proyectodiseno: Investigadores del @MIT dise\xc3\xb1aron un libro que permite sentir el dolor de los protagonistas de la historia. http://t.co\xe2\x80\xa6'
430053730097307648,2014-02-02 19:02:53,b'Sorpresas te da la vida! : ) http://t.co/JZMsPAUMkC'
430025999015628800,2014-02-02 17:12:42,"b'Dulce, dulce.. #packaging http://t.co/3LuIc0L3sG'"
430007229501440000,2014-02-02 15:58:07,b'RT @landeramorrortu: Las escuelas m\xc3\xa1s innovadoras del mundo no tienen aulas ni pizarras - http://t.co/9NzcrkRdD5'
430003696097689602,2014-02-02 15:44:04,b'What the Heck is... Gamification? \xc2\xbfQu\xc3\xa9 es la.. gamificaci\xc3\xb3n?  | LinkedIn http://t.co/bNd07YlSVb'
430001262096961536,2014-02-02 15:34:24,b'\xc2\xa1Comer con los cinco sentidos! http://t.co/C676fWHWoF http://t.co/fZ9sRA0GKc'
429996387762044928,2014-02-02 15:15:02,b'\xc2\xa1As\xc3\xad da gusto trabajar! On Dise\xc3\xb1o - Proyectos: Oficinas Hub Madrid http://t.co/zhRhbgzw7m'
429976976603222017,2014-02-02 13:57:54,"b'RT @disenosocialorg: Aprende a vivir sin depender de alguien, para que tu le ense\xc3\xb1es a alguien a vivir sin depender de nadie. http://t.co/5\xe2\x80\xa6'"
429402891364081666,2014-01-31 23:56:41,b'Super potxolo!! http://t.co/8LMEQCm34c'
429397204369821697,2014-01-31 23:34:06,b'Inside Evernote Office in California \xe2\x80\x93 Fubiz\xe2\x84\xa2 http://t.co/kMM1glMngX v\xc3\xada @Fubiz'
429394892289486849,2014-01-31 23:24:54,"b'RT @Pinterest: And finally, our 10th #Pinspiration: cherishing family moments! This board made us smile: http://t.co/NgjqC546mR http://t.co\xe2\x80\xa6'"
429027138222563328,2014-01-30 23:03:35,"b'RT @designboom: google chrome &amp; #LEGO collaborate on google build, where anyone can be a virtual architect http://t.co/dRFiu8mpH1 http://t.\xe2\x80\xa6'"
429023138098069505,2014-01-30 22:47:41,b'RT @microsiervos: Lego y Google crean un juego para construir ciudades virtuales (@RTVE) http://t.co/0QtK5vV2sQ http://t.co/SJ3rdMcDMa'
428922400269680640,2014-01-30 16:07:23,"b'RT @oscarGMarraco: #TEDxAmara @COARTdonostia El miedo se soluciona trabajando y creyendo en uno mismo , la capacidad de esforzarte en algo,\xe2\x80\xa6'"
428922279935115264,2014-01-30 16:06:55,"b'""La fuerza m\xc3\xa1s importante en la innovaci\xc3\xb3n es el optimismo"" Carmen Medina #global2014'"
428774947599966208,2014-01-30 06:21:28,b'RT @IDEOorg: Design thinking in action last night @Hult_Biz. Nice video @ChloeYsabelle. http://t.co/AT5bOWiF8a #dronesforgood'
428773347350937600,2014-01-30 06:15:06,b'Casa japo molona! House with a large hipped roof by naoi architecture &amp; design office: http://t.co/heHQ8ewWDj'
428772813189550080,2014-01-30 06:12:59,"b'Nintendo llegar\xc3\xa1 a los smartphones, pero no sus videojuegos \xe2\x80\x93 @alt1040 http://t.co/xU5GRGCl26'"
428772132915798016,2014-01-30 06:10:17,"b'RT @EurekaStartups: El mundo de las ideas no es s\xc3\xb3lo de Plat\xc3\xb3n http://t.co/Kl9bQFka2H ""Lev\xc3\xa1ntate y sal a la calle""'"
428658494427119616,2014-01-29 22:38:43,"b'RT @Berreibarkultur: Gogoratu: bixar + eguenero, #Ondareindustriala, #arkitektura + #Eibar-ri buruzko hitzaldixak. http://t.co/EwQQz6TfTX h\xe2\x80\xa6'"
428650150450327552,2014-01-29 22:05:34,b'12 cosas que la gente m\xc3\xa1s exitosa hace antes de desayunar | Eureka-Startups http://t.co/j6uHBZh17v v\xc3\xada @EurekaStartups'
428602577404829697,2014-01-29 18:56:32,"b'RT @Pinterest: This board made us say ""Wow!"" For #WackyWednesday, come see these #outofthebox windows: http://t.co/24iITJLwix http://t.co/8\xe2\x80\xa6'"
428581166082301952,2014-01-29 17:31:27,"b'En @teknautas: ""Cada cosa que hemos hecho en Pepephone ha sido un error de manual"" http://t.co/0axNZvVVVW'"
428578903293042689,2014-01-29 17:22:27,b'An Adorable Animal-Themed Puzzle Book That Teaches Kids About The Food Chain http://t.co/Zgy63IO8zA'
428576389215031296,2014-01-29 17:12:28,"b'RT @designtaxi: In Japan, adorable cats are used to promote tourism http://t.co/bVKX5GTvrN'"
428574552046575616,2014-01-29 17:05:10,b'\xc2\xa1Qu\xc3\xa9 monstruo m\xc3\xa1s majo! #DIY http://t.co/2xIIGM3Qje http://t.co/gnhW5LpUQk'
428264537213915136,2014-01-28 20:33:17,b'RT @FastCoDesign: How 7 people test 400 million pounds of Starbucks coffee a year. http://t.co/BAceeKfUVK http://t.co/zwWPdLrt7g'
428264061055549440,2014-01-28 20:31:23,b'RT @YorokobuMag: Un Qui\xc3\xa9n es Qui\xc3\xa9n versi\xc3\xb3n Pulp Fiction http://t.co/Xc1byGFNOT http://t.co/9GbcEWIixt'
428262515693199360,2014-01-28 20:25:15,b'23 adorable photos that will change the way you think about rats | MNN - Mother Nature Network http://t.co/zQF9AcaVU7'
428159577444458496,2014-01-28 13:36:12,b'Tendencias de packaging para el 2014 v\xc3\xada @TheDieline http://t.co/SPxdt4yHS1'
428066717827203072,2014-01-28 07:27:13,b'\xc2\xa1Arte en el metro de Estocolmo! // Underground Art in Stockholm | NordicDesign http://t.co/UtaartO0Fy'
428063222093328384,2014-01-28 07:13:19,"b'RT @FastCoDesign: Personal travel pods, an airplane bento box, and more crazy ideas for improving air travel from @ammunitiongroup. http://\xe2\x80\xa6'"
428056282201722880,2014-01-28 06:45:45,b'This Little Orange Fish Is The Most Fun Way To Separate Egg Yolks From Whites http://t.co/7GzUNKGcwy'
427953211384016896,2014-01-27 23:56:11,b'RT @NuEmprendedores: M\xc3\xa1s de 1.000 herramientas y recursos para emprendedores... \xe2\x9e\x9chttp://t.co/rtOw8gG5W8 | http://t.co/673KCd2u4P'
427916146247880704,2014-01-27 21:28:54,b'Stockholm Furniture &amp; Northern Light Fair: nos vamos a buscar lo mejor de dise\xc3\xb1o n\xc3\xb3rdico. http://t.co/ojM3OYZbws'
427889039505494016,2014-01-27 19:41:11,"b'""En los momentos de crisis, s\xc3\xb3lo la imaginaci\xc3\xb3n es m\xc3\xa1s importante que el conocimiento"" (Albert Einstein)'"
427883324158529537,2014-01-27 19:18:28,"b""RT @FastCoDesign: A peek inside Apple's first real office space. http://t.co/Z2LLFDFNmq http://t.co/rG1jJUk93b"""
427883220294975488,2014-01-27 19:18:04,"b'RT @Innobasque: 3, 2, 1... Global Innovation Day 2014! Empieza la cuenta atr\xc3\xa1s! #global2014 http://t.co/wM1tcTyKQp'"
427883003105517569,2014-01-27 19:17:12,b'RT @YorokobuMag: La serie fotogr\xc3\xa1fica familiar sobre pel\xc3\xadculas que surgi\xc3\xb3 tras una mudanza http://t.co/Q5qDpY7uqb http://t.co/oWhijbYUsG'
427882765464240128,2014-01-27 19:16:15,b'\xc2\xa1Habr\xc3\xa1 que hacerles caso! : )\nhttp://t.co/YVbnuhj8Mz'
427859466613051392,2014-01-27 17:43:40,b'Al mal tiempo.. \xc2\xa1Buen dise\xc3\xb1o! http://t.co/fznKupA3zG'
426862672999501824,2014-01-24 23:42:46,b'Toon Bombing Street Art \xe2\x80\x93 Fubiz\xe2\x84\xa2 http://t.co/3ds3V5X7N0 v\xc3\xada @Fubiz'
426854457306279936,2014-01-24 23:10:07,b'Nadie es perfecto... http://t.co/8KNczpkEuG'
426793162984546304,2014-01-24 19:06:34,"b'We all live in a yellow submarine, yellow submarine, yellow submarine... : ) http://t.co/0KZDgcj2TR'"
426721677381087232,2014-01-24 14:22:30,b'Interesante! http://t.co/imEWLE0Cdk'
426721415891415040,2014-01-24 14:21:28,b'\xc2\xa1Qu\xc3\xa9 cosas m\xc3\xa1s bonitas! On Dise\xc3\xb1o - Proyectos: Dise\xc3\xb1o para ni\xc3\xb1os http://t.co/rR3rkZIJqn'
426254127124197376,2014-01-23 07:24:37,"b""RT @designboom: lee jinyoung of 'i clue design' enables malawians to make their own shoes w/the klem project http://t.co/IW5D79Cc5l http://\xe2\x80\xa6"""
426082521378742273,2014-01-22 20:02:44,"b'RT @disenosocialorg: \xe2\x80\x9cSi quieres llegar r\xc3\xa1pido, camina solo. Si quieres llegar lejos, camina en grupo\xe2\x80\x9d. Proverbio Africano http://t.co/cV2W\xe2\x80\xa6'"
426082228431773696,2014-01-22 20:01:34,b'RT @tabakalera: RT @Dinitek: Hoy y el 29 por la tarde vamos a impartir un curso de iniciaci\xc3\xb3n a Arduino en @Hirikilabs de @Tabakalera http:\xe2\x80\xa6'
426081495728812032,2014-01-22 19:58:39,b'RT @designboom: metafaux composes corza lounge chair of plywood &amp; cork to reduce its carbon footprint http://t.co/ifHav173CQ http://t.co/Eu\xe2\x80\xa6'
426079785136058368,2014-01-22 19:51:51,"b'Los 8 Secretos del \xc3\x89xito, de 8 Grandes Emprendedores. http://t.co/X4RZ2JpalP'"
426079267294683137,2014-01-22 19:49:48,b'\xc2\xbfSE NECESITA ESTUDIAR PARA SER EMPRENDEDOR? http://t.co/lsg2tzAnAZ'
423912467019075585,2014-01-16 20:19:42,b'RT @disenosocialorg: La innovaci\xc3\xb3n no es tanto el fruto de unos pocos con buenas respuestas como el resultado de muchos haciendo buenas pre\xe2\x80\xa6'
423911901295570944,2014-01-16 20:17:27,"b""RT @Japonismo: \xc2\xa1El para\xc3\xadso! :) RT @tokyoreporter: The World's First Kit Kat Store Is Opening in Tokyo http://t.co/xoRFVQwvqk http://t.co/NB\xe2\x80\xa6"""
423103467377262594,2014-01-14 14:45:02,b'http://t.co/6ceDW2ZXiE  \xc2\xbfOs anim\xc3\xa1is?'
402129295369183233,2013-11-17 17:41:09,b'Se\xc3\xbal convierte su puente de los suicidios en el puente del optimismo http://t.co/JXoUESNp6a'
400034140722323456,2013-11-11 22:55:46,"b'RT @IDSA: ""Creativity is like a muscle...If flexed a little bit every day, it will grow stronger."" http://t.co/pICimjJzwb'"
399493654475063296,2013-11-10 11:08:04,b'Join my free course on Nov 4th: Design Thinking for Business Innovation! http://t.co/9KLsYX0nEm v\xc3\xada @liedtkaj'
398980948328710144,2013-11-09 01:10:45,b'RT @Deskontu_SS: Posibles combinaciones de colores para el collar de nudos decorativos http://t.co/DPUr899bkC http://t.co/omdMljEYfD'
398250505182666753,2013-11-07 00:48:14,b'RT @ekinaurrera: Comienza la jornada de #networking organizada para generar relaciones entre empresas y #emprendedores #elkarEKIN http://t.\xe2\x80\xa6'
397692879084077057,2013-11-05 11:52:25,"b'Raymond Loewy, el dise\xc3\xb1ador de lo americano http://t.co/Y2RuggIv3O'"
395679099361841152,2013-10-30 22:30:23,b'Ya tengo zapatillas! : ) Zapatillas SKY - Tu Ropa de Ciclismo http://t.co/s79bfeJj0H'
395587917772754944,2013-10-30 16:28:03,"b'RT @disenosocialorg: ""Para salvar el planeta, primero hay que amar la vida"". #FrasesQueMeMarcaron #BuenosDias http://t.co/MOuXgUsGZF'"
395313684668743680,2013-10-29 22:18:21,"b'RT @eidedesign: Creatividad y dise\xc3\xb1o, pilares de la nueva revoluci\xc3\xb3n | El Economista http://t.co/DcxT5kIcKQ'"
394968847796928512,2013-10-28 23:28:06,b'https://t.co/ZEczRbMx1Y #inspiration @ChieMiharastore'
393936673911738368,2013-10-26 03:06:36,"b'#inventazolasemana Perchas inteligentes que se iluminen si combinan con la prenda seleccionada, evento y acordes a la temperatura exterior.'"
391218199473057795,2013-10-18 15:04:21,b'Descubriendo cosas que me he perdido! http://t.co/1jU8QwjvVg #designthinkingmovie'
390410858427191296,2013-10-16 09:36:16,b'Hace tiempo que lo descubr\xc3\xad y no pude verlo.. Creo que me va a encantar! #designforlife\nhttp://t.co/eEj0DnmmR5'
387911670904782848,2013-10-09 12:05:24,b'Curioso... #packaging - Actualidad - As\xc3\xad ol\xc3\xada JFK http://t.co/fD2LjH5gMK v\xc3\xada @esquirees'
387349183193444352,2013-10-07 22:50:16,"b'RT @designmilk: 10 innovative products from new design school graduates at @L_D_F, curated by @coadg: http://t.co/nn50v0uUTa'"
387326275607486465,2013-10-07 21:19:14,b'No te pierdas la fiesta del cine http://t.co/EnHgSqZsAv v\xc3\xada @fiestadelcine'
387325800153763840,2013-10-07 21:17:21,b'Top 100 Global Innovators | 2013 Winners: http://t.co/g0r0Eg4pCT'
387208025917755392,2013-10-07 13:29:22,"b'RT @EuskalValley: RT @bilbaointern Bilbao ser\xc3\xa1 sede de la USAWeek2013, primera conferencia y exposici\xc3\xb3n empresarial de EE.UU. en Europa htt\xe2\x80\xa6'"
387001611073384448,2013-10-06 23:49:08,"b'RT @eidedesign: La ONU cree que el dise\xc3\xb1o urbano es la clave para lograr ""ciudades mejores"" - #Terra\n http://t.co/lIEpJjgdRo'"
387001297482022912,2013-10-06 23:47:54,b'RT @uwehook: 8 mistakes our brains make every day and how to prevent them http://t.co/hBKze2r7qq'
386999531591966720,2013-10-06 23:40:53,b'RT @vonmalortie: Highly educated young females are increasingly vulnerable in some countries http://t.co/opPi2CNbVa http://t.co/U86n2WELie'
386787822579253248,2013-10-06 09:39:37,b'RT @ozestudi: El usuario es al dise\xc3\xb1o lo que el paciente al m\xc3\xa9dico.'
385907486878076929,2013-10-03 23:21:29,b'RT @Inspirationf: 20 Innovative Staircase Designs http://t.co/UXALNfUnbu'
385849882461732864,2013-10-03 19:32:35,"b'Engimono, los amuletos japoneses http://t.co/jIINjuaprs v\xc3\xada @japonismo'"
385819787341086720,2013-10-03 17:33:00,b'RT @ozestudi: Todos conocemos los ingredientes del dise\xc3\xb1o. La diferencia reside en los porcentajes de los mismos que cada cual aplica en la\xe2\x80\xa6'
385699765318479873,2013-10-03 09:36:04,b'@arey #atributos #autonom\xc3\xada #capacidades #competencias de los innovadores #cultura del esfuerzo #cultura in [...] http://t.co/KGEVh6w4U7'
385513573624979457,2013-10-02 21:16:13,b'RT @Area_De: La arquitecta que renunci\xc3\xb3 al Pritzker para evitar la fama | Cultura | EL PA\xc3\x8dS - Mozilla Firefox http://t.co/k4YlkIRTdy'
385501696798892032,2013-10-02 20:29:01,b'Lo que una descubre!! http://t.co/usiJ0J7U2P #orgulloeibarres http://t.co/XBGiI7O2ry'
385484070261903362,2013-10-02 19:18:58,"b'RT @FastCoDesign: ""Science fiction has such a big impact culturally on how we think about the future."" -Jill Nussbaum, @barbariangroup  at \xe2\x80\xa6'"
385483879383302144,2013-10-02 19:18:13,"b'RT @decoesfera: \xc2\xbfC\xc3\xb3mo ser\xc3\xa1n las televisiones del ma\xc3\xb1ana? Aqu\xc3\xad va un adelanto. http://t.co/TDDZLw1CEI, por ""eBayers"".'"
385476988523520000,2013-10-02 18:50:50,"b'RT @FastCoDesign: ""a designer who doesn\'t understand the language of engineering is like being an architect that doesn\'t understand gravity\xe2\x80\xa6'"
385396876406575104,2013-10-02 13:32:30,b'Macro Photos Of \xe2\x80\x98Star Wars\xe2\x80\x99 LEGO Minifigs As Larger-Than-Life Characters http://t.co/wYL4KlHzNG v\xc3\xada @sharethis'
385363913228840960,2013-10-02 11:21:31,b'[The best of septiembre] http://t.co/GfWsSjtzzz v\xc3\xada @blogdeldiseno'
385357761556406272,2013-10-02 10:57:04,"b'Photographer Captures Adorable, Heartwarming Portraits Of Newborn Babies http://t.co/lBOmQzDswf v\xc3\xada @sharethis'"
385340243638890496,2013-10-02 09:47:28,b'RT @ElleDecorSpain: \xc2\xbfSab\xc3\xadas que la silla Panton tiene 53 a\xc3\xb1os de vida? Nos encanta este icono del dise\xc3\xb1o editado por @vitra . #BeOriginal h\xe2\x80\xa6'
385168068408004608,2013-10-01 22:23:18,b'RT @euskadinnova: Se lanza la segunda edici\xc3\xb3n de European Social Innovation Competition http://t.co/cNDWkzd0L1'
385168034803245056,2013-10-01 22:23:10,b'RT @euskadinnova: Connecting Cities busca proyectos participativos para fachadas digitales http://t.co/xRwlKiLTOF'
385167601275764736,2013-10-01 22:21:26,b'RT @wallpapermag: 10 new titles to add to your shelves http://t.co/AHly4xe4dg'
385166010292396032,2013-10-01 22:15:07,"b""RT @ideo: A beautiful flower that promotes medical adherence + never needs watering. IDEO's Designs On\xe2\x80\x94 Packaging: http://t.co/yW5KUlTrAc"""
385165715252477953,2013-10-01 22:13:57,"b""RT @CreativeMarket: 5 ways to create an 'about' page that actually converts http://t.co/kBxylUnEqh http://t.co/dO1oeKYwQ7"""
384988912579776512,2013-10-01 10:31:24,b'RT @museudeldisseny: RT @MkDirecto 5 mitos falsos sobre la creatividad: http://t.co/nQCslwJIhZ'
384960962958077952,2013-10-01 08:40:20,"b'RT @TheDieline: ABSOLUT Originality - Limited Edition: \n""Following its long-standing tradition of introduci... http://t.co/fli0tYKW7d #pack\xe2\x80\xa6'"
384957678692610048,2013-10-01 08:27:17,b'The Dieline - - http://t.co/YaQiSGwEhp via @TheDieline'
384825440764182528,2013-09-30 23:41:49,b'RT @MikeGrowes: Make a Lunch Box from a Milk Jug http://t.co/kd5R9CK0ji #stumbleupon'
384808739037261824,2013-09-30 22:35:27,b'RT @eutokia: Sesi\xc3\xb3n Abierta Gratuita CONSTELACIONES ORGANIZACIONALES con Katia del Rivero - 2013.10.15 http://t.co/Y6N0VPia9S'
384808223691534336,2013-09-30 22:33:24,b'RT @wallpapermag: The anti it-bag and garbage bag we love @lanvinofficial http://t.co/NkjPWyBB7T'
384799491653926912,2013-09-30 21:58:42,b'RT @eidedesign: El centro Irazabal albergar\xc3\xa1 desde octubre un espacio urbano abierto a la innovaci\xc3\xb3n http://t.co/HpwMuMAvxU v\xc3\xada @deia_bizka\xe2\x80\xa6'
384597048147705857,2013-09-30 08:34:16,"b'Disseny, c\xc3\xa0mera, acci\xc3\xb3! | DHUB http://t.co/00MNmyEEAE'"
384453668583796737,2013-09-29 23:04:32,b'RT @disenosocialorg: La \xc3\xbanica diferencia entre lo que eres y lo que quieres ser... es lo que haces http://t.co/5cKxGEBukf'
383713002874077184,2013-09-27 22:01:23,b'RT @ElisavaBCN: 10.000\xe2\x82\xac para los ganadores del Premio Fundaci\xc3\xb3n Pr\xc3\xadncipe de Girona. Hasta el 11 de noviembre! http://t.co/wcK3XSBeWu via @d\xe2\x80\xa6'
383658340418465793,2013-09-27 18:24:11,b'http://t.co/I3VKYBOVDT en marcha!!'
