id,created_at,text
968590861222187009,2018-02-27 20:57:11,b'RT @paulocoelho: You can love your country without having to love your government'
968135732140412930,2018-02-26 14:48:40,b'@maqsoodahmadjan Daira maza yey okra sahar ;)'
968076149975904266,2018-02-26 10:51:54,b'@maqsoodahmadjan Da sa haal dy? :P :D'
966337644962689024,2018-02-21 15:43:42,b'\xd8\xae\xd9\xbe\xd9\x84\xd9\x88 \xd9\x85\xd9\x84\xda\xab\xd8\xb1\xd9\x88 \xd9\xbe\xd8\xae\xd9\x88\xd8\xa7\xd9\x86\xd9\x88 \xd8\xb3\xd8\xb1\xd9\x87 \xda\x81\xd9\x85\n\xd9\x86\xd9\x86 \xd8\xaf \xd8\xb3\xd8\xad\xd8\xb1\xd8\xa7 \xd8\xaf \xd9\x84\xdb\x8c\xd9\x88\xd9\x86\xd9\x88 \xd8\xb3\xd8\xb1\xd9\x87 \xda\x81\xd9\x85\n\n\xd9\x88\xd8\xa7\xdb\x8c\xdb\x8c \xd8\xa7\xd8\xba\xdb\x8c\xd8\xa7\xd8\xb1 \xda\x86\xdb\x8c \xd8\xaf \xd8\xaf\xd9\x88\xd8\xb2\xd8\xae \xda\x98\xd8\xa8\xd9\x87 \xd8\xaf\xd9\x87\n\xd8\xb2\xd9\x87 \xd8\xa8\xd9\x87 \xd8\xac\xd9\x86\xd8\xaa \xd8\xaa\xd9\x87 \xd8\xaf \xd9\xbe\xda\x9a\xd8\xaa\xd9\x88 \xd8\xb3\xd8\xb1\xd9\x87 \xda\x81\xd9\x85\xe2\x80\xa6 https://t.co/ZjomFjpg8c'
966013348184719360,2018-02-20 18:15:04,b'RT @UNDP: When will every girl get an equal education? #By2030\nShow your support for the Global Goals at https://t.co/2ZyZ9NpVyp https://t.\xe2\x80\xa6'
963489199562387461,2018-02-13 19:05:00,"b'Gradually, the light of our dreams turns into the monster of our nightmares. They become things not done, possibili\xe2\x80\xa6 https://t.co/DI3Ihszbvb'"
963489197653921793,2018-02-13 19:05:00,b'We aren\xe2\x80\x99t who we want to be. We are what society demands. We are what our parents choose. We don\xe2\x80\x99t want to disappoi\xe2\x80\xa6 https://t.co/TLeMLlxPuI'
962661576829530112,2018-02-11 12:16:19,b'Shocked by the sudden demise of @Asma_Jahangir. The voice of the voiceless and oppressed is no more with us. RIP'
962441412104122368,2018-02-10 21:41:28,b'#PashtunLongMarch #PashtunDharna @Mashaalradio @RahmanBunairee @BushraGohar @a_siab https://t.co/uQXa3EWvMV'
962383213049143298,2018-02-10 17:50:12,"b""@takkar1234 To me this is nothing more than a piece of paper. We shouldn't be celebrating this. \n\xd9\xbc\xda\xa9\xd8\xb1 \xd8\xb5\xdb\x8c\xd8\xa8 \xd9\x85\xd8\xa7\xd8\xaa\xd8\xa7 \xd8\xaf\xd8\xa7\xd8\xb3\xdb\x8c\xe2\x80\xa6 https://t.co/LKF1vMZBZb"""
962026650035564544,2018-02-09 18:13:21,"b""@ZiauddinY The only win case for Pakistan is to listen the just demands of #PashtunLongMarch. Otherwise, it'll furt\xe2\x80\xa6 https://t.co/XdA3gKhHQl"""
961659438494027786,2018-02-08 17:54:11,b'RT @voadeewa: Peshawar High Court rejected petition seeking judicial inquiry into the killing of 144 students &amp; staff on 12/16/14 at APS. #\xe2\x80\xa6'
961362936748019712,2018-02-07 22:16:00,"b""@ZiauddinY The decision is landmark, but I'm not satisfied with the punishment. How come different people with the\xe2\x80\xa6 https://t.co/CqqXQ5uPfk"""
961262047450288128,2018-02-07 15:35:06,b'@MJibranNasir @SirajOfficial @JIPOfficial He is deliberately supporting such welcome. This is very much in line wit\xe2\x80\xa6 https://t.co/0NDd7QU5Tz'
957536265255227392,2018-01-28 08:50:10,"b'@eng_saqib I agree with you, but some stupid and hypocrite people in Pakistan consider them as good.'"
957364583114727430,2018-01-27 21:27:58,b'RT @Khadimhussain4: The massacre being perpetrated in #Kabul and other cities in Afghanistan exposes the terror network. This is a potentia\xe2\x80\xa6'
957347366130143234,2018-01-27 20:19:33,"b""Heart breaking. Another terrorist attack by the 'good taliban'. #KabulAttack https://t.co/uL6lxw4RvV"""
954729799775412224,2018-01-20 14:58:16,"b'RT @TalatHussain12: 1. More than 90% of Swat Taliban were members of TNSM, whose founder &amp; Grand Dad, Sufi Muhammad, is now out of jail, on\xe2\x80\xa6'"
954729713297231873,2018-01-20 14:57:56,"b'RT @Razarumi: \xe2\x80\x98Fighting Pak Army is haram\xe2\x80\x99, says Soofi Mohammad head of banned outfit that had been fighting the state in Swat. Also, fathe\xe2\x80\xa6'"
953777047163240448,2018-01-17 23:52:23,b'@MuradAliShahPPP would you please investigate this extrajudicial killing? @BBhuttoZardari @AseefaBZ @AAliZardari\xe2\x80\xa6 https://t.co/18Nuqm4Z6C'
953550259065630720,2018-01-17 08:51:12,b'RT @a_siab: \xd8\xa2\xd8\xac \xd8\xb3\xdb\x92 \xd9\x84\xd8\xa7\xdb\x81\xd9\x88\xd8\xb1 \xd9\x85\xdb\x8c\xda\xba \xd8\xb3\xd8\xac\xd9\x86\xdb\x92 \xd9\x88\xd8\xa7\xd9\x84\xd8\xa7 \xd8\xb3\xdb\x8c\xd8\xa7\xd8\xb3\xdb\x8c \xd9\xbe\xd8\xa7\xd9\x86\xdb\x8c \xd9\xbe\xd8\xaa \xd9\x86\xdb\x81 \xd8\xaf\xdb\x81\xd8\xb4\xd8\xaa\xda\xaf\xd8\xb1\xd8\xaf\xdb\x8c \xda\xa9\xdb\x92 \xd8\xae\xd8\xa7\xd8\xaa\xd9\x85\xdb\x92\xe2\x80\x98 \xd9\x86\xdb\x81 \xd8\xac\xd8\xa8\xd8\xb1\xdb\x8c \xda\xaf\xd9\x85\xd8\xb4\xd8\xaf\xda\xaf\xd8\xa7\xd9\x86 \xda\xa9\xdb\x8c \xd8\xb1\xdb\x81\xd8\xa7\xd8\xa6\xdb\x8c\xe2\x80\x99 \xd9\x86\xdb\x81 \xd8\xa8\xd9\x84\xd9\x88\xda\x86\xd8\xb3\xd8\xaa\xd8\xa7\xd9\x86 \xd9\x85\xdb\x8c\xda\xba \xd8\xae\xd9\x88\xd9\x86 \xd8\xb1\xdb\x8c\xd8\xb2\xdb\x8c \xd8\xb1\xd9\x88\xda\xa9\xd9\x86\xdb\x92\xe2\x80\x99 \xd9\x86\xdb\x81 \xd9\x81\xd8\xa7\xd9\xb9\xd8\xa7\xe2\x80\xa6'
950333736771641344,2018-01-08 11:49:53,"b'RT @MJibranNasir: Ruthlessly killed a civilain who posed no threat instead begged for mercy, violated their oath to protect, insulted their\xe2\x80\xa6'"
950169139435462657,2018-01-08 00:55:50,"b'RT @bloomspakistan: Mr M Iqbal, father of Mashal Khan, to give 2018 Bacha Khan Lecture hosted by Bloomsbury Pakistan to be held on 20th Jan\xe2\x80\xa6'"
950166600057008136,2018-01-08 00:45:45,b'Will attend in sha Allah. https://t.co/l2b3h5PPew'
949939646305271808,2018-01-07 09:43:55,b'RT @nidkirm: Our wonderful (in)justice system: Rangers men get presidential pardon over youth\xe2\x80\x99s killing https://t.co/IRCHS9qRka'
947081765528702976,2017-12-30 12:27:43,"b""@husainhaqqani @StephenTankel Obviously, the amount of money you're talking about is not significant and Pakistan c\xe2\x80\xa6 https://t.co/jeSodE73dT"""
943096953197465600,2017-12-19 12:33:30,b'RT @BushraGohar: Why is the \xe2\x80\x98Model\xe2\x80\x99 #NayaPakhtunkhwa police not registering an FIR? It has been 3 long years of pain &amp; agony for the #APS v\xe2\x80\xa6'
942160232989495297,2017-12-16 22:31:18,"b""@ImranKhanPTI Simply both are disqualified by the supreme court. No need for further explanation. It'd be hard for\xe2\x80\xa6 https://t.co/Ikjj5drkPt"""
942003243265208320,2017-12-16 12:07:29,"b""A sad day in PAK's history 4r many reasons esp. #APSPeshawar. Even,  today we don't've a coherent policy against te\xe2\x80\xa6 https://t.co/wyjh8xZjiu"""
941371512497561600,2017-12-14 18:17:13,"b""@ImranKhanPTI Can someone please share the 2017 report. I could not find on the Alif Ailaan's website. Thanks"""
938381545102028801,2017-12-06 12:16:09,"b'@eng_saqib @AtifKhanpti @ImranKhanPTI @PTIKPOfficial @KPKUpdates Haha, yaar bs zehan na me wate wo. khu da dair kar\xe2\x80\xa6 https://t.co/LKDIDvETJH'"
938059389440806914,2017-12-05 14:56:01,b'@eng_saqib @AtifKhanpti @ImranKhanPTI @PTIKPOfficial @KPKUpdates To be honest PTI performance in KP is very ordinar\xe2\x80\xa6 https://t.co/DRjh0bFyHy'
938057185149489153,2017-12-05 14:47:15,"b""@eng_saqib @AtifKhanpti @ImranKhanPTI @PTIKPOfficial @KPKUpdates He's biased, but the report is published by ASER-P\xe2\x80\xa6 https://t.co/j8zZALnhHM"""
938051701549957120,2017-12-05 14:25:28,b'@AtifKhanpti could you please respond to this? @ImranKhanPTI @PTIKPOfficial @KPKUpdates https://t.co/HdPvBdylE2'
937106152533479425,2017-12-02 23:48:12,b'RT @MJibranNasir: Students attend schools and universities for education not to risk their lives and we must not hide our failures by glori\xe2\x80\xa6'
937017903450292224,2017-12-02 17:57:31,b'RT @kalal911: \xd8\xb7\xd9\x84\xd8\xa8\xdb\x81 \xda\xa9\xd9\x88 \xd8\xb4\xdb\x81\xd8\xa7\xd8\xaf\xd8\xaa \xd9\x85\xd9\x84 \xda\xaf\xd8\xa6 \n\xd8\xaf\xda\xbe\xd8\xb4\xd8\xaa\xda\xaf\xd8\xb1\xd8\xaf\xd9\x88\xda\xba \xda\xa9\xd9\x88 \xd8\xa8\xda\xbe\xdb\x8c \xd8\xad\xd9\x88\xd8\xb1\xdb\x92 \xd9\x85\xd9\x84 \xda\xaf\xd8\xa6\xdb\x92 \n\xd9\xbe\xd9\x88\xd9\x84\xdb\x8c\xd8\xb3 \xda\xa9\xd9\x88 \xda\xa9\xd8\xb1\xdb\x8c\xda\x88\xdb\x8c\xd9\xb9 \xd9\x85\xd9\x84\xd8\xa7\n\xd8\xb3\xdb\x8c\xd8\xa7\xd8\xb3\xdb\x8c \xd8\xa7\xd9\x82\xd8\xa7\xd9\x88\xd9\x88\xda\xba \xda\xa9\xd9\x88 \xd9\x85\xd8\xb0\xd9\x85\xd8\xaa \xda\xa9\xd8\xa7 \xd9\x85\xd9\x88\xd9\x82\xd8\xb9 \xd9\x85\xd9\x84\xd8\xa7 \n\xd8\xa7\xd9\x86\xd8\xb3\xd8\xa7\xd9\x86\xdb\x8c \xd8\xad\xd9\x82\xd9\x88\xd9\x82 \xda\xa9\xdb\x92 \xd8\xa7\xd8\xaf\xd8\xa7\xd8\xb1\xd9\x88\xe2\x80\xa6'
936555786242809856,2017-12-01 11:21:14,"b'@ImranKhanPTI 11 people died &amp; everyone is praising the police &amp; army. Unfortunately, we only react to such inciden\xe2\x80\xa6 https://t.co/DTKQYXJJB8'"
935515593180106752,2017-11-28 14:27:53,"b""@ImranKhanPTI Open Kutchery is an indication that your justice system is not working. You'll not see any such Kutch\xe2\x80\xa6 https://t.co/nkgZHvl5Vf"""
935098485619216384,2017-11-27 10:50:26,b'RT @hidhussain: Who says constitution and parliament are supreme in this country? No more. It is back to Mullah -military alliance. God sav\xe2\x80\xa6'
934868445254045698,2017-11-26 19:36:21,"b'RT @husainhaqqani: Interesting that army never \xe2\x80\x98recommends\xe2\x80\x99 handling #Muhajir, #Sindhi, #Baloch protestors peacefully. There it is \xe2\x80\x98shoot t\xe2\x80\xa6'"
932234544081760256,2017-11-19 13:10:10,b'@ashrafghani Congratulations :) Dair dair mo mubarak sha!!'
932033822744604672,2017-11-18 23:52:34,b'@ImranKhanPTI The one at large is the main culprit. I wish you could understand the interview in the link\nhttps://t.co/bwmhs2nkuz.'
926914124415676416,2017-11-04 20:48:43,b'@SabaWarraich2 @takkar1234 @a_siab @Ijazbinakhtar @spaelanay @BushraGohar @mazdaki @asadmunir38 @KhanBehroz\xe2\x80\xa6 https://t.co/eu9quKAgWq'
926912396190461957,2017-11-04 20:41:51,b'@takkar1234 @a_siab @Ijazbinakhtar @spaelanay @BushraGohar @mazdaki @asadmunir38 @KhanBehroz @takar22 Brilliant!! T\xe2\x80\xa6 https://t.co/pU1VzbGlbl'
925434525223710720,2017-10-31 18:49:19,"b""@sharmeenochinoy You can say that it's unethical but it's not harassment for sure. Waste ur energy in some real har\xe2\x80\xa6 https://t.co/D7ZCIpYuat"""
923953532193165313,2017-10-27 16:44:22,b'@sherryrehman I think this is the first tweet which talks about the punishment as well.  The rest are just condemning it.'
923905061218119680,2017-10-27 13:31:46,"b""@llewelyn_morgan Doing my PhD at Imperial. There're actually many more historical sites spread all over the Swat va\xe2\x80\xa6 https://t.co/3KqLRuDTOF"""
923882489847910401,2017-10-27 12:02:05,"b""@llewelyn_morgan This stupa is in the village of Amluk Dara and we call it Amluk Dara Stupa -:).  It's very close to my village."""
921534130827022337,2017-10-21 00:30:32,b'@TehminaDurrani Instead of resorting to twitter you should tell your husband that do something for the poor people\xe2\x80\xa6 https://t.co/J5vLyykru0'
921073428324605952,2017-10-19 17:59:52,b'RT @ImranKhanPTI: He is Ahmed Rabbani a poor taxi driver from Karachi. We cannot remain silent on his plight. https://t.co/1zszP2LV5X'
913490538250334210,2017-09-28 19:48:10,"b""@MarkeyDaniel Good article. Interesting comparison, but I'm wandering Y U didn't mention Afghanistan, as a potentia\xe2\x80\xa6 https://t.co/zr68nTw0ro"""
910275793422622720,2017-09-19 22:53:55,b'@Malala Kala na kala mung dapara #Pakhto ke hm tweets kawa.'
903684401258782720,2017-09-01 18:22:05,"b""Eid Mubarak everyone! Took this picture in Regent's park mosque London today :) https://t.co/G2DsL2A1gC"""
899949924653166592,2017-08-22 11:02:36,b'@realDonaldTrump This is the best policy for the current situation in Afghanistan and perhaps the best speech from @realDonaldTrump .'
898679751631671297,2017-08-18 22:55:24,"b'RT @BushraGohar: JCs &amp; JITs formed for scripted  #PuppetShows. #APS students were butchered in broad daylight-Instead of forming JC, Parent\xe2\x80\xa6'"
898119851075612672,2017-08-17 09:50:33,b'@Malala @UniofOxford @ZiauddinY Congratulations -:)'
896527593318608896,2017-08-13 00:23:29,"b'RT @BBCSanaSafi: Do read if you can. The Babarra Massacre of August 12, 1948. Via @qrratugai #BabarraMassacre  https://t.co/3j5OhO6aFj'"
896049948080259072,2017-08-11 16:45:30,b'@InsafPK Neither NS nor IK cares about the innocent poor people. Many had died in PTI-2014 Rally-Dharna too. @MaryamNSharif'
896030353520959488,2017-08-11 15:27:38,"b""@amirkingkhan We're only interested in your boxing. Please keep your personal life private and don't share on social media."""
894963298562695169,2017-08-08 16:47:32,b'@a_siab @mazdaki The whole world recognizes him except Pakistan.'
893492455437463552,2017-08-04 15:22:56,"b'@AseefaBZ 100% agree, these allegations should be taken seriously.  I wish to see you in active politics. Is there any chance anytime soon?'"
892694387154726912,2017-08-02 10:31:42,"b""@ShireenMazari1 Kamran Shahid didn't say anything about NA 1 ticket issue. These allegations are very serious &amp; an\xe2\x80\xa6 https://t.co/0q5w02llhK"""
891451264256679936,2017-07-30 00:11:58,"b""@RehamKhan1 This's why he'll be PM only for few days! After selecting his brother &amp; nephew for key posts,  every PM\xe2\x80\xa6 https://t.co/BLxgnzYPCM"""
890275554292838402,2017-07-26 18:20:07,"b""@BushraGohar He even supported Qadri who's convicted by Court. Now, he's saying I'm waiting for court decision in\xe2\x80\xa6 https://t.co/4nrI3SXzj0"""
890148847615451136,2017-07-26 09:56:38,b'@BushraGohar Shameless &amp; cruel. JI has always soft corner 4 terrorism &amp; terrorist. He attended Qadri Janza as well.\xe2\x80\xa6 https://t.co/dEjUxfEEl7'
889856803034591234,2017-07-25 14:36:09,"b'The govt should focus on the infrstructre, esp Mingra-Kalam RoaD\nBBC Urdu - \xd8\xb3\xd9\x88\xd8\xa7\xd8\xaa \xd9\x85\xdb\x8c\xda\xba \xd8\xb1\xd9\x88\xd8\xa7\xda\xba \xd8\xb3\xd8\xa7\xd9\x84 \xd8\xa2\xd9\xb9\xda\xbe \xd9\x84\xd8\xa7\xda\xa9\xda\xbe \xd8\xb3\xdb\x8c\xd8\xa7\xd8\xad\xd9\x88\xda\xba \xda\xa9\xdb\x8c \xd8\xa2\xd9\x85\xd8\xaf https://t.co/SB5Wv7vMef'"
889119678630682624,2017-07-23 13:47:05,"b""@takkar1234 We don't've the habit to respect r artists, some of r legendary artists are either living abroad or in\xe2\x80\xa6 https://t.co/4E5mvOBpcd"""
888684995140780033,2017-07-22 08:59:48,"b""RT @a_siab: Who rules Pakistan? My article in today's daily The Nation. https://t.co/4Jtrxq1DKQ"""
888427930111627265,2017-07-21 15:58:19,"b'@husainhaqqani Perhaps this is the only example in the world, an army is running so many commercial entities.No won\xe2\x80\xa6 https://t.co/rCGFrCxipg'"
888153800934141952,2017-07-20 21:49:01,b'@Malala @ZiauddinY  Well done. I wish both of you visit Swat soon!'
887738589341265921,2017-07-19 18:19:07,"b""@SushmaSwaraj @IndiaToday Thank u! It'd b great f u kindly remove the recommendation 4rm Advisor to PM 4 medical vi\xe2\x80\xa6 https://t.co/sNS0x4fezK"""
885133903157235712,2017-07-12 13:49:02,"b'@AtifKhanpti Instead of becoming a national leader, u should focus on education. The current results should open ur\xe2\x80\xa6 https://t.co/nVJPAHRq5T'"
884674513753051136,2017-07-11 07:23:35,"b""RT @a_siab: Accountability brigade is pretending as if Musharraf's abscontion from high treason trail is from Timbuktu's judiciary.Holy cow\xe2\x80\xa6"""
883616853347774464,2017-07-08 09:20:49,"b""@RehamKhan1 It's not embarrassing at all. There's no reason of tweeting this, but some people want to get attention."""
883343500384841728,2017-07-07 15:14:36,b'@Malala Good to see you active on twitter!'
882975034008109056,2017-07-06 14:50:27,b'#\xd9\x85\xdb\x8c\xda\xba_\xd8\xa7\xd9\x86_\xda\xa9\xd9\x88_\xd8\xb1\xd9\x84\xd8\xa7\xd9\x88\xda\xba_\xda\xaf\xd8\xa7\n Well done @ImranKhanPTI https://t.co/2xsfyLmalQ'
881131364279603200,2017-07-01 12:44:22,b'RT @ammarmasood3: \xd8\xaa\xd8\xa7\xd8\xb1\xdb\x8c\xd8\xae \xd8\xa8\xd8\xaa\xd8\xa7 \xd8\xb1\xdb\x81\xdb\x8c \xdb\x81\xdb\x92 \xd8\xac\xd9\x86\xdb\x81\xd9\x88\xda\xba \xd9\x86\xdb\x92 \xd8\xb3\xd8\xb1\xd8\xad\xd8\xaf\xd9\x88\xda\xba \xda\xa9\xd8\xa7 \xd8\xaa\xd8\xad\xd9\x81\xd8\xb8 \xda\xa9\xd8\xb1\xd9\x86\xd8\xa7 \xd8\xaa\xda\xbe\xd8\xa7 \xd9\x88\xdb\x81 \xd8\xa7\xd9\x85\xd8\xb1\xdb\x8c\xda\xa9\xdb\x8c \xd8\xac\xd8\xa7\xd8\xb3\xd9\x88\xd8\xb3\xd9\x88\xda\xba \xda\xa9\xd8\xa7 \xd8\xaf\xd9\x81\xd8\xa7\xd8\xb9 \xda\xa9\xd8\xb1\xd8\xaa\xdb\x92 \xd8\xb1\xdb\x81\xdb\x92\n\n#RaymondDavis'
881130999991738368,2017-07-01 12:42:55,"b'RT @ImranKhanPTI: A shameful account of how our top pol &amp; mly leadership collaborated to let a cold blooded killer, responsible for 4 death\xe2\x80\xa6'"
881124338241556480,2017-07-01 12:16:27,"b""It's an absolute shame when both civil &amp; miltry leaders corroborate to sell us.   BBC Urdu - \xd8\xb1\xdb\x8c\xd9\x85\xd9\x86\xda\x88 \xda\x88\xdb\x8c\xd9\x88\xd8\xb3 \xda\xa9\xdb\x8c \xd8\xa2\xd8\xae\xd8\xb1\xdb\x8c \xd9\xbe\xdb\x8c\xd8\xb4\xdb\x8c https://t.co/y51UKKJ0e6"""
881084433075494913,2017-07-01 09:37:53,"b'@husainhaqqani Why you, NS, AZ, and Pasha were so loyal to America? Do you feel any embarrassment or you proud of i\xe2\x80\xa6 https://t.co/W3h1JeyD8l'"
881083229708668932,2017-07-01 09:33:06,b'RT @ImranKhanPTI: This book shd be read by Pakistanis to  understand why we are treated with so little respect internationally. https://t.c\xe2\x80\xa6'
880420898670510081,2017-06-29 13:41:14,b'@PMOIndia @husainhaqqani @narendramodi Why it took so long to say such thing clearly?'
880391392291434496,2017-06-29 11:43:59,b'@eng_saqib I support the victims of terrorism in #Parachinar. Senior leaders of both civil and military should visi\xe2\x80\xa6 https://t.co/5Sp6tWyKzR'
880368989456789505,2017-06-29 10:14:58,"b""@ImranKhanPTI By not supporting the poor victims of #ParachinarBlasts, you're loosing the support and respect of many.  Poor politics"""
880367705714548736,2017-06-29 10:09:52,"b""@Asad_Umar Why don't u &amp; ur party say anything about #Parachinar dharna? Is it because army is stopping you? Selfis\xe2\x80\xa6 https://t.co/J1meG7XiU2"""
879423668501323776,2017-06-26 19:38:36,"b""@BushraGohar Shameless PM, shameless COAS, and shameless leaders. They can't face the people in #Parachinar and #Quetta."""
879160449945808897,2017-06-26 02:12:39,"b""No one, they're children of a lesser god. https://t.co/qXuXW4CUJE"""
879112549203152897,2017-06-25 23:02:19,"b""RT @BushraGohar: Why is the media not covering the sit in? Who is stifling the victims' families cries for justice? https://t.co/Yem69GvWD3"""
878773129614700545,2017-06-25 00:33:35,"b""@PTIofficial @ArifAlvi @Asad_Umar Why don't you visit the victims of #ParachinarBlasts and #QuettaBlast? What's the\xe2\x80\xa6 https://t.co/lFpnTZoDm4"""
878771092210561025,2017-06-25 00:25:29,"b'Such a useless, shameless, and arrogant minister Ch. Nisar is. https://t.co/yeXcO4bbzw'"
877242501391843328,2017-06-20 19:11:25,"b""Now, the head coach of India has resigned. It'll take quite long for India to recover from this defeat. \n#PAKvIND\xe2\x80\xa6 https://t.co/DNGDn8mXqW"""
864069480787447808,2017-05-15 10:46:32,"b'Misbah and Younis you both will be missed. Great players, great human beings, great service for Pakistan #MisYou https://t.co/MbWkfOFvHE'"
855887794396422147,2017-04-22 20:55:26,"b""Thoughts and prayers with the victims of  #MazariSharif's attack. Words can't describe such brutality."""
855086852348489728,2017-04-20 15:52:47,b'Thank you @takkar1234 for composing such a nice song. #MashalKhan https://t.co/V7csG0UOAK'
852978923642269696,2017-04-14 20:16:37,b'RT @HamidMirPAK: \xd9\x85\xd8\xb4\xd8\xb9\xd8\xa7\xd9\x84 \xda\xa9\xdb\x92 \xd8\xb3\xd9\x88\xd8\xb4\xd9\x84 \xd9\x85\xdb\x8c\xda\x88\xdb\x8c\xd8\xa7 \xd8\xa7\xda\xa9\xd8\xa7\xd8\xa4\xd9\x86\xd9\xb9 \xd9\x85\xdb\x8c\xda\xba \xd9\x82\xd8\xa7\xd8\xa8\xd9\x84 \xd8\xa7\xd8\xb9\xd8\xaa\xd8\xb1\xd8\xa7\xd8\xb6 \xda\x86\xdb\x8c\xd8\xb2 \xd9\x86\xdb\x81\xdb\x8c\xda\xba \xd9\x85\xd9\x84\xdb\x8c https://t.co/cl5f9nOjBw'
849159271753416704,2017-04-04 07:18:41,"b""RT @titojourno: Ammar Jan on Dr Riaz Ahmed and the 'threat' he represents  https://t.co/1KiRu2gxXQ"""
831220279519109120,2017-02-13 19:15:32,"b""RT @KhanDaur: The President, PM, Army Chief, IG Punjab and others have strongly condemned Lahore and Quetta blasts. What else? Isn't that e\xe2\x80\xa6"""
830933641542955010,2017-02-13 00:16:32,b'RT @ImranKhanPTI: https://t.co/wF7UyRAp4w'
827187833513328640,2017-02-02 16:12:02,"b""RT @a_siab: In Momand Agency 39 thousand school students don't have books.40000 others don't have all books.Via BBC.FATA's depressing educa\xe2\x80\xa6"""
812270052867239938,2016-12-23 12:14:06,"b'RT @CatrinNye: Hundreds of people in Karachi, Pakistan ride camels, trucks and bicycles to celebrate Christmas - via @ajplus \n\nhttps://t.co\xe2\x80\xa6'"
810195100940832768,2016-12-17 18:48:59,b'@HamidMirGEO Information minister was removed due to pressure from army. Pressure from mighty army is more important than any inquiry report'
795356044105023488,2016-11-06 20:03:52,"b""In fact those people are against the refugees in Pakistan who've welcomed every foreign invader in the past. We'd n\xe2\x80\xa6 https://t.co/t4BaSlm0tW"""
790910969979539457,2016-10-25 13:40:44,b'My thoughts &amp; prayer r with the victims of #QuettaAttack.The pattern in such attacks r same.Pak needs a comprehensive plan against terrorism'
785917437615149056,2016-10-11 18:58:13,"b""Very sad.Almost impossible 2 file FIR against Army.The beating of motorway's police by army officers is still fresh\xe2\x80\xa6 https://t.co/3UYklPn4XN"""
779091710878113793,2016-09-22 22:55:13,"b""The occupied forces can blind Kashmiris but can't blur their vision of freedom. #Freedom4Kashmir @OccupiedKashmir\xe2\x80\xa6 https://t.co/94NjfzeSwz"""
778214401446928386,2016-09-20 12:49:06,b'BBC Urdu -  \xe2\x80\x99\xd8\xa8\xda\xbe\xdb\x8c\xda\x91 \xd8\xa8\xda\xa9\xd8\xb1\xdb\x8c\xd8\xa7\xda\xba \xd8\xa8\xda\x86 \xda\xaf\xd8\xa6\xdb\x8c\xda\xba \xd9\x85\xda\xaf\xd8\xb1 \xd8\xa7\xd9\x86\xd8\xb3\xd8\xa7\xd9\x86\xdb\x8c \xd8\xac\xd8\xa7\xd9\x86\xdb\x8c\xda\xba \xd9\x86\xdb\x81\xdb\x8c\xda\xba\xe2\x80\x98 https://t.co/UdfHgwwvfU'
777931083811782658,2016-09-19 18:03:18,b'@ArmeenaRK These are two different events are a single one? The time difference is 4 hours these days :P ;)'
777926265928028160,2016-09-19 17:44:09,b'@afghan_tariq Is this a true picture? Hard to believe.'
777925716927217664,2016-09-19 17:41:58,"b'@PTIKPOFFICIAL @Pervaiz_Khattak @PervezKhattakCM @InsafPK @EducationKPK @AtifKhanpti Sad to see such things, please\xe2\x80\xa6 https://t.co/jIWA2GXlpM'"
777923528653959168,2016-09-19 17:33:17,b'Innocent children are dying in #Kashmir. @UNHumanRights @UN Stop these atrocities. #FreeKashmir @TheVoiceKashmir https://t.co/7MCmgNPZcT'
777307466182828033,2016-09-18 00:45:16,"b""@RehamKhan1 Watched Janaan 2day here in London. OUTSTANDING. It's amazing when the 2 main characters popped in.Great 2 c MY BEAUTIFUL SWAT."""
777188976520298496,2016-09-17 16:54:26,b'#FreedomForKashmir #InnocentChildren https://t.co/taxgTaT2lc'
775337939278635008,2016-09-12 14:19:04,"b""@MussartAhmadzeb what a ridiculous &amp; out of context tweet is this? Instead of standing with the oppressed  you're with the oppressor. Shame"""
775287290314756096,2016-09-12 10:57:48,b'@AsimBajwaISPR @ISPR_Official Would the justice be served? Army officers should be thought to respect civilians. https://t.co/oDtttHFYWy'
775286735269949440,2016-09-12 10:55:36,b'@ISPR_Official @AsimBajwaISPR Army should change its attitude towards civilians. Unfortunately this is very common. https://t.co/Q5xzvGnrcO'
775094294986326016,2016-09-11 22:10:55,"b""@HaroonRsh I'm not surprised by thus because it's very common in Pakistan. Army is above the law."""
769044443576070144,2016-08-26 05:30:58,"b""@MussartAhmadzeb It's highly likely that it's planned in Pakistan.  Since, majority of Taliban's leadership is in Pakistan.No need to wonder"""
762781020232048640,2016-08-08 22:42:21,"b""@RanaAyyub watched your interview on #AJUpFront, I must say you're a brave girl. Keep writing the truth. Truth will always prevail. Respect"""
762773490923692032,2016-08-08 22:12:26,b'Pakistani civil Govt has absolutely failed to safeguard the lives of innocent citizen. Shame on NS. Prayers for the victims of #QuettaBlast.'
762071119784448000,2016-08-06 23:41:28,b'RT @TheVoiceKashmir: Indian democracy busy genocide and whole world silent because for them all lives do not matter! #KashmiriLivesMatter h\xe2\x80\xa6'
759824035186212864,2016-07-31 18:52:21,b'A picture is worth a thousand words. #Freedom4Kashmir @TheVoiceKashmir @OurVoiceMatterz https://t.co/c9gjnWUBnj'
759428549161918464,2016-07-30 16:40:50,b'A young girl who at the age of 19 inspired Afghan fighters &amp; defeated the British army in 1880. #MalalaiOfMaiwand https://t.co/igmKTCgzs1'
758782256139894785,2016-07-28 21:52:42,b'@asimusafzai @RehamKhan1 Some people become too officious when it comes to help females. Seems ridiculous but is true.'
758308549743276037,2016-07-27 14:30:21,"b""@umarsaif I hope he does deliver. He's been in charge of many ministries before, but wasn't that effective."""
757727391796133888,2016-07-26 00:01:02,b'#StopStateTerrorism #StopTheGenocideOfKashmiris @TheVoiceKashmir #Freedom4Kashmir @UN @UNHumanRights @hrw https://t.co/IhsW1rZTwZ'
757684527644942336,2016-07-25 21:10:43,b'#BurhanWani #FreedomFighter #GreatWordsByBurhansFather https://t.co/9tQgI7m2SM'
757682016334802949,2016-07-25 21:00:44,b'#StandWithKashmir #StopStateTerrorism\n@TheVoiceKashmir #Freedom4Kashmir https://t.co/spK6hblcQQ'
757605369602506752,2016-07-25 15:56:10,b'ENG current score against PAK is even enough for the next two innings. #PakvsEng #PoorBattingPakistan'
757533866718617600,2016-07-25 11:12:02,b'#StandWithKashmir #Freedom4Kashmir @HamidMirGEO @TalatHussain12 @TheVoiceKashmir @KenRoth @UNHumanRights @hrw https://t.co/0nsfjdiqFr'
757297973323763720,2016-07-24 19:34:41,b'Cook seems to me a bit coward by not forcing follow-on after 391runs lead. Exceptional partnership 4rm #Misbah &amp; #Younis required. #ENGvPAK'
756971562344050689,2016-07-23 21:57:38,"b""#StandwithKashmir #Freedom4Kashmir\nBBC News - 'India does not understand Kashmir's problems' https://t.co/tY0BLn4wp5"""
756929102569963520,2016-07-23 19:08:55,b'#StandWithKashmir #FreedomForKashmir https://t.co/JWlT51g4Gn'
756927879447973888,2016-07-23 19:04:04,b'RT @rimshaKhan82: Protest against brutal killings in Indian Occupied Kashmir outside Birmingham Council house. https://t.co/9u8JBkfwnI'
756927566821355520,2016-07-23 19:02:49,b'Thoughts &amp; prayers are with the victims of #KabulBlast. Wish to see a peaceful and prosperous Afghanistan. #Kabul https://t.co/GKxN3T5txi'
756136477424246784,2016-07-21 14:39:19,b'@shenoy_vaikunth @Shakeeljana @a_siab @etribune This by no means justify Indian atrocities in Kashmir.'
756047981854490624,2016-07-21 08:47:40,b'@Shakeeljana @a_siab @etribune It shows whr the money goes.More thn 90% people r below da poverty line n Balochistan. The reason of unrest.'
756044804602159104,2016-07-21 08:35:02,"b""@Senator_Baloch @a_siab @HamidMirGEO @ShafiNaqiJamie And then people say why Balochistan doesn't want to stay with Pakistan. Here's the ans."""
755159615634042881,2016-07-18 21:57:37,"b""RT @husainhaqqani: 'India is blinding young Kashmiri protestors -and no one will face justice' -@guardian https://t.co/Ezb0VVKfWg"""
753741456460873729,2016-07-15 00:02:21,"b'RT @englandcricket: 998, 999, 1,000... #EngvPak https://t.co/7iSmz3kajM'"
753623583646162944,2016-07-14 16:13:58,"b""@ayeshaijazkhan I didn't see any tweet from u regarding the current situation &amp; the killing of innocent ppl in IO-KASHMIR. Very strang &amp; sad"""
753007981546078208,2016-07-12 23:27:47,"b'@ImranKhanPTI We heard the news of your previous marriage on TV, how can one believes this time? Integrity lost.'"
752668335469367296,2016-07-12 00:58:09,b'@ZiauddinY @MalalaFund @Malala Happy Birthday Malala! Wish you and all the girls of Pakistan specially from Swat reach their full potential.'
752149004318892033,2016-07-10 14:34:31,b'RT @nytimesworld: Indian forces kill 10 during Kashmir protests over separatist\xe2\x80\x99s death https://t.co/LJukPUjICE https://t.co/1cVIUXhSEe'
751498348964810752,2016-07-08 19:29:03,"b""Rest in peace Edhi Sahib. The greatest humanist of the world. You'll always be remembered for  your great services to humanity. #EDHI"""
750610346805780480,2016-07-06 08:40:27,"b""Eid Mubarak everyone! May the Almighty accept our fasting and prayers. Let's continue the spirit of Ramadan throughout the year. #EidMubarak"""
749636748335050752,2016-07-03 16:11:43,"b""@MussartAhmadzeb it's good that you accept your mistake at least :)"""
749635125370097664,2016-07-03 16:05:16,"b'@MussartAhmadzeb Jawab darsara neshta, kha poha shwam.'"
749630916331536384,2016-07-03 15:48:32,"b""@MussartAhmadzeb A true Pathan, who will decide this? I'm sorry to say but it's very cheap to share such things."""
749626151434330113,2016-07-03 15:29:36,"b""@MussartAhmadzeb what force u 2 share this after 15yrs? what's the authenticity of this? I can type a better one against u. @BushraGohar"""
749043814745112576,2016-07-02 00:55:36,b'RT @HamidMirGEO: Is it not corruption money?Who will demand a probe about secret Swiss Bank Accounts of Musharraf &amp; Kayani? https://t.co/Ft\xe2\x80\xa6'
748896725977468928,2016-07-01 15:11:07,b'RT @newpakistan: Gen Musharraf and Gen Kayani have Swiss Bank accounts holding millions: UK investigator https://t.co/4Ytiqto2JO https://t.\xe2\x80\xa6'
748694263584743424,2016-07-01 01:46:37,"b""@ayeshaijazkhan Hasan is certainly a stupid but what's the connection with his uncle?Is there any such rule in the world? never heard of any"""
748514806114713600,2016-06-30 13:53:31,"b""My heart goes out to the innocent victims of Kabul's blasts and their families. Let's destroy the menace of terrorism. Stay strong Kabul."""
748183008151212033,2016-06-29 15:55:04,b'@HaroonRsh You can take the lead change your own.'
747978077490286593,2016-06-29 02:20:45,"b""My thoughts and prayers are with the victims of Istanbul's airport blasts. Let's be strong against these terrorists."""
746903003437928448,2016-06-26 03:08:47,b'@mianiftikharhus @a_siab Absolutely right.I must say that it requires a brave heart to write such reality in Pakistan.Keep up the good work.'
745619246042988544,2016-06-22 14:07:35,b'@husainhaqqani @svaradarajan Nicely written but seems a bit biased.'
744923774122876928,2016-06-20 16:04:02,b'@husainhaqqani Completely agree.In Pakistan politicians want 2 b n the uniform while military want 2 b the civilian leader.Opposites attract'
743108918436450305,2016-06-15 15:52:27,"b""@naeemul_haque I thought you're a sensible person, but I'm shocked to see this tweet of you. You will never become a leader."""
742845371458719745,2016-06-14 22:25:12,"b""@TalatHussain12 This's not something we'd be proud of. Peaceful dialogue is the best solution. Please don't spread hate."""
742402584242196481,2016-06-13 17:05:43,"b""@AsimBajwaISPR Explain to Afghans not to us. We absolutely don't need another war. Please resolve with dialogue."""
741686375469187072,2016-06-11 17:39:46,b'Plz dnt fast f da people around u r not safe du 2 ur fasting.My spcial request 2 dose fathers who beat their children &amp; wives during ramzan'
741597182432825344,2016-06-11 11:45:21,"b""@ayeshaijazkhan @marvisirmed Don't blame just one party. This is sadly the most common attitude of Pakistani men towards women."""
740337886948626432,2016-06-08 00:21:21,"b""@JunaidJamshedPK Don't make everything negative, it's just supply vs. demand issue. When the demand goes high the price goes high."""
740332729724719105,2016-06-08 00:00:52,b'@TalatHussain12 one needs to be internally strong first and then focus on external things. This is good but should reach to the conclusion.'
740331344094449664,2016-06-07 23:55:21,"b""@TalatHussain12 what's this? Are you alright?"""
739863677315231745,2016-06-06 16:57:01,b'Happy Ramadan :) May Allah showers his countless blessing on us.'
739609332522856448,2016-06-06 00:06:20,"b""@TalatHussain12 how much is your's?"""
739257554405101568,2016-06-05 00:48:30,b'RT @Emmad81: When the greatest posed together! #TheGreatest #MuhammedAli #JehangirKhan #ToomuchSwag https://t.co/2eJI0EalHs'
739117274397827072,2016-06-04 15:31:05,"b""RT @TeenForBernie: Muhammad Ali once talked a man out of killing himself. He was the people's champ... #RIPMuhammadAli https://t.co/YuAg4u7\xe2\x80\xa6"""
739082492553113601,2016-06-04 13:12:52,"b'""I\'m so fast that last night I turned off the light switch in my hotel room and was in bed before the room was dark."" ~Muhammad Ali, RIP'"
737743923309912068,2016-05-31 20:33:52,"b""@ayeshaijazkhan what? There's no link."""
737668863207280641,2016-05-31 15:35:36,"b""@AdilNajam I have serious doubts on this, especially the Chinese's view about Pakistan."""
736543008875814912,2016-05-28 13:01:52,b'@sharmeenochinoy congratulations :) What about making a movie on transgenders life in Pakistan? Any plan in near future?'
735252718252642304,2016-05-24 23:34:43,b'Unfortunately True\nBBC Urdu - \xd9\x85\xd9\x8f\xd9\x84\xd8\xa7 \xd9\x85\xd9\x86\xd8\xb5\xd9\x88\xd8\xb1 \xda\xa9\xdb\x8c \xd9\x88\xd8\xb5\xdb\x8c\xd8\xaa https://t.co/FKFJxOOSFd'
732692189902438402,2016-05-17 22:00:05,"b'RT @PTIofficial: KP police puts forward request to put chapters on honour killings,child abuse &amp; on minority rights in KP textbooks. https:\xe2\x80\xa6'"
729375709634908161,2016-05-08 18:21:34,b'@HassamIftikhar @ayeshaijazkhan Hassam Iftikhar I agree with you but this has nothing to do with Imran khan.'
729273522342772736,2016-05-08 11:35:31,"b""@ayeshaijazkhan now this is an excuse and you're personally targeting me."""
729270546475700224,2016-05-08 11:23:42,"b""@ayeshaijazkhan there's no rocket science. If you can't explain in simple words. It means you don't know well."""
729268226648068097,2016-05-08 11:14:29,"b""@ayeshaijazkhan Why are you correlating this to IK? I don't watch TV these days."""
729266094465273856,2016-05-08 11:06:00,b'@ayeshaijazkhan Lie about what? Can you please elaborate ?'
729265677790527488,2016-05-08 11:04:21,"b""@ayeshaijazkhan If you say that muslims are concerned about ZC then they're also concerned about SD stance on certain things."""
729262789722836993,2016-05-08 10:52:52,"b""@ayeshaijazkhan From Islamic point of view, SK isn't that much Islamic. You might know what he supported in the past."""
729262662232739840,2016-05-08 10:52:22,b'@ayeshaijazkhan my point is if you want to criticise IK there are many other genuine reasons than this one.'
729240407863898112,2016-05-08 09:23:56,"b""@ayeshaijazkhan I know tht IK supported ZC and there's nothing wrong.They're very close friend. ZC isn't a bad guy. I voted 4 Sadiqk though."""
729115790067306497,2016-05-08 01:08:45,"b""@ayeshaijazkhan can't understand the connection between Zac's defeat &amp; IK. Would you enlighten us?"""
728950363127205889,2016-05-07 14:11:24,"b""@SayeedaWarsi @SadiqKhan It seems that bus drivers' children have a bright future. This urges me to quit my PhD and become a bus driver ;)"""
725437546038177793,2016-04-27 21:32:43,"b""@TalatHussain12 and you're the one discussing and sharing both of them ;)"""
716745968008486912,2016-04-03 21:55:29,b'RT @darrensammy88: Me trying to reach out to my Pakistani fans @jafridi10 thanks for the support https://t.co/9ET4FMly9M'
702141862916837376,2016-02-23 14:43:59,"b""RT @ashrafghani: We want peace. We wish for peace. Thus, I've appointed the leadership of High Peace Council. They've all my support. https\xe2\x80\xa6"""
698857164190908417,2016-02-14 13:11:46,"b""RT @ashrafghani: Afghanistan's war is not a civil war. It's a regional &amp; global war. Every country in the region has been sending its misfi\xe2\x80\xa6"""
669284708212174848,2015-11-24 22:41:23,"b'https://t.co/kXEGuOKwmX\n@SaleemKhanSafi  why r u gys silent abt such thing, z ths ur free media &amp; jurnlism?'"
668930759047163904,2015-11-23 23:14:55,"b'https://t.co/kXEGuOKwmX\n@TalatHussain12 @Mubasher_Lucman  why r u gys silent abt such thing, z ths ur free media &amp; jurnlism?'"
668929857074675712,2015-11-23 23:11:20,"b'https://t.co/kXEGuOKwmX\n@MoeedNj @KlasraRauf @HamidMirGEO @Shahidmasooddr why r u gys silent abt such thing, z ths ur free media &amp; jurnlism?'"
667382641105182720,2015-11-19 16:43:15,"b'@RehamKhan1 IK never talked abt divorce y r u giving explanations everyday, tweets, interviews &amp; articles?'"
666708485422346241,2015-11-17 20:04:24,"b""@RehamKhan1 I think it's better 4 u 2 stop responding 2 these nonsense and do some constructive work."""
666707553880031234,2015-11-17 20:00:42,b'@RehamKhan1 Then how much you demanded?'
666272199356063744,2015-11-16 15:10:45,b'RT @ashrafghani: Our people rest at nights with peace of mind thanks to your alertness and readiness. #ANSDF https://t.co/lkxLGKfqCD'
666047592896331777,2015-11-16 00:18:15,"b""@RehamKhan1 Life's a journey not a destination. Keep up the good work."""
665297574920781824,2015-11-13 22:37:57,b'RT @jeremycorbyn: My thoughts are with the people of Paris tonight. We stand in solidarity with the French. Such acts are heinous and immor\xe2\x80\xa6'
663824312160395265,2015-11-09 21:03:43,"b""@RehamKhan1 When people can't find the reason themselves then they say it was magic. I don't agree."""
663529638375854080,2015-11-09 01:32:48,b'@RehamKhan1 @alisalmanalvi Some of those even consider Malala as a foreign agent.  Sad'
663528295997251584,2015-11-09 01:27:28,b'@RehamKhan1 @alisalmanalvi I think there should be absolut ban on baseless allegations. Come with proofs.\nDisgusting.'
661882493537226752,2015-11-04 12:27:38,"b""@RehamKhan1 They'll never understand.  To be on the safe side please avoid mentioning cricket."""
661275700779950080,2015-11-02 20:16:27,"b'RT @ashrafghani: Saddened to hear about the demise of Afzal Khan Lala, who was a kind, moderate &amp; visionary politician. A great loss to our\xe2\x80\xa6'"
660051830513225728,2015-10-30 11:13:14,"b""@RehamKhan1 Indeed a sad news. May God give you the strength to go through this. You're a brave women I know this. Respect for you."""
654324960937291778,2015-10-14 15:56:42,b'@FarhanKVirk @ShkhRasheed This shows the kind of sick mentality we as a nation have towards women. #shame'
652426026451116032,2015-10-09 10:11:00,b'@AseefaBZ @ImranKhanPTI I can feel for you and PPP ;)'
652113081099751424,2015-10-08 13:27:28,b'@HamidMirGEO Zardari is even better than IK ;)'
649980397590290432,2015-10-02 16:12:57,b'@ZiauddinY We all Swatian are proud of you and Malala. :)'
643123219969540098,2015-09-13 18:04:58,b'@wishalraheel think before you write something.'
643122789352894468,2015-09-13 18:03:16,b'@wishalraheel  utterly disgraceful....'
638405485708845056,2015-08-31 17:38:23,"b""@MsgOfAllah @YANITRICK @RehamKhan1 that's why I said don't act like him ;)"""
621335989315895296,2015-07-15 15:10:18,"b""@RehamKhan1 I know you don't have any degree. so accept it and don't act like Aristotle."""
567431252127789057,2015-02-16 21:12:07,b'RT @SiddiqueJaan: \xdb\x81\xdb\x8c\xd9\x84\xd8\xb1\xdb\x8c \xd9\x86\xdb\x92 \xd9\xb9\xda\xbe\xdb\x8c\xda\xa9 \xda\xa9\xdb\x81\xd8\xa7 \xd8\xaa\xda\xbe\xd8\xa7 \xda\xa9\xdb\x81 \xd9\xbe\xd8\xa7\xda\xa9\xd8\xb3\xd8\xaa\xd8\xa7\xd9\x86 \xd9\x86\xdb\x92 \xdb\x8c\xdb\x81 \xd8\xb3\xd9\x88\xda\x86 \xda\xa9\xd8\xb1\xd8\xa2\xd8\xb3\xd8\xaa\xdb\x8c\xd9\x86 \xda\xa9\xdb\x92 \xd8\xb3\xd8\xa7\xd9\x86\xd9\xbe \xd9\xbe\xd8\xa7\xd9\x84 \xd9\x84\xdb\x8c\xdb\x92 \xda\xa9\xdb\x81 \xdb\x8c\xdb\x81 \xd8\xb5\xd8\xb1\xd9\x81 \xdb\x81\xd9\x85\xd8\xa7\xd8\xb1\xdb\x92 \xdb\x81\xd9\x85\xd8\xb3\xd8\xa7\xdb\x8c\xd9\x88\xda\xba \xda\xa9\xd9\x88 \xda\xa9\xd8\xa7\xd9\xb9\xdb\x8c\xda\xba \xda\xaf\xdb\x92\n@KlasraRauf http:/\xe2\x80\xa6'
564585489463001089,2015-02-09 00:44:04,"b'RT @Rumi_Quote: Do not feel lonely, the entire universe is inside you.'"
556175917744394240,2015-01-16 19:47:26,b'RT @WaleedViews: A Picture Speaks A Thousand Words.\nNo one can not feel the pain of this mother #Justice4APSMartyrs http://t.co/bNBH7vJGU4'
555472700312137729,2015-01-14 21:13:06,b'RT @ArifAlvi: IK mst take action on number of cars following his vehicle when he visits KP.Happening despite his clear instructs.V r agains\xe2\x80\xa6'
555470976851668992,2015-01-14 21:06:15,"b""RT @Shahidmasooddr: I hope IK will look into the incident  happened at APS today. And quietly check his party's and public latest pulse on \xe2\x80\xa6"""
554088742886322178,2015-01-11 01:33:45,"b""RT @ashrafghani: We know our problems. We own them. The world isn't responsible for everything in Afghanistan. We are determined to solve a\xe2\x80\xa6"""
554088495342690304,2015-01-11 01:32:46,"b""RT @ashrafghani: There's no good &amp; bad in terrorism. People who killed children in Yahya Khel of Afghanistan, Peshawar or Mumbai are all th\xe2\x80\xa6"""
550346015589793792,2014-12-31 17:41:29,b'@RehamKhan1 Please comment ;)\n  http://t.co/0ylD0BaNjG'
547473479436877825,2014-12-23 19:27:03,b'@AdilNajam welcome to Swat :)'
546060784598810624,2014-12-19 21:53:31,b'@mubasherlucman Indeed fake account'
545269226395955201,2014-12-17 17:28:08,b'RT @TalatHussain12: Most appropriate decision. Pti deserves kudos. Also Sharif should now address the issue of investigation of rigging thr\xe2\x80\xa6'
545269192371740672,2014-12-17 17:28:00,"b""RT @TalatHussain12: Sharifs shud seize the moment, like Imran has. Election reforms and Jud Comison is also a national cause. Can't be put \xe2\x80\xa6"""
545269173560283138,2014-12-17 17:27:56,b'RT @HamidMirGEO: Weldone Imran Khan you proved to be national leader you announced to end sit in just to make unity in Pakistan you are gre\xe2\x80\xa6'
539511151269519360,2014-12-01 20:07:36,"b""@Ali_MuhammadPTI When the construction is going to be finished?  It's under construction from last few years. Headache for travellers."""
523770173996949504,2014-10-19 09:38:35,b'RT @Telegraph: The week in pictures: A rutting stag looms out of the mist during the sunrise in Richmond Park http://t.co/MkR8p1L1PT http:/\xe2\x80\xa6'
513817393433686016,2014-09-21 22:29:47,b'RT @AnwerMaqsood: \xd8\xa2\xd8\xac\xda\xa9\xd9\x84 \xd9\x85\xdb\x8c\xda\x88\xdb\x8c\xd8\xa7 \xd9\xbe\xd8\xb1 \xd8\xb5\xd8\xad\xd8\xa7\xd9\x81\xd8\xaa \xda\xa9\xdb\x92 \xd9\x86\xd8\xa7\xd9\x85 \xd9\xbe\xd8\xb1 \xd9\x85\xd8\xaf\xd8\xa7\xd8\xb1\xdb\x8c \xda\xaf\xdb\x8c\xd8\xb1\xdb\x8c \xda\xa9\xd8\xb1\xd9\x86\xdb\x92 \xd9\x88\xd8\xa7\xd9\x84\xdb\x92 \xd8\xa8\xdb\x8c\xd8\xb4\xd8\xaa\xd8\xb1 \xd9\x84\xd9\x88\xda\xaf \xda\xa9\xd9\x88\xda\x91\xdb\x92 \xd8\xaf\xd8\xa7\xd9\x86 \xd8\xa7\xd9\x88\xd8\xb1 \xdb\x8c\xd8\xa7 \xd9\xbe\xd9\x87\xd8\xb1 \xd8\xa7\xdb\x8c\xd8\xaf\xd9\x87\xdb\x8c \xda\xa9\xdb\x92 \xd8\xac\xd9\x87\xd9\x88\xd9\x84\xdb\x92 \xd8\xb3\xdb\x92 \xd8\xaa\xd9\x88 \xd9\x85\xd9\x84\xdb\x92 \xd8\xaa\xd9\x87\xdb\x92! http://t.c\xe2\x80\xa6'
508695145513250816,2014-09-07 19:15:48,"b""@HamidMirGEO try to understand people's sentiment and start neutral reporting. Even P TV is better than geo."""
508424645771792384,2014-09-07 01:20:56,b'RT @AnwerMaqsood: \xd9\xbe\xd8\xa7\xda\xa9\xd8\xb3\xd8\xaa\xd8\xa7\xd9\x86 \xd9\x85\xdb\x8c\xda\xba \xd8\xa8\xd8\xac\xd9\x84\xdb\x8c\xd8\x8c \xd9\xbe\xd8\xa7\xd9\x86\xdb\x8c\xd8\x8c \xd9\x81\xd9\x88\xd9\x86 \xd8\xb3\xd9\x85\xdb\x8c\xd8\xaa \xd8\xa8\xd9\x86\xdb\x8c\xd8\xa7\xd8\xaf\xdb\x8c \xd8\xae\xd8\xaf\xd9\x85\xd8\xa7\xd8\xaa \xda\xa9\xdb\x92 \xdb\x81\xd8\xb1 \xd8\xb4\xd8\xb9\xd8\xa8\xdb\x92 \xd9\x85\xdb\x8c\xda\xba \xd8\xb5\xd8\xa7\xd8\xb1\xd9\x81\xdb\x8c\xd9\x86 \xda\xa9\xd9\x88 \xd8\xa7\xd9\x86\xd8\xaf\xd9\x87\xdb\x8c\xd8\xb1\xdb\x92 \xd9\x85\xdb\x8c\xda\xba \xd8\xb1\xda\xa9\xda\xbe \xda\xa9\xd8\xb1 \xd8\xaf\xd9\x87\xd9\x88\xda\xa9\xdb\x81 \xd8\xaf\xdb\x8c\xd9\x86\xd8\xa7 \xd8\xa7\xdb\x8c\xda\xa9 \xd9\x85\xd8\xb9\xd9\x85\xd9\x88\xd9\x84\xdb\x8c \xd8\xa8\xd8\xa7\xd8\xaa \xdb\x81\xdb\x92'
508424584216199168,2014-09-07 01:20:41,b'RT @AnwerMaqsood: \xd8\xa7\xda\xaf\xd8\xb1 \xd8\xb4\xdb\x81\xd8\xa8\xd8\xa7\xd8\xb2 \xd8\xb4\xd8\xb1\xdb\x8c\xd9\x81 \xd8\xb5\xd8\xa7\xd8\xad\xd8\xa8 \xda\xa9\xda\xbe\xd9\x84\xdb\x92 \xd8\xaf\xd9\x84 \xd8\xb3\xdb\x92 \xd8\xa8\xd8\xa7\xd8\xb1\xd8\xb4 \xda\xa9\xdb\x92 \xd8\xb3\xd9\x84\xd8\xb3\xd9\x84\xdb\x92 \xd9\x85\xdb\x8c\xda\xba \xd8\xad\xda\xa9\xd9\x88\xd9\x85\xd8\xaa\xdb\x8c \xd8\xba\xd9\x84\xd8\xb7\xdb\x8c \xda\xa9\xd9\x88 \xd8\xaa\xd8\xb3\xd9\x84\xdb\x8c\xd9\x85 \xda\xa9\xd8\xb1 \xd9\x84\xdb\x8c\xda\xba \xd8\xaa\xd9\x88 \xd8\xb9\xd9\x88\xd8\xa7\xd9\x85 \xd9\x86\xdb\x92 \xd8\xa7\xd9\x86\xdb\x81\xdb\x8c\xda\xba \xd8\xae\xd8\xaf\xd8\xa7\xd9\x86\xd8\xae\xd9\x88\xd8\xa7\xd8\xb3\xd8\xaa\xdb\x81 \xd9\xbe\xda\xbe\xd8\xa7\xd9\x86\xd8\xb3\xdb\x8c \xd9\xbe\xd8\xb1 \xd8\xaa\xda\xbe\xd9\x88\xda\x91\xdb\x8c \xe2\x80\xa6'
508424564670746624,2014-09-07 01:20:36,b'RT @AnwerMaqsood: \xda\xa9\xd8\xb3\xdb\x8c \xd8\xba\xd9\x84\xd8\xb7\xdb\x8c \xda\xa9\xd8\xa7 \xda\x88\xda\xbe\xd9\xb9\xd8\xa7\xd8\xa6\xdb\x8c \xd8\xb3\xdb\x92 \xd8\xaf\xd9\x81\xd8\xa7\xd8\xb9 \xda\xa9\xd8\xb1\xd9\x86\xdb\x92 \xda\xa9\xdb\x8c \xd8\xa8\xd8\xac\xd8\xa7\xd8\xa6\xdb\x92 \xd8\xa7\xd8\xb3\xdb\x92 \xd8\xa8\xd8\xa7\xd9\x88\xd9\x82\xd8\xa7\xd8\xb1 \xd8\xa7\xd9\x86\xd8\xaf\xd8\xa7\xd8\xb2 \xd9\x85\xdb\x8c\xda\xba \xd8\xaa\xd8\xb3\xd9\x84\xdb\x8c\xd9\x85 \xda\xa9\xd8\xb1 \xd9\x84\xdb\x8c\xd9\x86\xd8\xa7 \xd8\xa7\xd9\x86\xd8\xb3\xd8\xa7\xd9\x86 \xda\xa9\xdb\x92 \xd8\xb9\xd8\xb2\xd8\xaa \xd9\x88 \xd9\x88\xd9\x82\xd8\xa7\xd8\xb1 \xd9\x85\xdb\x8c\xda\xba \xd8\xa7\xd8\xb6\xd8\xa7\xd9\x81\xdb\x81 \xda\xa9\xd8\xb1\xd8\xaa\xd8\xa7 \xdb\x81\xdb\x92!'
507858541856563200,2014-09-05 11:51:26,b'@EngrNoorkhan @nadeemmalik @PTIofficial Get well soon.'
507855581374210048,2014-09-05 11:39:40,b'@nadeemmalik @AzadiiSquare @PTIofficial @EngrNoorkhan After reading PMLN reply I think tht PMLN is not serious in resolving the impasse.'
507839522453745664,2014-09-05 10:35:52,b'RT @JunaidJamshedPK: Shabash kaptaan . If yr heart says the same as yr tongue nothing can stop you http://t.co/FbvaTdNkkv'
507652967923990528,2014-09-04 22:14:33,"b'@KhSaad_Rafique @AzadiiSquare @PTIofficial @ShkhRasheed @MaryamNSharif Calling day&amp;night, we ddnt knw u guys hav such kind of relationship!!'"
507598167466983424,2014-09-04 18:36:48,b'Comprehensive plan by PTI for the current political impasse.. great effort. .@InsafBlogs @PTIofficial'
507593404193054720,2014-09-04 18:17:52,b'RT @InsafBlogs: PTI Presents 8 Page Proposal to Probe Rigging Allegations http://t.co/Sq4miR4oLx @PTIofficial'
505855697062346755,2014-08-30 23:12:51,b'RT @UKPTIOfficial: 4 Protest arranged by PTI UK\n\n12pm London pak consulate\n2 pm Bradford consulate\n3pm Birmingham consulate\n11-40pm... http\xe2\x80\xa6'
505851513907204096,2014-08-30 22:56:13,b'RT @DrAwab: Status quo versus the people #Azadi http://t.co/aIPESU6Oqb'
505851224361811968,2014-08-30 22:55:04,b'RT @SaifullahNyazee: @ImranKhanPTI went out several times and the police start shelling tear gas directly http://t.co/S80FZAkPVt'
505847984123568130,2014-08-30 22:42:12,b'RT @KhanSiddiq07: Very sad 2 C innocent peaceful protesters shelled and killed by Punjab(Shahbaz Police) @BBCBreaking @cnnbrk . Is this Dem\xe2\x80\xa6'
505354139673837568,2014-08-29 13:59:50,"b""RT @AsimBajwaISPR: ISPR Release:#COAS was asked by the Govt to play facilitative role for resolution of current impasse, in yesterday's mee\xe2\x80\xa6"""
502095137741484032,2014-08-20 14:09:43,b'RT @HamidMirGEO: Every democrat should condemn the attack on the house of @smqpti in Multan very loudly'
502095092740792320,2014-08-20 14:09:33,"b""RT @smqpti: What's wrong with the Sharif Monarchy? They have let loose an army of BUTTS to exercise atrocities. #BilluButt attacks #SMQ hom\xe2\x80\xa6"""
500328723267088385,2014-08-15 17:10:37,"b""RT @smqpti: We are coming in real big numbers! I've an advice for #Geo... You better remove that 'private channel' tag. Just change name to\xe2\x80\xa6"""
493179585375535104,2014-07-26 23:42:30,b'RT @Asad_Umar: what on earth could be the logic behind this decision??? http://t.co/bWSkUOpVYc'
492089177941757952,2014-07-23 23:29:37,b'RT @KhanSiddiq07: Letter from Gaza by a Norwegian doctor http://t.co/cq6zTfIqQe via @middleeastmnt'
439766691279831040,2014-03-01 14:18:44,"b""RT @TalatHussain12: Punjab govt's wasteful antics continue. Shehbaz Sharif thinks circus is governance."""
353957268607352832,2013-07-07 19:22:43,"b'RT @NazBalochPTI: Big News; @FauziaKasuri is back in #PTI. IK agreed and tomorrow, she will join as Advisor to the Chairman for overseas &amp; \xe2\x80\xa6'"
346586888720744448,2013-06-17 11:15:28,"b""RT @PTIofficial: Rs 66.6 billion has been allocated for #Education in #KPK's #Budget for the fiscal year 2013-14. #KPKBudget"""
346586494267428864,2013-06-17 11:13:54,"b""RT @PTIofficial: 15% increase in #Salaries and #Pensions announced in #KPK's #Budget for the fiscal year 2013-14. #KPKBudget"""
346586441691832320,2013-06-17 11:13:41,"b""RT @PTIofficial: No new tax imposed in #KPK's #Budget for the fiscal year 2013-14, Minister Finance #KPK"""
346586421550788608,2013-06-17 11:13:36,"b""RT @PTIofficial: Rs 10.25 billion allocated for #construction of #Roads and #Bridges in #KPK's #Budget for the fiscal year 2013-14. #KPKBud\xe2\x80\xa6"""
346586395827109890,2013-06-17 11:13:30,"b'RT @PTIofficial: #Rescue1122 will be established in #SWAT, Minister Finance #KPK Siraj-ul-Haq. #KPKBudget'"
346559503728250881,2013-06-17 09:26:39,"b""RT @ImranKhanPTI: My address 2 Parll will lay out PTI's policy on crucial national issues &amp; how KP govt will be a role model of clean, effi\xe2\x80\xa6"""
344053135997800448,2013-06-10 11:27:14,"b""RT @ShireenMazari1: This morning I submitted a draft resolution against drone attacks in Parl on behalf of PTI. Let's hope it is taken up a\xe2\x80\xa6"""
344053112195133440,2013-06-10 11:27:08,b'RT @ShireenMazari1: We also submitted a call attention notice on drones from 4 of us as that gets taken up immed during reg session - even \xe2\x80\xa6'
343639519628783616,2013-06-09 08:03:40,b'@FauziaKasuri @PTIofficial We PTI supporter will respect you as always! :)'
343638476148842496,2013-06-09 07:59:31,"b'RT @FauziaKasuri: Grateful to SMQ, JKT, Mubashar, and Parvez Khattak Sahib for visiting me at my house in Lahore.Honorable ldrs of PTI .. I\xe2\x80\xa6'"
343637391053033472,2013-06-09 07:55:13,b'RT @FauziaKasuri: Some in PTI dying for me to join another party.I will not let them succeed.Have great respect and love for Imran Khan..'
343448434918965248,2013-06-08 19:24:22,b'@neuro_lost thanks'
343445354185887744,2013-06-08 19:12:08,b'@JahangirKTareen PK?'
343443081225465856,2013-06-08 19:03:06,b'@Asad_Umar Sir when will IK join NA? We desperately need and miss him.'
343438729609871361,2013-06-08 18:45:48,b'We desperately need @ImranKhanPTI in NA. Hope that you will join soon.'
343250424528248832,2013-06-08 06:17:33,b'RT @RumiQuotes: Humble living does not diminish. It fills.\nGoing back to a simpler self gives wisdom.  #Rumi'
343245479963930624,2013-06-08 05:57:54,b'RT @ImranKhanPTI: I have met Fauzia &amp; will get her back soon. PTI mbrs should know that her services for PTI r immense.'
342350250666754049,2013-06-05 18:40:34,b'RT @Asad_Umar: my official FB page is run by the PTI social media team and the link to that ishttps://www.facebook.com/AsadUmarOfficial'
342349727796445185,2013-06-05 18:38:30,b'RT @Asad_Umar: just tried to open my offical FB page and it says temporarily blocked access.'
342349658456207361,2013-06-05 18:38:13,b'RT @Asad_Umar: i am getting messages that there are some comments posted about FK on my facebook page...I have said and written nothing'
342340190494408705,2013-06-05 18:00:36,b'@ShkhRasheed Today is your day sir! :)'
342340023955357697,2013-06-05 17:59:56,b'RT @ShkhRasheed: hum bankro me rehny wly log nai.awam me rehtay hy unki awaz hy.mot to qabol hy pr awam sy raabta tootay ya un k masael na \xe2\x80\xa6'
342338790704164864,2013-06-05 17:55:02,b'@ShkhRasheed Excellent 1st speech in NA. Hope to listen same from you in future as well.'
341988776739995648,2013-06-04 18:44:12,b'RT @Asad_Umar: @Maulana_CNG @behari_pk lol'
341982589692809217,2013-06-04 18:19:37,"b""RT @Asad_Umar: first people have complaints that i don't answer their tweets : Its a very unfair match.there are almost 90,000 of you and o\xe2\x80\xa6"""
341624961200427008,2013-06-03 18:38:32,b'@smqpti @Pervaiz_Khattak Killers of such a simple and innocent MPA need to be arrested as soon as possible. All eyes on U @Pervaiz_Khattak.'
341623565537378305,2013-06-03 18:32:59,b'@ShkhRasheed Voice of common Pakistani is @ShkhRasheed. Nice :-)'
341621697499258880,2013-06-03 18:25:34,b'@ImranKhanPTI @Pervaiz_Khattak CM KP must take immediate steps to arrest the culprits of such heinous crime. extremely sad news.'
341305820459433986,2013-06-02 21:30:23,"b""@fauziakasuri  Leaving PTI will be a sucide on your political career. Plz don't."""
341272243315294208,2013-06-02 19:16:58,b'RT @paulocoelho: Tears are words that need to be written #Aleph'
341272046174617600,2013-06-02 19:16:10,"b'RT @Shahidmasooddr: Hum ek Achi Qaum hein,humein sirf load shedding nein Kharab kar diya hey!'"
341117198691086336,2013-06-02 09:00:52,b'RT @ImranKhanPTI: I am recovering fast and will not be going abroad for medical treatment. A little more rest reqd before I attend NA Insha\xe2\x80\xa6'
339456730649985024,2013-05-28 19:02:46,"b""RT @ImranKhanPTI: Having mtgs with ldrs/experts to ensure we become a model government in Khyber Pukhtunkhwa responsive to ppl's aspiration\xe2\x80\xa6"""
339456332442763264,2013-05-28 19:01:11,"b'RT @ImranKhanPTI: Strongly condemn the attack on two polio workers in Khyber Pukhtunkhwa 2day,in which 1 died/1 critically injured.'"
339455544957997057,2013-05-28 18:58:03,b'RT @Asad_Umar: Flight taking off...hope all of you and your loved ones stay safe.'
338979580943671296,2013-05-27 11:26:44,b'@TalatHussain12 @SaachTV well written. Caretaker Govt is busy in their luxuries.'
338691070634381315,2013-05-26 16:20:18,b'@akleghari like you joined? Everyone knows that your worth is just a ministry. The aim of your life is power and money.'
338644826872500224,2013-05-26 13:16:33,"b""@EngrNoorkhan I don't think that he is proud."""
338644697050394624,2013-05-26 13:16:02,b'@EngrNoorkhan Indeed he is a busy person.'
338373824963829760,2013-05-25 19:19:41,b'@EngrNoorkhan I think it is @Asad_Umar'
337049578580873216,2013-05-22 03:37:36,b'RT @Asad_Umar: Lets see who can improve the lives of its citizens more : PPP in sind or PML-N in punjab or PTI in KPK.'
336900327905296384,2013-05-21 17:44:32,"b'RT @ShkhRasheed: imran khan ko opposition leader bananay me sirf do ya teen votes ka fark rehgaya hy me us pr kaam kr raha hu,frndly opposi\xe2\x80\xa6'"
336089993128849408,2013-05-19 12:04:33,"b'RT @DrAQ_Khan: I think Pakistani Universities should\nadd ""Vote Rigging"" as a degree\nprogram knowing It\'s universal application'"
332201956829442050,2013-05-08 18:34:53,"b""RT @DrAQ_Khan: Rare white tiger got killed by negligence of PML N leadership, Shameful, but what can you expect from those who don't care a\xe2\x80\xa6"""
332183885846822912,2013-05-08 17:23:04,b'RT @Asad_Umar: IK in great spirits.Now inclining his bed and sitting up a bit also. Totally focused on tomorrows speech. We have a prep ses\xe2\x80\xa6'
331879638668296194,2013-05-07 21:14:06,"b""RT @DrAQ_Khan: Imran Khan still speaking on dunya news in this condition, I'm having tears in my eyes. May Allah bless Pakistan."""
331879489283964929,2013-05-07 21:13:30,b'RT @BrianLara: Imran Khan injured @ rally fell off stage... Out of danger Thank God!! Get well soon great man. Continue striving in what u \xe2\x80\xa6'
331872610575073280,2013-05-07 20:46:10,b'@TalatHussain12 I think you have no idea what a common Pakistani is feeling right now. :('
331871979600748545,2013-05-07 20:43:40,"b'@TalatHussain12 Sir, with due respect we were not expecting this type of nonsensical comments from you.'"
331870797830434818,2013-05-07 20:38:58,b'RT @Asad_Umar: Literally having faced death all he had on his mind when talking to me in the hospital was pakistan'
331870649620508672,2013-05-07 20:38:23,b'RT @Asad_Umar: My love &amp; respect for this great champion of pakistan has increased many folds.'
331870546671308802,2013-05-07 20:37:58,b'RT @Asad_Umar: What an incredible privilege to work with this amazing man in his quest to build a country this nation dreams of.'
331835314584825856,2013-05-07 18:17:58,"b'RT @Jemima_Khan: This from IK\'s nephew: ""@HniaziISF: Chairman reciting kalma in ambulance- he is fine - plz just pray""'"
331422222516359169,2013-05-06 14:56:30,b'RT @Asad_Umar: Imran khan will be visiting quaide azam ka mazar at 1100 tomorrow the 7th of May...'
331422140647747586,2013-05-06 14:56:10,b'RT @ImranKhanPTI: It has been a really hot day but the amazing junoon of the crowds who come and wait for us revives me! PTI Tsunami making\xe2\x80\xa6'
312599358216491009,2013-03-15 16:21:09,b'@GibranOnLove Great saying'
310337335101378561,2013-03-09 10:32:41,b'RT @ImranKhanPTI: Going 2 Peshawar in afternoon 2 lay foundation stone of SKMT. 2nd SKMT is a very imp milestone as outreach to even mor ...'
