id,created_at,text
956313886424162304,2018-01-24 23:52:52,"b""RT @BlackFerns: SNAP \xf0\x9f\x93\xb8 Here are your 12 captains for this weekend's women's @Sydney7s, with @Sgoss10 representing the #BlackFerns7s \n\nFrida\xe2\x80\xa6"""
932046078500732928,2017-11-19 00:41:16,b'@SPRINZ_AUT @Doctormcmaster Representing @sportsciencenz in Auckland!'
932044794724937729,2017-11-19 00:36:10,b'Great conference @SPRINZ_AUT with the Sensei @Doctormcmaster ! https://t.co/QXs5cIJZ5z'
929151272971669504,2017-11-11 00:58:20,"b""RT @WaikatoEvents: #FAHS2017 venue has now been changed to @BthereatBaypark &amp; this means we have more tickets available! \xf0\x9f\x99\x8c\xf0\x9f\x99\x8c Don't miss this\xe2\x80\xa6"""
