id,created_at,text
969957775819370496,2018-03-03 15:28:49,"b'Hello! Your friend, insecurity is back and brought the whole spectrum of imposter syndrome along!  #phdlife #phdchat'"
969539454401642497,2018-03-02 11:46:33,"b""Been offered a position I thought I'd got rejected. Bye self-doubt and imposter syndrome. For now.  #phdlife\xe2\x80\xa6 https://t.co/WaGGmpjAW1"""
969224653783928837,2018-03-01 14:55:39,b'@SweetySingh_ On the same boat... a big deadline 5 days later and managed to do not much \xf0\x9f\x98\xa5'
968866754213576710,2018-02-28 15:13:29,"b""@HSJPhDLboro I'm going to be boring and say WordPress... it's the quickest and easiest way to create a blog, I think."""
968794456022568960,2018-02-28 10:26:12,b'@sarahstrangeirl Having a perfectly matched stationery set is the most important aspect of any studies'
968624931322949632,2018-02-27 23:12:34,"b""@teetiefunk I'm on my data analysis stage, so I can analyse my data based on their suggestions/findings and check w\xe2\x80\xa6 https://t.co/dm4CDBfVPT"""
968611160403709953,2018-02-27 22:17:51,b'So... It turned out that someone has written my PhD thesis 4 months ago. Can I be excused now? #phdlife #phdchat #literaturereview'
968596707595431937,2018-02-27 21:20:25,"b""@MarinaPGross I feel for you, too! It's really a strange process to go through but we'll get through. Eventually..."""
968584465298722819,2018-02-27 20:31:46,"b'@MarinaPGross Had a blissful couple of days before I got the email from my supervisor. Then my anxiety, insecurity\xe2\x80\xa6 https://t.co/Z78oJY0ngm'"
968557315124269056,2018-02-27 18:43:53,"b'Just received one of the most dreaded answers I can imagine from my supervisor: ""I wasn\'t quite sure what you want\xe2\x80\xa6 https://t.co/g4nBX1Q69F'"
968489649575514112,2018-02-27 14:15:00,"b'@spoiledmilks Of course, much needed, to avoid, any ambiguity'"
968486222132850688,2018-02-27 14:01:23,"b""In my defence, I couldn't stop myself from singing the song in my head - Oxford comma by Vampire Weekend. And may h\xe2\x80\xa6 https://t.co/1Mh67Z5Euq"""
968482489164496896,2018-02-27 13:46:33,b'Made a mistake of getting into a conversation about the #oxfordcomma \n\nI think I just became a sworn enemy of some\xe2\x80\xa6 https://t.co/yWubHXjq7v'
968457038367002624,2018-02-27 12:05:25,"b""I had a sudden urge to create a to-do list and organise my calendar. And noticed that there's a pattern - I always\xe2\x80\xa6 https://t.co/QK4lcFYwxe"""
968430860709105669,2018-02-27 10:21:24,b'Felt so fresh and ready to write this morning. \n\nMistakes: 1) Decided to create a to-do list; 2) Felt a sudden urge\xe2\x80\xa6 https://t.co/Iz53g7T6Fw'
968074033332916224,2018-02-26 10:43:30,b'The moment when it finally hit you why your supervisor asked you to look your research topic in that angle. 2 years\xe2\x80\xa6 https://t.co/FoKw0SoZz9'
967874432764141568,2018-02-25 21:30:21,"b""@KristenPue Ah, I read it before I did my PhD so it didn't resonate with me at that time. Now I can read it with a different mind set \xf0\x9f\x98\x82"""
967825625728897025,2018-02-25 18:16:25,"b'Oh, an interesting angle. Off to read the Dispossessed again. No, am not procrastinating. Am searching for the mean\xe2\x80\xa6 https://t.co/ljnHaux3qj'"
967557794143653889,2018-02-25 00:32:09,"b'Things I overheard: ""...that lecturer is such a Libra. I know, because I am too"" #phdlife #phdchat #ifyousayso\xe2\x80\xa6 https://t.co/Q4ylcXr8a7'"
967371285893386240,2018-02-24 12:11:02,b'@Laura89726406 The first of many to come! \xf0\x9f\x92\xaa'
967329180877762560,2018-02-24 09:23:43,"b'A Master\'s student I was teaching said: ""I read your paper like 5 times but I still don\'t get it."" Is this a compli\xe2\x80\xa6 https://t.co/Re1XLxlxP3'"
967213137710764032,2018-02-24 01:42:36,"b""Received some very positive student feedback for the course I was TAing. My supervisor's name was on there instead\xe2\x80\xa6 https://t.co/qtpUjbO2jP"""
967194452027674624,2018-02-24 00:28:21,"b""@AlienAcadem Lol, that's exactly what I did when I heard that. But then, that was almost what I expected he would say..."""
967186405280632832,2018-02-23 23:56:23,b'@Laura89726406 Publication would have been awesome (or not awesome since I got rejected). It was a job placement th\xe2\x80\xa6 https://t.co/RFwAmkQilT'
967183976547979267,2018-02-23 23:46:44,"b""I thought that's what he's been doing all along?  #phdlife #phdchat #myphdsupervisor #ItsScaryAsItis https://t.co/hbgMWuFWlj"""
967183569624977414,2018-02-23 23:45:07,"b'Talking to my supervisor about my rejection, I said ""a bruised ego usually makes me work harder"" which he answered:\xe2\x80\xa6 https://t.co/PZhJmL75db'"
967163829334536193,2018-02-23 22:26:40,"b""@AlienAcadem A week! I've been stuck on the denial phase since I started my PhD 2.5 years ago #writeuptoobutnothingtowrite"""
967146245289627654,2018-02-23 21:16:48,"b""@AlienAcadem According to the five stages of grief, you are on the acceptance stage. I'm still on denial #alongwaytogo"""
967141931984871424,2018-02-23 20:59:39,"b'Just had my first ""real"" rejection. Oohhoo. I\'m sure many more will come #goodtoberejected #failureftw #phdlife\xe2\x80\xa6 https://t.co/nV4cWrw0Gu'"
967068628981035013,2018-02-23 16:08:23,b'RT @AcademicsSay: A doctoral student and their advisor walk into a bar. The advisor orders a rough draft and they sit in awkward silence fo\xe2\x80\xa6'
967007049602215936,2018-02-23 12:03:41,"b'@SweetySingh_ Breakup will come as a form of PhD viva, followed up by the bargaining phase of job searching.'"
966997559842656256,2018-02-23 11:25:58,b'Which led to post-coital bliss/tristesse called PhD #phdlife #phdchat https://t.co/tnUqzp1ahg'
966996396032299008,2018-02-23 11:21:21,"b'My supervisor\'s feedback before my PhD: ""The candidate would certainly be capable of undertaking doctoral research;\xe2\x80\xa6 https://t.co/P1qJ35iM4G'"
966934527875649536,2018-02-23 07:15:30,"b""@TRVSD I'm going for PhD in procrastination so... the joke aside, it was the hash tag which didn't have that many accumulated tweets \xf0\x9f\x98\xac"""
966839188959133696,2018-02-23 00:56:40,"b'When I counted the number of students wrong in the class: ""This is why I don\'t ask you to do quantitative research""\xe2\x80\xa6 https://t.co/cyGNsvECcE'"
966837829459431424,2018-02-23 00:51:16,b'Things I would never hear from my supervisor unless done in a sarcastic way #thingsmysupervisorneversay #phdlife\xe2\x80\xa6 https://t.co/Vophd2KoVY'
966757679233413120,2018-02-22 19:32:46,"b'Which I replied: ""Thank you for the greetings and for being a wonderful (and a very understanding) supervisor"".  Ve\xe2\x80\xa6 https://t.co/aij4J5PKvi'"
966757079280160769,2018-02-22 19:30:23,"b'My supervisor\'s X-Mas/new year greeting: ""Wishing you a Happy Christmas and a Joyful (and productive) New Year"". Pr\xe2\x80\xa6 https://t.co/WcUNBhgUPT'"
966479589093634049,2018-02-22 01:07:45,"b'My supervisor about my fieldwork: ""You would need to ensure you don\'t bump into your supervisor while you\'re preten\xe2\x80\xa6 https://t.co/VbJFDrrc9n'"
966473514755686401,2018-02-22 00:43:36,"b'Here\'s another one from my supervisor: ""Supervision is like making sausages \xe2\x80\x93 best undertaken out of sight""\xe2\x80\xa6 https://t.co/MH5rPg24mD'"
966453998894100480,2018-02-21 23:26:03,"b'When my supervisor accepted to supervise my PhD: ""even though I think we partly drove each other mad""\xe2\x80\xa6 https://t.co/mEtcffHsXQ'"
