id,created_at,text
970021675864612865,2018-03-03 19:42:44,"b'RT @dylanmarron: Lord grant me the confidence of a person who raises their hand at a Q&amp;A with, well, not exactly a question per se, more of\xe2\x80\xa6'"
969979409963847680,2018-03-03 16:54:47,"b'RT @DinaPomeranz: When recruiting community health workers in Zambia, who do you think provided better services, those recruited emphasizin\xe2\x80\xa6'"
969917840349433856,2018-03-03 12:50:07,b'RT @r_neoliberal: https://t.co/dHmQZAO4I0'
969699977156014080,2018-03-02 22:24:25,b'RT @Economista_X: Mais uma das anomalias brasileiras. https://t.co/zOaJgBrZ0Z'
969349366803779584,2018-03-01 23:11:13,"b'Ihhh, senti uma indireta. Vai deixar, @LulapeloBrasil? https://t.co/8UyJWchGG1'"
969181046418890753,2018-03-01 12:02:22,b'N\xc3\xa3o tem Paulo Guedes que salve essa fam\xc3\xadlia de analfabetos econ\xc3\xb4micos convictos https://t.co/ZtSxhCZzZx'
968913082905972736,2018-02-28 18:17:35,"b'RT @goescarlos: O CADE condenou a @CFOAB p/ carteliza\xc3\xa7\xc3\xa3o, dizendo q tabelar pre\xc3\xa7os m\xc3\xadnimos d honor\xc3\xa1rios viola o c\xc3\xb3digo de defesa do consumi\xe2\x80\xa6'"
968550318979141632,2018-02-27 18:16:05,b'RT @_mkarl: Brasil 100 Fronteiras https://t.co/QWe0TGyiZa'
967157535353593856,2018-02-23 22:01:40,b'RT @radleybalko: I hope Cato gave @David_J_Bier combat pay for this. https://t.co/gHZxdXEpxi'
967019469557157893,2018-02-23 12:53:02,"b'@claudiolucinda @pfnery Eu n\xc3\xa3o gosto do Rodrik, mas acho que se nossos heterodoxos fossem como ele o Brasil j\xc3\xa1 seria uma pot\xc3\xaancia'"
967007246210207744,2018-02-23 12:04:28,"b'@pfnery Com a palavra o amigo economista dele de Harvard, Dani Rodrik, diagnosticando os problemas fiscais brasilei\xe2\x80\xa6 https://t.co/qDC6u0OwFD'"
966022244374908928,2018-02-20 18:50:25,"b'@vitorwilherbr S\xc3\xb3 se a defini\xc3\xa7\xc3\xa3o de pol\xc3\xadtica econ\xc3\xb4mica liberal for ""aquela que n\xc3\xa3o persegue o c\xc3\xa2mbio de equil\xc3\xadbrio\xe2\x80\xa6 https://t.co/faeCdFqc7I'"
963231476782370816,2018-02-13 02:00:54,"b'RT @relances: Na cabe\xc3\xa7a do petista o Luciano Huck \xc3\xa9 criminoso por pegar empr\xc3\xa9stimo, mas quem deu o dinheiro n\xc3\xa3o s\xc3\xb3 \xc3\xa9 inocente como tamb\xc3\xa9m m\xe2\x80\xa6'"
962372131718860800,2018-02-10 17:06:10,"b""RT @Diffractie: Two things annoy me about Arkansas.\n1) It doesn't rhyme with Kansas.\n2) It isn't the trigonometric inverse of Kansas"""
962356386947584000,2018-02-10 16:03:37,b'RT @zambininha: este carnaval nao fantasie de nada pois toda fantasia vem de alguma cultura qe esta sendo aprpriada\n\nvai vestidos normal'
961424721433776128,2018-02-08 02:21:30,"b'@goescarlos @OMercadoPopular N\xc3\xa3o li, mas j\xc3\xa1 gostei'"
960168471584759809,2018-02-04 15:09:37,"b'@pfnery Kkkkkkkkkkkkkkkkkk, Emir Sader da direira'"
959398233431855104,2018-02-02 12:08:58,"b'RT @lmonasterio: Sobre os ""estudos"" que dizem que a reforma da previd\xc3\xaancia \xc3\xa9 desnecess\xc3\xa1ria pq a produtividade vai crescer 3.5% a.a. https:/\xe2\x80\xa6'"
959134113738510336,2018-02-01 18:39:27,"b'@P_droMenezes - O buraco na nossa canoa \xc3\xa9 um problema urgente. Se n\xc3\xa3o o taparmos, iremos afundar!\n- Ah, ent\xc3\xa3o voc\xc3\xaa\xe2\x80\xa6 https://t.co/YIgloegN44'"
956977739629760512,2018-01-26 19:50:47,"b'RT @lmonasterio: Falou em coibir ""concorr\xc3\xaancia desleal"", eu j\xc3\xa1 sei que os pobres pagar\xc3\xa3o o pre\xc3\xa7o'"
956977709590220800,2018-01-26 19:50:40,"b'RT @lmonasterio: CFM cria restri\xc3\xa7\xc3\xb5es para cl\xc3\xadnicas populares e pro\xc3\xadbe promo\xc3\xa7\xc3\xb5es e  cart\xc3\xb5es de descontos.\nOu seja, grupos de interesse fazen\xe2\x80\xa6'"
954088638006079488,2018-01-18 20:30:32,"b'@JoelPinheiro85 Para n\xc3\xa3o aplicar, vc diz?'"
952894854337646594,2018-01-15 13:26:51,"b'""N\xc3\xa3o sei todos os detalhes"". Percebe-se... https://t.co/cPCOfILuri'"
952873079801249793,2018-01-15 12:00:20,b'RT @NPTO: Na coluna de hoje me pergunto se Ciro Gomes \xc3\xa9 maluco (e n\xc3\xa3o concluo nada)\n https://t.co/k1NFe4CJ2l'
952873050478870529,2018-01-15 12:00:13,"b'RT @maybetomhanks: Honey, I shrunk the kids \n\nHoney, I blew up the kids\n\nHoney, I made the kids believe they were exceptional and complimen\xe2\x80\xa6'"
952627001642405888,2018-01-14 19:42:30,"b'@RaelAerosolKid ""Privilegiando a estabilidade macroecon\xc3\xb4mica"", kkkkk'"
951181763132493824,2018-01-10 19:59:39,b'@elenalandau PPK tb decepcionou bastante...'
950383673693626371,2018-01-08 15:08:19,b'RT @NPTO: A coluna de hoje \xc3\xa9 sobre @jairbolsonaro e o liberalismo \nhttps://t.co/T78JupHcU9'
946964787589677057,2017-12-30 04:42:53,"b'RT @fbizzarroneto: Ora, ora. Pq o Bivar prefere o Bolso ao Livres? \n\nPor anos, gente como Bivar, lan\xc3\xa7ou candidato \xc3\xa0 presidente contando com\xe2\x80\xa6'"
946110282824409090,2017-12-27 20:07:23,b'RT @Neoliberais: \xf0\x9f\x98\x8f https://t.co/j7KXEbrpFI'
946022522922897408,2017-12-27 14:18:40,b'@JoelPinheiro85 Pra quem quer s\xc3\xb3 ver fotos/v\xc3\xaddeos sem ler text\xc3\xa3o. Fora os filtros hipsters autom\xc3\xa1ticos'
944192083161731079,2017-12-22 13:05:09,b'RT @rodrikdani: Two sets of ten commandments for non-economists and economists each https://t.co/pAR1w9jV0W #whatEconomistsReallyDo'
943805987391201281,2017-12-21 11:30:57,"b'RT @Undercoverhist: Dear @guardian, here\xe2\x80\x99s a tip to help you select your \xe2\x80\x9cstate of economics\xe2\x80\x9d opinion columns.\n If your can tick half the b\xe2\x80\xa6'"
943454427557584896,2017-12-20 12:13:58,"b'@tiagopferraz Nas campanhas contra a dengue tem que mostrar o lado do pobre mosquito Aedesinho, mata-lo pra preserv\xe2\x80\xa6 https://t.co/fr97J0KHx2'"
941515607253635072,2017-12-15 03:49:47,"b'@cdshikida @dgrcosta Coincidentemente, tenho prova da mat\xc3\xa9ria que o Kuran d\xc3\xa1 aqui na segunda-feira e cai falsifica\xc3\xa7\xe2\x80\xa6 https://t.co/sCaT8C6Ixl'"
941467375400030209,2017-12-15 00:38:08,b'RT @nntaleb: I have not seen anybody provide an argument for why Joseph Stiglitz is socially useful. https://t.co/81hEihqKNP'
939313673834811393,2017-12-09 02:00:06,b'@pfnery E essa troca de nomes evidentemente muda  tudo na discuss\xc3\xa3o da previd\xc3\xaancia n\xc3\xa9...'
938589547574603777,2017-12-07 02:02:40,"b'RT @lmonasterio: Maior parte dos brasileiros sabe que o BR \xc3\xa9 desigual, mas n\xc3\xa3o sabe que eles pr\xc3\xb3prios est\xc3\xa3o do lado rico. \nhttps://t.co/a0X\xe2\x80\xa6'"
937023947253669888,2017-12-02 18:21:32,"b""RT @gchelwa: LOL. Today's exam at the Indian Statistical Institute. See Qn 5. https://t.co/TrHHpyGCCP"""
936738093960433664,2017-12-01 23:25:40,b'RT @TVMaresol: Kim Il-sung recebe san\xc3\xa7\xc3\xb5es https://t.co/UetHtQxVS9'
934836783912751105,2017-11-26 17:30:32,b'V\xc3\xa1 de retro https://t.co/9ejsEV5bJa'
934269340664451072,2017-11-25 03:55:43,"b'RT @A2SchoolsSuper: Interesting. Research is unequivocal: Laptops distract from learning, both for users &amp; for those around them-also, they\xe2\x80\xa6'"
933780951993323522,2017-11-23 19:35:02,b'RT @AcademiaObscura: The way abstracts should be. https://t.co/IAwwlyA7IM'
933707579150217217,2017-11-23 14:43:28,b'@claudferraz Esses s\xc3\xa3o os 100 primeiros com ou sem a nota de economia brasileira?\n\nPor que voc\xc3\xaa acha que caiu tanto\xe2\x80\xa6 https://t.co/IVkzsbCMBK'
933523035088441347,2017-11-23 02:30:10,"b""RT @dinapomeranz: In honor of American Thanksgiving this week, here's a thread of a few global developments I am thankful for:"""
932323691089756160,2017-11-19 19:04:24,b'RT @AAMAZINGNATURE: What a Meo? https://t.co/lF9IEzaAhi'
931978676270501888,2017-11-18 20:13:26,b'RT @lmonasterio: Uns monarquistas est\xc3\xa3o espalhando que havia equil\xc3\xadbrio fiscal no Imp\xc3\xa9rio. N\xc3\xa3o \xc3\xa9 verdade. \nOlhem a\xc3\xad a d\xc3\xadvida externa (Summe\xe2\x80\xa6'
931397116429328386,2017-11-17 05:42:31,b'RT @pfnery: Pa-pel do go-ver-no. https://t.co/mDqT0txr7a'
928007207609880580,2017-11-07 21:12:14,b'@mungowitz @EconTalker Some economists associate him with the price-specie flow mechanism. But most never heard abo\xe2\x80\xa6 https://t.co/VQQcIpGS2V'
927669870929555456,2017-11-06 22:51:47,b'RT @lmonasterio: Brasil \xc3\xa9 uma das economias mais fechadas do mundo. @ocanuto https://t.co/Iz8haAcs5J https://t.co/vNVtJs24Vn'
925010958912811009,2017-10-30 14:46:13,b'RT @kanczuk: https://t.co/9mMUVPYXUv'
924994003988344832,2017-10-30 13:38:50,"b""RT @adowniebrazil: In today's Only in Brazil news, a Supreme Court judge criticises overexposure of the judiciary in a big, exclusive inter\xe2\x80\xa6"""
921415999588651008,2017-10-20 16:41:08,b'@Pirulla25 Gnomos com ba\xc3\xbas de ouro atr\xc3\xa1s do arco-\xc3\xadris = George soros financiando a agenda gayzista :-)'
919976604717240322,2017-10-16 17:21:29,"b""RT @DukePoliSci: Vanberg and Munger defend Nobel Prize winner James Buchanan and @pubchoicesoc, calling for an 'author meets critics' debat\xe2\x80\xa6"""
919758491971092481,2017-10-16 02:54:47,b'@pedrofeit0sa @isilitke Pinho ia desligar do programa...'
918880592661491712,2017-10-13 16:46:19,b'RT @FilipeCampante: A heterodoxia brasileira continua lutando contra moinhos de vento \xe2\x80\x94 uma ideia de mainstream com pelo menos 20-30 anos d\xe2\x80\xa6'
914199279681572866,2017-09-30 18:44:27,b'@lmonasterio Legal! Ambos os papers parecem muito interessantes. Lerei assim que tiver um tempinho.'
913576135409176576,2017-09-29 01:28:18,b'RT @goescarlos: .@cartacapital \xc3\xa9 aquele local em que pessoas que n\xc3\xa3o entendem a diferen\xc3\xa7a entre fluxo e estoque s\xc3\xa3o colunistas de economia.\xe2\x80\xa6'
913501575972343808,2017-09-28 20:32:02,"b""RT @WSJ: America's best colleges? They are @Harvard, @Columbia, @MIT, @Stanford and @DukeU. Newest rankings: https://t.co/oYIrkr2M8B"""
910207705415061504,2017-09-19 18:23:22,b'RT @jvct: provavelmente o melhor par\xc3\xa1grafo que eu j\xc3\xa1 li https://t.co/gj99tjvAFB'
909965545503633408,2017-09-19 02:21:07,"b'RT @FilipeCampante: Great idea, if the goal is the complete annihilation of the party... https://t.co/sbYqWSo9AC'"
909606404461400064,2017-09-18 02:34:01,b'RT @EricRWeinstein: Assume that the fields of Gender Studies and Biology came to disagree on a matter of gender/sex. Which would you be lik\xe2\x80\xa6'
909515234414612480,2017-09-17 20:31:44,"b'RT @NPTO: Por favor me digam que Carlos Marun tem um grupo de 5 aliados pr\xc3\xb3ximos que possam ser chamados de ""Marun 5""'"
908640296287834113,2017-09-15 10:35:03,b'@Pirulla25 Duas fontes: Arial 12 e \xc3\x81guas de Lind\xc3\xb3ia'
906519347031691264,2017-09-09 14:07:09,"b'Venables - Trade, Location, and Development: An Overview of Theory (2007) https://t.co/mJxL37T1aZ'"
905510047882633217,2017-09-06 19:16:33,"b'@RaelAerosolKid Se nao \xc3\xa9 a Gentil, ent\xc3\xa3o s\xc3\xb3 pode ser a Maria Lucia Fatorelli'"
905504172589580288,2017-09-06 18:53:12,b'@RaelAerosolKid Denise Juros+Amortiza\xc3\xa7\xc3\xa3o Gentil'
904782408742031360,2017-09-04 19:05:10,b'RT @Shibbo: Estou rindo tanto disso que est\xc3\xa1 me dando at\xc3\xa9 dor de cabe\xc3\xa7a https://t.co/zxrWkgowNk'
904109642778902528,2017-09-02 22:31:51,b'RT @PeterBoettke: Georg Vanberg: Democracy in Chains and James M. Buchanan on school integration https://t.co/plZwG9cbXn'
903578325922271237,2017-09-01 11:20:35,"b'""Perca"" de direitos e da l\xc3\xadngua portuguesa... https://t.co/AwF4BGFZ5g'"
902188207315582976,2017-08-28 15:16:45,"b'RT @RaelAerosolKid: Perdoem minha insist\xc3\xaancia, mas aqui est\xc3\xa1 a \xc3\xbaltima vers\xc3\xa3o da pir\xc3\xa2mide et\xc3\xa1ria animada que fiz. Mod\xc3\xa9stia \xc3\xa0 parte, ficou be\xe2\x80\xa6'"
901973559949619200,2017-08-28 01:03:49,b'RT @joaoluisjr: spoiler: entenda o plano de jon snow de salvar a popula\xc3\xa7\xc3\xa3o de westeros levando-a para onde os whitewalkers n\xc3\xa3o ousariam ir\xe2\x80\xa6'
901898533648912384,2017-08-27 20:05:41,b'Mesma critica picareta ocorre em varias areas pelo visto... https://t.co/pOdJMDisCY'
901053821392220165,2017-08-25 12:09:06,b'RT @marynicolexx: SPONGEBOB AS AN ANIME OPENING IM CRYING https://t.co/Q8ew4eVUUI'
899979195207602176,2017-08-22 12:58:55,"b'@MonicaWaldvogel @RealUrso @ArthurLulaM Errou em ter o cora\xc3\xa7\xc3\xa3o valente em demasia, dir\xc3\xa3o alguns'"
899475408156065792,2017-08-21 03:37:03,b'RT @joaoluisjr: todo mundo baixando a discografia do drag\xc3\xa3o agora que ele morreu'
899474820626350081,2017-08-21 03:34:43,b'@hey_mika Mas a parte que mais me deu raiva disparado foi a da Arya sendo escrota com a Sansa por raz\xc3\xb5es simplesmente esdr\xc3\xbaxulas'
899474065932656643,2017-08-21 03:31:43,b'@hey_mika A \xc3\xbanica coisa legal que aconteceu no epis\xc3\xb3dio foram os drag\xc3\xb5es queimando white walkers. Todo o resto foi um fiasco completo.'
899083163485573121,2017-08-20 01:38:24,"b'RT @timurkuran: Delightful musical fusion in style of Yo Yo Ma\'s Silk Road Express. Link includes versions of ""Girl from Ipanema"" and ""Elea\xe2\x80\xa6'"
899063411383967744,2017-08-20 00:19:55,"b'RT @lmonasterio: Quando algu\xc3\xa9m (esquerda ou direita) te disser que Dinamarca \xc3\xa9 socialista, lembre:\n1- Pa\xc3\xads ocupa 18o lugar \xc3\xadndice liberdade\xe2\x80\xa6'"
898880458070642688,2017-08-19 12:12:56,b'RT @DukeU: Duke removes Robert E. Lee statue from @DukeChapel entrance. Read more: https://t.co/pLCeU5Aihs'
898869902169264128,2017-08-19 11:30:59,b'RT @danilofreire: A nice summary of my post-grad studies. StackOverflow will be at the top of my acknowledgement page. https://t.co/emY1gR1\xe2\x80\xa6'
898611988783181824,2017-08-18 18:26:08,b'RT @ThomasVConti: O que realmente significa \xe2\x80\x9cn\xc3\xa3o tolerar os intolerantes em nome da toler\xc3\xa2ncia\xe2\x80\x9d https://t.co/IntfZuMxqi via @omercadopopular'
898601417400754176,2017-08-18 17:44:07,"b""RT @JasonKuznicki: I wrote about how Karl Popper's paradox of tolerance is a lot less than it's often made out to be: https://t.co/jkupscuq\xe2\x80\xa6"""
898595826720661504,2017-08-18 17:21:54,b'RT @ureallygotmenow: Montesquieu n\xc3\xa3o previu Gilmar Mendes.'
898502995452755969,2017-08-18 11:13:02,b'O menino do Acre me contou que o Bresser-Pereira vai falar na campanha do Ciro Gomes que o problema do Brasil \xc3\xa9 o c\xe2\x80\xa6 https://t.co/ww59aRFhNv'
898375350572511232,2017-08-18 02:45:49,b'RT @bmandrake: dizer o q sobre isso. pqp. https://t.co/yDoXnondhM'
898374814007799808,2017-08-18 02:43:41,"b'@cronai Infelizmente, ele n\xc3\xa3o pode ser candidato porque nasceu na \xc3\x81ustria...'"
898374650144706560,2017-08-18 02:43:02,b'RT @attn: .@Schwarzenegger has a blunt message for Nazis. https://t.co/HAbnejahtl'
898270756399980544,2017-08-17 19:50:12,"b'@LedBass @Pirulla25 S\xc3\xb3 existe doutrina\xc3\xa7\xc3\xa3o se ela for 100% efetiva no convencimento de todos os alunos, \xc3\xa9 isso?'"
898269955216609283,2017-08-17 19:47:01,b'@LedBass @Pirulla25 A idiotice do nazismo de direita foi meu ponto de partida. Muitos alunos n\xc3\xa3o confiam no que o p\xe2\x80\xa6 https://t.co/dCDQgHL9cZ'
898165206928564224,2017-08-17 12:50:47,"b'RT @berieux: O MBL fazendo campanha contra a PUC-SP, uma universidade privada, por esta ter instalado banheiros unissex.\n\nE ainda se dizem\xe2\x80\xa6'"
898148521014067201,2017-08-17 11:44:28,b'@Pirulla25 Doutrinam sem d\xc3\xb3 e depois reclamam que os alunos n\xc3\xa3o acreditam no que eles falam'
898148452240158720,2017-08-17 11:44:12,b'@Pirulla25 A diferen\xc3\xa7a \xc3\xa9 que os professores de hist\xc3\xb3ria tem parcela de culpa na sua pr\xc3\xb3pria falta de credibilidade'
897848215269244928,2017-08-16 15:51:10,b'@lmonasterio For\xc3\xa7as poderosas jogam as pessoas contra a regra dos dois desvios... https://t.co/fzRRTvtRht'
897790481140244484,2017-08-16 12:01:45,b'RT @lmonasterio: Eug\xc3\xaanio Gudin (1954) https://t.co/o5eM7GW5t5'
897520788609347584,2017-08-15 18:10:05,b'RT @zambininha: o friza o manjinbu e todos os iminigos no drangonbal era claramente um movimento de direita'
897486545615237120,2017-08-15 15:54:01,"b""RT @LHSummers: Today's @Wonkblog -- Summers to CEOs: If you won\xe2\x80\x99t quit Trump\xe2\x80\x99s advisory councils now, then when? https://t.co/1osHlh0ZTW"""
897422827082702848,2017-08-15 11:40:49,b'@Pirulla25 Conspiracionismo intensifies... https://t.co/pg2o57KTro'
897197878191566849,2017-08-14 20:46:57,"b'RT @betinhogomes: Respeito o Paulo Rabelo de Castro,mas se ele est\xc3\xa1 em t\xc3\xa3o desacordo com  TLP a ponto de jogar contra o seu governo, deveri\xe2\x80\xa6'"
897123349968674816,2017-08-14 15:50:49,b'RT @AlbertoLage: governo vai fazer o que a constitui\xc3\xa7\xc3\xa3o j\xc3\xa1 manda e para isso vai ter que emendar a constitui\xc3\xa7\xc3\xa3o para que ela determine o qu\xe2\x80\xa6'
897074063537049600,2017-08-14 12:34:58,"b'@hey_mika Quem discordar pode acabar sofrendo umas queimaduras, assim como outros perderam a cabe\xc3\xa7a l\xc3\xa1 na primeira temporada...'"
897074032813723648,2017-08-14 12:34:50,"b'@hey_mika Sei n\xc3\xa3o viu. Acho que, na pr\xc3\xa1tica, tr\xc3\xaas drag\xc3\xb5es d\xc3\xa3o muito mais ""legitimidade"" ao trono de ferro do que qu\xe2\x80\xa6 https://t.co/OgngHgLfrc'"
896789893548048385,2017-08-13 17:45:46,"b'@JoelPinheiro85 Esquerda x direita, teste definitivo: \nOs problemas do mundo s\xc3\xa3o fruto de uma conspira\xc3\xa7\xc3\xa3o arquiteta\xe2\x80\xa6 https://t.co/KpRydGSOyE'"
896162489011904513,2017-08-12 00:12:41,b'@hey_mika Minha gata Sansa se empolgou com o \xc3\xbaltimo epis\xc3\xb3dio de GoT e agora t\xc3\xa1 soltando altos Gatarys! https://t.co/BUGqg2RgTd'
896043141643603972,2017-08-11 16:18:27,b'Really good thread https://t.co/jZ65E6cBtc'
895614593581625344,2017-08-10 11:55:33,"b'""voc\xc3\xaa conhece aquela piada do marqueteiro que encontra o rapper no bar?"" https://t.co/j4jae3VeMO'"
895397456858537984,2017-08-09 21:32:44,"b'@Pirulla25 A casa caiu, chegou a pol\xc3\xadcia pra prender o meliante do Pirula...'"
894996990739836929,2017-08-08 19:01:25,"b'RT @ibgecomunica: 8 de agosto \xc3\xa9 Dia Internacional do #Gato! Em 2013, 11,5 milh\xc3\xb5es de domic\xc3\xadlios tinham pelo menos um gato #internationalcat\xe2\x80\xa6'"
894927827912597505,2017-08-08 14:26:35,"b'A esquerda j\xc3\xa1 defendeu cuspe, agora t\xc3\xa1 defendendo ovada. Qual o pr\xc3\xb3ximo passo, defender tapa, porque um tapinha n\xc3\xa3o d\xc3\xb3i?'"
894524950467555328,2017-08-07 11:45:42,"b'@NPTO N\xc3\xa3o tem intelectual que cure os danos de se ""informar"" s\xc3\xb3 via Carta Capital, Brasil 247, Di\xc3\xa1rio do Centro do\xe2\x80\xa6 https://t.co/J4TmxTHi6L'"
893525973655851009,2017-08-04 17:36:07,"b'@alangsmello @lmonasterio @MarcoAlmada Na verdade, eles usam dados de exporta\xc3\xa7\xc3\xa3o por causa da precariedade das alte\xe2\x80\xa6 https://t.co/rt8vIbC6SJ'"
893236678957182976,2017-08-03 22:26:34,"b'RT @DurhamNC: .@DukeU earned back its title as the top college in the South. \xf0\x9f\x94\xb5\xf0\x9f\x98\x88 \xf0\x9f\x8f\x86 Oh, and #8 in the country. #nbd https://t.co/loMInOrISA'"
893106723816435712,2017-08-03 13:50:10,"b'@acmneto_ Kkkkk, t\xc3\xa1 precisando praticar mais um pouquinho n\xc3\xa9, @acmneto_ ?'"
892492249224884224,2017-08-01 21:08:28,"b'@JoelPinheiro85 N\xc3\xa3o fui original, vi essa teoria na internet, n\xc3\xa3o lembro onde exatamente...'"
892414831835443201,2017-08-01 16:00:50,b'@JoelPinheiro85 Mas n\xc3\xa3o deve ser s\xc3\xb3 sagacidade. Acho que a Missandei \xc3\xa9 uma traidora infiltrada (Davos sacou que ela mente sobre a origem)'
892414517216411648,2017-08-01 15:59:35,"b'@JoelPinheiro85 Cersei ta mandando muito bem nessa temporada, ao contr\xc3\xa1rio da \xc3\xbaltima, em que ela teve a ideia genia\xe2\x80\xa6 https://t.co/oqNUnnQsOR'"
891665671997841408,2017-07-30 14:23:57,b'Economists can learn from other disciplines. But they also understand trade-offs. More knowledge of other disciplines is very costly.'
891664044180074496,2017-07-30 14:17:29,"b""Economists are pragmatic. Serious interdisciplinary work is hard. That's why a lot of interdisciplinary research is\xe2\x80\xa6 https://t.co/SmOrJpx4xs"""
890291136820105216,2017-07-26 19:22:02,b'@pedrofeit0sa @bslvra A internet sempre lembra...e n\xc3\xa3o perdoa'
889457122437627904,2017-07-24 12:07:57,"b'RT @MonicaWaldvogel: 100 mortos em manifesta\xc3\xa7\xc3\xb5es, 114 presos pol\xc3\xadticos. E os partidos brasileiros que ap\xc3\xb3iam o regime querem nos ensinar o\xe2\x80\xa6'"
888436023411265536,2017-07-21 16:30:28,"b""RT @mungowitz: Brian Doherty of @reason on Prof. Nancy MacLean's book on James Buchanan https://t.co/opVdrRp5ir"""
887303391893958656,2017-07-18 13:29:48,b'@MonicaWaldvogel Triplex \xc3\xa9 uma inven\xc3\xa7\xc3\xa3o da burguesia para condenar o proletariado'
887284684308320256,2017-07-18 12:15:28,"b'@ArthurLulaM Marina \xc3\xa9 muito superior aos tr\xc3\xaas juntos. O partido dela, por outro lado...'"
887027787797864450,2017-07-17 19:14:39,b'Meme que inspirou o carro pica x celta 2012 https://t.co/Z215hq6iCi'
886380759669506048,2017-07-16 00:23:35,b'A pergunta que n\xc3\xa3o quer calar: quem protege o trabalhador do sindicato dos sindicatos contra o patr\xc3\xa3o dele? https://t.co/jRl1bteqiX'
886197678215974913,2017-07-15 12:16:05,b'Finalmente entendi a superioridade do R @pedrofeit0sa https://t.co/nmmzIxnYP3'
885540921340776448,2017-07-13 16:46:22,b'@MonicaWaldvogel T\xc3\xa1 dif\xc3\xadcil de mudarem o discurso. A alternativa seria reconhecer os crimes do Lula e afastar ele d\xe2\x80\xa6 https://t.co/mIAk4Z6SLX'
885475157267107841,2017-07-13 12:25:03,b'RT @straightedge: A generation of baffled econ students. https://t.co/Aa2btaudFf'
885464360868601857,2017-07-13 11:42:09,b'@MonicaWaldvogel @_mkarl Quer dizer que se tivesse condenado a 10 anos ao inv\xc3\xa9s de 9 seria tudo bem?'
885167989963837440,2017-07-12 16:04:29,"b'A prop\xc3\xb3sito,  que diferen\xc3\xa7a faz  revogar a Lei \xc3\x81urea num mundo que j\xc3\xa1 acabou gra\xc3\xa7as a PEC do teto?'"
885167752985661440,2017-07-12 16:03:32,"b'Adoro a esquerda hiperb\xc3\xb3lica. Depois da PEC do Fim do Mundo, agora temos a aboli\xc3\xa7\xc3\xa3o da Lei \xc3\x81urea'"
884055304211763203,2017-07-09 14:23:04,b'Que porrada no Barbosa... https://t.co/hBMgwgn1VS'
883673380674826245,2017-07-08 13:05:26,"b'@AlexSchwartsman Al\xc3\xa9m disso, expandir o Acaia dificilmente manteria as mesmas taxas de aprova\xc3\xa7\xc3\xa3o, j\xc3\xa1 que o potencia\xe2\x80\xa6 https://t.co/snWwgBAF2b'"
883671794028302336,2017-07-08 12:59:08,b'@AlexSchwartsman Tem estudo estimando o efeito causal do programa Acaia considerando grupo de controle compar\xc3\xa1vel?\xe2\x80\xa6 https://t.co/AmZ7eLnliT'
882704243265867776,2017-07-05 20:54:26,b'RT @edenvaladares: Vamos brincar de Jogo dos Sete Erros? https://t.co/JC812hDHfQ'
880973818394759168,2017-07-01 02:18:20,b'RT @AcademicsSay: grad school explained https://t.co/PEIGzpejrm'
880097956766068737,2017-06-28 16:17:58,"b'Saudades do meu ex professor da FEA, Fabio Kanczuk https://t.co/HLsHHvehr4'"
879799617717751809,2017-06-27 20:32:29,"b'@jeffs_araujo35 H\xc3\xa1 corda, Brasil https://t.co/sGdk97Slsh'"
879767043570098178,2017-06-27 18:23:03,b'@MonicaWaldvogel Uma verdadeira casta defendendo seus privil\xc3\xa9gios sem a menor vergonha'
879310780432306178,2017-06-26 12:10:01,b'RT @EconTalker: I just published \xe2\x80\x9cNancy MacLean Owes Tyler Cowen an Apology\xe2\x80\x9d https://t.co/cR1idysoVR'
878265123261075457,2017-06-23 14:54:57,"b'RT @tocqweb: Chega de reiventar roda, ainda p/cima quadrada! Recall, n\xc3\xa3o; parlamentarismo, sim!'"
877700599160094720,2017-06-22 01:31:44,"b'RT @ianbremmer: Among large economies, Brazil leading the way on protectionism.\n\n1. Brazil\n2. India\n3. China\n4. USA https://t.co/kA4ZTyjsQK'"
877636086146531328,2017-06-21 21:15:23,b'@perpheito @ovbious Ent\xc3\xa3o o problema j\xc3\xa1 foi resolvido? Confirmado que teremos n\xc3\xadveis dinamarqueses de corrup\xc3\xa7\xc3\xa3o em 2018?'
877572139871866881,2017-06-21 17:01:17,"b'RT @ocanuto: ""Does Brazil\xe2\x80\x99s Sector Structure Explain Its Productivity Anemia? "" https://t.co/SfJGjpqgkO on @LinkedIn @ocanuto'"
877487619046879233,2017-06-21 11:25:25,b'@gileno_ranna @cirogomes A redu\xc3\xa7\xc3\xa3o tem que ser respons\xc3\xa1vel para que a infla\xc3\xa7\xc3\xa3o n\xc3\xa3o cres\xc3\xa7a de novo. N\xc3\xa3o tem m\xc3\xa1gica.'
877481447547957248,2017-06-21 11:00:54,"b'@pedrofeit0sa Very important matter, kkkkk'"
877480417246498816,2017-06-21 10:56:48,b'@gileno_ranna @cirogomes A infla\xc3\xa7\xc3\xa3o caiu desde 2015 porque os juros subiram. A Selic vem sendo cortada gradualmente\xe2\x80\xa6 https://t.co/z2px1gFI4g'
877344371540144129,2017-06-21 01:56:13,"b'@cirogomes Nada justifica? O Brasil vem combatendo a infla\xc3\xa7\xc3\xa3o alta. Os pa\xc3\xadses com juros negativos, ao contr\xc3\xa1rio, enfrentam a defla\xc3\xa7\xc3\xa3o.'"
877311149863309312,2017-06-20 23:44:12,b'RT @chapmanchapman: New favorite bathroom sign https://t.co/iaAyCBfmLp'
877293453704650753,2017-06-20 22:33:53,"b'RT @RobertoElleryJr: Tivessem compromisso com \xc3\xa9tica tucanos expulsariam A\xc3\xa9cio e sairiam do governo, tivessem compromisso com reformas expul\xe2\x80\xa6'"
877002636494589952,2017-06-20 03:18:17,"b'RT @rosseto_thiago: Depois de visitar a Uni\xc3\xa3o Sovi\xc3\xa9tica,  Temer segue para o Imp\xc3\xa9rio Austro-H\xc3\xbangaro e depois para a prov\xc3\xadncia da Cisplatina'"
876752957005582336,2017-06-19 10:46:08,b'RT @claudferraz: Competi\xc3\xa7\xc3\xa3o eleitoral cresce onde teto de gastos \xc3\xa9 menor @PucRioDigital @JPAL_LAC  https://t.co/pDVujUqiX7'
876631022863036416,2017-06-19 02:41:37,b'RT @coimbraricardo: mensagem de domingo https://t.co/igeC6TLdXC'
876610905827680257,2017-06-19 01:21:41,b'@pedrofeit0sa @teclologoexisto  https://t.co/m0hfusUKXI'
876610560267341825,2017-06-19 01:20:18,b'@pedrofeit0sa @zambininha Kkkkkkkkkkkk'
876610536322068480,2017-06-19 01:20:13,b'RT @zambininha: quarta vez que vo saca dinherio e bloqueia meu cartao pq chega na senha eu digito 13 confirma incoscientemente'
876606717940903937,2017-06-19 01:05:02,"b'@pedrofeit0sa @tdbem Nem sei como usa esse tro\xc3\xa7o, huehuehue. Vou fu\xc3\xa7ar quem vc segue'"
