id,created_at,text
970256064720486400,2018-03-04 11:14:06,b'&lt;3 Give life &lt;3 https://t.co/eD66lNjQX3'
969755621900795905,2018-03-03 02:05:32,b'RT @DPEGEdinburgh: What is physical literacy and why is it important? https://t.co/jXsw4TTluf'
969492038193315840,2018-03-02 08:38:08,"b""Dance is my sport of choice! It's assumed that as I'm researching sport for children with disabilities that I'm rea\xe2\x80\xa6 https://t.co/HN9RvZJeGB"""
969156408632532992,2018-03-01 10:24:28,b'This is an amazing program and exactly what all our kids deserve the opportunity to do! https://t.co/sF4dHyajKH'
968748883961671681,2018-02-28 07:25:07,"b'There are certainly trials and tribulations involved in effectiveness studies. Luckily, everything that we have to\xe2\x80\xa6 https://t.co/sZjueepsQk'"
968256026746040320,2018-02-26 22:46:40,b'RT @S4L_SPV: #MovementPreparation that is geared toward #PhysicalLiteracy \xe2\x80\x93 focusing on the techniques that improve and incorporate fundame\xe2\x80\xa6'
966886646661636096,2018-02-23 04:05:15,"b""This is how I #phd: Today I'm doing a targeted platelet donation @redcrossbloodau in Brisbane at the same time as r\xe2\x80\xa6 https://t.co/kHWfm1wkyP"""
966671449867010048,2018-02-22 13:50:08,b'Amazing work over in the UK! Does anyone know of any similar reports or summaries of programs that support children\xe2\x80\xa6 https://t.co/3XogBJ0n7G'
966127562194735105,2018-02-21 01:48:55,"b""I'm coming up to my mid-thesis review and 3/4 of the way through data collection and I'm feeling this question inte\xe2\x80\xa6 https://t.co/bzWywDAXgd"""
964096478837850112,2018-02-15 11:18:07,b'Amazing research coming out of #cpparaswim team at the #CMCRC masterclass today. Sport focussed training improves g\xe2\x80\xa6 https://t.co/o0VYBS86cy'
963750007139581953,2018-02-14 12:21:21,"b""Excited to present at the Children's Motor Control Research Collaboration's masterclass on the importance of\xe2\x80\xa6 https://t.co/8QlyB1YFy1"""
961089156700098560,2018-02-07 04:08:05,"b""I cannot wait for the enthusiastic sharing of new ideas at #AusACPDM2018! I'll be presenting my recent SR findings\xe2\x80\xa6 https://t.co/NFWcccqUN3"""
960480913225261056,2018-02-05 11:51:09,"b'CMCRC Motor Control Masterclass rego closes Feb 8! Email j.macdonald1@uq.edu.au. Topics include: PreEMPT, kids Pila\xe2\x80\xa6 https://t.co/BFk2Xa7yjS'"
960267760457560065,2018-02-04 21:44:09,"b""RT @_BenJessup: We know that #childhealthmatters, so I've done a blog for @sportrectweets on why cross-sector collaboration is key to tackl\xe2\x80\xa6"""
957823860501442560,2018-01-29 03:52:58,"b""Yes! Sport participation should be fun and aim for the 'just right' level of challenge! #sportsstars\xe2\x80\xa6 https://t.co/cJHL9BtsoE"""
955044964827742209,2018-01-21 11:50:38,"b'One of the driving forces of #SportsStars-""Sport is fun physiotherapy. "" https://t.co/x78IRecEIy'"
954300714531962880,2018-01-19 10:33:15,"b""I'm celebrating the positive media around building a family in the midst of a career and how one doesn't have to pr\xe2\x80\xa6 https://t.co/6yRwOmpbg2"""
949400870763941888,2018-01-05 22:03:01,"b'I am so excited to share my published SR with you all! ""Active exercise interventions improve gross motor function\xe2\x80\xa6 https://t.co/n6fIRDjhTI'"
947753687295737856,2018-01-01 08:57:42,"b'My systematic review, Active exercise interventions improve gross motor function of ambulant children with CP was o\xe2\x80\xa6 https://t.co/Ixhd0ZYkbw'"
941176915343286272,2017-12-14 05:23:57,b'RT @BelievePHQ: The physical and mental benefits of youth sports https://t.co/5NCq4WvwUk'
941176512706777088,2017-12-14 05:22:21,b'This is your chance to be a part of Sports Stars I 2018! Sports Stars is a fun introduction to sports group for chi\xe2\x80\xa6 https://t.co/xF5FpJG09A'
940335620156637185,2017-12-11 21:40:57,"b""RT @ParaQuadNSW: In case you missed it, here's the incredible maiden speech at the Australian Senate from Australia's youngest ever Senator\xe2\x80\xa6"""
933796533715140608,2017-11-23 20:36:57,b'RT @BelievePHQ: 15 reasons why children should play multiple sports https://t.co/FJyJOcNKBC'
932919676451065856,2017-11-21 10:32:38,b'Sport is good for so many things! Beautiful. https://t.co/c79U4ZNh3I'
932747951272632320,2017-11-20 23:10:15,"b""...and that's the drive for my PhD research! #SportsStars #Disabilitysport https://t.co/GRGNNtKyJD"""
932724346774175744,2017-11-20 21:36:28,b'6am mountain climbs are the best thing to clear my head before a big writing day! The research tells us all the tim\xe2\x80\xa6 https://t.co/ecqEv3u3ZW'
932555755273707520,2017-11-20 10:26:32,b'@kwong_amanda @AliciaSpittle Thank you @kwong_amanda and @AliciaSpittle! Technology at its best connecting people!'
931852175717703680,2017-11-18 11:50:46,"b""I've been wanting to learn about how I might be able to become a guide runner in Brisbane- anyone know who I should\xe2\x80\xa6 https://t.co/FBLB6JFjml"""
931660076892356608,2017-11-17 23:07:26,"b""I've been doing quite a few first wheelchair prescriptions lately and it makes me so happy to see kids up and ready\xe2\x80\xa6 https://t.co/0uxvmheWYU"""
930923109934231552,2017-11-15 22:18:59,b'RT @UQ_News: The @redcrossbloodau mobile blood donor centre is at #UQ St Lucia - outside Forgan Smith - until Friday. Roll up your sleeve a\xe2\x80\xa6'
930528676709482496,2017-11-14 20:11:39,b'RT @JoaoBreda2: Towards more physical activity: Transforming public spaces to promote physical activity \xe2\x80\x94 a key contributor to achieving th\xe2\x80\xa6'
929941434630684673,2017-11-13 05:18:10,b'I am excited to be a recipient of @UQ_News Candidate Development Award to present my research findings at the\xe2\x80\xa6 https://t.co/6m8BGwqEG1'
929487227196813315,2017-11-11 23:13:18,b'RT @bbcgetinspired: \xf0\x9f\x99\x8c\xf0\x9f\x99\x8c https://t.co/WjX7Pf5ald'
928834736096559105,2017-11-10 04:00:32,b'The 1st round of Sports Stars participants are showing big improvements post intervention!\nThere are still oppertun\xe2\x80\xa6 https://t.co/NAN5YO9HCh'
925711005505556481,2017-11-01 13:07:57,b'RT @Eng_Dis_Sport: Research from @CP_Sport shows adapting sports is vital in supporting people with cerebral palsy to get active https://t.\xe2\x80\xa6'
925684382001610752,2017-11-01 11:22:09,b'We are all stronger when we work together. #research #interdisiplinary https://t.co/xkPqoXv0rO'
925308571465564160,2017-10-31 10:28:49,b'PTs and PA- they go together like rama lamma lamma ka dinga da dinga dong. #Physiotherapy #PhysicalActivity https://t.co/8SH7LlR1l6'
925099398589177857,2017-10-30 20:37:38,b'Yes! This is what I want for Australia! #sportpartnerships #disabilityinclusion #thinkbig #disabilitysport https://t.co/Qwa2enzneL'
925098177945939968,2017-10-30 20:32:47,"b""Let me count the ways that #sport changes lives! Interesting take home- even Australia's defence organisation recog\xe2\x80\xa6 https://t.co/PHrCaQymnF"""
924943176401428482,2017-10-30 10:16:52,b'Two of my favourite things- marathons and accessible technology. #Awesome https://t.co/r9sWBBHdKw'
923157667870150656,2017-10-25 12:01:54,b'Interesting feed on person first language vs identity first language. Take home = always just ask. People are peopl\xe2\x80\xa6 https://t.co/QHnvMljWDf'
923104228733730816,2017-10-25 08:29:33,b'Exciting goals in the UK with @YouthSportTrust. https://t.co/Gf2MZ5eRHJ'
922787109638873088,2017-10-24 11:29:26,b'Fantastic to see greater visibility and accessibility of sport for people with disabilities around the world.\xe2\x80\xa6 https://t.co/figYqL8QPP'
922568068965974016,2017-10-23 20:59:02,"b'RT @RCN_AUS: The kids are OK: it is discrimination, not same-sex parents, that harms children via @theMJA https://t.co/rHM1dZF52Y https://t\xe2\x80\xa6'"
922567658192568322,2017-10-23 20:57:24,b'RT @Eng_Dis_Sport: Learning to fly: @FlamingoChicks inclusive ballet school teaches disabled and non-disabled children https://t.co/KGXDE7A\xe2\x80\xa6'
922428842823753728,2017-10-23 11:45:48,"b'A take home from #apamomentum- if it\'s not a ""hell yes,"" then it\'s a ""no."" #phd #prioritise https://t.co/ouOomh2PUN'"
921615070542438401,2017-10-21 05:52:10,"b""Looking forward to seeing the future research from Chelsea Mobbs in infant participation - it's such a new and exci\xe2\x80\xa6 https://t.co/RJXP0c1vBy"""
921583888924778496,2017-10-21 03:48:15,"b'PhD candidate, Chelsea Mobbs, has done some amazing work bringing together information on assessment of infant part\xe2\x80\xa6 https://t.co/Pji4l2Fmwt'"
921552950207463424,2017-10-21 01:45:19,b'Charlotte Kiemann presents a fantastic framework for impairments associated with #Achondroplasia and how these expl\xe2\x80\xa6 https://t.co/t0Wknhubdj'
921534107032608769,2017-10-21 00:30:27,"b'""You can\'t wait for EVOLUTION, you have to stir up a little REVOLUTION."" Peter De Natris speaking about the challen\xe2\x80\xa6 https://t.co/UPhozryroF'"
921305182297657344,2017-10-20 09:20:47,b'Amazing to see #CPLBeachbuddies splashing along at the Gold Coast! In its 3rd year since I developed the program in\xe2\x80\xa6 https://t.co/qFEDVDga5b'
921214094543241216,2017-10-20 03:18:50,b'#SportsStars for kids with #CP in the media! Helping get kids move from individual #physiotherapy to participating\xe2\x80\xa6 https://t.co/7OmvHZA9YG'
921212066538688517,2017-10-20 03:10:46,b'My first international conference was at AACPDM in September. Looking forward to future\xe2\x80\xa6 https://t.co/Qf3OoChOS1'
719814498362613760,2016-04-12 09:08:44,b'My new life.  https://t.co/5zYPHwBds9'
552676516736147456,2015-01-07 04:02:04,b'Donating plasma at Edwards st donor centre. Saving lives comes with snacks and 3hrs free city parking! #DonateBlood'
552455859599867904,2015-01-06 13:25:15,"b'Yearly donations made. Thanks @childrensorgau, @MSFAustralia &amp; @RoomtoRead for turning my $ into help for those who need it. #spreadthelove'"
