id,created_at,text
966651672675147776,2018-02-22 12:31:32,b'@TheEcoRamble https://t.co/GdEDkvZV6e'
966650647767592960,2018-02-22 12:27:28,b'RT @emet_news_press: #USA #Forbes #Headlines #NEWS  broadcast by : Magpies Living In Bigger Groups Are Brainier Birds - A study of Australi\xe2\x80\xa6'
876670435928281089,2017-06-19 05:18:14,"b'RT @MrBrendanCox: Far right facists&amp;Islamist terrorists are driven by same hatred of difference, same ideology of supremacy&amp;use same tactic\xe2\x80\xa6'"
875691603884736516,2017-06-16 12:28:42,b'Baby blue tits are starting to feel brave.. https://t.co/RHhQ81ZaUu'
874597511062843393,2017-06-13 12:01:10,"b'RT @BirdNoteRadio: How much do birds sing? A #RedEyedVireo was observed singing more than 22,000 times in 10 hours! #ornithology https://t.\xe2\x80\xa6'"
871773453518614530,2017-06-05 16:59:22,"b'RT @NatureNews: Arctic ice is melting at a rate never seen before, but some see reasons to remain hopeful: https://t.co/Vv92xW2Ayf #WorldEn\xe2\x80\xa6'"
869995845088796672,2017-05-31 19:15:47,b'RT @NHSMillion: The Conservatives have starved the NHS of money for 7 years - how can we be expected to believe that the next 5 would diffe\xe2\x80\xa6'
866806077802905601,2017-05-23 00:00:48,"b""RT @fentybillion: There's now a map on the way to the hotel PLEASE spread and continue, also repost! Hope this helps #PrayForManchester #ma\xe2\x80\xa6"""
866794526123466755,2017-05-22 23:14:53,b'RT @gmpolice: Police statement on incident at Manchester Arena https://t.co/gaKASukx9a'
861563085609455616,2017-05-08 12:47:01,"b'RT @WoodlandTrust: Happy Birthday to Sir David Attenborough, an inspiration for all who love woodland and wildlife! https://t.co/RiC3st2Px4'"
856524980313632769,2017-04-24 15:07:23,b'#Bluebells and #Bluetits\n#bigbluebellwatch https://t.co/IJGYQKJ1ti'
854674330692747264,2017-04-19 12:33:34,b'Any Avisoft expert here that would like to save my PhD?\nI am having a huge issue with one of its functions.\n#PhDchat #Avisoft #Bioacoustics'
847035541937946628,2017-03-29 10:39:45,"b""At least #BrexitDay wasn't one of them?\n#Insomnia #Brexit https://t.co/z6jUCBJnfM"""
845269835378495491,2017-03-24 13:43:27,"b""RT @Natures_Voice: 'Wait a minute, did someone say its Friday!!' #FridayFeeling https://t.co/AtlYOuoUK4"""
841272620674871296,2017-03-13 12:59:57,b'RT @MMUsste: The Behavioral #Research Day is taking place on Wednesday! Take a look at the excellent line up of talks @MMU_CEB @ManMetUni #\xe2\x80\xa6'
839866630666616832,2017-03-09 15:53:03,b'A very accurate depiction of my life right now. #PhDchat #phdlife #IHateMyLife https://t.co/8OmFwN3BCi'
836210784426418176,2017-02-27 13:46:01,"b""RT @rspcamcrsalford: We have several gorgeous 'black beauties' waiting patiently for new homes, sadly they take on average x3 longer to reh\xe2\x80\xa6"""
834453187277049861,2017-02-22 17:21:57,"b""RT @diymagazine: New London four-piece @pelicandyband make a sweet entrance on debut track 'In Echoes'. It's today's Neu Pick. https://t.co\xe2\x80\xa6"""
831891470839853056,2017-02-15 15:42:37,"b""And there you go: I'm Giada, an #actuallivingscientist studying the effects of noise pollution on bird fitness.\xe2\x80\xa6 https://t.co/Qji1nHmJCL"""
829636365549723652,2017-02-09 10:21:38,"b""When you are from a country so backwards that it's literally killing it's own wildlife #SosLupo https://t.co/L509rhdWgK via @ChangeItalia"""
824530008106500096,2017-01-26 08:10:47,b'RT @RogueNASA: Science is not a partisan issue. Science is the foundation of our society\xe2\x80\x94we owe so much to peer-reviewed scientific researc\xe2\x80\xa6'
809069784872656898,2016-12-14 16:17:23,b'My Psychic Transparency was captured by @PhotobotCo at @ExploreWellcome! #SpiritBooth https://t.co/Vi4ui4z2Rm'
807257295822393345,2016-12-09 16:15:12,b'@WeatheRach I just cried a little.'
807216764601962496,2016-12-09 13:34:08,b'Another -sad- example of what climate change is doing to our ecosystems. https://t.co/NZKNXhkDHb via @telegraphnews'
771017157887033344,2016-08-31 16:09:49,b'RT @CelesteCost: Il Governo #Renzi con un sorriso riporta le donne al Medioevo. Complimenti alla #Lorenzin per il #fertilityday https://t.c\xe2\x80\xa6'
756625401963769856,2016-07-22 23:02:07,b'Question tonite is: where can you buy the cheapest pint of Guinness in the world? #Guinness @GuinnessIreland'
756164071859195904,2016-07-21 16:28:58,"b""@RSPCA_official I couldn't get past the answering machine.."""
756150570537234432,2016-07-21 15:35:19,b'@RSPCA_official @ManchesterAirp bird stuck in sky walk. Starling looks distressed and cannot find way out.'
753283680957792256,2016-07-13 17:43:19,"b""I love the way the rain is finally warmer now that it's summer.\n#BritishSummer #Summer"""
751397874861215744,2016-07-08 12:49:48,"b""My parents sent me this.\nThey obviously don't want their daughter to ever get a PhD... #PhD #PhDlife #Wine #Sardinia"""
750324012786577408,2016-07-05 13:42:39,b'Been thinking for weeks what my first tweet should be. I think a cat in some inspired pose will have to do. https://t.co/HaExT43tjG'
