id,created_at,text
970664109602754560,2018-03-05 14:15:32,b'#playful #experimenting with #aerialdance and #markmaking #collaborating with #fineart @HerefordArtsCol https://t.co/cKuHQXA1gQ'
970606138277408769,2018-03-05 10:25:11,b'Update on #thelittleblackfish @TheFetchTheatre @HerefordArtsCol @TinyOwl_Books \nhttps://t.co/oy8hlObUr8'
969913621512900610,2018-03-03 12:33:22,b'#snow outdoors = perfect time for a #phdweekend #writing about #movement #observation @WorcesterRS @coach_research https://t.co/K64yEFgfxa'
969684243986173952,2018-03-02 21:21:54,b'Yes https://t.co/5i9Y0x9ZfJ'
969553142131118080,2018-03-02 12:40:57,b'Quick trip to neighbours to pick up some black wool for #puppet making for #littleblackfish. No #snowday here.\xe2\x80\xa6 https://t.co/wSfCMIPh73'
969528809778302976,2018-03-02 11:04:15,b'A #collaborative #puppetry #performance project with @HerefordArtsCol #BAPAstudents and @TheFetchTheatre telling th\xe2\x80\xa6 https://t.co/taDB4MTXX2'
969500989127618560,2018-03-02 09:13:42,b'@mrdennidennis What a wonderful video!!'
969245461109530624,2018-03-01 16:18:20,b'RT @AndoryuuRuushii: Some recent work for @sarahjfc and #re_fabricate #hca https://t.co/BhICt4gXu2'
969095159060328448,2018-03-01 06:21:05,b'RT @mollyroseglover: Making puppets @TheFetchTheatre with @gillian_hipp for @HerefordArtsCol performance @hayfestival this summer. This one\xe2\x80\xa6'
968860897828589568,2018-02-28 14:50:13,b'Making #puppets @TheFetchTheatre today for @HerefordArtsCol s performance of @TinyOwl_Books #thelittleblackfish for\xe2\x80\xa6 https://t.co/EkxCPotyeR'
967527670497075200,2018-02-24 22:32:27,b'Beautifully shot film #shapeofwater #surreal https://t.co/rxAKZzhJXc'
967413683616993281,2018-02-24 14:59:30,b'RT @AcademiaObscura: The best graph you are likely to see this week. https://t.co/4YMUMRmOFP'
967346154408210432,2018-02-24 10:31:10,b'RT @HerefordArtsCol: Open Day next week! Thinking about stsarting your degree this autumn?\nThinking about starting your degree this autumn?\xe2\x80\xa6'
965308286319910915,2018-02-18 19:33:24,"b""@ProfSHaslett Ooh we'll have a search for that."""
964941381868441600,2018-02-17 19:15:27,"b""@ProfSHaslett It's a great watch!"""
964543458760364033,2018-02-16 16:54:15,b'@sarahjfc @jaccattaneo Very excited!'
964506942252179457,2018-02-16 14:29:09,b'The afternoon is progressing with lots of #play and #laughter @HerefordArtsCol #improvisation #puppetry\xe2\x80\xa6 https://t.co/xr7gzcN1kU'
964140845917229059,2018-02-15 14:14:25,b'. @HerefordArtsCol #Performing Arts students at Hereford Hospital this afternoon role playing for trainee GPs. #NHS\xe2\x80\xa6 https://t.co/HXFjDQli8T'
963841284845768706,2018-02-14 18:24:04,b'#bapastudents from @HerefordArtsCol getting ready to perform #3000chairs @BirminghamRep @nicolakidsbooks\xe2\x80\xa6 https://t.co/ly6dnm3tYb'
963839525201108993,2018-02-14 18:17:04,"b""RT @BirminghamRep: We're pleased to confirm that the theatre will be open as usual this evening and we look forward to welcoming audiences\xe2\x80\xa6"""
963714135195299840,2018-02-14 09:58:49,b'#collaboration this morning @HerefordArtsCol. Fine Art students drawing/sketching/creating in response to Performin\xe2\x80\xa6 https://t.co/b14NYHqMtc'
963455342217752576,2018-02-13 16:50:28,b'Further sketches of work places by participants of Everything Matters #conference @WarwickshireCol #phd #labanatwork https://t.co/nghXcyRAbE'
963454480124727296,2018-02-13 16:47:02,"b'RT @AboundingD: Well-being means contentment and happiness in life, with a good balance of every aspect of life. #labanatwork @gillian_hipp'"
963454240361500672,2018-02-13 16:46:05,"b""Thank you @WarwickshireCol Performing Arts students for 'showing me' what your working day looks like... Not dissim\xe2\x80\xa6 https://t.co/QiXX6qqfkt"""
963453559282065408,2018-02-13 16:43:23,b'@mollyroseglover @BirminghamRep Yeahy!!!'
963416949916164096,2018-02-13 14:17:54,b'#labanatwork @AndoryuuRuushii @HerefordArtsCol @WorcesterRS @wcc https://t.co/LipyJnVl5Y'
963414129133441024,2018-02-13 14:06:42,b'Thank you @DaniRabaiotti for sharing your experience. So helpful! #PhD @WarwickshireCol #doesitfart'
963352285823815680,2018-02-13 10:00:57,b'Fascinating to hear about @StandingVoice. Using the Arts #drama #dance and #song to reach the community and raise a\xe2\x80\xa6 https://t.co/LOtnxCKdoN'
963348923371933697,2018-02-13 09:47:36,b'STEM + Arts = STEAM considering #interdisciplinary research at @WarwickshireCol Everything matters conference @WorcesterRS @HerefordArtsCol'
963095127463022592,2018-02-12 16:59:06,b'Thank you @AndoryuuRuushii for the fantastic images for my very first research poster. Looking forward to it being\xe2\x80\xa6 https://t.co/SBuUsfJxi6'
963066503947063296,2018-02-12 15:05:22,b'Lovely performance today by my dance students. #choreography based on #women #suffragettes100 https://t.co/23XVfv6iF0'
963065491140104196,2018-02-12 15:01:20,"b'RT @Dancefest: It has been great to see so many talented and enthusiastic dancers at Hereford education festival this morning, what a good\xe2\x80\xa6'"
963065444654559234,2018-02-12 15:01:09,b'RT @coach_research: The Coaching Academic Podcast Ep 5 out now! Check it out on iTunes or SoundCloud https://t.co/eAG845cl8v https://t.co/n\xe2\x80\xa6'
963018810033831936,2018-02-12 11:55:50,b'RT @Dancefest: The dancers are giving each other some great constructive and positive feedback today #herefordedicationfestival @gillian_hi\xe2\x80\xa6'
963015537608536070,2018-02-12 11:42:50,b'Lovely morning #sharing #choeographic work in #Herefordshire. https://t.co/BnEADVluYG'
962649236830638082,2018-02-11 11:27:17,b'RT @sheffieldlamby: Bryan Lodge of Sheffield Council thinks that the Tree campaign is something that only a handful of people in Sheffield\xe2\x80\xa6'
961732279029682176,2018-02-08 22:43:38,b'RT @WacArts: Applications for the next @Woman_Seriously platform are now open! They are seeking proposals from female identified artists wh\xe2\x80\xa6'
961639739580407809,2018-02-08 16:35:54,b'#3000chairs @BirminghamRep... Not to far away now. #rehearsals  @HerefordArtsCol @nicolakidsbooks @OpenSkyAhead\xe2\x80\xa6 https://t.co/2j0aAexOYc'
961296757824114698,2018-02-07 17:53:01,b'@SomaticsToolkit @NCRMUK This looks really interesting!'
960612352520531968,2018-02-05 20:33:26,"b'#3000chairs will be performed @BirminghamRep by @HerefordArtsCol #bapastudents on 14th Feb 2018, 7 pm. In the meant\xe2\x80\xa6 https://t.co/ntS0VJopcG'"
960560710542557184,2018-02-05 17:08:14,b'@shapesinmotion I am sure we will!'
960557754481041409,2018-02-05 16:56:29,"b'Thank you @shapesinmotion for a fun and very useful Sunday morning of playing, creating creatures with\xe2\x80\xa6 https://t.co/96XLJ1xFbf'"
959844238707093504,2018-02-03 17:41:14,"b""RT @laura_ritchie: Need some pre-super bowl entertainment? I'm streaming my cello concert from @chiuni Sunday Feb 4 at 4pm GMT.\n\nIt's free\xe2\x80\xa6"""
959765015430619136,2018-02-03 12:26:25,"b'#SaturdayMorning #familytime being #creative #together... daughter: drawing pictures of ponies, me: creating layout\xe2\x80\xa6 https://t.co/36vc33rCbG'"
959125038233522176,2018-02-01 18:03:23,b'@nicolakidsbooks Thank you Nicola!'
959117636146794496,2018-02-01 17:33:58,"b'Today: #rehearsals of #3000chairs written by @nicolakidsbooks, directed by @OpenSkyAhead and myself, with\xe2\x80\xa6 https://t.co/1gt3gCr339'"
956654339791179777,2018-01-25 22:25:43,b'RT @hayfestival: Hay Academy applications are open now - a chance for 52 students to join the #HayFestival2018 team... https://t.co/5anPYGe\xe2\x80\xa6'
955575674093428736,2018-01-22 22:59:29,b'Looking forward to seeing @VamosTheatre @HerefordArtsCol in March with A Brave Face. https://t.co/qQfUAnp9xX'
955417217075765248,2018-01-22 12:29:50,b'@WorcesterRS @coach_research @wordpressdotcom absolutely. Very happy to share in newsletter'
955205733439692800,2018-01-21 22:29:28,b'@sarahjfc @HerefordArtsCol Thank you!'
955136850603241475,2018-01-21 17:55:45,b'#reflection time: 10 things that made me enjoy the first year of my part-time #phd @WorcesterRS @coach_research\xe2\x80\xa6 https://t.co/8m1artw0cc'
955010167359397889,2018-01-21 09:32:21,b'RT @coach_research: The Coaching Academic Podcast Ep2 out now! Check it out https://t.co/eAG845cl8v https://t.co/h8uOOr49hW'
954688022825656325,2018-01-20 12:12:16,b'RT @mcharalam: #PARTICIPANTS NEEDED to measure #Wellbeing when working #AnytimeAnywhere and using #ICT . If you are currently working in th\xe2\x80\xa6'
954427319430668288,2018-01-19 18:56:20,"b'RT @bbcworldservice: ""I have really learned to... celebrate the lives, even the very short lives, of the children that we meet."" \xf0\x9f\x93\xbb\nhttps://\xe2\x80\xa6'"
954379480721739778,2018-01-19 15:46:14,b'@ActorCharlton Mocap workshop at sadler wells on 4th Feb'
954371187190259712,2018-01-19 15:13:17,b'RT @coach_research: The Coaching Academic Ep 4 out now! https://t.co/VKJT0nI7TZ or listen on iTunes https://t.co/XWGHURJmzo'
949747428978196480,2018-01-06 21:00:07,b'#wassail #Herefordshire https://t.co/rUE6pq7aCp'
949551292451614721,2018-01-06 08:00:44,b'@HoratioClare Enjoy!'
949013929610694656,2018-01-04 20:25:27,b'RT @coach_research: The first three episodes of The Coaching Academic podcast are out now and available to download on soundcloud https://t\xe2\x80\xa6'
948451856249999360,2018-01-03 07:11:58,b'RT @mrdennidennis: Spring/ Summer 2018 / Clown by Denni Dennis \n\nQuebec Canada 02/03 - 11/ 03\nhttps://t.co/fLdNhIOj5p \n\nHelsinki Finland 13\xe2\x80\xa6'
945765942902099969,2017-12-26 21:19:06,b'@sarahjfc Yeahy you are doing it too :-)'
944875786888237061,2017-12-24 10:21:57,b'@dobleMdesign Have a lovely day!'
944529794406014976,2017-12-23 11:27:06,b'Reading #TheDarkIsRising aloud to my sister this morning whilst she draws her response. #TheDarkIsReading. Looking\xe2\x80\xa6 https://t.co/w4rsdyRmda'
943184538599153667,2017-12-19 18:21:32,"b'Looking forward to eating @ottolenghi s ""Tarte tartin \'surprise\'"" this evening with friends. Always delicious. Than\xe2\x80\xa6 https://t.co/9SpY5tbIn1'"
942468927577305093,2017-12-17 18:57:57,"b'RT @patronofreading: For our December prize giveaway, we have a copy of the beautiful new Robert Macfarlane and Jackie Morris hardback, The\xe2\x80\xa6'"
941752764572585984,2017-12-15 19:32:10,b'@marialalic @MrsB_inthehills @greenweedswales @petemosley @Arleta1 @mestreet @HerefordArtsCol Congratulations and love your work!'
941409563705823232,2017-12-14 20:48:25,b'RT @Complicite: Applications now open for a 2 day workshop with the multi award-winning Sound Designer @garethfrysound. Just a few of his c\xe2\x80\xa6'
940855489990135808,2017-12-13 08:06:43,b'RT @coach_research: So excited that today is the launch of my new podcast series! Check it out https://t.co/oejyLd44Bv'
940315448448634881,2017-12-11 20:20:47,b'@DaveyShields @CraigsContinuum @junodawson @MenTalkHealthUK @TimetoChange @suebakerTTC @brightdome @Mind_Out Defini\xe2\x80\xa6 https://t.co/Ri8bYHyte8'
940313720449851392,2017-12-11 20:13:55,b'@PhotoJ_USW @CeliaRJackson @USWPhotography @UniSouthWales @USWCreate @USWcomms Great idea!!'
940312678878326785,2017-12-11 20:09:47,b'@worcscc Snowy in #Herefordshire https://t.co/Z9vxZ7JD9B'
940000933395738625,2017-12-10 23:31:01,"b'RT @RobGMacfarlane: The Dark Is Rising: A Midwinter Reading Group.\nStarting this Midwinter Eve (20 Dec), @juliamarybird &amp; I are running a w\xe2\x80\xa6'"
939852950448541698,2017-12-10 13:42:59,b'Got a little side tracked from #phd work...but managed to create a couple of #snowpeople  to discuss #wellbeing\xe2\x80\xa6 https://t.co/QcnX5ppOBt'
939834017918136320,2017-12-10 12:27:45,b'@BZephaniah @KandTPrimary clearly doing a great job at introducing her to poetry and your work'
939795127589134336,2017-12-10 09:53:13,b'Just had an inpromptu off by heart performance of #talkingturkeys  at the breakfast table by my 10 year-old. Thank you @BZephaniah'
939645549896224768,2017-12-09 23:58:51,b'@WaterVole @RobGMacfarlane @JohnnyFlynnHQ Same'
939221317219430401,2017-12-08 19:53:06,b'RT @SabrinaOrtner: Year 10 enjoyed a fantastic mind opening workshop on emotions and characters this morning. @WyedeanEnglish @gillian_hipp\xe2\x80\xa6'
939139779987468290,2017-12-08 14:29:06,b'Three years ago @HerefordArtsCol #peterpanto #aerial @kaleighpritchy #wheredoestimego https://t.co/ByVJCsL9Ul'
939033350458585089,2017-12-08 07:26:11,"b""Looking forward to meeting @WyedeanSchool pupils for a movement workshop today to explore 'what makes us human'\xe2\x80\xa6 https://t.co/7bBZzfcd0w"""
938179829031194624,2017-12-05 22:54:36,b'Proud of all @herefordartscol Year 2 dance students and Level 2s crewing. Great #team effort. #aerial #puppetry\xe2\x80\xa6 https://t.co/gcytz9qhxK'
936708678060781569,2017-12-01 21:28:46,b'RT @rts_mids: Congratulations to @RuralMedia for winning the Excellence in Digital Content award!! #RTSAwards @McgibneyJordan... https://t.\xe2\x80\xa6'
936330350795608065,2017-11-30 20:25:26,b'@RobGMacfarlane Yes please!'
935959921551691777,2017-11-29 19:53:29,b'@CraigsContinuum Or does the line confuse her?'
934100273416622080,2017-11-24 16:43:54,b'@ProfSHaslett @UWTSD beautiful!'
934099988170399744,2017-11-24 16:42:46,b'Super energetic rehearsal of #frankenstein today with #bapa students @HerefordArtsCol'
931491299643060225,2017-11-17 11:56:46,b'RT @OpenSkyAhead: Off to @TheHiveWorcs for Elmley Foundation annual conference. @lyngardner is giving the keynote address #fangirl #excited'
930762436596117504,2017-11-15 11:40:32,b'RT @TheStage: Birmingham Dance Hub plans approved by @BhamCityCouncil https://t.co/DxQxYNePfE https://t.co/0Eu33Jo27e'
930762302323818496,2017-11-15 11:40:00,b'Welcoming @CCGSimpson to @HerefordArtsCol to work with our Performing Arts students #movement for the #actor'
929428392553959425,2017-11-11 19:19:31,b'@Arts_Wales_ time'
929024404679548928,2017-11-10 16:34:13,b'RT @HerefordArtsCol: Panel lining up for our @ASFFest panel #letsdothis #showcasescreening #careers in #shortfilm https://t.co/Czhzgg97Hu'
928318185719332864,2017-11-08 17:47:57,b'Wonderful #sharing of #movement #transitions into finding our #innerhero with #dancingfloor project'
928316334936592392,2017-11-08 17:40:36,b'#dancingfloor https://t.co/aaJ3ITRmrQ'
928189236494389248,2017-11-08 09:15:33,b'Taking year 6 pupils on a movement journey today #dancingfloor #communitydance'
928013298121003010,2017-11-07 21:36:26,"b""RT @WoodlandTrust: The #TreeCharter launches today! If haven't done so already you can still add your name here https://t.co/zfAEOLxniK #Mo\xe2\x80\xa6"""
927922677498765312,2017-11-07 15:36:20,"b""RT @outofnatureshow: Life after @outofnatureshow for 'Birch' Dome by Richard Harris, see a range of short films here:  https://t.co/5OO3hMt\xe2\x80\xa6"""
927664917318197248,2017-11-06 22:32:06,b'RT @HENLEYDARREN: Arts &amp; Culture industry growing five times faster than UK economy as a whole. New @ace_national reports published: https:\xe2\x80\xa6'
927655016097353728,2017-11-06 21:52:45,b'@Vivalaa93 fantastic seeing you perform again tonight.'
927567267151384577,2017-11-06 16:04:04,b'Tonight: #alarch by @clarep_j  for stage as seen @outofnatureshow with #bapa students @HerefordArtsCol reworked for\xe2\x80\xa6 https://t.co/RUBCDC6Sio'
927307263798374406,2017-11-05 22:50:54,"b""Application for #journeyofalifetime with @BBCRadio4 @RGS_IBG submitted.... Let's wait and see... https://t.co/oGZl8k0LEm"""
924729427262656514,2017-10-29 20:07:30,b'Great closing evening dancing barefoot by the bonfire @outofnatureshow https://t.co/kjaaYZV7t4'
923822269180338177,2017-10-27 08:02:47,"b""RT @MoveScapeCenter: Want to know more about Laban's domains? Read more:\nhttps://t.co/5ONj86DKGn #Laban #LabanMovement #MovementAnalysis #C\xe2\x80\xa6"""
922923014936600576,2017-10-24 20:29:28,b'@WHATISWRITTEN14 @2faceddance Look forward to seeing You!'
922910684458909697,2017-10-24 19:40:28,"b'RT @enchantersweb: Good luck to all @outofnatureshow, esp @clarep_j &amp; @gillian_hipp &amp; #dancers.  Hope #StormBrian is gentle with you.  See\xe2\x80\xa6'"
922910297115054080,2017-10-24 19:38:56,b'Clearly enjoy and appreciate my place of work... https://t.co/7KfEp21wT4'
921073110950055936,2017-10-19 17:58:37,b'RT @MartinJHughes: \xe2\x9a\xa1\xef\xb8\x8f \xe2\x80\x9cProtesters are standing vigil to save a 150-year-old oak tree in Sheffield\xf0\x9f\x8c\xb3\xe2\x80\x9d\n\nhttps://t.co/v9Z0tWx9e1'
920368228748144640,2017-10-17 19:17:40,b'Wow. More #aerialdance inspired metal work from @HerefordArtsCol art students. Gorgeous! https://t.co/pehzvIg7Pj'
920287986817921024,2017-10-17 13:58:48,b'Will be at #createyourfuture in London tomorrow with @HerefordArtsCol https://t.co/GAJR1alngJ'
920286787456700416,2017-10-17 13:54:02,"b'RT @HerefordArtsCol: Great to see @outofnatureshow in the @Telegraph recently. Our #fineart, #artistblacksmithing &amp; #performingarts student\xe2\x80\xa6'"
920286606728278017,2017-10-17 13:53:19,b'Come along to see my choreographic work #thedancing floorproject @theglobeathay this weekend. https://t.co/6yGOVf5BxM'
919936033613115392,2017-10-16 14:40:16,b'@sarahjfc Yes agree!'
919935563641315328,2017-10-16 14:38:24,b'RT @lyngardner: Lyn Gardner: Inspiring drama teachers are the unsung heroes of British theatre https://t.co/F6MSuMA6Zg via @TheStage'
918960048075935744,2017-10-13 22:02:03,"b'RT @SirKenRobinson: Delighted that brand new, updated edition of Out of Our Minds published today in UK. https://t.co/xuZ2mnQ0Pl US edition\xe2\x80\xa6'"
918563690571542530,2017-10-12 19:47:04,b'Love this work created in response to my #aerialdance lesson by @HerefordArtsCol  art student. https://t.co/IjBgrcH2Jr'
918547789101060096,2017-10-12 18:43:53,b'RT @hereford_city: Check out the @Ferrous2017 Events happening in #Hereford this month... @HerefordBID @HerefordArtsCol #ItsAllHERE https:/\xe2\x80\xa6'
918473630182526976,2017-10-12 13:49:12,b'Blown away by @HerefordArtsCol art students and their work in response to my #aerialdance lessons https://t.co/gBQat3YS6C'
918111059709440001,2017-10-11 13:48:28,b'Great to see year 12 students @HerefordArtsCol  #physicaltheatre workshop at @birminghamuniv for #aimhigher event https://t.co/u8eHYBmTyC'
916232927469588480,2017-10-06 09:25:27,b'Great seeing work by @HerefordArtsCol art students sketched in my #aerialdance classes https://t.co/Q9Jq4dwyvH'
916197098265169923,2017-10-06 07:03:05,b'So great to have Dr.Ding Doing aka @clarep_j share her skills and create a performance with our students\xe2\x80\xa6 https://t.co/KZvSi4afbr'
915254823410335747,2017-10-03 16:38:49,b'RT @mrdennidennis: https://t.co/CqtMds43SX https://t.co/XrB95PwifU'
915252564295389186,2017-10-03 16:29:50,b'Think Curly whirly is my favourite sculpture this year #outofnature https://t.co/1hz3RhMSwj'
915252281154658305,2017-10-03 16:28:43,b'At #outofnature 4 years ago. The event is absolutely gorgeous this year. Do try and get there this year if you can https://t.co/pPYiCuzBhn'
914420588470575105,2017-10-01 09:23:52,b'@HoratioClare Beautiful!'
914412658824228864,2017-10-01 08:52:21,b'Looking  forward to seeing @clarep_j and @herefordartscol students perform #alarch at #Outofnature today'
914411381683875840,2017-10-01 08:47:16,"b'@WorcesterRS Ups and downs, confusion and clarity. It is all part of the process'"
914410832385241088,2017-10-01 08:45:06,b'@clarep_j Lovely performance. Thank You!'
912770239649247232,2017-09-26 20:05:58,b'Enjoying teaching some #aerialdance. Session 2 with my @HerefordArtsCol dance students https://t.co/0BXwK44vx1'
911231248210829312,2017-09-22 14:10:34,b'Fantastic movement and thought filled day #labanarium https://t.co/EQqfnSnRoJ'
910610642226368513,2017-09-20 21:04:30,b'RT @sarahjfc: @laura_ritchie showing us rather than telling us how to support self efficacy @HerefordArtsCol https://t.co/ZellI7FhJ8'
910500661971779584,2017-09-20 13:47:28,b'Thank you @laura_ritchie will be in touch! https://t.co/uQXj48n167'
910500172672782341,2017-09-20 13:45:32,"b'RT @sarahjfc: Playful, exciting, interesting work by Nick Thomas - so pleased he will lecture @HerefordArtsCol https://t.co/PbCIluwVzJ'"
910499998709829632,2017-09-20 13:44:50,b'Thank you Nick! https://t.co/caWUdx3eJB'
909868118608089088,2017-09-18 19:53:58,b'@Tolley_Wood they are great. have used them for over four years'
909825674306883584,2017-09-18 17:05:19,b'@Tolley_Wood Arkstone..but not sure whether they deliver everywhere'
909523156444041216,2017-09-17 21:03:13,b'looking forward to this! https://t.co/JRByM0Plz1'
909492210567188481,2017-09-17 19:00:15,"b'Yummy dumplings @afoodfestival, made by @OliasGastronomy. Thank you! https://t.co/n2VrxC7q2S'"
909490903944966145,2017-09-17 18:55:03,"b'@OliasGastronomy thank you for sharing recipes, stories and food. Lovely afternoon #dumplings'"
909393506136936448,2017-09-17 12:28:02,b'Looking forward to it! https://t.co/GysIkXvW0C'
908802912272502786,2017-09-15 21:21:13,b'Lovely evening #FindingJoy. Thank you @VamosTheatre https://t.co/AQLTBRipoc'
908726401993465856,2017-09-15 16:17:12,b'qualitative vs. quantitative methodologies - maybe that is all I can currently hear and think about whilst preparin\xe2\x80\xa6 https://t.co/mU6GLHh5RV'
908428478697132032,2017-09-14 20:33:21,"b'RT @geoffcrossick: On my way to @HerefordArtsCol - looking forward to day visiting the College, discussing craft, giving talk on value of c\xe2\x80\xa6'"
908367580003553282,2017-09-14 16:31:22,"b'RT @sarahjfc: @apple_abi @HerefordArtsCol ""lets enrich our cultural conversations\' introducing thought-leader @geoffcrossick https://t.co/F\xe2\x80\xa6'"
908367501670707200,2017-09-14 16:31:03,b'RT @Hereford2021: We are listening to Geoffrey Crossick Chair of @CraftsCouncilUK  @HerefordArtsCol #cvhca'
907992264152174592,2017-09-13 15:40:00,"b'Inspiring, mindful, meditative morning with @clarep_j working &amp; @HerefordArtsCol students creating #outofnature sit\xe2\x80\xa6 https://t.co/NKtn2EZE61'"
906644431826247681,2017-09-09 22:24:11,b'Amazing day! Performing the #dancingfloor thank you @enchantersweb @mrdennidennis @clarep_j https://t.co/AArOQqGvvZ'
905462641291907072,2017-09-06 16:08:11,b'RT @sarahjfc: New post: Festival of Practice 2017 https://t.co/zvAGMPmbyP #thescholarshipproject# @HerefordArtsCol @HerefordSU'
905462272419614720,2017-09-06 16:06:43,"b""RT @enchantersweb: DON'T FORGET THE #DANCE!  The mystery at the core of the #Mabinogion.  @clarep_j @gillian_hipp @SallyPommeStory  https:/\xe2\x80\xa6"""
905462223803473920,2017-09-06 16:06:31,b'RT @enchantersweb: The old #gods will #dance at #Brechfapool Saturday 9 Sept @rod_thorn @clarep_j @gillian_hipp @ChrisGil5 @artsalivewales\xe2\x80\xa6'
888739931195138049,2017-07-22 12:38:06,b'@FlexusDanceCo thank you for a great performance @TheHiveWorcs this afternoon'
888736418897571840,2017-07-22 12:24:08,b'Lovely seeing my @HerefordArtsCol Performing Arts student dancing @TheHiveWorcs with @Dancefest https://t.co/U8jgL7zuEg'
888005546049241091,2017-07-20 11:59:55,"b'RT @DalaiLama: Education today needs not only to develop our intelligence, but also to support basic human values of warm-heartedness and c\xe2\x80\xa6'"
887409408011010050,2017-07-18 20:31:04,"b""RT @PeopleDancingUK: US study showed social dancing lowered older people's risk of dementia by 76 per cent, building new neural pathways ht\xe2\x80\xa6"""
887243115672809472,2017-07-18 09:30:17,b'@Dancefest @burfordgarden Looks beautiful. Sorry to be missing it!'
887228442583891970,2017-07-18 08:31:59,b'@PlaycraftLive your performance #playcraftlive sounds really interesting.Wishing you all the best for launch on Thursday @PlayhouseDerry'
887227966366904322,2017-07-18 08:30:05,"b""RT @PlaycraftLive: Listen to @BBCRadio4 to hear @thecommonpeople and @PlayhouseDerry's Kieran chat about what's afoot #playcraftlive https:\xe2\x80\xa6"""
886709286675636226,2017-07-16 22:09:02,"b""Can't wait to see the #dancingfloorproject performance in this very special location https://t.co/OEhEdyT0Zn"""
885936510318632961,2017-07-14 18:58:18,b'RT @mrdennidennis: Want to do clowning ... https://t.co/B8MQX5CWQF'
885834694960566272,2017-07-14 12:13:43,b'RT @MeadowArts: Good luck #Hereford2021 ! https://t.co/g3RsqdHaeo'
885833869894836224,2017-07-14 12:10:27,b'RT @sarahjfc: @gillian_hipp sharing how creative practice supports wellbeing &amp; #PhD @HerefordArtsCol #celebrationofpractice https://t.co/Ih\xe2\x80\xa6'
885833735685496832,2017-07-14 12:09:55,b'RT @sarahjfc: James Smith sharing practice &amp; resources to support multi-dimensional thinking #thescholarshipproject https://t.co/OzCMWFypnf'
885833586963828736,2017-07-14 12:09:19,b'RT @sarahjfc: this is fascinating: @gillian_hipp sharing ideas of movement &amp; how links to wellbeing #celebrationofpractice https://t.co/rLK\xe2\x80\xa6'
885741412318404609,2017-07-14 06:03:03,b'Excited to be presenting research ideas outside of @WorcesterRS for the 1st time @HerefordArtsCol at the #celebrationofpractice event #phd'
885740728118325248,2017-07-14 06:00:20,"b""RT @HerefordArtsCol: We're recruiting! Could you be our next #graduateambassador, #wellbeingdevelopmentofficer or #technicaldemonstrator? h\xe2\x80\xa6"""
884515583890518017,2017-07-10 20:52:03,b'@marisolcollier you should really consider this! https://t.co/kEii4y41iP'
883361709406257153,2017-07-07 16:26:58,b'Lovely to meet @TheFetchTheatre to discuss future #collaborations for our #BAPA students @HerefordArtsCol'
882959947922845698,2017-07-06 13:50:30,"b""'There are few earthly things more splendid than a University'John Masefield, 1946 @sheffielduni"""
882930149385265154,2017-07-06 11:52:06,b'Today @sheffielduni for the Engaged Learning Conference. Presenting on our BAPA @HerefordArtsCol degree design https://t.co/q4oq3Bp3tS'
882366352459272192,2017-07-04 22:31:46,"b""RT @jonkay01: Dreams can come true. The farmer who's sold off his land to create an international art gallery in his cowsheds. @CanwoodGall\xe2\x80\xa6"""
882365393033211904,2017-07-04 22:27:57,b'RT @nicolakidsbooks: There but for the grace of the universe we all go.No one wants to be a refugee @ainevenables @gillian_hipp https://t.c\xe2\x80\xa6'
882314602431885312,2017-07-04 19:06:08,b'RT @nicolakidsbooks: Bringing chairs to maths class in West Africa \n#3000chairs @ainevenables @gillian_hipp https://t.co/5MOt3nEl7q'
882314508114558980,2017-07-04 19:05:46,"b""RT @HCA_Collective: It's official we are the best! We've just been awarded 'Best Collective Award' by FreeRange! Congratulations to all inv\xe2\x80\xa6"""
881424855157157888,2017-07-02 08:10:36,"b'Watch \xe2\x80\x9cBig Dance Trafalgar Square 2016, by Akram Khan - Official Performance Film\xe2\x80\x9d on #Vimeo https://t.co/WFZ0lNh9z4 https://t.co/UqgXEkvD6r'"
881123289766260741,2017-07-01 12:12:17,b'One year ago...@bigdancenews rehearsal in Trafalgar Square London preparing @AkramKhanLive choreography in preparat\xe2\x80\xa6 https://t.co/We8lfztO6x'
880826871499419648,2017-06-30 16:34:25,b'@nicolakidsbooks What I only saw it the other day...I was sitting on a chair...I remember! It was not underneath but in front of me.'
880825844712833024,2017-06-30 16:30:20,b'Looking forward to this evenings rehearsal in preparation for #dancingfloorproject performance in September https://t.co/SsMwoITxS7'
879395345347825664,2017-06-26 17:46:03,b'RT @Hereford2021: #herefordhour Lovely film made with the people of #herefordshire in support of the #UKCityofCulture2021 bid https://t.co/\xe2\x80\xa6'
878369407444992000,2017-06-23 21:49:20,"b""RT @Hereford2021: Please enjoy this short film made with the wonderful people of #herefordshire https://t.co/9nedlIiBcJ - we're feeling so\xe2\x80\xa6"""
878292557771485184,2017-06-23 16:43:58,b'Looking forward to this evenings #dancingfloorproject rehearsal with @enchantersweb and many others'
875063180623478784,2017-06-14 18:51:34,b'Oh wow! https://t.co/MIHcnyLChg'
874720830030319617,2017-06-13 20:11:12,b'RT @HerefordArtsCol: Lovely to receive kind words of support for our @hcaPArts students today! #breakaleg #HCASummerShow2017 #thewomen http\xe2\x80\xa6'
874720356031967232,2017-06-13 20:09:19,b'Well done year 2s!! https://t.co/HoORUtuhgB'
874325419016822784,2017-06-12 17:59:58,"b""RT @labaninfo: I'm not interested in how people move but what moves them.\n- Pina Bausch"""
873561074553016320,2017-06-10 15:22:44,"b'RT @JackieMorrisArt: The Day War Came, pub next year. Join the #3000chairs campaign to help raise money for schools in refugee camps with @\xe2\x80\xa6'"
873560935381823488,2017-06-10 15:22:11,b'RT @its_me_MrP: #3000chairs #HayFestival https://t.co/AwF1yZSAWN'
873560915953803264,2017-06-10 15:22:06,b'RT @JackieMorrisArt: About #3000chairs\nhttps://t.co/Z2a0p5hQfE'
873560067269959680,2017-06-10 15:18:44,b'RT @HerefordArtsCol: Fantastic evening #insideHCA at the #SummerShow. Come and be inspired 10-17 June. HCA Open Day tomorrow! https://t.co/\xe2\x80\xa6'
873559983643926529,2017-06-10 15:18:24,b'Thank you too all who attended the #3000chairs performances @HerefordArtsCol today. More chairs drawn\xe2\x80\xa6 https://t.co/RWRnk2fD1Y'
873271534051262464,2017-06-09 20:12:12,"b""RT @HerefordArtsCol: Get your tickets for 'The Women' by our Extended Diploma Performing Arts students now! Call: 01432 273359"""
872140303217692677,2017-06-06 17:17:06,b'RT @AndoryuuRuushii: Colour script for the trailer of #3000chairs @HerefordArtsCol you can watch the trailer here https://t.co/wvSvNMqoio h\xe2\x80\xa6'
871731842981953536,2017-06-05 14:14:02,b'Thank you @HerefordArtsCol  #lovemyjob https://t.co/YS1uJq9R3h'
870951287969525760,2017-06-03 10:32:23,b'Beautiful walk in Black Mountains with @HoratioClare @hayfestival. https://t.co/vXfd68oSKt'
870919385455710208,2017-06-03 08:25:37,"b'RT @apple_abi: A week tonight, the cleaning and painting will be done and the hall will be glorious with the #HCASummerShow @HerefordArtsCo\xe2\x80\xa6'"
870563978052866048,2017-06-02 08:53:21,"b'RT @hayfestival: Lots of #Hay30 fun going on around the site today: dancing, spontaneous yoga and lots of reading! https://t.co/b1RN1jaG3h'"
870539562740834304,2017-06-02 07:16:20,b'RT @HerefordArtsCol: Spotted! Our #performingarts #dance students preparing for their performance of #balletrusses #Parade in the #Cour\xe2\x80\xa6 ht\xe2\x80\xa6'
870539399427227648,2017-06-02 07:15:41,b'RT @HerefordArtsCol: Our #performingarts students smashing it at @hayfestival! #hay30 #hayhca #hayfestival https://t.co/bEC0hHZtfg'
870538600319995904,2017-06-02 07:12:30,b'RT @HerefordArtsCol: Spotted! Our #performingarts #dance students preparing for their performance of #balletrusses #Parade in the #Courtyar\xe2\x80\xa6'
870526557076324352,2017-06-02 06:24:39,b'@GeorgeMonbiot thank you for an evening of connecting @hayfestival. Busy making new links &amp;missed to say thanks in person #wewillovercome'
870163004503056384,2017-06-01 06:20:01,b'RT @hayfestival: 3000 Chairs: a specially commissioned play from @HerefordArtsCol getting underway at #Hay30 https://t.co/uc1uVVCazB'
870162756963643392,2017-06-01 06:19:02,b'RT @HerefordArtsCol: The gorgeous cast + crew of #3000chairs @hayfestival #hayhca #hay30 \xf0\x9f\x93\xb8@toniwardphotography https://t.co/6IeOipJbj1'
870162605066919937,2017-06-01 06:18:26,b'RT @AndoryuuRuushii: Such a great experience! #3000chairs would like to thank @nicolakidsbooks @ainevenables @HerefordArtsCol @OpenSkyAhead\xe2\x80\xa6'
869955482341044225,2017-05-31 16:35:24,"b'RT @lizmihell72: @HerefordArtsCol @nicolakidsbooks @OpenSkyAhead @gillian_hipp A humbling, thought-provoking poem brought perfectly to life\xe2\x80\xa6'"
869955213578448897,2017-05-31 16:34:20,b'Absolute pleasure working with @OpenSkyAhead on @nicolakidsbooks poem for 3000 chairs performance! Thank you!! https://t.co/j6EfXNg2cf'
869560045427712000,2017-05-30 14:24:05,"b""RT @HerefordArtsCol: We're back performing #3000chairs on 31/05/17 @nicolakidsbooks @gillian_hipp @OpenSkyAhead #HayHCA #Hay30 https://t.co\xe2\x80\xa6"""
869559797934436353,2017-05-30 14:23:06,b'RT @HerefordArtsCol: Our #performingarts students will be back at the #Cube performing #3000chairs tomorrow at 10am @nicolakidsbooks @gilli\xe2\x80\xa6'
869551017410670593,2017-05-30 13:48:12,b'RT @Complicite: Only 2 days left to apply for a scholarship @NationalCircus FREE #CIRCUS TRAINING for a year! https://t.co/33Eqwll9NP'
868796241479704576,2017-05-28 11:49:00,b'RT @HerefordArtsCol: BA Performing Arts Degree Video: https://t.co/iabrBPjiZ0 via @YouTube'
868795610148765696,2017-05-28 11:46:29,b'RT @AndoryuuRuushii: It begins #HayFestival make sure you go see #3000chairs a powerful show performed by @HerefordArtsCol I am drawing on\xe2\x80\xa6'
868795354204049409,2017-05-28 11:45:28,b'Lovely animation of our 3000 chairs show https://t.co/NcTqq4XOvO'
868795081146458112,2017-05-28 11:44:23,b'RT @HerefordArtsCol: Our #performingarts students have been busy rehearsing their #Parade performance. Watch them in the garden @hayfestiva\xe2\x80\xa6'
868786620748705792,2017-05-28 11:10:46,"b'RT @HerefordArtsCol: #3000chairs, written by @nicolakidsbooks in response to the child refugee crisis, adapted for stage+directed by @OpenS\xe2\x80\xa6'"
868786557649649664,2017-05-28 11:10:31,"b'RT @HerefordArtsCol: The uber-talented @AndoryuuRuushii #illustration student, in action. We love his live set design for #3000chairs @hayf\xe2\x80\xa6'"
868786410903547904,2017-05-28 11:09:56,b'RT @HerefordArtsCol: The wonderful cast of #3000chairs. Live in 5! \n#hayhca #hay30 #hayfestival \n@nicolakidsbooks @gillian_hipp @OpenSkyAhe\xe2\x80\xa6'
868786396038868992,2017-05-28 11:09:52,b'RT @HerefordArtsCol: Behind the scenes Team talk for #3000chairs with @nicolakidsbooks @OpenSkyAhead @gillian_hipp @AndoryuuRuushii @hayfes\xe2\x80\xa6'
868786318381391872,2017-05-28 11:09:34,b'RT @HerefordArtsCol: One hour to go until our #3000chairs performance! @hayfestival  @nicolakidsbooks @gillian_hipp @OpenSkyAhead #HayHCA #\xe2\x80\xa6'
867439343673233410,2017-05-24 17:57:10,"b""RT @HerefordArtsCol: What a cracking morning for our #performingarts #dance students' rehearsal of #Parade! See them live @hayfestival \xe2\x80\xa6 ht\xe2\x80\xa6"""
867439261909479431,2017-05-24 17:56:50,b'RT @nicolakidsbooks: Hello again @hayfestival another great theatre piece ready to go @OpenSkyAhead @HerefordArtsCol @BBCWales https://t.co\xe2\x80\xa6'
867438498906820608,2017-05-24 17:53:49,b'RT @nicolakidsbooks: Fleeing the horror of violence #3000chairs @hayfestival now has a new layer of sorrow @HerefordArtsCol @gillian_hipp h\xe2\x80\xa6'
867414482628337665,2017-05-24 16:18:23,b'RT @HerefordArtsCol: Watch our wonderful trailer for #3000chairs @hayfestival this Sun 28th &amp; Weds 31st @nicolakidsbooks @OpenSkyAhead http\xe2\x80\xa6'
864403210173329408,2017-05-16 08:52:39,"b'RT @nicolakidsbooks: This is looking so good ,a really cracking piece of theatre.thanks for making this happen @OpenSkyAhead @gillian_hipp\xe2\x80\xa6'"
863154838732976128,2017-05-12 22:12:04,b'RT @AndoryuuRuushii: Some pics of the rehearsal yesterday for #3000chairs @nicolakidsbooks @gillian_hipp @OpenSkyAhead @HerefordArtsCol #hc\xe2\x80\xa6'
862708596399894528,2017-05-11 16:38:52,b'@nicolakidsbooks @HerefordArtsCol @OpenSkyAhead @AndoryuuRuushii Will pass message on to Pete who will be working on the song with them \xe2\x98\xba'
862694495753826305,2017-05-11 15:42:50,"b'Productive collaborative rehearsal with #bapa students @herefordartscol,@nicolakidsbooks, @openskyahead and\xe2\x80\xa6 https://t.co/8gL3Pkv3nO'"
862410043953750019,2017-05-10 20:52:31,b'RT @Hereford2021: @ArrivaTW #herefordrailwaystation great to see #hereford2021 #thewellyforit poster for all your passengers to see! https:\xe2\x80\xa6'
860156737902567425,2017-05-04 15:38:41,b'RT @AndoryuuRuushii: Observed a really interesting rehearsal/workshop today for #3000chairs @hayfestival @nicolakidsbooks thanks @gillian_h\xe2\x80\xa6'
860156365062492162,2017-05-04 15:37:13,b'RT @OpenSkyAhead: Awesome #3000chairs rehearsal with HCA perf arts students @HCAbusiness with @nicolakidsbooks @gillian_hipp @hayfestival'
860156310062600197,2017-05-04 15:36:59,b'Thank you for joining the rehearsals and all your input @nicolakidsbooks! https://t.co/fZTsFNybWu'
859801675443392512,2017-05-03 16:07:48,b'Great sketch capturing rehearsals today @HerefordArtsCol by @AndoryuuRuushii  with @clarep_j @OpenSkyAhead for\xe2\x80\xa6 https://t.co/72GT7mc84R'
859749591167770625,2017-05-03 12:40:50,b'.@clarep_j back @HerefordArtsCol working with #bapa students on trust and presence in preparation for #3000chairs p\xe2\x80\xa6 https://t.co/jMKrIs3Do2'
857525310195216384,2017-04-27 09:22:20,b'Illustration student @andoryuuRuushii sketching the rehearsal of #3000chairs of #bapa students @herefordArtsCol https://t.co/7OF82dlDUo'
851495103428427778,2017-04-10 18:00:27,b'Great having @herefordartscol Performing Arts students taking part in the photoshoot for the @CoutyardArts https://t.co/AGqVnVXcAg'
851416030966685697,2017-04-10 12:46:14,b'@kcysewskidance Loved it and so did the children!'
851407293262548995,2017-04-10 12:11:31,b'Thank you @ndcwales have 4 inspired children :-) https://t.co/GVYKHJWxU8'
851397611550625794,2017-04-10 11:33:03,b'@kcysewskidance thank you for the great performance!!'
851397100650811392,2017-04-10 11:31:01,b'Excited to watch @ndcwales #familydancefestival in Brecon'
850759330152554496,2017-04-08 17:16:45,b'Looking forward to seeing @HerefordArtsCol Performing Arts students perform #parade during the  #SCHOOLDAYS Friday\xe2\x80\xa6 https://t.co/9wkrtiiyN3'
850757668289613824,2017-04-08 17:10:09,b'Tickets for #3000chairs performed by @HerefordArtsCol students @hayfestival  selling fast. Get yours here https://t.co/hI3ph64cg3'
850757251816140800,2017-04-08 17:08:29,b'Thrilled to be collaborating with Claire from @OpenSkyAhead and @nicolakidsbooks and my @HerefordArtsCol degree students on #3000chairs.'
849998016077549570,2017-04-06 14:51:33,b'.@OpenSkyAhead  Scorched character - Jack aka @Rob_Berry81  - is back @HerefordArtsCol rehearsing. Students get to\xe2\x80\xa6 https://t.co/1WBcDf1Ao0'
849659676786601984,2017-04-05 16:27:07,"b""Thank you @MountviewLDN for touring your performance 'As you like it' to @HerefordArtsCol.Fantastic afternoon #lovemyjob.See you next year"""
848493869406801920,2017-04-02 11:14:37,b'@Hereford2021 #thewellyforit https://t.co/Rz1RoyxeMv'
847458549122744321,2017-03-30 14:40:37,"b'RT @AndoryuuRuushii: Animated teaser test, for my major project! https://t.co/6dX68YKRJJ #animation #illustration #3000chairs @nicolakidsbo\xe2\x80\xa6'"
847451800722526208,2017-03-30 14:13:48,b'Great morning with #bapa students @HerefordArtsCol with @OpenSkyAhead creating performance for @hayfestival\xe2\x80\xa6 https://t.co/Burp5FphnG'
846837362634231809,2017-03-28 21:32:15,b'So proud of all my FE and HE students (as well as former student @Marisolcollier) who took part in #circuitdance to\xe2\x80\xa6 https://t.co/vySMdPW0tm'
846763185197629442,2017-03-28 16:37:30,b'#bapa students in their #dancecircuit rehearsal @Dancefest @HerefordArtsCol  @MarisolCollier https://t.co/IroGCfNUBE'
846724978879975424,2017-03-28 14:05:41,b'RT @Hereford2021: Show your support for #hereford2021 and have some fun tweeting your welly pictures with the hashtag #thewellyforit..you k\xe2\x80\xa6'
846707309229342721,2017-03-28 12:55:28,b'Showcase for young dancers at Hereford College of Arts https://t.co/tsTu6H8uU0'
846673063349497856,2017-03-28 10:39:23,"b""Rehearsals underway for this evening's #dancecircuit @HerefordArtsCol https://t.co/AxguGs6kKb"""
846434268654030849,2017-03-27 18:50:30,"b""Can't wait to see all the young dancers Herefordshire has #circuitdance @herefordArtsCol https://t.co/BnJDFR3Bvg"""
846319547489619969,2017-03-27 11:14:38,"b'RT @hayfestival: Schools can come to #HAY30 for FREE, but not long left to book your #SCHOOLSDAYS spot... Get to it, teachers: https://t.co\xe2\x80\xa6'"
846318270089179137,2017-03-27 11:09:34,"b""RT @Hereford2021: Good Morning #Herefordshire! Show your support for the #hereford2021 bid by sharing your welly pics!  We've got #thewelly\xe2\x80\xa6"""
845060178672324608,2017-03-23 23:50:21,b'#NewProfilePic https://t.co/8ju6TMempZ'
845059474796744706,2017-03-23 23:47:33,"b""RT @Hereford2021: #Hereford is bidding for UK City of Culture for the whole of #Herefordshire -We've got the welly for it #thewellyforit se\xe2\x80\xa6"""
845058719591337984,2017-03-23 23:44:33,"b""https://t.co/7hPNifjrMq\nVery much enjoyed seeing KHS one s 'the sound of dance' performance this evening @CourtyardArts @2faceddance"""
845053381978849282,2017-03-23 23:23:21,b'@ikerkarrera thank you for bringing your performance to @CourtyardArts. Keep in touch!'
845017926784765952,2017-03-23 21:02:28,b'@WHATISWRITTEN14  thank you for a great performance @CourtyardArts'
845016307280101380,2017-03-23 20:56:01,b'RT @Hereford2021: Catchup on latest developments with the bid PLUS other great news. Next Open Meeting Tues 4th April at 6pm book here http\xe2\x80\xa6'
845015359434510336,2017-03-23 20:52:15,b'Enjoying the performances of some great emerging artists. Thank you @CourtyardArts and @2faceddance for supporting new talent.'
844663730742943744,2017-03-22 21:35:01,"b'RT @rosiekaydanceco: Dear Friends, please hope me spread the word with this opportunity and share with young people you know. It will... ht\xe2\x80\xa6'"
844198237175255042,2017-03-21 14:45:18,b'Looking forward to listening to #radioplay by year 1 diploma students @HerefordArtsCol https://t.co/iKWBv4vK7Q'
843136733206253568,2017-03-18 16:27:16,b'#magical #dancingfloor rehearsal this morning with @enchantersweb @clarep_j https://t.co/z5PpFGcdab'
842833425975427072,2017-03-17 20:22:02,b'RT @RuralMedia: Stunning stills from our #ActionForAutism film feat. @HerefordArtsCol #bapa student https://t.co/Wd7PCJ2928'
842654122788769792,2017-03-17 08:29:33,b'RT @nicolakidsbooks: Such and inspiring morning @HCAbusiness drama students first responses to The Day War Came @OpenSkyAhead @rebecca_cobb\xe2\x80\xa6'
842653884459995136,2017-03-17 08:28:36,b'RT @nicolakidsbooks: So happy that The Day War Came will be theatre Thankyou @OpenSkyAhead @HCAbusiness @hayfestival and lovely students @B\xe2\x80\xa6'
842379842079326208,2017-03-16 14:19:39,b'So excited to see #asthecrowflies by @PentabusTheatre @HerefordArtsCol. #lovemyjob https://t.co/gE67pGiGs5'
842366857575321604,2017-03-16 13:28:03,"b'Initial rehearsal with @HerefordArtsCol #bapa students, @nicolakidsbooks and @OpenSkyAhead  for the #3000chairs per\xe2\x80\xa6 https://t.co/7rnF2dr8wg'"
842124554159964160,2017-03-15 21:25:14,b'An afternoon of creativity for @Hereford2021....'
842021803983810560,2017-03-15 14:36:56,b'#bapa students modelling for third year jewellery degree student @emmandesign @herefordartscol #collaboration https://t.co/6DxjgMfycv'
841419042078494720,2017-03-13 22:41:47,b'RT @Hereford2021: New University confirmed!  Exciting times for #Herefordshire Next stop #cityofculture https://t.co/kWT04WP3X4 #herefordho\xe2\x80\xa6'
838174978436710405,2017-03-04 23:51:02,"b'RT @HerefordArtsCol: The Government supports creative industries, but we need their support for our creative subjects; please#BaccDown:http\xe2\x80\xa6'"
837042164383297539,2017-03-01 20:49:38,b'@kellyagbowu we all loved it!! And look one of the cast members is my current student... https://t.co/zPNP8lr0cR'
836944634974728193,2017-03-01 14:22:05,b'Loving my working day trip to see @bookofmormonldn with @HerefordArtsCol students. Hoping to see my former student @kellyagbowu on stage'
836935806161936387,2017-03-01 13:47:00,b'@kellyagbowu looking forward to seeing BoM in just under an hour. Any chance you will be on stage?'
834902172664020992,2017-02-23 23:06:04,b'@AlexkayPhd i have been using mendeley so far and am getting on pretty well with it'
834373845498884096,2017-02-22 12:06:41,b'Former @herefordartscol dance student @marisolcollier now in her 3rd year @trinitylaban giving a talk @dancefest s\xe2\x80\xa6 https://t.co/zBr3ULGJvy'
834348547566874624,2017-02-22 10:26:09,b'Fantastic morning of #dance with @dancefest @herefordartscol and many other schools from around Herefordshire https://t.co/SOWmBLHMMp'
833764056632811521,2017-02-20 19:43:36,"b'@Hereford2021 generate awareness for the arts, opportunities, that dreaming big is worth while'"
833741262306078721,2017-02-20 18:13:01,b'RT @RuralMedia: Filmed in #hereford courtesy of @WyeValleyBrew with brilliant students from @HerefordArtsCol  https://t.co/ZYr6YSndLV #Here\xe2\x80\xa6'
833740841055297537,2017-02-20 18:11:21,b'RT @Hereford2021: Amazing turnout @CourtyardArts for our #Herefordshire Cultural Partnership food and drink networking event this evening #\xe2\x80\xa6'
833610080696287232,2017-02-20 09:31:45,"b""Eric Allan #thearchers @HerefordArtsCol on radio performance 'Standing shoulder to shoulder you pour your performance into the microphone'"""
833605941446705152,2017-02-20 09:15:18,"b""'Bert Fry' aka Eric Allan from @BBCTheArchers giving our Performing Arts students @HerefordArtsCol a talk https://t.co/pVkEngbw9k"""
833025148089405440,2017-02-18 18:47:26,b'Big thank you @worcesterRS for a great couple of very informative days. All very helpful in preparing for my #research proposal.'
833023690526883842,2017-02-18 18:41:39,"b'RT @Complicite: Take some time this weekend to watch #BewareofPity on @YouTube https://t.co/zBXtXHS32k \xe2\x80\x9cIt draws you in and shakes you"" \xe2\x98\x85\xe2\x98\x85\xe2\x98\x85\xe2\x80\xa6'"
833023579079970816,2017-02-18 18:41:12,b'Looks like we have all been working with tape today.... https://t.co/JQeCagtDAN'
833023272828751872,2017-02-18 18:39:59,b'Great rehearsal today creating another section for the #dancingfloorproject with @enchantersweb in #HayonWye https://t.co/Y90c6dlSyQ'
832162230032531457,2017-02-16 09:38:31,b'.@MarisolCollier exploring and developing choreography with #bapa students @HerefordArtsCol https://t.co/3EkZ4WaVt5'
830826793212968960,2017-02-12 17:11:58,b'Thank you @Complicite for another fantastic show!! https://t.co/kvXjl3JdXr'
830821452404359168,2017-02-12 16:50:44,b'@Complicite @BarbicanCentre  loving and enjoying #BewareofPity from Herefordshire. Thank you for the live stream!'
830800150939447296,2017-02-12 15:26:06,b'#enjoying sitting at home watching.... https://t.co/rWTazIspYo'
829818312062337024,2017-02-09 22:24:37,b'RT @RuralMedia: Collaboration is King - great to work with @HerefordArtsCol on this Short Film BA Hons\nhttps://t.co/Sg4IclVSYA'
829352936451014656,2017-02-08 15:35:23,"b'RT @VamosTheatre: WORK WITH US! Seeking ""Connector"" to bridge gap btwn worlds of arts &amp; health https://t.co/3Rg47Ra9af @ace_midlands @ace_n\xe2\x80\xa6'"
827837005744726016,2017-02-04 11:11:37,b'RT @HerefordArtsCol: Are you aged 9-16? Explore your creativity at our Spring workshops 14th&amp;15th Feb https://t.co/uZT8R5cTMu #HerefordHour\xe2\x80\xa6'
827561041987002368,2017-02-03 16:55:02,"b""RT @HerefordArtsCol: We're hiring a Library Assistant! Find out more &amp; apply https://t.co/voemu6LUnC #Vacancy #hereford https://t.co/NKiMAx\xe2\x80\xa6"""
827560576217931776,2017-02-03 16:53:11,b'RT @enchantersweb: #dancingfloorproject choreographer @gillian_hipp working on ideas for the #morris element of our dance.  Next workshop i\xe2\x80\xa6'
827193467759628288,2017-02-02 16:34:25,b'Exploring space and pathways @herefordartcol for #thedancingfloorproject https://t.co/PQhO1JsbsN'
827193108332941312,2017-02-02 16:33:00,b'Exploring choreographic ideas (and noting them) @herefordartcol for #thedancingfloorproject https://t.co/wmRyIiZDZb'
826156734808993792,2017-01-30 19:54:49,"b'RT @WorcesterRS: Welcome to our new MRes, MPhil and MPhil/PhD students joining us today!'"
826156520429776896,2017-01-30 19:53:58,b'RT @WorcesterRS: Our new research students got creative this afternoon. Here are their masterpieces... all images of the ideal supervisor.\xe2\x80\xa6'
826156169668476930,2017-01-30 19:52:34,b'@WorcesterRS thank you for a fantastic induction day!'
826061009286791169,2017-01-30 13:34:26,b'yikes...my day being #inducted #research #mphil #excited https://t.co/GkX2Yit3Rf'
824221206622695424,2017-01-25 11:43:43,b'My movement skills class captured by art students @herefordArtscol https://t.co/9IIMEjuCie'
823975092459859969,2017-01-24 19:25:45,b'RT @HerefordArtsCol: Super excited to see our BA (Hons) Performing Arts students production of The Tempest this Wednesday 2:30-3:30 limited\xe2\x80\xa6'
823641028485902341,2017-01-23 21:18:18,"b""RT @Complicite: We're live streaming #BewareOfPity FREE. Director @SimonMcBurney The show is sold out so don't miss it online 12 Feb https:\xe2\x80\xa6"""
822098461998936064,2017-01-19 15:08:41,b'RT @RuralMedia: Training programme for for new and emerging #filmmakers from diverse backgrounds @EncountersFF https://t.co/6RmtsjpW1f'
822069456889319424,2017-01-19 13:13:26,b'#bapa students rehearsing #tempest with #presence @herefordartscol . Thank you @clarep_j for a fantastic workshop!! https://t.co/noFIQEoMEn'
822067844716359680,2017-01-19 13:07:02,b'RT @enchantersweb: @gillian_hipp @HerefordArtsCol Lucky students - Clare is brilliant. @clarep_j'
822017381904089088,2017-01-19 09:46:30,b'#bapa students having a workshop on #presence with https://t.co/Uld9MYjsLQ @herefordartscol #fantastic https://t.co/jwetnDSjIJ'
820617099617902592,2017-01-15 13:02:17,b'RT @dance_he: #PhD AHRC Midlands3Cities funding for UK/EU students at @dmuleicester  deadline 16th Jan 2017 #Dance #HE #Research https://t.\xe2\x80\xa6'
820208885227208704,2017-01-14 10:00:11,b'Officially registered on research programme @WorcesterUni. Yikes! May the research begin #excited #curious #laban #Wellbeing'
819594532660445184,2017-01-12 17:18:58,"b'Please help support Hereford City of Culture, add a #Twibbon now! https://t.co/aCp44iyoYT'"
819152418269233152,2017-01-11 12:02:10,b'our #bapa @HerefordArtsCol young enterprise company @tribusye now launched on social media. #exciting'
818937990999379968,2017-01-10 21:50:06,b'Brilliant https://t.co/9nnda0zd4R'
818937615642664962,2017-01-10 21:48:37,b'RT @BrightstripeART: Announcing a new #HalfTerm programme @HerefordLibrary Seeking performing/visual artists &amp; craft makers for delivery. h\xe2\x80\xa6'
818937075177324545,2017-01-10 21:46:28,b'RT @dobleMdesign: Calling all #bookstagrammers: follow #bookstagram2017 on Instagram for updates on the big #bookstagram meet up in #HayonW\xe2\x80\xa6'
818936190757982208,2017-01-10 21:42:57,b'RT @HerefordArtsCol: Are you a creative workshop leader?Check out @brightstripe1 opportunity with #Hereford Libary &amp; Muesum  https://t.co/5\xe2\x80\xa6'
817363346387243012,2017-01-06 13:33:02,b'Having an inspiring day at the Labanarium. Thank you @The_GSA https://t.co/fKRYVlbbrb'
817128350393204736,2017-01-05 21:59:14,b'Great day in the studio today with Claire Coache @OpenSkyAhead exploring the movement qualities of crumpled paper @HerefordArtsCol'
808964015754006528,2016-12-14 09:17:05,b'#bapa student from @HerefordArtsCol getting ready for film shoot with @RuralMedia. https://t.co/kYj9M0l23I'
806809890329006080,2016-12-08 10:37:22,b'Tech for #collaboration project @HerefordArtsCol https://t.co/xUAX3lgInX'
804818628658991104,2016-12-02 22:44:48,b'Good to see so many former Performing Arts students from @HerefordArtsCol again in this short film! https://t.co/AIGrg5OI5U'
804817977870839808,2016-12-02 22:42:13,b'RT @pedagoo: These last few weeks of term can be some of the toughest - take a minute to think of the positives #pedagoofriday'
804264315708735488,2016-12-01 10:02:10,b'#hcabapa back to #collaborating with Short film students to create a #swedefilm @herefordartscol https://t.co/cucJjyc0LH'
802442698560913408,2016-11-26 09:23:42,b'RT @HerefordArtsCol: Today is our cross-college Open Day from 11am - 2pm. Come say hi! https://t.co/UJFjAsg2wC'
801725582748876800,2016-11-24 09:54:08,b'#hcabapa rehearsal for #identity performance in full swing @HerefordArtsCol using inspiration from #ceramics create\xe2\x80\xa6 https://t.co/y7ohYcZmew'
801527161383505920,2016-11-23 20:45:41,b'RT @lyngardner: Squeezed theatre companies are facing the final curtain https://t.co/xqDWRhrYru'
801371836516802560,2016-11-23 10:28:29,b'Great morning! #aerialdance session @HerefordArtsCol FE students working their #strength and #flexibility https://t.co/3P71WZXBJG'
801315316718596096,2016-11-23 06:43:53,b'RT @Rob_Berry81: jacks back! @HerefordArtsCol @OpenSkyAhead #whatareyousmilingat? https://t.co/ua8brp8WmH'
801101337777803264,2016-11-22 16:33:37,b'Q&amp;A with @OpenSkyAhead @HerefordArtsCol on their production #scorched. Fantastic production. Thank you! #hcabapa https://t.co/ILm545dHS0'
800274995750588418,2016-11-20 09:50:02,b'#creating choreography for the Dancing Floor project with @enchantersweb https://t.co/Vb8fPZGMZa'
798906432263483392,2016-11-16 15:11:51,b'#collaborative opportunities for degree students @HerefordArtsCol with @RuralMedia @ruralmedianath #randomacts https://t.co/9UcP72vGO4'
798657031666364416,2016-11-15 22:40:49,b'RT @RuralMedia: Hi @intofilm_mids! Could you RT this great opportunity for young #filmmakers? https://t.co/FRD8AoP2LY'
797901864654241793,2016-11-13 20:40:03,b'RT @SkillsetSSC: Can your creativity help shed light on #autism? Both beginner and experienced filmmaker entries welcome https://t.co/q0KCy\xe2\x80\xa6'
796675646097330176,2016-11-10 11:27:30,b'#HCABAPA students taking a first look at BA Graphic students logo designs for their @youngenterprise business\xe2\x80\xa6 https://t.co/zjSqz3ZKk6'
796675116549738496,2016-11-10 11:25:23,b'Evaluation time for #HCABAPA students and ShortFilm students of their #collaboration project #digitopia\xe2\x80\xa6 https://t.co/CLt9siG6jn'
796430396611264513,2016-11-09 19:12:58,"b'RT @Hereford2021: Our next public consultation meeting will be in #Bromyard on 30th Nov, from 17:00-20:00. Venue: TBC - watch this space! #\xe2\x80\xa6'"
796429921551843337,2016-11-09 19:11:04,b'RT @RuralMedia: Young filmmakers check out our short #film competition with @borderlines and win \xc2\xa3500 https://t.co/ZehHOoMUQQ #herefordhour'
796387497584500736,2016-11-09 16:22:30,b'#HCABAPA rehearsal for #tempest \n#storm #complicite #physicaltheatre @HerefordArtsCol https://t.co/GwOLGzwU5Z'
795756568830767104,2016-11-07 22:35:25,"b'Well done! @HerefordArtsCol 1st year BA Performing Arts, ShortFilm &amp; Music students on their performance #digitopia\xe2\x80\xa6 https://t.co/1L8lgpMGgo'"
795675619753422848,2016-11-07 17:13:45,b'Tech rehearsal #digitopia @CourtyardArts with @HerefordArtsCol BA Performing Arts students and short https://t.co/hSunJJkkaK'
795259260557029377,2016-11-06 13:39:17,"b""RT @covcampus: A lot of fascinating talks taking place at today's #fopt symposium. \xf0\x9f\x91\x8d https://t.co/wjCOM7x4tW"""
795259074548027393,2016-11-06 13:38:33,b'RT @nataliegarrettb: Future Thinking #fopt what are the 21st Cent competencies for performers? @CoventryFAH @saltheart @franticassembly htt\xe2\x80\xa6'
795258648129900545,2016-11-06 13:36:51,b'Great conference. Thank you for thought provoking  #conversations #fopt @franticassembly @DrPaulKleiman and others. https://t.co/mO1mWRrG67'
795257570009239552,2016-11-06 13:32:34,"b""RT @DrPaulKleiman: Fascinating glimpse into MoCap and the future of acting. #FOPT ReForm | Hollywood's Digital Clones https://t.co/NQbH6XfP\xe2\x80\xa6"""
794602725849894912,2016-11-04 18:10:27,b'RT @saltheart: #fopt Find the source of your cultural self and make work from that place.'
794602140677369856,2016-11-04 18:08:07,"b'RT @DrPaulKleiman: Great day at #fopt @CoventryFAH - glorious failures | the freedom of creative outliers in HE |changing paradigms | past,\xe2\x80\xa6'"
794522222228553728,2016-11-04 12:50:33,b'#FOPT #thoughtprovoking Kristine Landon-Smith https://t.co/M4UUymUJvX'
794519164404858885,2016-11-04 12:38:24,"b'RT @nataliegarrettb: Paul Kleiman brings brilliant past, present &amp; future story of performing arts at #fopt @CoventryFAH @saltheart @sbenha\xe2\x80\xa6'"
794293279621779456,2016-11-03 21:40:49,b'RT @HerefordArtsCol: Passion for Dance or Digital technology? Come &amp; see our Performing Arts students in @CourtyardArts Digitopia #dance ht\xe2\x80\xa6'
794245368133386243,2016-11-03 18:30:26,"b""#digitopia rehearsal  with @HerefordArtsCol BAPA students. Can't wait to see them @CourtyardArts on 7th Nov. https://t.co/5YMY7Y4Wl9"""
792302709995102208,2016-10-29 09:51:00,b'#busyweek with @artsalivewales creative network meeting - Pina Bausch workshop #inspiring #movement #creative  @HerefordArtsCol'
792302076760039426,2016-10-29 09:48:30,b'#busyweek BAPA students met up with BA Graphics to present newly formed @youngenterprise  comany to discuss logo ideas @HerefordArtsCol'
789080448777543680,2016-10-20 12:26:54,b'#excited to see @PentabusTheatre @HerefordArtsCol with Performing Arts students (degree and FE). https://t.co/gYJ8FOuWP5'
787296129545277440,2016-10-15 14:16:39,b'A #creative morning working on #thedancingfloor project with other @artsalivewales creative network members  #somethingoutofnothing'
786290826355900416,2016-10-12 19:41:56,b'RT @OLIVERBALCH: The Black Mountains have a pretty special literary heritage...#DavidJones #BruceChatwin #RaymondWilliams #Kilvert https://\xe2\x80\xa6'
786285052376322052,2016-10-12 19:18:59,b'Afternoon of #experimenting with #movement with @HerefordArtsCol BAPA students for #collaboration project with Shor\xe2\x80\xa6 https://t.co/EXS3KinB0C'
784343797266157569,2016-10-07 10:45:08,b'#collaboration - PA and Short Film degree students in full swing @HerefordArtsCol in prep for #digitopia\xe2\x80\xa6 https://t.co/dtFKx0F4DK'
783920108485967872,2016-10-06 06:41:33,b'RT @Refthinking: @tmh_haigh Thanks for the RT Tracy. More like that at https://t.co/hCCb2pZ3xU. Natalie'
783668492201590784,2016-10-05 14:01:43,b'Great afternoon... https://t.co/b5PtwrUdel'
783630538959626240,2016-10-05 11:30:54,b'Running a physical theatre workshop @birminghamuni for #aimhigher event with @HerefordArtsCol https://t.co/b9uTvtQEwf'
783612586327695361,2016-10-05 10:19:34,b'Exciting day for Performing Arts students @HerefordArtsCol with #puppetry  workshop led by Purvin from The Fetch. https://t.co/t0zFHUMqvT'
783355269325713408,2016-10-04 17:17:04,"b""RT @HerefordArtsCol: We're @unibirmingham from 12-14:30 representing #HCA! Find us and find out about #HCA."""
783355120713170944,2016-10-04 17:16:29,b'Happy #WorldBalletDay. My now vintage point shoes from #thelastcentury https://t.co/jxei3tFjDt'
783352702478774276,2016-10-04 17:06:52,b'RT @NationalCircus: Happy #WorldBalletDay! Read about our partnership with @gandinijuggling for their show 4x4 Ephemeral Architectures: htt\xe2\x80\xa6'
782997139504922625,2016-10-03 17:34:00,b'RT @RosemaryButcher: Deadline: 23 October 2016. Accepted proposals will be communicated by 4 November 2016'
782676425816043522,2016-10-02 20:19:35,b'@EdODriscoll very interesting read!'
782674854168367112,2016-10-02 20:13:21,b'RT @Refthinking: #SLTChat - Are you gearing students towards building these skills?\n\nPost: https://t.co/au689yakih https://t.co/aMYeGQlDYB'
782522343910408199,2016-10-02 10:07:20,b'RT @Chika2B: We can complain about the rain or we can choose to dance &amp; create in it.\n# author #quoteoftheday #ThursdayThoughts https://t.c\xe2\x80\xa6'
782260309666983937,2016-10-01 16:46:06,b'RT @RosemaryButcher: We are calling for expressions of interest to contribute in any format from practitioners who have worked with and rem\xe2\x80\xa6'
781876906593509377,2016-09-30 15:22:35,b'Cross College challenge completed by new @HerefordArtsCol #Freshers2016 @Dekoffiepothfd # sunshine https://t.co/AKXjhJ78pi'
781206402404589568,2016-09-28 18:58:15,b'@sarahjfc oh no not divided at all...BAPA awaiting the Short Film Students to join us for more collaboration'
781145595146887168,2016-09-28 14:56:37,b'The Performing Arts Centre after a creative afternoon with #hcabapa https://t.co/GDeXqd1zoT'
780464968248520704,2016-09-26 17:52:03,b'Great to have been part of such a great #h.art event with @AerialDanceHere \nhttps://t.co/WFAwoHDElh'
780108800078581760,2016-09-25 18:16:46,"b'RT @HerefordArtsCol: 27th Sept #Ross-on-Wye Town Council Offices, 5pm. Join us for the @Hereford2021  #CityofCulture meeting #HaveYourSay h\xe2\x80\xa6'"
780054769306112000,2016-09-25 14:42:04,b'Less than 24hrs before the 1st intake of BA Performing Arts students commence their #FreshersWeek @HerefordArtsCol #excited #letsbecreative'
