id,created_at,text
967075600497299456,2018-02-23 16:36:05,"b'RT @reactgroup: Thomas T\xc3\xa4ngd\xc3\xa9n, Med. Dir @reactgroup: \xe2\x80\x9cShortages and sudden price increases of antibiotics have been reported, indicating a\xe2\x80\xa6'"
967072646025416705,2018-02-23 16:24:20,b'https://t.co/mpBjZPRkNS'
964800831756406784,2018-02-17 09:56:58,b'\xc5\xa0imtme\xc4\x8dio bakterijos Lietuvai \xf0\x9f\x87\xb1\xf0\x9f\x87\xb9// Bacterial greetings to #Lithuania on 100th anniversary! #RestoredLithuania100\xe2\x80\xa6 https://t.co/3lSStRiGXf'
963897180821114881,2018-02-14 22:06:10,"b""RT @evagaresp: Today I'll be part of a discussion panel on #careerdevelopment during PhD &amp; post-PhD positions. How did your institutions su\xe2\x80\xa6"""
963146547222536192,2018-02-12 20:23:25,b'RT @sci_journalism: Darwin Day celebrated to promote public understanding of evolution \xe2\x80\x93 Crastina https://t.co/QStGx3X8OF https://t.co/X7Hh\xe2\x80\xa6'
962054660897964033,2018-02-09 20:04:39,b'RT @NatureRevMicro: \xf0\x9f\x8f\xa5\xf0\x9f\x9a\xb0Genomic analysis of hospital plumbing reveals diverse reservoir of bacterial plasmids conferring carbapenem resistanc\xe2\x80\xa6'
962006098361241600,2018-02-09 16:51:41,b'Had some nice time at @karolinskainst! #biofilms https://t.co/jFbSCutla2'
959683042800529408,2018-02-03 07:00:42,b'RT @DennisLeenheer: Uppsala Antibiotic Centre #UAC @UU_University illustrating the importance of antibiotics: https://t.co/GMTFnOpA6g'
958820757617946624,2018-01-31 21:54:17,b'RT @sci_journalism: What science is like in North Korea https://t.co/QlddUcN948 https://t.co/ntJ3YrlYpw https://t.co/zXP4fCTRso'
958080988550193155,2018-01-29 20:54:42,"b'RT @womensart1: Elin Thomas, UK textile artist who uses embroidery, crochet and felt work to create unique work resembling petri dishes and\xe2\x80\xa6'"
957536552443351040,2018-01-28 08:51:18,"b'RT @evagaresp: @gretazabo starting this last day talking about Klebsiella, biofilms and plasmids. Why to study this particular combination?\xe2\x80\xa6'"
946669004315381760,2017-12-29 09:07:33,"b""RT @abaumler: New Klebsiella strains 'worst-case scenario,' experts say https://t.co/b2UypnzWEv"""
939789018509832197,2017-12-10 09:28:57,b'RT @IAmSciArt: One of my very favourite #sciart projects ever is the Polluted Water Popsicles Project: https://t.co/j63P7AN5mQ https://t.co\xe2\x80\xa6'
938844986996658176,2017-12-07 18:57:42,b'RT @WriteThatPhD: How to survive your #PhD: 17 simple strategies https://t.co/Q8RJJhpDaI #phdchat #phdadvice #phdforum #phdlife #ecrchat ht\xe2\x80\xa6'
925782951379587072,2017-11-01 17:53:50,b'RT @saveantibiotics: Something that should really scare you this Halloween: superbugs don\xe2\x80\x99t pay attention to borders: https://t.co/ooDwd4K9\xe2\x80\xa6'
921389261492015104,2017-10-20 14:54:53,b'RT @nature: Bacterial-evolution analysis finds their adaptation to an environment is dynamic and complex #ResearchHighlight https://t.co/6h\xe2\x80\xa6'
918505489998274561,2017-10-12 15:55:48,b'RT @WHO: WARNING: Over-use and misuse of #antibiotics \xf0\x9f\x92\x8a is increasing #AntimicrobialResistance \xe2\x80\x93 we need to #StopSuperbugs https://t.co/DaE\xe2\x80\xa6'
895021719798390784,2017-08-08 20:39:41,b'Brilliant idea of haiku for each element in periodic table! #ChemHaiku https://t.co/RlfplVA9Xx'
892097461287882752,2017-07-31 18:59:43,b'RT @NatureRevMicro: In this Opinion article Andersson &amp;co propose a new preclinical paradigm for the prediction of antibiotic resistance ht\xe2\x80\xa6'
879631121344069636,2017-06-27 09:22:56,b'RT @EAAD_EU: Dr Ammon @EUparliament event on #AntibioticResistance: modern medicine would be profoundly affected by the lack of effective #\xe2\x80\xa6'
870672092454322179,2017-06-02 16:02:57,"b'RT @WHO: Climate change threatens your health.\n#ClimateChange is expected to cause 250,000 additional deaths per year between 2030-2050 htt\xe2\x80\xa6'"
870659935734050816,2017-06-02 15:14:39,b'This shows the great need for more #science communication! #scicommUU17 https://t.co/qgTfs6g8VD'
870332402702450688,2017-06-01 17:33:09,b'RT @ASMicrobiology: Another #AgarArt notable; 50 Shades of Antimicrobial Resistance by a team of #microbes at @UCIrvine! See this and more\xe2\x80\xa6'
868916040369135616,2017-05-28 19:45:02,b'Can\xe2\x80\x99t wait to start real-time imaging of #biofilms formed by my Klebsiella strains tagged with different #fluorescent markers! #scicommUU17'
868879584888016897,2017-05-28 17:20:10,b'Still optimizing an in vitro model that mimicks Klebsiella #biofilm formation on urinary catheters. Exciting. #StruggleIsReal #scicommUU17'
868873643689947136,2017-05-28 16:56:34,"b'#Biofilms are ubiquitous \xe2\x80\x93 around us, on us and in us! My current interest \xe2\x80\x93 those involved in urinary tract infections. #scicommUU17'"
868044153229279232,2017-05-26 10:00:28,b'Art meets science to depict a global problem in a visually attractive way! #HandleAntibioticsWithCare #scicommUU17\nhttps://t.co/XfREE6AIHb'
868040979684741120,2017-05-26 09:47:51,b'Happy to work with some of 12 bacteria recognised by @WHO as being in urgent need for new #antibiotics. https://t.co/CYATHLA9uv #scicommUU17'
868034829463560192,2017-05-26 09:23:25,b'Want to know more about #AntibioticResistance? Check this informative video from @UU_University. #scicommUU17 \nhttps://t.co/sX9P9xHBgV'
867814983362650112,2017-05-25 18:49:49,"b""I'm trying to unravel the mysteries of #AntibioticResistance in bacterial communities - #biofilms  \xf0\x9f\x94\x8e\xc2\xa0https://t.co/tdPkBmdBSb  \n#scicommUU17"""
