id,created_at,text
969823754665816064,2018-03-03 06:36:16,"b""RT @britsocimm: Next Thursday is #InternationalWomensDay We've got an exciting project to recognise some of our brilliant &amp; inspirational f\xe2\x80\xa6"""
964417573839253505,2018-02-16 08:34:02,"b'RT @tpoi: It\'s #DarwinDay - everyone has impostor syndrome, everyone fails, so take care of yourself. And be kind. \n\n""But I am very poorly\xe2\x80\xa6'"
964417091880214528,2018-02-16 08:32:07,b'RT @Mauri_group: Congratulations to our newest PhD graduate on her publication in @NatureComms on the role of CD1d in B cell suppression vi\xe2\x80\xa6'
964416976322875392,2018-02-16 08:31:39,b'RT @lauramagill13: Great work from our lab @Mauri_group https://t.co/FpPFypyjQG CD1d-dependent immune suppression mediated by regulatory B\xe2\x80\xa6'
934071427329871873,2017-11-24 14:49:17,b'RT @Mauri_group: Sad to be losing @MadhviM but looking forward to an excellent meal to celebrate her time with us. Good luck for the future\xe2\x80\xa6'
928666855845388288,2017-11-09 16:53:26,b'RT @London_immuno: Final session opens with Claudia  Mauri from @Mauri_group. Exciting new interactions between Bregs and iNKT cells that r\xe2\x80\xa6'
926902945794482192,2017-11-04 20:04:17,"b'RT @nature: #onthisday 1869, the first issue of Nature was published. 148 years later, we present a digital copy for you to read https://t.\xe2\x80\xa6'"
913123980550266880,2017-09-27 19:31:36,"b""RT @lauramagill13: A virtual human to model e.g. drug response would be amazing, but I think we're a long way off #virtualhuman #healthdata\xe2\x80\xa6"""
913122981865492480,2017-09-27 19:27:38,b'RT @Mauri_group: Very interesting lab outing! #sciencemuseumlates #virtualhuman @MadhviM @lauramagill13 @hfbradford @ChrisPiper8989 @DianaE\xe2\x80\xa6'
907601177398976517,2017-09-12 13:45:57,b'@patel_meesha This idiot makes me so mad Meesha'
877566807434973184,2017-06-21 16:40:05,b'RT @Mauri_group: Mauri lab picnic at Regents Park- good luck to Camille! https://t.co/Sv4QLZwUHp'
876752164747653120,2017-06-19 10:43:00,b'RT @DianaEMatei: Go #microbiota https://t.co/ogAdFoG2EL'
868005290205204480,2017-05-26 07:26:02,b'RT @Mauri_group: Another incredible talk by our very own Claudia Mauri @6thsummerschoolofimmunology https://t.co/tQEKA3eHPu'
867440301098639360,2017-05-24 18:00:58,"b""RT @Mauri_group: Well worth it after a hard day's work \xf0\x9f\x9b\xb3\xf0\x9f\x9b\xb3 @6thsummerschoolofimmunology @DianaEMatei @hfbradford https://t.co/o4jl5zJFgT"""
867369957675470848,2017-05-24 13:21:27,b'Yay B cells! \xf0\x9f\x94\xac https://t.co/uOfnQi5nxV'
866684258810822657,2017-05-22 15:56:44,b'RT @DianaEMatei: Incredible talk by Claudia Mauri of the @Mauri_group ! Let them learn of Bregs! @6thsummerschoolofimmunology @hfbradford h\xe2\x80\xa6'
863049584767107073,2017-05-12 15:13:50,b'RT @lauramagill13: Exciting talk combining technology and medicine. Imagine what #bigdata can do for the future of #health https://t.co/FHV\xe2\x80\xa6'
862711027909218304,2017-05-11 16:48:32,b'RT @Mauri_group: @hfbradford and @DianaEMatei representing our group with excellent posters at the DoM research retreat! Great work \xf0\x9f\x91\x8c\xf0\x9f\x8f\xbb http\xe2\x80\xa6'
862663971538599936,2017-05-11 13:41:32,b'RT @Mauri_group: Great talk by @lauramagill13 at the DoM Research Retreat. Immune signature that defines disease and drug response in RA pa\xe2\x80\xa6'
862610968400080897,2017-05-11 10:10:56,b'RT @Mauri_group: Looking forward to hearing about the excellent science happening in the Division of Medicine at #UCL'
856430148442361856,2017-04-24 08:50:33,b'@goffbot What a snug pup'
837295237290688513,2017-03-02 13:35:15,b'RT @Mauri_group: Our latest review on the therapeutic potential of human #Bregs  @jclinicalinvest @JCI_insight @uclmedsci @MadhviM \nhttps:/\xe2\x80\xa6'
832244691701739520,2017-02-16 15:06:11,"b""@goffbot dw there might be 2 inches less of you but you're still the same person :3"""
832244286963978240,2017-02-16 15:04:35,b'@goffbot are we all shrinking? Is this a conspiracy'
832243980364607489,2017-02-16 15:03:21,"b""@goffbot you're more than 3 inches taller than me!"""
829628052636315648,2017-02-09 09:48:36,b'RT @Mauri_group: We are organising a fantastic #EMBO B cell meeting in Spain this September @EMBOcomm @EMBOevents\n\nTo-B or not to-B:\nhttps:\xe2\x80\xa6'
815352548018233344,2017-01-01 00:22:50,b'RT @dogwatisaw: https://t.co/T7ZIT29ED7'
806217102294126592,2016-12-06 19:21:50,b'congrats madhvi!! https://t.co/NzRI8VYAJ3'
806103357203030016,2016-12-06 11:49:51,b'Doggo smiling #dog #pomeranian https://t.co/Zjwt0gaSTv'
786639864355819520,2016-10-13 18:48:53,b'@goffbot miss you too bb'
