id,created_at,text
969888867414355969,2018-03-03 10:55:00,b'RT @DavidRoads: Great thought. https://t.co/BpajPsZjfR'
968762656936120320,2018-02-28 08:19:50,b'I love Snoopy! :) https://t.co/0SicqKv0af'
967753534463758336,2018-02-25 13:29:57,b'RT @DavidRoads: Be the type of person you want to meet.'
967452979912761344,2018-02-24 17:35:39,"b'RT @Sports_HQ: Play like you are in 1st, but train like you are in 2nd.'"
967452570158616576,2018-02-24 17:34:01,"b'RT @thesecret: Fill yourself with positive thoughts and feelings, because where positivity exists, negativity cannot exist at the same time.'"
967185787539329024,2018-02-23 23:53:55,b'@Panger40 Any chance I could interview you for my PhD on flow and metacognition with hockey players?'
967180168480673798,2018-02-23 23:31:36,"b'My first tweet on my PhD journey merging sport and positive psychology, specifically with hockey players :)'"
