id,created_at,text
970038258137780225,2018-03-03 20:48:37,"b""@JanzenBrycen this is from the bio of a pretty renowned 18th century prof. We're coming for ya buddy https://t.co/GIX4txKGE7"""
969305166112489472,2018-03-01 20:15:35,"b""I'm eating a salad with some beets right now and I feel like I can hear D'Urk screaming. https://t.co/7efWMqTf36"""
967892961538297856,2018-02-25 22:43:59,b'Comps is making me push my computer to unreasonable limits. I have discovered that 21 Chrome tabs makes moving Word\xe2\x80\xa6 https://t.co/xMDIqWXYTw'
966850990942146560,2018-02-23 01:43:34,b'@JanzenBrycen I get around this by never closing the tab. https://t.co/M8F7rEPCRj'
966748558396411904,2018-02-22 18:56:32,b'@JanzenBrycen I had this same watch a decade ago! Green face and all.'
961658492552712192,2018-02-08 17:50:26,b'@JanzenBrycen Glad to have put it on the list!'
960359081134436352,2018-02-05 03:47:02,b'@JanzenBrycen @starwars I saw! Thought it was coming in the winter for some reason though'
959601727598137348,2018-02-03 01:37:35,"b'@JanzenBrycen The funny thing is that his other name would answer your question: because ""Unless-Jesus-Christ-Had-D\xe2\x80\xa6 https://t.co/Np0efDPOHv'"
959600080864063488,2018-02-03 01:31:02,"b""@JanzenBrycen Oh yeah, I've seen some strange ones buddy. Praise-God and Fear-God Barebone were two good ones!"""
959596217977196546,2018-02-03 01:15:41,"b""@stephanieadele_ Oh, you're done your first dissertation proposal? Guess what happens when you're done your comps? https://t.co/XW3yDeeZi3"""
959595371965054976,2018-02-03 01:12:19,"b'@JanzenBrycen ""Theological virtue signalling""'"
959594639530643456,2018-02-03 01:09:25,"b""It's more difficult than I thought to make dry orange zest."""
955953210245644288,2018-01-23 23:59:40,b'@stephanieadele_  https://t.co/NEYXJACfHM'
955948144755429377,2018-01-23 23:39:33,b'@stephanieadele_ Two words though.. Boss Baby.'
951515876330737664,2018-01-11 18:07:17,"b'Dear diary, today I touched a first edition Paradise Lost. Today was a good day. https://t.co/SvG1AwQD0w'"
951126066294386688,2018-01-10 16:18:19,b'@JanzenBrycen thought you might enjoy an 18thC captain practicing his script on scrap paper tucked in his log books\xe2\x80\xa6 https://t.co/bHlQ6NRFpp'
950736739131449345,2018-01-09 14:31:17,b'RT @Brycchan: Fully Funded PhD on Writing Slavery and Abolition. Opportunity to study with me at Northumbria University on any aspect of th\xe2\x80\xa6'
949714596918648832,2018-01-06 18:49:39,b'England...where they refrigerate pasta but leave eggs at room temp. https://t.co/dL3EMjD6wQ'
949249747319222274,2018-01-05 12:02:30,"b""An absolutely fascinating and compelling paper on Milton's garden by Rosamund Paice at #BSECS2018!"""
949065176048898048,2018-01-04 23:49:05,b'That moment when the president of your academic society makes the same jokes you do about the reach of the long 18t\xe2\x80\xa6 https://t.co/xCd62VtdBU'
949005454960746496,2018-01-04 19:51:46,"b""Never thought I'd be attending a French concert in England, but here I am getting blown away by Erin Helyard and Emilie Renard. #BSECS2018"""
944478072560009216,2017-12-23 08:01:34,"b""@JanzenBrycen I don't like this. Is there an un-heart button?"""
941202204530053125,2017-12-14 07:04:26,b'@JesseDorey15 @JanzenBrycen  https://t.co/a48CZdDOkH'
940845216470306816,2017-12-13 07:25:54,b'Unexpected side benefit of being back home: plundering my old bookshelves.'
937845134846255104,2017-12-05 00:44:39,b'Tfw you celebrate a new pair of scissors coming in. https://t.co/023v1FDRwl'
931922875820503043,2017-11-18 16:31:42,b'@JanzenBrycen  https://t.co/pLVgbkjRDJ'
927966340555657216,2017-11-07 18:29:51,"b'@JanzenBrycen Mathew Henry: ""It is only the effectual fervent prayer, the in-wrought in-laid Prayer that avails...t\xe2\x80\xa6 https://t.co/1HUYaYIjVY'"
925937580184449024,2017-11-02 04:08:16,"b""@JanzenBrycen I can hold off seeing it till we're back?"""
920501586283188226,2017-10-18 04:07:34,"b""Here's for you, @JanzenBrycen. Porg youngling. https://t.co/c63BISmtpz"""
917610813061500928,2017-10-10 04:40:40,"b""WHY IS THIS WHAT I THINK OF. I've ruined gravitas of the trailer for myself. @JanzenBrycen https://t.co/ozDWw2nBaC"""
917569343910752256,2017-10-10 01:55:53,b'Cue 10 minutes of standing over the sink carving and stuffing my face with turkey trimmings. Happy Thanksgiving! https://t.co/DaUHcYmbhP'
917107821291941889,2017-10-08 19:21:58,b'@JanzenBrycen Sounds fine by me!'
917082872187678720,2017-10-08 17:42:49,b'@JanzenBrycen  https://t.co/ZwJ0G8ORJX'
917078976572440577,2017-10-08 17:27:21,"b""@JanzenBrycen Yeah, IMAX'd it yesterday. Not bad. Def need a second viewing to catch things. Tuesday still a go?"""
916803505037430784,2017-10-07 23:12:43,b'Not sure how I feel about #BladeRunner2049. It seemed more interested in throwing a bunch of ideas out there than making sure they stick.'
916329460571496448,2017-10-06 15:49:02,b'@JanzenBrycen  https://t.co/ewQOSBiUUc'
916317913728077824,2017-10-06 15:03:09,b'@JanzenBrycen  https://t.co/EwEalE84Cq'
913862168986210305,2017-09-29 20:24:54,b'So this is how it feels for non-18th century-ists. https://t.co/7ckpoNCsXn'
908056482436009988,2017-09-13 19:55:10,b'@JanzenBrycen Sure did. I commit to jokes.'
908049628414857217,2017-09-13 19:27:56,b'@JanzenBrycen We cracked the code behind why Luke was sounding force-ambivalent in the trailers. https://t.co/9XNHIg9Sfc'
908041312691159040,2017-09-13 18:54:54,"b'@JanzenBrycen Works:""What one does with the truth is more difficult than you think. I learnt this the hard way, a l\xe2\x80\xa6 https://t.co/dA43Gege75'"
908040466662412288,2017-09-13 18:51:32,b'@JanzenBrycen A redeeming character with bad-ass fight scenes? Sign me up with the possibility of sure appearances!'
908038391362662402,2017-09-13 18:43:17,"b'@JanzenBrycen It\'s perfect - Kylo is already in black.\n""Lei..a...""\n""WHY DID YOU SAY THAT NAME?""\nAnd then Finn comes\xe2\x80\xa6 https://t.co/dJ9Y5SSDon'"
908021002906558464,2017-09-13 17:34:11,"b""@JanzenBrycen Yeah, I saw that too. BvS had 2 writers though, so hopefully this one isn't the bad one. I mean, he w\xe2\x80\xa6 https://t.co/qEiW1Nc2lt"""
907716698916220928,2017-09-12 21:25:00,b'New office mate has made a Star Wars reference within the first 15 minutes of conversation. [Instant thumbs up]'
907685393197346816,2017-09-12 19:20:36,"b""I'm ambivalent about this. On the one hand, there's the Grey, but on the other...Taken 3+Battleship. https://t.co/fGj83EgwEw"""
904777116935434242,2017-09-04 18:44:09,"b'@JanzenBrycen They say Indiana Jones 5, but they really mean 4. https://t.co/j3MTjOXMRx via @io9'"
902239710713700354,2017-08-28 18:41:24,"b""@JanzenBrycen Yeah! It's one of those time-shifted ones too, which are hit and miss. Who woulda thought a 1970s Twelfth Night was viable."""
901997163550531585,2017-08-28 02:37:36,b'Shakespeare in High Park was awesome! The actors+characters are now my de facto visualization for Twelfth Night.'
900516242888511488,2017-08-24 00:32:57,"b'@JanzenBrycen #praisewhedon this is a good move. ""Some were looking forward to seeing what Luthor had in store"". Only pain. And awkwardness.'"
896586167361171456,2017-08-13 04:16:14,b'@JanzenBrycen Remember this? https://t.co/WJaA0gqU0a'
893946071822553092,2017-08-05 21:25:26,"b'@JanzenBrycen Yeah, I guess it could be worse.'"
893915788012384256,2017-08-05 19:25:06,b'@JanzenBrycen I think we need to work this into our conversations somehow. https://t.co/NjkS1W2s62'
888911258371719168,2017-07-22 23:58:53,b'Just wrapped up day one of salvaging BvS with my pal @JanzenBrycen. I think we actually storyboarded a great first hour! THERE IS HOPE.'
855138144546639874,2017-04-20 19:16:36,b'Writing about cartographic history when I stumble across this cool double cordiform projection by Mercator. Awesome\xe2\x80\xa6 https://t.co/AcNi0maeLV'
854451923742838784,2017-04-18 21:49:48,"b'@JanzenBrycen Very cool! Thanks, Brycen, will add it to the list of comps stuff.'"
833059344673603585,2017-02-18 21:03:19,"b'@JanzenBrycen ""mindlessly enjoy things that are rare"" -Amen to that'"
833058728505122816,2017-02-18 21:00:53,"b'@JanzenBrycen sure. Never seen a Godard film before, but have read a lot about the impact of French new wave.'"
832362415996145664,2017-02-16 22:53:59,b'@JanzenBrycen one day...'
826917253287387138,2017-02-01 22:16:51,"b'RT @JanzenBrycen: There\'s a reason why, in Latin, Liber\xe2\x80\x94whence we get liberty and library\xe2\x80\x94means both ""free [person]"" and ""book"": Knowledge\xe2\x80\xa6'"
816489593503674372,2017-01-04 03:41:03,b'Just saw Rogue One. New dream: a Star Wars horror film. That Vader scene is goosebumps-inducing!'
816129069700050947,2017-01-03 03:48:27,b'@JanzenBrycen I was in today!'
812760915074367488,2016-12-24 20:44:37,"b""@JanzenBrycen I'm imagining you with this bundle of sticks, Belsnickel.\nhttps://t.co/Io3hacjjB5"""
796220767465836547,2016-11-09 05:19:58,b'Man...global markets are plummeting. Maybe election reform can finally float into the general consciousness now.'
796208106153930752,2016-11-09 04:29:39,b'LOL Canadian immigration website has crashed.'
796207643715108864,2016-11-09 04:27:49,"b""Feels like an extended cut of that tense re-entry scene in Apollo 13. We're all glued to the screen...waiting for Tom Hanks to save the day."""
796201171207786496,2016-11-09 04:02:06,b'The foreign panic is almost palpable in the BBC stream as they talk about Florida. What is even happening.'
796196215113318402,2016-11-09 03:42:24,"b""@neyhong I'm watching BBC and PBS alternately. BBC because they are also reporting other news and PBS because they're at least public."""
796194563622846464,2016-11-09 03:35:51,b'So apparently Ohio+Nevada has picked the President the most times in the past 60yrs. Fingers crossed when it they start counting over there.'
795661252018241536,2016-11-07 16:16:39,b'@JanzenBrycen one of the really cool things I wish we could steal from Western!'
794414220465082368,2016-11-04 05:41:24,b'@JanzenBrycen my pleasure. Will gladly exchange more games for Milton lectures.'
783490649123356672,2016-10-05 02:15:01,"b'Man, both Pence and Kaine are disrespecting/interrupting moderator Elaine Quijano. Bad form for the debate. #VPDebate'"
781186432849305600,2016-09-28 17:38:53,"b'@JesseDorey15 paraphrasing: ""you must embrace the absurdity of writing passionately. Not writing means denying your freedom.""'"
780939698436968448,2016-09-28 01:18:27,"b""RT @JanzenBrycen: With @HouAreYou123 back in Hamilton, my office light isn't the only one that's always on. https://t.co/3MSoeNYi4U"""
772879954543517696,2016-09-05 19:31:55,b'@JanzenBrycen @beaucadeau same. Mine finishes around 2 though.'
768836026789879808,2016-08-25 15:42:47,b'@JanzenBrycen of course! Thanks'
768835666931089408,2016-08-25 15:41:21,"b""@JanzenBrycen excellent news! I'm about to fly to Hamilton now. Y'know, I'll probably be in my office tomorrow checking it out."""
761307729956773888,2016-08-04 21:08:01,"b""@JanzenBrycen @neyhong @JesseDorey15 I don't think this applies because Top Gun is a actually a good movie"""
736435373023191041,2016-05-28 05:54:09,"b""@RaeDeeRae I'm pretty sure you just lead him to a giant and use the point gesture. Or, for a bad lit reference, sit down in a dry place."""
687115935610568704,2016-01-13 03:36:19,"b""I've thought of a neat idea for this trip to China: at least 1 picture a day. Might be fun to do some photojournalism."""
682106548781363200,2015-12-30 07:50:48,"b'4.9M Earthquake near Victoria, Canada. Only a couple shakes down in White Rock. https://t.co/GJlWsIbvON'"
679451476867977216,2015-12-23 00:00:30,"b""@OiraaJ You seen this? https://t.co/Rezg8Zfc3v Wonder how it'll affect us 'non-players' when we go back in the future."""
666075462716686340,2015-11-16 02:09:00,"b""@JanzenBrycen did you buy it to keep it away from others? I know I would've been tempted"""
665987025833586688,2015-11-15 20:17:35,b'@JanzenBrycen where is this and why is this.'
661430516097265664,2015-11-03 06:31:38,b'I have received advice and encouragement from both Ray Stephanson and THE Isobel Grundy... I may have just peaked academically.'
656270994391216128,2015-10-20 00:49:32,b'Really hope NDP can make up this lost ground elsewhere. Nice that the conservatives look to be on the way out though.'
655655010890416129,2015-10-18 08:01:50,b'That was a very hilarious and humbling acceptance speech by John Baird at #csecs2015. A sardine tin will never be the same again!'
655441035644964865,2015-10-17 17:51:35,b'Never thought I would see Blurred Lines at #csecs2015. Certainly a thought provoking presentation by Sarah R. Creel (SFU).'
655280588539080704,2015-10-17 07:14:01,"b'@JanzenBrycen we, uh, need to go to England at some point. http://t.co/8dczj2OfBY'"
655277893061185536,2015-10-17 07:03:18,"b""Lots of discussion around Ray Stevenson's presentation today #csecs2015. Origins of science fiction may find roots in 18thC botany!"""
655276924495728641,2015-10-17 06:59:27,"b""@JesseDorey15 Was watching the game tonight. Gave up hope in 7th inning when Jays didn't make a miracle."""
654795693693927424,2015-10-15 23:07:13,"b'#csecs2015 Okay, that presentation was AMAZING by Elizabeth Heckendorn Cook. Ecocrit+Milton+the Pilgrims progress, superbly delivered.'"
654788041656000512,2015-10-15 22:36:49,"b""AND IT'S GOT MILTON! WOOO"""
654786842689036291,2015-10-15 22:32:03,"b""Oooh, there's even a panel that looks like ecocriticism! Interrogating improvement panel. Neat. #csecs2015"""
654745348452122625,2015-10-15 19:47:10,b'CSECS conference is going well! Up next is @kalinsmith for his excellent paper on Fielding!'
654737691506900992,2015-10-15 19:16:44,b'Great BC shake up (provincial earthquake prep drill) was at 10:15am. CSECS conference unaffected.'
654525225061625856,2015-10-15 05:12:28,b'@JanzenBrycen Bears do not... what is going on?! MICHAEL!'
654521536687177728,2015-10-15 04:57:49,b'@JanzenBrycen This does not change my past decisions in any way. http://t.co/xijzfWm75C'
653068930018185216,2015-10-11 04:45:41,"b'Hmm, Mulcair was in BC today. Pretty cool.'"
652340784893575168,2015-10-09 04:32:17,"b""@EDiemanuele @JesseDorey15 @jamespuntillo @jmdesch I don't quite remember, but just some encouragement to finish the book before judging."""
652314950270976000,2015-10-09 02:49:38,b'@EDiemanuele @JesseDorey15 @jamespuntillo @jmdesch there should be an additional note by an MA in there now : )'
640950422241345536,2015-09-07 18:11:03,"b""@JesseDorey15 I thought I saw them at one point. But now there's just a void."""
640949680772288513,2015-09-07 18:08:06,b'@JesseDorey15 CanLit grades inexplicably not there anymore. Risk is up now though.'
637004378881265664,2015-08-27 20:50:53,b'Just found this while cleaning out some stuff. The thought process of cultural classics! Much better than I expected! http://t.co/TzYsKS3RoT'
636579149826650112,2015-08-26 16:41:11,"b""@EDiemanuele I'd say Pierre, but Two Solitudes surprised me with how decent it was. At least the first half."""
633669626761752576,2015-08-18 15:59:46,b'@RaeDeeRae that sucks. Get better soon!'
631989878419550208,2015-08-14 00:45:03,"b""Woo hoo! I'm done my final MA paper too now! I'm glad to be joining most of my colleagues in the existential terror of unemployment!"""
629495604742332417,2015-08-07 03:33:42,"b""@JanzenBrycen Read that as 'John McClane' for a second; wondered at mixing canons. I guess whatever will appeal to the young'uns today works"""
629493144439103488,2015-08-07 03:23:55,"b""@JanzenBrycen One of the political analysts just called Trump 'Maverick'. : (  What has the world come to."""
629487860647919616,2015-08-07 03:02:55,"b'Last question in the GOP debate was pretty unnerving: ""Has God spoken to you?"" What happened to separation of church and state? #GOPDebate'"
629475437194969088,2015-08-07 02:13:33,b'Oh man... I believe Trump just admitted to tax evasion/fraud on national TV.'
629473794860675073,2015-08-07 02:07:02,b'@JanzenBrycen GOP is still live. Catch the audio f'
629472402477608960,2015-08-07 02:01:30,b'@JanzenBrycen are you watching the debate? Trump is leading somehow.'
627271375405862912,2015-08-01 00:15:24,b'Windows 10 looks okay so far. At least Cortana has given @JanzenBrycen + @OiraaJ  some entertainment for a while.'
621788750557892608,2015-07-16 21:09:25,b'@JesseDorey15 the subtle madness from the irregular capitalization is superb.'
621455659415027712,2015-07-15 23:05:49,b'@beaucadeau thanks for coming out and sharing the melancholy!'
620299212459220992,2015-07-12 18:30:31,"b""Please, UofT...Don't do this\nAnti-vaccine course brings U of T one step closer to offering a masters of pseudoscience http://t.co/Cg5rxnxYMT"""
616313838955274240,2015-07-01 18:34:04,b'Cultural Classics for Amadeus in about an hour or so! Student Center doors are probably the easiest way to get into the building!'
616044007945281536,2015-07-01 00:41:51,b'@JanzenBrycen thanks for remembering social media promotion!'
614837095937503233,2015-06-27 16:46:01,"b""@JanzenBrycen this is what happens when they don't have people like us to take away anti-vac DVDs from hallways. https://t.co/yR8KixT1ON"""
614235792345550848,2015-06-26 00:56:39,b'@JanzenBrycen thanks for getting me involved in Taylor conference. It was really worthwhile for all its hard work!'
613903964803887104,2015-06-25 02:58:05,"b'@JanzenBrycen Talbot+son scene was especially good ""Stay, go, do what you will, the like do I/ For live I will not, if my father die."" (4.5)'"
613901295532011520,2015-06-25 02:47:29,"b""Saw HenryVI for the first time at the Taylor Conference. @JanzenBrycen, you missed out on a night of battle cries, death, and 'John' of Arc."""
613544402850594816,2015-06-24 03:09:19,b'A very interesting and educational first day of the Taylor conference! Three ladies of London performance was excellent.'
613349750298034176,2015-06-23 14:15:50,"b'RT @JanzenBrycen: The Taylor Conference\xe2\x80\x94The Three Ladies of London\xe2\x80\x94begins today. @nicolellamont, @HouAreYou123, &amp; I are doing registration.\xe2\x80\xa6'"
610675072408420352,2015-06-16 05:07:37,"b""Posters are up for Wednesday's Sunset Limited. Thanks @JanzenBrycen  for the tape and movie conversation."""
610507185123119105,2015-06-15 18:00:30,b'@beaucadeau @JesseDorey15 @RaeDeeRae I second this!'
608003228190556160,2015-06-08 20:10:40,b'Reading through objectivity theory and come across an uncited Baudrillard idea. @jessewrightjjw its everywhere!'
607754246105276420,2015-06-08 03:41:18,b'https://t.co/ZJTOu9KaQa @JanzenBrycen its moderately funny.'
607235256341659648,2015-06-06 17:19:01,"b'@JesseDorey15 @RaeDeeRae Word is that Amelia De Falco is teaching it. Other than that, who knows.'"
606260883950575616,2015-06-04 00:47:13,"b""Thanks for coming out to see Top Gun! Remember not to let your ego write checks that your body can't cash! Next time: Sunset Limited."""
603753216359211009,2015-05-28 02:42:38,"b""@JanzenBrycen nah man, just the power of Milton's rhetoric (ha!). Fight it! Fight that textual seduction! See ya tomorrow."""
603749641482596352,2015-05-28 02:28:26,"b'@JanzenBrycen he he, no worries, just wanted to use dickens for once. Good night for a walk too.'"
603748273166356480,2015-05-28 02:23:00,"b'@JanzenBrycen ""...but all was false and hollow...to perplex and dash Maturest counsels."" http://t.co/fHOlvyjx53'"
603722281253261312,2015-05-28 00:39:43,"b""@JanzenBrycen resisting the urge to walk over there...it's so hard."""
603076439907258368,2015-05-26 05:53:22,"b'@JanzenBrycen Oh yeah, you know it man!'"
603074954956054528,2015-05-26 05:47:28,"b'@JanzenBrycen But of course, I suppose we well ought not take Satan as story-teller unaffected, and presume the unspoken suffering.'"
603074573542805504,2015-05-26 05:45:57,"b'@JanzenBrycen ""Here at least we shall be free; the Almighty hath not built Here for his envy, will not drive us hence"" \'Blah blah secure\'.'"
603073787689590785,2015-05-26 05:42:50,"b'@JanzenBrycen Hohoho, excellent point dear Brycen. ""The mind is its own place, and in itself can make a Heaven of Hell, a Hell of Heaven.""'"
603063433777545216,2015-05-26 05:01:41,b'@JanzenBrycen I think you know what my answer to this is.'
603062596267290624,2015-05-26 04:58:21,"b""@JesseDorey15 Oh damn, super missed opportunity there. Or you could've pointed to your lack of towel as a huge risk of un-preparedness."""
598680822682624000,2015-05-14 02:46:45,b'@jessewrightjjw @ElizabethIda92 @yenqhong @JesseDorey15 @RaeDeeRae waat. Is that where you left class to?'
598580166768631808,2015-05-13 20:06:47,"b'@yenqhong @ElizabethIda92 @JesseDorey15 @jessewrightjjw @RaeDeeRae I can too, mostly.'"
597884267948040194,2015-05-11 22:01:32,b'@JanzenBrycen depends on if you are before or after! I might go back before my conference just for prep.'
597872179183747073,2015-05-11 21:13:30,b'Equiano paper got accepted to CSECS! Let the nervous editing begin!'
596175694473789440,2015-05-07 04:52:16,"b'@JanzenBrycen I almost don\'t even want them to say that it\'s well written, though. I want more camel-punching + ""nothing hurts me but pain""'"
596127863021170688,2015-05-07 01:42:12,"b""@JanzenBrycen It's okay, they're hidden... lost, like tears in the rain. Hehe, you've missed Blade Runner!"""
595698339024379905,2015-05-05 21:15:26,b'@JanzenBrycen @yenqhong Yes Brycen! Check e-mail for the rough times. I think you are back for both Top Gun and Indiana Jones.'
595430708316905473,2015-05-05 03:31:58,"b""Hmm, just realized it was a faux pas to let you pay for stuff on the eve of your departure, @OiraaJ. It'll be my treat when you get back."""
595059887958294528,2015-05-04 02:58:27,"b""@yenqhong because puns, Yen. (But seriously didn't even realize the timing)"""
592359950179000320,2015-04-26 16:09:52,"b'@RaeDeeRae @kalinsmith heheh, woohoo!'"
589926360044457984,2015-04-19 22:59:39,b'@JanzenBrycen a common problem. Small rodents appear to be drawn to muscles.'
589631165725806592,2015-04-19 03:26:39,"b""I think I'm here alone tonight (well, except for the mouse). Hehe, *quitters*."""
589289641037209601,2015-04-18 04:49:33,b'Just having fun with blaster noises after the star wars trailer came out. @JanzenBrycen cannot defend against my thermal detonators..'
588841800661602304,2015-04-16 23:10:00,b'@JanzenBrycen sure. This is in place of Friday?'
588773762830639104,2015-04-16 18:39:38,b'@JanzenBrycen dislike.'
587447820279480320,2015-04-13 02:50:49,b'The mice..they have found me. One of them just scouted my office. A sudden flashback to the swarm of 1d2 damage made me leave the office.'
587423272825913344,2015-04-13 01:13:16,"b'@OiraaJ @yenqhong nothing, novelty of me following you.'"
587422751922790400,2015-04-13 01:11:12,b'@OiraaJ that was yen speaking. Haha.'
587422124438093824,2015-04-13 01:08:42,b'@OiraaJ you should be writing'
587415750832435200,2015-04-13 00:43:23,b'If White Characters Were Described Like People Of Color In Literature http://t.co/yERCEaueJd via @heavenrants @yenqhong'
586572895553454080,2015-04-10 16:54:10,"b""I feel like a math teacher with how many times I've told my students to integrate (quotations)."""
585232009833885696,2015-04-07 00:05:58,b'@JesseDorey15 ouch man. https://t.co/TDEqriEF90'
585231766916636674,2015-04-07 00:05:00,"b""Woo! New book arrived! Literature and Nature: Four Centuries of Nature Writing! I'm looking forward to putting it in the to-read pile."""
584127572683923456,2015-04-03 22:57:20,"b'I think back to the beginning of the semester, when Animal Farm was up for removal, and marvel at my innocence. What fools we were...'"
583354632107360256,2015-04-01 19:45:57,"b""@JanzenBrycen @beaucadeau d'urk makes no apologies. Kord blessed me with strength."""
582356445938749440,2015-03-30 01:39:31,"b'What if Moby Dick the whale was a ship?! Oh man, can we read the Whale as a ship!? Thanks @JanzenBrycen !'"
581983860902232064,2015-03-29 00:58:59,b'@ElizabethIda92 I think I just saw a youtube ad for the parapan-am games using Electric Pow Pow Drum. Huge exposure!'
580472399629561857,2015-03-24 20:52:59,"b'""My garden brings all the boys to the yard.""\n  - [paraphrase] General Tilney (Northanger Abbey)'"
580229089866457088,2015-03-24 04:46:09,"b""@JanzenBrycen Whaaat. Let's see what Lord Helix has to say about being left out. http://t.co/Os9uub86Kp"""
580228167773884416,2015-03-24 04:42:29,b'Conversations with Wei: Deleuze and Guattari are like the mausoleums of writing...so much cryptic.'
578277014475530240,2015-03-18 19:29:18,b'Fifth screening of Cultural Classics beginning presently! Fitzcarraldo!'
575804555918704640,2015-03-11 23:44:38,b'I am at once delighted and horrified that I am allowed to walk into the library and walk out with a Hogarth collection printed in 1800.'
575462603394129920,2015-03-11 01:05:50,"b'@JanzenBrycen d\'Urk\'s Original Back Story; Or, Why I need Arnold Accent. ""d\'Urk happy, then d\'Urk sad...now d\'Urk here!""'"
573933118798884864,2015-03-06 19:48:13,"b""So I'm reading through 'New Essays on Billy Budd'...am not shocked that the introduction goes through all of Melville's works except Pierre."""
573873710052024321,2015-03-06 15:52:09,"b""@JanzenBrycen @JesseDorey15 @jamespuntillo @RaeDeeRae Did ya read my character bio? He he, d'Urk has a moving tale."""
571472567455903746,2015-02-28 00:50:52,b'Thank you @JanzenBrycen @RaeDeeRae @kalinsmith for coming to see me do stuff! Great support! (And I think I heard someone laughing too!)'
571471915971428352,2015-02-28 00:48:16,b'@JesseDorey15 It did thanks!'
570694889412923393,2015-02-25 21:20:39,"b'@JanzenBrycen Not sure if they are spiritual autobios, but Elizabeth Thomas and Mary Montagu wrote some neat ones from 18thC.'"
570058905491017728,2015-02-24 03:13:28,"b""@JesseDorey15 @ElizabethIda92 I don't have a membership either, crap. Library archivist here we go. It'd be quiet enough too!"""
570045281208803328,2015-02-24 02:19:20,"b""I can finally close the Pierre tabs on my web browser. It's the end of an era."""
568589187672379392,2015-02-20 01:53:20,"b""Day 172 of grad school: I've suddenly realized I cannot into grammar."""
568090956265865219,2015-02-18 16:53:33,b'Dreams in which you critique literature are weird.'
566695701397389312,2015-02-14 20:29:18,"b'""Rather, \xe2\x80\x9cFifty Shades of Grey\xe2\x80\x9d is the kind of book that Madame Bovary would read."" Thanks for the chuckle, Mr. Lane. http://t.co/MAE5WKxVAQ'"
566432258056544256,2015-02-14 03:02:28,b'@RaeDeeRae https://t.co/lUWeRpohK0 animal Phoenix wright.'
566309632533348353,2015-02-13 18:55:12,"b""@JanzenBrycen Anne's ghost in shell is still happening. 3:30pm blah blah, if you will be on campus?"""
566309362101407745,2015-02-13 18:54:08,"b""@RaeDeeRae @kalinsmith @alexbucik @yenqhong @beaucadeau @JesseDorey15 I'm still up for it."""
565607283452047361,2015-02-11 20:24:19,b'Cultural classics #3 coming up! The Ghost and Mr. Chicken!'
565364350626848770,2015-02-11 04:18:59,"b""I just found J.J. Grandville... I'll be secretly wondering what kind of animals you all are for the next while.. http://t.co/zT0mMydDHf"""
564905167527882752,2015-02-09 21:54:22,"b'@RaeDeeRae @jmdesch @ElizabethIda92 @alexbucik @beaucadeau @kalinsmith @jamespuntillo @yenqhong yep, sounds fun.'"
564223032487444481,2015-02-08 00:43:48,"b'Hehe, so meta. http://t.co/CQCceMCfRN'"
564221366686474240,2015-02-08 00:37:11,"b'Lol, this is what has academia done to us :/ \nhttp://t.co/YLMInuZXvG'"
563581635053256704,2015-02-06 06:15:07,"b""It's the 330th anniversary of James II's ascension to the throne! Thanks for precipitating that Glorious Revolution, man."""
563154095411048450,2015-02-05 01:56:13,"b'@JwowShamwow @ElizabethIda92 @JesseDorey15 well, now you can impress him with trivia!'"
563135859709710340,2015-02-05 00:43:46,b'Thanks for coming out to see Swing Time everyone! Now I can associate Cultural Classics with Fred Astaire and Ginger Rogers!'
563071598174162944,2015-02-04 20:28:25,b'Second Cultural Classics screening is starting in a few minutes! We are watching Swing Time!'
562296024463847424,2015-02-02 17:06:33,"b'@twasmegan Cool project! Thoughts: Rape of the Lock (1712), Pamela (1740), Bow Street Runners established (1742), Betsy Thoughtless (1751)'"
562289792134950912,2015-02-02 16:41:47,b'@sakal_froese Completely justified.'
560611884194623488,2015-01-29 01:34:23,"b""@JanzenBrycen You're welcome! Thank YOU for not buying an early modern text :P"""
560480172944916481,2015-01-28 16:51:01,"b""Want to engage with English critical theory in a simpler way? JS Froese's http://t.co/uO9Rh8DIdo has Mac grad students do that. @mcmasterhum"""
560478876074516481,2015-01-28 16:45:51,"b'#BellLetsTalk ""There is infinite nonsense in the world on all of these matters; hence blame me not if I contribute my mite."" ~Pierre'"
560477459096043520,2015-01-28 16:40:14,"b'Quotes for #BellLetsTalk from smarter people: ""The mind is its own place and in itself, can make a Heaven of Hell, a Hell of Heaven"" ~PL'"
558084152055316480,2015-01-22 02:10:05,"b""Very successful movie night everyone! Thanks for coming out and watching 2001:A Space Odyssey! We'll be viewing Swing Time on Feb. 4th!"""
557672181455654912,2015-01-20 22:53:03,"b'@JanzenBrycen Uh, I meant that my ways have no errors.'"
557672079936737281,2015-01-20 22:52:39,b'@JanzenBrycen My errors have no ways.'
557666404707889155,2015-01-20 22:30:06,"b""The department just gave me a new office-mate! The only catch is that he's an early modernist.. take your colleague and leave @JanzenBrycen"""
556654687689383936,2015-01-18 03:29:54,b'@yenqhong @jamespuntillo @ElizabethIda92 @JesseDorey15 @postmodern_star @jmdesch @JanzenBrycen should be safe bet. Space Odyssey is 2h28m.'
556649469555769344,2015-01-18 03:09:10,"b'@jamespuntillo @yenqhong @ElizabethIda92 @beaucadeau @JesseDorey15 @postmodern_star @jmdesch @JanzenBrycen sounds great, me too!'"
553352119370018816,2015-01-09 00:46:40,"b""@RaeDeeRae Cool! It's Feb. 27th on the York campus, and that's all I know for now. I'll spill more info once I get it."""
553341091274297345,2015-01-09 00:02:51,"b""Woohoo! York's Imagined Worlds symposium accepted my paper for presentation! Gonna talk about Pokemon to a whole lot of unsuspecting people."""
553060867299090432,2015-01-08 05:29:20,"b'So excited to be able to do my little movie screening project! ""Cultural Classics"" is actual just a front to watch movies at school, hehe.'"
550513898781437952,2015-01-01 04:48:36,"b""With the right amount of ambiguity, some pretty impossible stuff can occur tonight. I'm going to take a shower that goes from 2014 to 2015!"""
547972447912595456,2014-12-25 04:29:47,"b'I thought of this during essay week, then I spent way too much time drawing the circles... Merry Christmas everyone! http://t.co/l1TQvaOuhx'"
547583628176535553,2014-12-24 02:44:45,b'@HouAreYou123 So...there are three deer in the school gated garden thing. Nice.'
547583386219741184,2014-12-24 02:43:47,b'http://t.co/GcYysDJpuK'
546312804475879425,2014-12-20 14:34:57,"b'I take back everything bad I said about being a TA - I love my students! One of them complimented me as a ""great TA""! Gotta love validation.'"
544402383359737856,2014-12-15 08:03:37,"b""Oh the sweet, sweet release of being done another final paper. See ya later sci fi, I wish you were year long D':"""
544032049649426432,2014-12-14 07:32:02,b'@JesseDorey15 @yenqhong Preach!'
544031548576894976,2014-12-14 07:30:03,"b'Man, never realized the disjointed narration in (some parts of) the Friends pilot... So different from all the following episodes.'"
543610672375169024,2014-12-13 03:37:38,"b""'Just 100 more words and then I can go home'...an hour and 2 pages and later: 'just a bit more wouldn't hurt'"""
543607389048807425,2014-12-13 03:24:35,b'Disagreeing with actual academics in an essay feels like stepping through broken eggshells.'
543087977518616577,2014-12-11 17:00:38,"b""@surbhibhangu Hey Surbhi! I'm a bit concerned that Twitter already knows who I am well enough to do that, but I guess I'll accept it."""
542865843785564161,2014-12-11 02:17:57,b'#TwitchPlaysPokemon (red) chat logs are literally taking 2m to load onto notepad. Resizing the window? Another min  @JanzenBrycen @RaeDeeRae'
542864621204684800,2014-12-11 02:13:06,"b'If anyone was wondering if there are chat logs for #TwitchPlaysPokemon  (Red), there are. Here: https://t.co/A055pFS64t Good luck sorting.'"
542432613445550080,2014-12-09 21:36:27,b'18th century naming conventions: http://t.co/eZLlkC1NAg #18thcentury @JanzenBrycen'
542150796797038592,2014-12-09 02:56:37,b'@jamespuntillo @JesseDorey15 @ElizabethIda92 You have to return it! Now someone else can start their trip through the Badlands +my own notes'
542137168869986304,2014-12-09 02:02:28,b'Just returned Badlands. The journey is finally over. @ElizabethIda92 @JesseDorey15 @jamespuntillo'
541713742535598080,2014-12-07 21:59:55,b'I guess it was a rookie mistake to turn on mobile notifications without setting limits on what sends me texts.'
541707127799431168,2014-12-07 21:33:38,"b""@ElizabethIda92 @jamespuntillo @yenqhong @beaucadeau @JesseDorey15 @jmdesch Let's just say I'll try."""
541340034285436928,2014-12-06 21:14:56,"b'As a part of my Secret Santa gift to David, I set him up an official #DavidNeedsTwitter account!'"
