id,created_at,text
967032622378635264,2018-02-23 13:45:18,"b'RT @pepisoler: @miguelETSIAMAlb @FECYT_Ciencia @EtsiamAb @uclm_es Adem\xc3\xa1s, en dicho proyecto, estudiaremos qu\xc3\xa9 les ocurre a las c\xc3\xa9lulas cuan\xe2\x80\xa6'"
966805009815035904,2018-02-22 22:40:51,b'S\xc3\xb3lo s\xc3\xa9 que no s\xc3\xa9 nada... #motivaci\xc3\xb3n #todoloquequeda #cienciaqu\xc3\xa9bellaeres #espermatozoidesconlosrulospuestos https://t.co/MkGWuickNT'
966760182935117824,2018-02-22 19:42:43,b'RT @ChristianGortaz: As\xc3\xad no avanzamos hacia una financiaci\xc3\xb3n de ciencia  a la altura de Europa. Claro que a\xc3\xban es peor si uno sufre las pol\xc3\xad\xe2\x80\xa6'
966278402851459073,2018-02-21 11:48:18,"b'RT @miguelETSIAMAlb: En Naturaliza-T vamos a utilizar c\xc3\xa1maras t\xc3\xa9rmicas, multiespectrales, laser esc\xc3\xa1ner 3D y drones para entender c\xc3\xb3mo nos\xe2\x80\xa6'"
966227199106961408,2018-02-21 08:24:50,b'Tiene 32 a\xc3\xb1os y tiene en sus manos convertir CRISPR en una verdadera revoluci\xc3\xb3n: te presentamos a Rachel Haurwitz\xe2\x80\xa6 https://t.co/5Xs6ipOeNo'
966225188181495809,2018-02-21 08:16:51,"b'RT @GardeJulian: @Albert_Rivera El pacto nacional x la educaci\xc3\xb3n es necesario. No obstante, creo q esta a\xc3\xban muy lejos. Sin embargo, un pact\xe2\x80\xa6'"
966005450150989824,2018-02-20 17:43:41,"b'RT @jacastellanosl: Entrevista hoy en @TribunaAlbacete a @AntonioMasAB, director del @cribuclm: \xe2\x80\x9csomos la tercera comunidad aut\xc3\xb3noma que me\xe2\x80\xa6'"
965925963749052418,2018-02-20 12:27:50,b'RT @uclm_es: La @uclm_es es la novena universidad espa\xc3\xb1ola m\xc3\xa1s influyente en redes sociales seg\xc3\xban el \xc3\xadndice @klout de universidades y centr\xe2\x80\xa6'
965564128759869441,2018-02-19 12:30:02,b'RT @GardeJulian: .@uclm_es @educajccm Si quieres participar este a\xc3\xb1o desde cualquier parte de \xf0\x9f\x87\xaa\xf0\x9f\x87\xb8 en #CCV de @FECYT_Ciencia y @educaciongob\xe2\x80\xa6'
964755811229732864,2018-02-17 06:58:04,b'RT @GardeJulian: .@uclm_es @educajccm solo 13 universidades participar\xc3\xa1n este a\xc3\xb1o en campus cient\xc3\xadficos de verano de @FECYT_Ciencia Entre e\xe2\x80\xa6'
964550665065451522,2018-02-16 17:22:53,b'RT @Enclmdiario: #\xc3\x9altimaHora\nEl Gobierno de la #UCLM aprueba sin votos en contra la Estrategia 2020 y el mapa de titulaciones\n\nhttps://t.co\xe2\x80\xa6'
964488312084889602,2018-02-16 13:15:07,b'RT @materia_ciencia: Una inmunoterapia con virus del resfriado frena al c\xc3\xa1ncer cerebral m\xc3\xa1s letal https://t.co/acpuGWiaaV'
964203385720320001,2018-02-15 18:22:55,"b'RT @11defebreroES: La cient\xc3\xadfica Margarita Salas, sobre los recortes en investigaci\xc3\xb3n: ""Empleamos esfuerzo y dinero en formar a los j\xc3\xb3venes\xe2\x80\xa6'"
964202994446159872,2018-02-15 18:21:22,"b'RT @InvestigaCMM: Hoy, #D\xc3\xadaInternacionalNi\xc3\xb1oconC\xc3\xa1ncer, es momento para recordar la importancia de la investigaci\xc3\xb3n para avanzar en el trata\xe2\x80\xa6'"
963847313126019073,2018-02-14 18:48:01,b'RT @Rubenro30: Creo que nadie sabe mejor las necesidades de la Universidad que la propia Universidad. La UCLM ha propuesto un Plan de Estra\xe2\x80\xa6'
963080260463091712,2018-02-12 16:00:01,b'RT @pepisoler: Este proyecto busca resolver el problema de exposici\xc3\xb3n al plomo en la ganader\xc3\xada en el Valle de Alcudia y Sierra Madrona medi\xe2\x80\xa6'
962945934996004866,2018-02-12 07:06:16,b'RT @ONU_es: \xc2\xa1El cielo es el l\xc3\xadmite!\nPersigue tus sue\xc3\xb1os y convi\xc3\xa9rtelos en realidad.\n\nD\xc3\xada de la Mujer y la Ni\xc3\xb1a en la Ciencia.\n#EligeLaCienc\xe2\x80\xa6'
962583410756767744,2018-02-11 07:05:43,b'RT @GardeJulian: .@uclm_es Seguimos con programaci\xc3\xb3n del @11defebreroES Ma\xc3\xb1ana @CMM_es pone en marcha en radio \xe2\x80\x9cInvestiga q no es poco\xe2\x80\x9d lid\xe2\x80\xa6'
962085930772451328,2018-02-09 22:08:55,"b'RT @EscuderoRoman: Este domingo a las 9 h. comienza en #CMMRadio, \xe2\x80\x9cInvestiga, que no es poco\xe2\x80\x9d, gracias a @CMM_es y @UCLM_es\nY lo hacemos en\xe2\x80\xa6'"
961360717655011328,2018-02-07 22:07:10,b'RT @miguelETSIAMAlb: Un placer que se difunda nuestra investigaci\xc3\xb3n en @A3Noticias y @OndaCero_es. La @uclm_es es top y los recursos se emp\xe2\x80\xa6'
959706441010614272,2018-02-03 08:33:40,"b'RT @GardeJulian: .@uclm_es Conferencia \xe2\x80\x9cMujer, Ciencia y Deporte de \xc3\xa9lite\xe2\x80\x9d en Talavera de la Reina https://t.co/jg10z6e4Tl'"
959152011634794496,2018-02-01 19:50:34,b'As\xc3\xad visibilizar\xc3\xa1 la UCLM el trabajo de las cient\xc3\xadficas el #11F https://t.co/wjzULZGpzS v\xc3\xada @eldiarioclm'
958643285043621888,2018-01-31 10:09:04,b'RT @GardeJulian: .@uclm_es Al fin el programa de actos para el @11defebreroES Ten\xc3\xa9is tb bases de II ed. concurso fotogr\xc3\xa1fico \xe2\x80\x9cMujer y Cienc\xe2\x80\xa6'
958417919658119169,2018-01-30 19:13:33,b'RT @uclm_es: La @uclm_es se suma al D\xc3\xada Internacional de la Mujer en la Ciencia para reivindicar el papel de este colectivo en la actividad\xe2\x80\xa6'
958417801852702720,2018-01-30 19:13:05,"b'RT @uclm_es: ""No hay camino para la paz: la paz es el camino"". Nos sumamos al #D\xc3\xadaDeLaPaz, una jornada dedicada a fomentar la educaci\xc3\xb3n no\xe2\x80\xa6'"
954772349353627648,2018-01-20 17:47:21,"b'RT @GardeJulian: .@uclm_es A partir del 1 de abril puedes inscribirte en el t\xc3\xadtulo propio de UCLM: \xe2\x80\x9cBiotecnolog\xc3\xadas reproductivas en rat\xc3\xb3n\xe2\x80\x9d,\xe2\x80\xa6'"
952884649046560768,2018-01-15 12:46:18,b'RT @GardeJulian: .@uclm_es Estamos cerrando el programa institucional de @11defebreroES Pronto lo tendr\xc3\xa9is. Os avanzo: 2a ed. concurso foto\xe2\x80\xa6'
951377278805651456,2018-01-11 08:56:33,"b'RT @IREC_CSIC_UCLM: Este viernes a las 14:00 en el @IREC_CSIC_UCLM , Dibesh Karmacharya impartir\xc3\xa1  la charla ""Association between genetic d\xe2\x80\xa6'"
951165342629466113,2018-01-10 18:54:24,b'RT @GardeJulian: @jacastellanosl @uclm_es Interesante noticia nacional hoy v\xc3\xada @elmundoes sobre lugar q ocupan universidades espa\xc3\xb1olas x di\xe2\x80\xa6'
950661497998467072,2018-01-09 09:32:18,"b'RT @GardeJulian: @juananjuanan11 @uclm_es Como llevamos tiempo diciendo, convocatoria de contratos predoctorales-UCLM para 2018 es una de l\xe2\x80\xa6'"
948618074055495684,2018-01-03 18:12:27,b'Estos 7 capitales no son peque\xc3\xb1as maravillas... \nGracias\nPlan estatal de Investigaci\xc3\xb3n cient\xc3\xadfica y T\xc3\xa9cnica y de In\xe2\x80\xa6 https://t.co/A53rG08L3z'
948613072188510209,2018-01-03 17:52:35,b'RT @GardeJulian: .@uclm_es @CrueUniversidad @DPE_CSIC @AgEInves Ya est\xc3\xa1 disponible versi\xc3\xb3n plan estatal I+D+i 2017-2020 https://t.co/xXRIqd\xe2\x80\xa6'
948291789232005120,2018-01-02 20:35:55,"b'RT @GardeJulian: @FECYT_Ciencia .@uclm_es @UCLMeid @ViceCuencaUCLM Los q est\xc3\xa9is interesados en #Famelab 2018, a\xc3\xban est\xc3\xa1is a tiempo: hay hast\xe2\x80\xa6'"
945749811072028673,2017-12-26 20:15:00,b'RT @GardeJulian: Feliz Navidad a tod@s integrantes de nuestra gran comunidad universitaria: la @uclm_es y tb a tod@s cuidadan@s de #CLM.\xe2\x80\xa6'
943194724353167360,2017-12-19 19:02:00,b'RT @GardeJulian: @HumanidadesTO @gobjccm @uclm_es @RebecaRubioR @DelegacionH @CECLM_UCLM @ma_collado @Bazaola @jacastellanosl @GuadamillasG\xe2\x80\xa6'
942448472732598272,2017-12-17 17:36:40,b'Para qu\xc3\xa9 sirve invertir en ciencia | Ciencia | EL PA\xc3\x8dS https://t.co/aZwSJuDd6c'
941053693503393792,2017-12-13 21:14:19,"b'RT @CientificoenEsp: \xc2\xa1Completamente de acuerdo! A ver si los pol\xc3\xadticos responsables de la ciencia en Espa\xc3\xb1a toman nota.\n...\nOh, wait... htt\xe2\x80\xa6'"
941018176392978432,2017-12-13 18:53:11,b'RT @GardeJulian: I \xe2\x9d\xa4\xef\xb8\x8f #Ni\xc3\xb1asenlaciencia. Por un mundo con m\xc3\xa1s mujeres cientificas #DescubreConEllas \xc2\xa1Descubre m\xc3\xa1s en loreal_es! https://t.c\xe2\x80\xa6'
938900362962055168,2017-12-07 22:37:45,b'Una nueva t\xc3\xa9cnica edita el genoma sin tocar los genes | Ciencia | EL PA\xc3\x8dS https://t.co/a3pnG0fVsF'
938897834732146688,2017-12-07 22:27:42,"b'RT @LaurelCoons: Bruce The Rugby-Playing Sheep Head-Butts The Ball During Warm-Up Drills:\n\nBruce (lives in Rotorua, New Zealand) has been p\xe2\x80\xa6'"
934530348750340097,2017-11-25 21:12:52,b'RT @EPCLM: @uclm_es aboga por un pacto regional que blinde la asignaci\xc3\xb3n presupuestaria a I+D+i https://t.co/5rhusOoZMk https://t.co/jy39V9\xe2\x80\xa6'
934354318584631296,2017-11-25 09:33:23,b'RT @uclm_es: La Fundaci\xc3\xb3n Compromiso y Transparencia sit\xc3\xbaa a la @uclm_es entre las siete universidades p\xc3\xbablicas m\xc3\xa1s transparentes de Espa\xc3\xb1a\xe2\x80\xa6'
933450552343703553,2017-11-22 21:42:09,b'RT @tuslances: El @IREC_CSIC_UCLM avisa de que se acaba el tiempo para evitar la extinci\xc3\xb3n de la #perdiz roja: https://t.co/IybVDXNXCh http\xe2\x80\xa6'
932681693508526082,2017-11-20 18:46:58,b'El\xe2\x9d\xa4\xef\xb8\x8f\xe2\x9d\xa4\xef\xb8\x8f\xe2\x9d\xa4\xef\xb8\x8fes su color... @UCLM. Por una Universidad p\xc3\xbablica adecuadamente financiada. Martes 21 de noviembre a las 12\xe2\x80\xa6 https://t.co/nV7poNfCfZ'
932618532751314945,2017-11-20 14:36:00,b'RT @pepisoler: @uclm_es @ShanghaiRanking \xc2\xbfPodr\xc3\xa1 la @uclm_es situarse en estos rankings en los pr\xc3\xb3ximos a\xc3\xb1os con una financiaci\xc3\xb3n insuficien\xe2\x80\xa6'
932171317352321024,2017-11-19 08:58:55,b'RT @robertopiojo: Carta abierta de Asier Ma\xc3\xb1as (representante de alumnos de doctorado de la UCLM) sobre la delicada situaci\xc3\xb3n econ\xc3\xb3mica de\xe2\x80\xa6'
932024599008743425,2017-11-18 23:15:55,b'RT @miguelETSIAMAlb: Cifras claras y rotundas. CLM necesita hacer crecer su I+D+i o nos quedamos a\xc3\xban m\xc3\xa1s atr\xc3\xa1s. Estas fuentes no dan pie a\xe2\x80\xa6'
931965150835429376,2017-11-18 19:19:41,b'RT @GardeJulian: @eldiarioclm @uclm_es 3 par\xc3\xa1metros importantes q avalan q la financiaci\xc3\xb3n de I+D+i en clm deba estar regulada x ley https:\xe2\x80\xa6'
931520569258008576,2017-11-17 13:53:05,b'RT @CMM_noticias: NOTICIA | El Consejo de Estudiantes @uclm_es anuncia movilizaciones para el pr\xc3\xb3ximo 21 de noviembre si la universidad no\xe2\x80\xa6'
931166081288425472,2017-11-16 14:24:28,"b'RT @BerrugaIsa: Sin formaci\xc3\xb3n de calidad para nuestros futuros m\xc3\xa9dicos, ingenieros, maestros, ....Sin investigaci\xc3\xb3n para curar enfermedades\xe2\x80\xa6'"
930915625685409792,2017-11-15 21:49:15,b'RT @EtsiamAb: Sin educaci\xc3\xb3n universitaria estamos condenados a ser\nciudadanos de 3\xc2\xaa. La educaci\xc3\xb3n es un elemento clave de justicia social.\xe2\x80\xa6'
930915061819936769,2017-11-15 21:47:00,b'RT @ma_collado: La @uclm_es se debe a la ciudadan\xc3\xada de Castilla-La Mancha. Hoy hemos querido trasladar a los castellano-manchegos la situac\xe2\x80\xa6'
930544865666093057,2017-11-14 21:15:59,"b'RT @miguelETSIAMAlb: Qu\xc3\xa9 gana la @gobjccm maltratando a la @uclm_es ?, a l@s chic@s que han elegido nuestra Universidad. A la Universidad d\xe2\x80\xa6'"
930529744319385602,2017-11-14 20:15:54,b'RT @uclm_es: La @uclm_es se ver\xc3\xa1 abocada a un ajuste de 20 millones de euros en 2018 para adecuar su actividad a la financiaci\xc3\xb3n auton\xc3\xb3mica\xe2\x80\xa6'
927657465730289664,2017-11-06 22:02:29,"b'RT @IREC_CSIC_UCLM: La UCLM, entre las 50 mejores universidades del mundo en el \xc3\xa1rea de ciencias veterinarias https://t.co/3PcxGQFZ6k'"
