id,created_at,text
967628938645155840,2018-02-25 05:14:51,b'Thank you @JayShettyIW https://t.co/VYAF6GiUCg'
966959409732632576,2018-02-23 08:54:23,b'RT @girlposts: woah i was not expecting that! https://t.co/MWO2pLXCt5'
966705454825877504,2018-02-22 16:05:15,b'RT @TomBilyeu: The only gap between having the knowledge and doing something with it is the courage to act. https://t.co/xDXasMWCpt'
966483012564086785,2018-02-22 01:21:21,"b""The truth I've been denying https://t.co/YbXEqNMvaN"""
966317188566024197,2018-02-21 14:22:25,b'Rise above. Focus on science. https://t.co/rqgBTrcFcz'
