id,created_at,text
970640237377368064,2018-03-05 12:40:40,b'RT @theMJA: Characteristics of people attending psychiatric clinics in inner Sydney homeless hostels ... research #openaccess permanently .\xe2\x80\xa6'
969942803839987712,2018-03-03 14:29:19,b'RT @JAMAPsych: Epidemiology of Adult DSM-5 Major Depressive Disorder and Its Specifiers https://t.co/j0KenmrpXn'
969679973421207552,2018-03-02 21:04:56,"b'RT @shuichi_suetani: Echoes of notorious lunatic asylum continue today for mental health patients, researcher says https://t.co/MuYipDT03I\xe2\x80\xa6'"
969358536789512192,2018-03-01 23:47:39,b'RT @TheLancet: Health and wellbeing of #Indigenous adolescents in #Australia: a systematic synthesis of population data https://t.co/7vo2aZ\xe2\x80\xa6'
969357601744986112,2018-03-01 23:43:56,"b'RT @JAMAPsych: For the first time to date, a study shows a polygenic-risk gradient across #schizophrenia and #bipolardisorder, indexed by t\xe2\x80\xa6'"
968082089684844547,2018-02-26 11:15:30,"b'Another stimulating day at  #WPATC18, with @ssaxenageneva @PCollins_gmh and Vikram Patel discussing the fundamental\xe2\x80\xa6 https://t.co/vyBWV0pkWP'"
