id,created_at,text
961343942380765184,2018-02-07 21:00:31,b'https://t.co/UHZQfzytKk \nFound the tweet/ article. @jessieraemartin'
956315184896786432,2018-01-24 23:58:02,b'Thank you for allowing me to take your time and responding to my questions tonight. I hope to learn and potentially\xe2\x80\xa6 https://t.co/FQw1yiKfA1'
956311392201490432,2018-01-24 23:42:57,b'@drlisadcook I noticed that you do not require any research sample in the application. Would it be okay to submit one anyway? #askdrlisa'
956307318815170567,2018-01-24 23:26:46,b'@drlisadcook Did the research that you worked on regarding mortality and distinctively black names start from one o\xe2\x80\xa6 https://t.co/atTctzyWiv'
956304999079821312,2018-01-24 23:17:33,"b'Are the research papers produced a collaboration between a group of students and professors, or are they individual\xe2\x80\xa6 https://t.co/InrTdAaWKc'"
956302776866230272,2018-01-24 23:08:43,"b'@drlisadcook Hi Dr.Cook, Kaleb Javier from Central Washington University. I saw that the summer school has research\xe2\x80\xa6 https://t.co/wYRTzMTyox'"
956301731293376512,2018-01-24 23:04:34,"b'Hi Dr.Cook, Kaleb Javier from Central Washington University. I saw that the summer school has research planned two\xe2\x80\xa6 https://t.co/wrP6d6Ttks'"
647927711839596545,2015-09-27 00:16:19,"b'@FitbitSupport  Hi Fitbit Support, I lost my charger for my Fitbit  Charge HR on vacation. How do I get a replacement?'"
609180846893871104,2015-06-12 02:10:06,b'@GodsofSkyforge Do you guys need any economists at your work by chance??'
608813879309639680,2015-06-11 01:51:54,b'@GodsofSkyforge What time tomorrow will the survey beta key winners be announced?'
608653433902497795,2015-06-10 15:14:21,b'@GodsofSkyforge My work ethic is dwindling for Finals week as I read more about Skyforge'
