id,created_at,text
969740110920060928,2018-03-03 01:03:54,b'RT @erikissi: Solidstate Friday!!! @PSSRCNews @THzCambridge @KLoebmann @ThomasRades @jayamishra89 @JTRantanen @mullertz https://t.co/qbJ6Nf\xe2\x80\xa6'
858686530818371584,2017-04-30 14:16:37,"b""RT @TheEllenShow: If only Bradley's arm was longer. Best photo ever. #oscars http://t.co/C9U5NOtGap"""
855028010663194624,2017-04-20 11:58:58,b'RT @jayamishra89: @priyankachopra you are such a sweetheart! Taking time out to pose for for everyone.. made my day..thank you beautiful #t\xe2\x80\xa6'
854087081462771712,2017-04-17 21:40:03,b'@GordonRamsay @GordonRamsay you not getting back to me :( are you jealous how nice my aalu paratha look here!'
854065892203929600,2017-04-17 20:15:51,b'@priyankachopra you are such a sweetheart! Taking time out to pose for for everyone.. made my day..thank you beauti\xe2\x80\xa6 https://t.co/EUFAyaY0QS'
854055273446739969,2017-04-17 19:33:39,b'@GordonRamsay @GordonRamsay would love to know your feedback! Thanks'
854048866227937280,2017-04-17 19:08:11,"b""@iamsrk you're indeed the most humble star out there! Thanks for taking time out for this pic #throwback #Budapest https://t.co/aFp8bljy7W"""
854042999755558914,2017-04-17 18:44:53,b'@GordonRamsay how do you like my Aalu paratha #myfirstTweet #indianfood https://t.co/XCM8DiMnnL'
