id,created_at,text
970667766905802752,2018-03-05 14:30:04,b'#donespelmediambient junts/es aconseguirem un mon millor. https://t.co/uvV4BMWP7F'
970331423306665985,2018-03-04 16:13:33,b'RT @EFEverde: Estudian con GPS localizaci\xc3\xb3n de #aves marinas para ver interacci\xc3\xb3n con pesqueros https://t.co/5DS3OfWiZL https://t.co/IX4cPo\xe2\x80\xa6'
970275965183184896,2018-03-04 12:33:11,"b'RT @MedioAmbAND: Conoce a los nudibranquios, peque\xc3\xb1os moluscos de la Isla de Tarifa. Conoce las especies existentes y sus nombres cient\xc3\xadfic\xe2\x80\xa6'"
969475524002271234,2018-03-02 07:32:31,b'RT @UniofExeterNews: First evidence that marine top predators are exposed to #microplastics via their prey #ExeterMarine https://t.co/Bj5zA\xe2\x80\xa6'
969475026650107905,2018-03-02 07:30:32,b'RT @Fundacion_Polar: #TalDiaComoHoy de 1983 comenzaba la Primera Expedici\xc3\xb3n Cient\xc3\xadfica Espa\xc3\xb1ola a la Ant\xc3\xa1rtida a bordo de la goleta Idus de\xe2\x80\xa6'
968993187766431744,2018-02-28 23:35:53,"b""@jjkiszka Let's be optimistics!! A better world is possible. #OceanOptimism"""
968901448284205056,2018-02-28 17:31:21,b'I am a conservation optimist #OceanOptimism #conservationoptimism #sharkconservation \nhttps://t.co/15Nl1JExbn'
968526150799589376,2018-02-27 16:40:03,b'RT @barbosaandres: R\xc3\xados de hielo fluctuantes | Blog Somos Ant\xc3\xa1rtida | EL PA\xc3\x8dS https://t.co/0PghJDrMOs'
968379179950424064,2018-02-27 06:56:02,b'Good morning #wildlife #antarctica #LivingstonIsland #elephantseal https://t.co/KqiwlRq4wh'
968286598696599552,2018-02-27 00:48:09,"b'RT @pewenvironment: Antarctic icebreakers are creating ""whale highways""-and opportunities for cutting edge science by Pew marine fellow Reg\xe2\x80\xa6'"
968285030454788096,2018-02-27 00:41:55,"b""RT @Antarctic_news: Antarctica's king penguins 'could disappear' by the end of the century\n\nhttps://t.co/tlHzZxWwRS"""
968283677221322752,2018-02-27 00:36:33,b'Tracking data reveal the secret lives of marine animals #movementecology #wildlife #sea #ocean #biology https://t.co/6knuYmzEtv'
968085397040435200,2018-02-26 11:28:39,"b""RT @JosePGranadeiro: Migratory destinations of individual Cory's shearwaters are not strongly influenced by wind conditions at the start of\xe2\x80\xa6"""
968084575720222722,2018-02-26 11:25:23,b'RT @AgEInves: A las 12 se realiza en el @mineco_gob el Acto de Presentaci\xc3\xb3n del Sello Conmemorativo XX Aniversario Protocolo Tratado Ant\xc3\xa1rt\xe2\x80\xa6'
968084265777942528,2018-02-26 11:24:09,"b'RT @Airam_Rguez: Muy buen art\xc3\xadculo de Jaime Almansa S\xc3\xa1nchez ""Pagar por publicar no es la soluci\xc3\xb3n"" \n #openaccess @teknautas https://t.co/Qn\xe2\x80\xa6'"
967361223254822912,2018-02-24 11:31:02,b'RT @BAS_Jobs: Ever wondered what being a diver at our Rothera Research Station involves? Find out here: https://t.co/B1Pvck7Oj7 @DiveMagazi\xe2\x80\xa6'
967191858165239808,2018-02-24 00:18:03,"b""RT @frod_san: Spain pays 25 M\xe2\x82\xac each year to Elsevier (https://t.co/JclSQINrqI). That's *twice* the money we spend on supporting JdC postdoc\xe2\x80\xa6"""
967190417908301824,2018-02-24 00:12:19,b'RT @Morigenos_org: Very interesting article that is worth a read! Marine mammals forge strong social bonds with other species. A... https:/\xe2\x80\xa6'
967001479683899393,2018-02-23 11:41:33,b'RT @UCSBenioffOcean: Groundbreaking study by @GlobalFishWatch and research partners reveals for the first time when and where fishing occur\xe2\x80\xa6'
967001096081301504,2018-02-23 11:40:01,"b'RT @GlobalFishWatch: New @GlobalFishWatch study published in @sciencemagazine, \xe2\x80\x9cTracking the Global Footprint of #Fisheries,\xe2\x80\x9d finds that in\xe2\x80\xa6'"
966800699634921473,2018-02-22 22:23:43,"b'RT @EOWilsonFndtn: To reach Half-Earth, we must protect both the land and seas. Seychelles has moved the goal forward with 2 new MPAs, abou\xe2\x80\xa6'"
966800450661027840,2018-02-22 22:22:44,"b""RT @MJPolito: What do gray seals on Cape Cod eat? Turns out it's a pretty difficult question to answer using stable isotopes.... Congrats t\xe2\x80\xa6"""
966641377252724736,2018-02-22 11:50:38,b'New paper: Contemporary migration of fin whales through the Strait of Gibraltar. @polinskaia_ @ruthesteban\xe2\x80\xa6 https://t.co/mF8FIz7jRc'
966628317603524608,2018-02-22 10:58:44,"b'RT @griffiths_huw: #Antarctic #seals seem to argue a lot! Sometimes it can be brutal, other times they are just play fighting! Either way i\xe2\x80\xa6'"
966461805445943296,2018-02-21 23:57:05,b'RT @cefafalopodo: This morning our last work concerning #flying #squid first #feeding came out in @SciReports! Hatchlings are #detritivores\xe2\x80\xa6'
966382495821426688,2018-02-21 18:41:56,"b'RT @asundelosrios: Four years later......  Our sampling area in Sally rocks lobule (Hurd Glacier, Livingston Island) looks quit different.\xe2\x80\xa6'"
966158048686493696,2018-02-21 03:50:03,b'RT @RosaTristan: Los nuevos peligros del glaciar cercano a la base: la Ant\xc3\xa1rtida tiene menos nieve y m\xc3\xa1s grietas . Lo cuenta desde all\xc3\xad @hi\xe2\x80\xa6'
966156946175938560,2018-02-21 03:45:40,"b'RT @MarineUAS: Hey @DavidKHarbour penguins are cool &amp; all, but if you want to see climate &amp; whale conservation research in Antarctica, we\xe2\x80\x99r\xe2\x80\xa6'"
966009267319967744,2018-02-20 17:58:51,b'RT @BardemAntarctic: Hay personas que lo sacrifican todo para que el resto tengamos un planeta mejor. No les dejemos solos. Ay\xc3\xbadanos a prot\xe2\x80\xa6'
965892476564398081,2018-02-20 10:14:46,b'Missing Antarctic diving #livingstonIsland #XXXICampa\xc3\xb1aAnt\xc3\xa1rticaEspa\xc3\xb1ola #diving #wildlife #Antarctica https://t.co/3Xm7oOVdhB'
965884037196926976,2018-02-20 09:41:14,"b""RT @mediambientcat: Albirades les dues primeres balenes d'aquest any davant de la costa catalana per uns pescadors de Cambrils. Es tracta d\xe2\x80\xa6"""
965875359483879424,2018-02-20 09:06:45,b'Taste and smell in #cetaceans Cutting-edge science done in France and Spain by @CNRS @asociacionanse @Circe_org in\xe2\x80\xa6 https://t.co/h1YABswd8I'
965869190325374976,2018-02-20 08:42:14,b'Do not miss our new publication! Feeding ecology of the common dolphin (Delphinus delphis) in Western Iberian water\xe2\x80\xa6 https://t.co/h4v1elN3Lv'
965714207198056451,2018-02-19 22:26:23,b'RT @nicola_hodgins: Record levels of #whales #dolphins &amp; #porpoises stranded on Irish coastlines in 2017 with #microplastics in EVERY indiv\xe2\x80\xa6'
965714165926191104,2018-02-19 22:26:13,b'RT @inach_gob: Investigadores chilenos reportan elevadas temperaturas en el mar ant\xc3\xa1rtico que se esperaban para 100 a\xc3\xb1os m\xc3\xa1s https://t.co/Z\xe2\x80\xa6'
965712572732370950,2018-02-19 22:19:54,"b'RT @xarxanetorg: ""Alerta que aix\xc3\xb2 enganxa!"" Coneix GROC (@opistobranquis), l\'associaci\xc3\xb3 dedicada als colorits llimacs de mar https://t.co/X\xe2\x80\xa6'"
965712066265960448,2018-02-19 22:17:53,b'RT @inach_gob: Erizos y bivalvos ant\xc3\xa1rticos sufren los da\xc3\xb1os causados por los nanopl\xc3\xa1sticos https://t.co/AUJKmNJlBg @Minrel_Chile @mleppe @\xe2\x80\xa6'
965614859206393860,2018-02-19 15:51:37,"b'RT @griffiths_huw: #Monochrome #Antarctic seafloor #beasties for #MondayMotivation (including some #snails, a #scaphopod and an #octopus fo\xe2\x80\xa6'"
965403305353543681,2018-02-19 01:50:58,"b'RT @Oceana: Dolphins, whales and other marine mammals need your help! Oil interests in Congress are trying to gut the Marine Mammal Protect\xe2\x80\xa6'"
965403008581492737,2018-02-19 01:49:48,b'RT @OurOcean: Look deep into nature and you will understand everything better. \xe2\x80\x94Albert Einstein https://t.co/e5UOqdwtjD'
358190903392874498,2013-07-19 11:45:40,"b'\xc2\xa1Ya somos m\xc3\xa1s de 76.000 para salvar el CSIC! Y t\xc3\xba, \xc2\xbfa qu\xc3\xa9 esperas? Firma en http://t.co/VsWsFrbOvM'"
339324869705605120,2013-05-28 10:18:47,b'El taller estar\xc3\xa1 disponible en cienciatk para ver m\xc3\xa1s tarde? Estoy en el campo y me es imposible visualizarlo. #TallerModelos'
339324653510213632,2013-05-28 10:17:56,b'#TallerModelos'
289825147261698048,2013-01-11 20:04:34,b'RT @WebOryx: Una colonia de ping\xc3\xbcinos recientemente descubierta recibe la primera visita humana http://t.co/9UaWvH2O v\xc3\xada @guardian'
279308416147673088,2012-12-13 19:34:50,b'Ayer en el censo de la playa del P.Nat Do\xc3\xb1ana vimos un grupo de 5 negrones especulados (Melanitta fusca). Una rareza para la zona @ebdonana'
248512112991809537,2012-09-19 20:01:19,b'RT @EcoCet: @Circe_org: Llegamos a Chipiona en la campa\xc3\xb1a de @EcoCet con un avistamiento de #delfines mulares frente a Rota... Ma\xc3\xb1ana ir ...'
230591823951822849,2012-08-01 09:12:29,b'Seguimos con el estudio de los est\xc3\xb3magos para conocer la dieta de los cet\xc3\xa1ceos en Andalucia. http://t.co/sIj7t6tN -- EcoCet (@EcoCet)'
220197909453484032,2012-07-03 16:50:47,b'Rechazada la creaci\xc3\xb3n de un santuario ballenero en el Atl\xc3\xa1ntico Sur: http://t.co/LAJeV7gP'
215838487906234368,2012-06-21 16:08:02,b'Peazo operaci\xc3\xb3n que he hecho en el curso de experimentaci\xc3\xb3n animal!!! http://t.co/YT6DLb2n'
215514839769034752,2012-06-20 18:41:58,"b'Y esta tarde necr\xc3\xb3psia de lechuza, milano negro, buitre leonado, cigue\xc3\xb1a y \xc3\xa1guila calzada el la EBD. http://t.co/L6jgBcYt'"
215475219836583936,2012-06-20 16:04:32,b'Hoy pr\xc3\xa1cticas del curso de experimentaci\xc3\xb3n animal en La Ca\xc3\xb1ada de los p\xc3\xa1jaros sacando sangre a fochas y grajillas. http://t.co/IJUixwP6'
210817173743079425,2012-06-07 19:35:05,b'Neoladrillismo o c\xc3\xb3mo volver a tropezar otra vez en la misma piedra http://t.co/heC7b06z via'
209706512212434946,2012-06-04 18:01:43,"b'RT @letras15M: Quien no conozca Valdevaqueros en Tarifa, esto es lo que quieren urbanizar \xc2\xa1Rabia intensa! #SalvemosValdevaqueros http:// ...'"
209016054268178433,2012-06-02 20:18:07,b'Gran dia de buceo y playa en Tossa!!! http://t.co/sFk4QE9U'
208271580508332033,2012-05-31 18:59:48,b'RT @Alex_Bartoli: Eramos pocos y ...Denuncian la pesca ilegal de at\xc3\xban rojo en aguas espa\xc3\xb1olas por parte de flotas chinas  via @abc_es ht ...'
208270912645107713,2012-05-31 18:57:09,b'Por si alguien no conoce Valdevaqueros. Di NO al pla urban\xc3\xadstico!!! http://t.co/MZxwR8Lz'
207204658853314560,2012-05-28 20:20:15,b'Echando de menos Tarifa y la familia @Circe_org!!! Hoy han visto a los pandas mojados y yo chorreando la gota gorda en Sevilla!! Es injusto!'
207198531826626561,2012-05-28 19:55:55,b'Via PicsArt #picsin #picsart #photography #android http://t.co/JbTOHezQ'
206454507687772160,2012-05-26 18:39:26,b'Batidos en Tarifa con buena compa\xc3\xb1ia!!!! http://t.co/2sBL73Ld'
206370415109603329,2012-05-26 13:05:15,b'Espa\xc3\xb1a agot\xc3\xb3 ayer sus recursos pesqueros propios http://t.co/LL0OlvFg'
206368092341805057,2012-05-26 12:56:03,"b'A vegades ""Andalucia"" fa por!!! Vist a Barbate!!! http://t.co/McfzluCb'"
206151921290059777,2012-05-25 22:37:04,b'Visto en Tarifa!!! Viva Isa!!! http://t.co/7JqLSiYQ'
206099089048350720,2012-05-25 19:07:06,b'Acabemos con la sobrepesca: http://t.co/X6bEJoEx'
205031113725448192,2012-05-22 20:23:21,b'1er dia buscando las #orcas en Barbate. Hoy no se han dejado ver pero ya tenemos muestras de at\xc3\xban rojo http://t.co/kLo6jyvn'
204246540590649345,2012-05-20 16:25:44,b'Las paellas de Pelayo no tienen nada que envidiar a las del Fairy!!! ;) http://t.co/7hBFEHd8'
204198731279630336,2012-05-20 13:15:46,b'Comiendo paella en la romeria de la cruz de mayo de Pelayo!!!!'
201022840160518145,2012-05-11 18:55:54,b'Sin duda esta es la mejor campa\xc3\xb1a en cuanto a avistamientos de #delfines mulares. Hoy avistamiento frente a Matalasca\xc3\xb1as. @EcoCet @Circe_org'
200334084562624513,2012-05-09 21:19:02,b'RT: Seguimos con buena proa. Hoy un grupo de 20 #delfines mulares alimentandose en las bateas de la Antilla (Huelva). @EcoCet y @Circe_org'
200177949050286080,2012-05-09 10:58:36,b'Invasi\xc3\xb3n de mariquitas mientras censamos #aves y #cet\xc3\xa1ceos en el Golfo de #C\xc3\xa1diz. Proyecto @EcoCet y @Circe_org'
199949497164509184,2012-05-08 19:50:49,"b'RT: Dia perfecto. Marsopa, grupo de mulares, 3 biopsias y una puesta de sol preciosa!!! Proyecto @EcoCet y @Circe_org http://t.co/v9W0bZ8u'"
199850165849423874,2012-05-08 13:16:07,"b""RT @irene_amai: R\xc3\xa9cord absolut de captures de marmotes en una setmana: m\xc3\xa9s de 40!! Gaireb\xc3\xa9 la meitat de les capturades l'any passat! :)  ..."""
199849851754774530,2012-05-08 13:14:52,"b'RT @irene_amai: L\'estudi de les marmotes a la web ""Recerca en Acci\xc3\xb3""\nhttp://t.co/i6AGzwhC'"
199634516501999617,2012-05-07 22:59:12,"b'7 Tortugas bobas, 3 marsopas y 10 mulares. Ese es el resumen de la jornada. Otro GRAN dia en el Golfo de C\xc3\xa1diz. -- @EcoCet y @Circe_org'"
199574866465267712,2012-05-07 19:02:10,b'RT @apropios_rne: #LuisaBotella investigadora del CSIC quiere ir a @atrapaunmillon para poder seguir investigando en enfermedades raras. ...'
199253984047935489,2012-05-06 21:47:06,b'Las actividades humanas afectan a los cet\xc3\xa1ceos. Cr\xc3\xada con red alrededor de la boca. Visto en Matalasca\xc3\xb1as Golfo de C\xc3\xa1diz http://t.co/asYTfMTJ'
199197874289000449,2012-05-06 18:04:08,b'Hoy hemos tenido el 3er y 4o avistamiento de #delfines mulares frente a Matalasca\xc3\xb1as!!! Y 5 biopsias para conocer su dieta!! @EcoCet'
198769637129859075,2012-05-05 13:42:29,"b""Encontradas por casualidad dos p\xc3\xa1ginas in\xc3\xa9ditas de 'El principito'  http://t.co/peCPjjQ7"""
198767949010575360,2012-05-05 13:35:46,"b'La biodiversidad de los volcanes de fango del golfo de C\xc3\xa1diz podr\xc3\xada superar las 1000 especies, seg\xc3\xban un estudio del IEO http://t.co/Mjgs3OSR'"
198764846530048000,2012-05-05 13:23:26,"b'RT @Oceana_XPastor: Arrastreros sobrepescan stocks, destruyen el fondo, practican descartes abusivos, despilfarran gasoil subvencionado  ...'"
198764518426411008,2012-05-05 13:22:08,"b'RT @Enric_Sala: Thank you #ocean for the water I drink, the oxygen I breath, and the peace you give me #theblu'"
198763951624962048,2012-05-05 13:19:53,b'El Gobierno impulsa la protecci\xc3\xb3n de cet\xc3\xa1ceos   / Convenci\xc3\xb3n internacional http://t.co/3QsbjlU2 v\xc3\xada @europapress_es'
198763520546979840,2012-05-05 13:18:12,b'Gran noche de ayer en la feria del Puerto!!! http://t.co/yTmnwp1K'
198088877234331648,2012-05-03 16:37:23,b'La primera \xe2\x80\x98levant\xc3\xa1\xe2\x80\x99 de 2012  http://t.co/e8LOzL8r v\xc3\xada @el_pais'
195528506552233984,2012-04-26 15:03:23,"b'RT @EcoCet: Despu\xc3\xa9s de d\xc3\xadas de mal tiempo, ayer tuvimos el 1er avistamiento. Un grupo de unos 25 delfines mulares cerca de Chipiona http ...'"
194839674127269888,2012-04-24 17:26:12,b'Leyendo anillas de Gaviotas picofinas en las Salinas de los Portugueses!! http://t.co/qZ9WYJFp'
194696762248794112,2012-04-24 07:58:20,b'@dvilasgonzalez jeje que va!!! Lo malo es que es para ir a Chipiona!! ;)'
194562819012837377,2012-04-23 23:06:05,b'No cabe ni un alfiler!!! Log\xc3\xadstica tetris de campa\xc3\xb1a!!! http://t.co/4dYWNA3e'
193984748174057472,2012-04-22 08:49:02,"b""Levantarme tranquilamente en el barco, un placer de la vida!!! Ahora a disfrutar de mi 1er domingo en mucho tiempo!!! Pa' la playa!!!"""
193780533858287619,2012-04-21 19:17:34,"b'Mar, aves y playa!!! Solo han faltado los delfines!!! Ahora a descubrir la noche barbate\xc3\xb1a y luego a dormir al barco!!!'"
192994553056346112,2012-04-19 15:14:21,"b'According to a new study, Toothless Whales Use Fat To Listen: http://t.co/GLuGbZ3n (@CetaceanSociety)'"
192993349869899777,2012-04-19 15:09:34,b'Recortes a las reservas marinas http://t.co/Yg8FsbVH'
192754713798778880,2012-04-18 23:21:19,b'Gran noche con la mejor tripulaci\xc3\xb3n que se puede tener!!! Me duelen los mofletes de tanto reir!!!'
192272015019884544,2012-04-17 15:23:15,b'RT @WWFespana: Estrecho de Gibraltar 2\xc2\xaa zona en el mundo en tr\xc3\xa1fico con + 100.000 buques/a\xc3\xb1o. Zona cr\xc3\xadtica de #cet\xc3\xa1ceos. La velocidad de ...'
192269969973723139,2012-04-17 15:15:07,"b""RT @irene_amai: Les marmotes que viuen vora els 1000 metres d'altitud ja s'han llevat! Avui comencem les campanyes de camp 2012 ;) http: ..."""
191761918887858176,2012-04-16 05:36:18,b'RT @Circe_org: Ayer hablamos en el Encuentro de Educaci\xc3\xb3n ambiental Aprender del Medio Ambiente @FundacionMigres http://t.co/kmvlodcU ht ...'
191645536812670977,2012-04-15 21:53:51,b'RT @rubencabus: Diria que @marinadols t\xc3\xa9 una important addicci\xc3\xb3: els retweets xD #confiesalo #tuiterosAn\xc3\xb3nimos'
190854609567367170,2012-04-13 17:31:00,b'En el Estrecho!!!! http://t.co/VjF9LBto'
190844344859754496,2012-04-13 16:50:14,b'Parada obligatoria en la Barcq de Vejer para ver los Ibis eremita http://t.co/2RR3dWUK'
190797954100105218,2012-04-13 13:45:51,"b""Pa' Tarifa!!!!"""
190526593121263617,2012-04-12 19:47:34,b'Haciendo la maleta para la campa\xc3\xb1a!!! Con muchas ganas de volver a navegar por el Golfo de C\xc3\xa1diz!!'
190479109875445760,2012-04-12 16:38:53,"b'No os olvid\xc3\xa9is de seguir a @EcoCet, proyecto del cual formo parte. En la p\xc3\xa1gina de twitter os iremos informando de las noticias del proyecto'"
190001320596488192,2012-04-11 09:00:19,b'Lo + asqueroso del mundo no fu\xc3\xa9 la necr\xc3\xb3psia del cachalote de la semana pasada sino limpiar ayer los pl\xc3\xa1sticos de su est\xc3\xb3mago. Kilos y kilos'
189429662424891393,2012-04-09 19:08:45,b'RT @IEOoceanografia: Emprenden una expedici\xc3\xb3n en el golfo de C\xc3\xa1diz para conocer su biodiversidad utilizando robots submarinos http://t.c ...'
189429130402603009,2012-04-09 19:06:38,b'RT @Circe_org: Mi\xc3\xa9rcoles @Circe_org empieza la expo itinerante del @proyecto_Life sobre el valor de las praderas de Posidonia oceanica h ...'
189427312104706049,2012-04-09 18:59:25,"b'RT @rafagarridov: Si suprimim els ministeris de Sanitat i Educaci\xc3\xb3, que s\xc3\xb3n compet\xc3\xa8ncies transferides a les CCAA, estalviem m\xc3\xa9s de 10.00 ...'"
189105346919403521,2012-04-08 21:40:02,b'Con ganas de empezar la 2a campa\xc3\xb1a en el Golfo de C\xc3\xa1diz!!! Necesito mar para no volverme loco!!!!'
188948651803021312,2012-04-08 11:17:23,"b'""Sayonara Sushi"" L\'haurem de llegir!!! http://t.co/oOTGtkNq'"
188946385972903936,2012-04-08 11:08:23,b'La Justicia chilena avala un megaproyecto de cinco centrales participado por Endesa en la Patagonia. http://t.co/03OYYokf (@el_pais)'
188943013089787904,2012-04-08 10:54:59,b'Una gran idea para todos los que volamos en low cost.   http://t.co/ceREy8UY'
188587693339447296,2012-04-07 11:23:04,b'Satirical map of the future of Europe!!!  http://t.co/zWxHso3B'
188413521636241408,2012-04-06 23:51:00,b'As\xc3\xad se vive la Semana Santa en Sevilla http://t.co/Deh1T7gE'
186556840463704064,2012-04-01 20:53:11,b'En Sevilla de nuevo!! Gran ECS y gran ruta por Irlanda!!! Ahora toca vivir la Semana Santa en Sevilla!!!'
186029197888720896,2012-03-31 09:56:32,b'Me encanta Irlanda!!! Despu\xc3\xa9s de una gran ECS ahora toca ruta por la West Coast!!! http://t.co/eTbrfywK'
184984126556880896,2012-03-28 12:43:47,b'RT @Circe_org: Philippe Verborgh de @Circe_org ha dado una fantastica charla sobre calderones del mar de Alboran en la @ECS2012Galway ht ...'
184609169746313216,2012-03-27 11:53:50,b'RT @Circe_org: Fantastic talk about killer whales by Ruth Esteban from @Circe_org at the @ECS2012Galway Congrats !! http://t.co/xjN1xc5i'
183101863065948160,2012-03-23 08:04:20,b'Repasando la charla de la ECS de Galway en el aeropuerto mientras espero mi vuelo. Mama por!!!!'
183089930514350080,2012-03-23 07:16:55,b'Sevilla-Barcelona-Dublin-Galway @ECS2012Galway'
182958802189029378,2012-03-22 22:35:52,"b""RT @manelgazo: 4 dofins llistats arriben morts a les costes catalanes en 2 dies. Planeja l'ombra de l'epizootia altre cop, @faunamarinadaam"""
180227630145093633,2012-03-15 09:43:10,b'@marinadols no em deixen tornar al meu pa\xc3\xads petit!!!!!'
180225955753758720,2012-03-15 09:36:30,b'Ya hemos subido al avi\xc3\xb3n pero ahora atrapados dentro del avi\xc3\xb3n!!! No nos dejan despegar por la niebla en Barcelona!!!'
180178208002555905,2012-03-15 06:26:46,b'Atrapado en el #aeropuerto de Sevilla. Se ha ido la luz y no podemos facturar!!! Quiero llegar a BCN!!!!'
180054297986351104,2012-03-14 22:14:24,b'RT @danteal56: Photo: Science http://t.co/7f9zifBC'
179303058591854592,2012-03-12 20:29:15,b'Solo quedan los guardas y las se\xc3\xb1oras de la limpieza en la EBD. Creo que va siendo hora de ir para casa.'
178903564566007809,2012-03-11 18:01:49,b'La semana santa ya se huele en Sevilla!!! Empiezan los preparativos!!! http://t.co/qLhQ9r34'
178895653445971969,2012-03-11 17:30:22,"b'RT @rubencabus: Avui fa 1 any del desastre de Fukushima. Al Jap\xc3\xb3 nom\xc3\xa9s queden 2 reactors oberts (de 54). A Espanya, allarguem la vida de ...'"
178798192907923456,2012-03-11 11:03:05,b'RT @rubencabus: Som la generaci\xc3\xb3 perduda? Quin futur ens espera? Avui El Pa\xc3\xads fa una molt bona reflexi\xc3\xb3 sobre nosaltres. http://t.co/FvP ...'
178028119863734272,2012-03-09 08:03:06,b'RT @BirdLife_News: New review reveals worrying declines in the world\xe2\x80\x99s seabirds: The status of the world\xe2\x80\x99s seabirds has deteriorate... h ...'
177800427159564289,2012-03-08 16:58:19,"b'En Santander en el ""Coastal census workshop and their application to marine IBA identification"" de @SEO_BirdLife y el proyecto FAME'"
177164516176560129,2012-03-06 22:51:26,"b'Cient\xc3\xadficos proponen la ""pesca balanceada"" como alternativa a pesca selectiva http://t.co/v4lv5R9p'"
176780774488547328,2012-03-05 21:26:35,"b'Me siento como un caracol!! Siempre con la casa a cuestas. Este mes Sevilla, Santander, Barcelona y Galway!!!'"
176724775023030272,2012-03-05 17:44:04,b'RT @Circe_org: Este fin de semana hemos encontrado un punto de observaci\xc3\xb3n para grandes #cet\xc3\xa1ceos en la costa norte de #Marruecos http:/ ...'
176400662609924096,2012-03-04 20:16:11,b'Esta ma\xc3\xb1ana en el mercado de Tanger!!! Me ha encantado....ha sido una explosi\xc3\xb3n de sentidos!!! http://t.co/X1XvtiqG'
176224399408627712,2012-03-04 08:35:47,b'Nuestro hotel en Tanger!!! http://t.co/4qFXC1gB'
176026149539946496,2012-03-03 19:27:59,b'En Marruecos!!! Espectacular estar en la otra columna de H\xc3\xa9rcules!!! Enamorado del monte Mussa!!!'
175833742395453440,2012-03-03 06:43:25,b'A punto de pisar Africa por primera vez!!!'
174646965123031040,2012-02-29 00:07:35,"b'RT @Roger_Pares: El ""gran hermano"" de la actividad pesquera espa\xc3\xb1ola: http://t.co/mBTV4llx'"
174645558194094080,2012-02-29 00:02:00,b'RT @oceansresearch: Overfishing threatens the survival of seabirds: http://t.co/XINsv8Bc'
174490962544967680,2012-02-28 13:47:42,"b'RT @raulromeva: Descarts en pesca s\xc3\xb3n problema, per\xc3\xb2 soluci\xc3\xb3 passa per reduir-los (eliminar-los) via pesca selectiva, no legalitzar-los  ...'"
174264481256452096,2012-02-27 22:47:44,b'RT @UB_endirecte: La Facultat #Biologia va conectar per videoconferencia amb la base ant\xc3\xa0rtica Gabriel de Castila Aqu\xc3\xad pots veure l v\xc3\xadde ...'
173535420431351810,2012-02-25 22:30:43,b'Google prepara unes ulleres amb connexi\xc3\xb3 a internet http://t.co/KAKXdky1'
173534207157616640,2012-02-25 22:25:53,b'RT @gpsbuceo: Google Sea View. El Google Street Submarino - GPS Buceo http://t.co/9S8R5w2f v\xc3\xada @gpsbuceo'
173533318481063937,2012-02-25 22:22:21,b'RT @Enric_Sala: Killing sharks = killing ourselves? MT @OurOcean Shark fin soup is bad for sharks. Could it be damaging your brain too?  ...'
173478737248137216,2012-02-25 18:45:28,b'Dias como el de hoy me hacen ver lo afortunado que soy por trabajar en lo que me gusta. Hoy mulares frente a #Conil'
172400403818885121,2012-02-22 19:20:33,b'RT @Enric_Sala: Can we have our fish and protect them too? http://t.co/YrfQV3lQ via @Forbes'
172398574531919873,2012-02-22 19:13:19,b'En mi espacio vital del #Elsa ;) http://t.co/npLdiTVL'
172397886791880704,2012-02-22 19:10:33,"b'Hoy 50 #mulares, 30 #comunes y 2 #marsopas! \xc2\xbfQuien dijo que el #GolfodeC\xc3\xa1diz estaba muerto? Un gran dia! Gracias a toda la tripulacion!!!'"
172096542818312193,2012-02-21 23:13:10,b'Visto en Chipiona!!! la gente est\xc3\xa1 fatal!!! http://t.co/rhxcefnG'
172046350781915136,2012-02-21 19:53:41,b'RT @NatGeo: Every 14 days a language dies. Learn more about our Enduring Voices project: http://t.co/APyTFOYh'
171982534832427009,2012-02-21 15:40:07,"b'Avistamiento de delfines comunes delante del P. Natural de la Bre\xc3\xb1a! Si ya la Bre\xc3\xb1a es bonita, con delfines a\xc3\xban m\xc3\xa1s! http://t.co/tIbhsgSZ'"
171968919224061954,2012-02-21 14:46:00,"b'RT @manelgazo: Buena iniciativa,proyecto #UB con @FBiodiversidad - Captura accidental de aves marinas en los palangreros mediterr\xc3\xa1neos h ...'"
171717968240185344,2012-02-20 22:08:48,"b'@manelgazo. M\'encantaria veure els ""cosins"" catalans dels #canyonsdelmaresme!!! Segur que s\xc3\xb3n igual de macarres o m\xc3\xa9s!! ;)'"
171685426917150721,2012-02-20 19:59:30,b'Hoy calderones grises y mulares en el Golfo de C\xc3\xa1diz. Que macarras que son los Risso!!! ;) Otro gran dia!!!'
171537012308975619,2012-02-20 10:09:45,"b""RT @UB_endirecte: Vols saber com s'investiga a l'Ant\xc3\xa0rtida? A les 11h, videoconfer\xc3\xa8ncia entre #Biologia #UB i la base Gabriel de Castill ..."""
171414447800336385,2012-02-20 02:02:43,b'Gran dia!! Avistamiento de 200 #delfines comunes alimentandose como locos en el Golfo de #C\xc3\xa1diz! Todo un espect\xc3\xa1culo!!! y 7 biopsias m\xc3\xa1s! ;)'
171349877446545411,2012-02-19 21:46:08,b'RT @CarlaChicote: Los plasticos que desechamos vuelven a nosotros en forma de pescado. http://t.co/WztxSced'
170781674135748608,2012-02-18 08:08:18,b'Avistamiento de ballenas en Costa Rica!!! Una actividad emergente!!! http://t.co/JdP6f7Vc'
170645475635113984,2012-02-17 23:07:06,"b'Durmiendo en el ELSA, el barco de @Circe_org. Ya es como mi segunda casa....bueno mejor dicho...como mi primera casa!!!!'"
170629550965932032,2012-02-17 22:03:49,"b""RT @manelgazo: Com m'agraden les grans idees.Els bitxos es mouen?les \xc3\xa0rees marines protegides tambe -mobile marine protected areas http: ..."""
170593344139964416,2012-02-17 19:39:57,b'@rubencabus \xc2\xbfQuieres aprender periodismo ambiental? I Becas / SIGRE-Fundaci\xc3\xb3n EFE-EFEverde: http://t.co/fq4shnKu'
170089816241876992,2012-02-16 10:19:06,"b""RT @amicsdelesarts: Amics busquem valents! Envia'ns la teva interpretaci\xc3\xb3 del clip de Cousteau o A Vegades o D\xc3\xa9j\xc3\xa0-vu http://t.co/sCYfvAeQ"""
169934941990297600,2012-02-16 00:03:42,b'Narval\xc2\xae solucions per conservar la biodiversitat. Felicitats @submon  http://t.co/lKvHvFew'
169932942590750721,2012-02-15 23:55:45,"b'RT @submon: NARVAL, a new low impact mooring system commercialised by SUBMON http://t.co/kSGhWfd0 #seagrasses #conservation'"
169382974809325571,2012-02-14 11:30:22,b'RT @paleartico: El delf\xc3\xadn mular como indicador del efecto reserva en Mallorca: http://t.co/2hzNI9Jl #biodiversidad'
169057727518216192,2012-02-13 13:57:57,b'Estirando de algunos hilos para saber un poco m\xc3\xa1s de los Balleneros de Getares!!! Hoy hemos estado con un antiguo trabajador de la factoria!'
168406168060964864,2012-02-11 18:48:53,b'Hoy m\xc3\xa1s calderones grises en el Golfo de #C\xc3\xa1diz'
167910845723066368,2012-02-10 10:00:39,"b""RT @raulromeva: Pesca: problemes, perspectives i solucions (el meu apunt d'avui al Bloc) http://t.co/s7AYCXQe"""
167583768943673344,2012-02-09 12:20:58,b'RT @raulromeva: Ara toca centrar-nos en la Reforma de la Pol\xc3\xadtica Pesquera Comuna. Per qu\xc3\xa8?: Per qu\xc3\xa8 la reforma de la Pol\xc3\xadtica P... http ...'
167396122665562112,2012-02-08 23:55:20,b'RT @SSantiagosegura: Si el supremo se pronuncia en contra del matrimonio homosexual propongo abolir el matrimonio entre heterosexuales\n# ...'
167395131006271488,2012-02-08 23:51:23,b'RT @FundacionMigres: El inter\xc3\xa9s ornitol\xc3\xb3gico de la Comarca de la Janda http://t.co/0NiDz6cs'
167391376533762048,2012-02-08 23:36:28,b'@danteal56 http://t.co/MWHElixQ'
167390164015005696,2012-02-08 23:31:39,b'RT @FBiodiversidad: El MAAMA propone establecer una red coherente y bien gestionada de \xc3\xa1reas marinas protegidas http://t.co/0WHIzoEI'
167298315178868736,2012-02-08 17:26:42,b'Cruzando el Guadalquivir http://t.co/HLxatA0X'
166820359222476801,2012-02-07 09:47:28,b'Dragueros de Mazagon. http://t.co/76YDBCSm'
166784076483792896,2012-02-07 07:23:18,"b'Me encanta amanecer en puerto. Hoy retrasamos niestra salida, el parte ha empeorado!!! http://t.co/kSakKdGy'"
166622727191531520,2012-02-06 20:42:08,b'Hoy dormimos en mazagon. Cenando en el club n\xc3\xa1utico pero con mal de tierra!!!'
166539028047474688,2012-02-06 15:09:33,b'#delfines mulares delante de Chipiona y un mont\xc3\xb3n de alcas!!! Seguimos de campa\xc3\xb1a por el Golfo de #C\xc3\xa1diz'
166210183247314944,2012-02-05 17:22:50,"b'""Tiempo a predecir es exponerse a mentir"" dice el refranero #PER'"
166208656197681152,2012-02-05 17:16:46,"b'Despu\xc3\xa9s de un dia de navegaci\xc3\xb3n, ahora toca estudiar para el #PER'"
166202247485730816,2012-02-05 16:51:18,b'@danteal56 \xc3\x89s una fundaci\xc3\xb3 que est\xc3\xa0 just al costat de CIRCE al Parc Natural de lEstret de Gibraltar. Just han tret 1oferta d PhD.'
166199523100737536,2012-02-05 16:40:30,b'Hoy Do\xc3\xb1ana est\xc3\xa1 preciosa mientras censamos #aves y #cet\xc3\xa1ceos http://t.co/0q0h6DhF'
166195351223676930,2012-02-05 16:23:54,"b""RT @raulromeva: Tres dalt d'un burro (o no): S\xc3\xad, la democr\xc3\xa0cia representativa \xc3\xa9s indiscutiblement imperfecta, i per tant millora... http ..."""
164849550002102274,2012-02-01 23:16:10,"b'RT @PilarMarcos: La profunda y sosegada reforma de la Ley de Costas, anunciada x Ca\xc3\xb1ete, consiste en dejarla sin efecto. Ataca a su base ...'"
164848266192760833,2012-02-01 23:11:04,"b'RT @manelgazo: pastor/lobo pescador/delfinmular, mismo cuento pero m\xc3\xa1s mojado ""Pescadores denuncian delfines se comen..http://t.co/yTabQ ...'"
164847357387735042,2012-02-01 23:07:27,"b""RT @CSIC: La 'Posidonia oceanica' es la especie m\xc3\xa1s longeva de la biosfera. Ma\xc3\xb1ana toda la info de este estudio del CSIC en csic.es"""
164847289184174080,2012-02-01 23:07:11,b'Hoy hemos tomado las 1as biopsias de #delfines comunes en la campa\xc3\xb1a sobre depredadores apicales del Golfo de C\xc3\xa1diz. @Circe_org y EBD-CSIC'
164588206237560834,2012-02-01 05:57:40,b'RT @Circe_org: Hoy acudimos al varamiento de una hembra de rorcual com\xc3\xban de 13m en el puerto de Algeciras... os dejamos una foto. http:/ ...'
164383955045453825,2012-01-31 16:26:03,"b'RT @Roger_Pares: Evolucionistas afirman que: ""Las ballenas azules siguen creciendo en tama\xc3\xb1o"" http://t.co/ANbDz1yj'"
164365674439901186,2012-01-31 15:13:25,b'1er avistamiento de la campa\xc3\xb1a del golfo de C\xc3\xa1diz: 2 calderones grises alimentandose enfrente de C\xc3\xa1diz! @Circe_org y EBD-CSIC'
164128761908957185,2012-01-30 23:32:00,b'Primer dia de navegaci\xc3\xb3n en el Golfo de C\xc3\xa1diz!!!  Iniciamos la campa\xc3\xb1a de censo de #aves y #cet\xc3\xa1ceos.'
163421403205480448,2012-01-29 00:41:13,"b'RT @Circe_org: Hemos terminado la varada del Elsa, y... \xc2\xa1\xc2\xa1\xc2\xa1nos vamos pal agua!!! Esperemos que os guste el Elsa 2012 http://t.co/X3CeYhqh'"
160140161953435648,2012-01-19 23:22:44,b'RT @dvilasgonzalez: Mar = Vida http://t.co/vhdkC0Qc'
143699767044743168,2011-12-05 14:34:28,b'RT @Circe_org: Hoy es el D\xc3\xada Internacional del #Voluntariado. Muchas gracias a todxs lxs voluntarixs por su ayuda tremenda. Sin vosotros ...'
140056497089544193,2011-11-25 13:17:25,"b'@Circe_org apoya la propuesta de LIC del Estrecho Occidental, hasta 07/12/2011 est\xc3\xa1 abierto el plazo para alegaciones http://t.co/cF2LLw7f'"
139375973379477504,2011-11-23 16:13:16,b'Propuesta del espacio marino \xe2\x80\x9cEstrecho Occidental\xe2\x80\x9d como Lugar de Importancia Comunitaria (LIC) de la Red Natura 2000 http://t.co/nsaWhyvK'
137604606673960960,2011-11-18 18:54:29,"b'RT @Enric_Sala: ""Conservation is 10% science and 90% negotiation"" (R Cowling)'"
137604573677363200,2011-11-18 18:54:21,"b'RT @Enric_Sala: ""The most necessary task of civilization is to teach people how to think"" (T Edison)'"
137587552105398272,2011-11-18 17:46:43,"b'RT @Circe_org: Campa\xc3\xb1a grandes cet\xc3\xa1ceos: Hoy vimos 2 rorcuales comunes, aqu\xc3\xad una foto de un soplo sacada desde el puerto de Tarifa. http ...'"
137583496892911616,2011-11-18 17:30:36,b'Hoy 2 rorcuales desde el cerro del tambor con @Circe_org Empieza el espect\xc3\xa1culo!!!!'
137583090875895808,2011-11-18 17:28:59,b'RT @Circe_org: No os perd\xc3\xa1is el video de la campa\xc3\xb1a de avistamiento de grandes #cet\xc3\xa1ceos en RTVTarifa http://t.co/rdsiIiaA'
137582955995475968,2011-11-18 17:28:27,"b""RT @Circe_org: Saps que 1 dof\xc3\xad mular, el dof\xc3\xad m\xc3\xa9s com\xc3\xba als dofinaris, medeix 2 @paugasol? Pau, vine a comprovar-ho a l'Estret amb @Circe ..."""
137582866124128256,2011-11-18 17:28:06,b'RT @ruthesteban: @Circe_org  instala paneles informativos en plataformas flotantes http://t.co/e5XavlsN'
137183152333533185,2011-11-17 14:59:46,b'RT @Circe_org: Hoy hemos abierto la campa\xc3\xb1a de grandes #cet\xc3\xa1ceos con avistamientos de cachalotes en el Estrecho de Gibraltar http://t.co ...'
136154521767395328,2011-11-14 18:52:22,b'RT @Circe_org: Ya han llegado los voluntarios y \xc2\xa1ma\xc3\xb1ana empieza la nueva campa\xc3\xb1a de avistamiento de grandes cet\xc3\xa1ceos desde tierra! http: ...'
134622448686604288,2011-11-10 13:24:27,"b'RT @Circe_org: No te pierdas nuestro nuevo art\xc3\xadculo de divulgaci\xc3\xb3n #ambiental ""Baby boom de #orcas en el Estrecho de Gibraltar"" http://t ...'"
134622370592849921,2011-11-10 13:24:08,"b'RT @Circe_org: No te pierdas nuestro nuevo art\xc3\xadculo de divulgaci\xc3\xb3n #ambiental ""Entre #orcas y #pai\xc3\xb1os de Wilson"" http://t.co/ZA2PKHrl'"
133869193123725312,2011-11-08 11:31:17,"b'RT @Circe_org: Saps que 1 catxalot, el cetaci amb dents m\xc3\xa9s gran del m\xc3\xb3n, medeix 9 @paugasol? Pau, et convidem a navegar amb nosaltres @ ...'"
133826134671507456,2011-11-08 08:40:11,"b'Que triste fu\xc3\xa9 #eldebate, la pluralidad tan solo en el \xc3\xbaltimo minuto. #ReiniciaElDebate. Demuestra el pr\xc3\xb3ximo #20N que hay m\xc3\xa1s opciones.'"
133563847142416384,2011-11-07 15:17:57,b'Esta noche veremos el debate de los dos grandes partidos. Un gran ejercicio para saber lo que no votar #ReiniciaElDebate'
131478482768232448,2011-11-01 21:11:27,b'RT @tperezs: Y los hay que dicen que hay que cambiar la Ley de #Costas. Seguro?? #cuchia #fb http://t.co/uOl3UG3b'
131047299026653184,2011-10-31 16:38:05,b'Para @ruthesteban y @Circe_org: Scientific paper on first evidence of long-range Killer Whale migration http://t.co/gatYGR6W'
130723350774431744,2011-10-30 19:10:50,b'RT @CarlaChicote: La comisaria de pesca de la UE Maria Damanaki propone donar los descartes a los sectores m\xc3\xa1s pobres antes que tirarlos ...'
130669720335695873,2011-10-30 15:37:43,"b'""La poblaci\xc3\xb3n mundial alcanza los 7.000 millones de habitantes"" &gt;&gt; http://t.co/dlCCOUJ9'"
130666018552025088,2011-10-30 15:23:01,"b'En Tarifa...Mariposas monarca y aves rapaces en migraci\xc3\xb3n, todo un espectaculo!!!! ...y dentro de muy poco rorcuales!!!'"
130244939509534721,2011-10-29 11:29:48,b'He apoyado la petici\xc3\xb3n Dile a la Junta Electoral que EQUO tiene derecho a anuncios gratuitos en RTVE - http://t.co/vSClcup8'
130244058504376320,2011-10-29 11:26:18,"b'RT @ECS2012Galway: An innovation for ECS 2012 - the short talk - we want new ideas - or a touch of madness, what can you say in 5 minutes?'"
129536240256155648,2011-10-27 12:33:41,b'Una verguenza!!!! http://t.co/rZYjB8oS #TVEcensuraEQUO'
129211546663530498,2011-10-26 15:03:28,"b'RT @Circe_org: Sabes que 1 calder\xc3\xb3n com\xc3\xban, mam\xc3\xadfero marino emblem\xc3\xa1tico del Estrecho de Gibraltar, mide 3 @josemcalderon8? Ven a comproba ...'"
126583097985740800,2011-10-19 08:58:57,"b'Malas noticas para el Estrecho, Chafarinas y el Banco de la Concepci\xc3\xb3n http://t.co/hsTHt8gC'"
123807025409966081,2011-10-11 17:07:49,"b'No os perdais la nueva p\xc3\xa1gina de twitter de CIRCE (Conservaci\xc3\xb3n, Informaci\xc3\xb3n y Estudio sobre cet\xc3\xa1ceos) @Circe_org'"
123806600585691136,2011-10-11 17:06:08,b'RT @Circe_org: \xc2\xa1Hola a tod@s! Ya estamos en twitter. Esperamos poder compartir nuestras noticias y experiencias con vosotros.'
83493846603939841,2011-06-22 11:17:38,"b'RT @iniciativa: Herrera demana refer\xc3\xa8ndums per poder decidir sobre les retallades, la llei omnibus i les privatizacions http://bit.ly/md ...'"
81696480561336320,2011-06-17 12:15:33,b'No m\xc3\xa1s lecciones de democracia!!!  http://t.co/JTDGGyU'
81694710426648576,2011-06-17 12:08:31,b'RT @agenciaacn: Una jutgessa de #Badalona cita #Albiol @PPCatalunya per declarar com a imputat per xenof\xc3\xb2bia http://ves.cat/aIX8'
81470372272279552,2011-06-16 21:17:05,b'CIRCE recibe el premio a una de las 10 mejores ideas para la conservaci\xc3\xb3n de la naturaleza http://t.co/fWUDFwh'
81424081089605632,2011-06-16 18:13:08,b'Enrecordeu-vos... aquest dissabte VOTEU al Club Nataci\xc3\xb3 Rub\xc3\xad #rubicity la nova junta!!! Es hora de poder canviar la Junta Directiva!!!'
81419176316641281,2011-06-16 17:53:38,b'La Bah\xc3\xada de Algeciras: Una bah\xc3\xada eternamente en riesgo!!! http://t.co/LyIKFot'
81416463319187456,2011-06-16 17:42:52,b'RT @inforadiorubi: Els socis del CNR voten aquest dissabte la junta directiva del club  http://t.co/sbeSvx0 #rubicity'
81415554585473024,2011-06-16 17:39:15,b'RT @IEOoceanografia: Por tercer a\xc3\xb1o consecutivo el IEO obtiene puestas masivas de at\xc3\xban rojo en cautividad http://t.co/ZGlryBL'
81414709177360384,2011-06-16 17:35:53,b'RT @Buenafuente: Felip Puig est\xc3\xa1 confundiendo la velocidad con el tocino. No puede criminalizar a todo un colectiva. Se le nota que ten\xc3\xad ...'
81068533341093888,2011-06-15 18:40:19,b'RT @sangarvi: Decir que todos los indignados son violentos es como decir que todos los pol\xc3\xadticos son ladrones #joambelparlament #15m'
80707097393774593,2011-06-14 18:44:06,"b'RT @Alba4Romero: Joan Manuel Serrat, un doctor indignat: http://t.co/HcDwMvo v\xc3\xada @diariARA'"
78514609782403072,2011-06-08 17:31:56,b'Tambi\xc3\xa9n hay buenas noticias: McDonalds llevar\xc3\xa1 pescado sostenible a millones de consumidores en Europa http://bit.ly/iYLrsN'
78511877969285120,2011-06-08 17:21:05,"b'Atac directe a 22 lleis que tiren per terra tota la feina feta, o mig feta, en relaci\xc3\xb3 al medi i als recursos naturals. http://bit.ly/m7OK2Y'"
78196730079870976,2011-06-07 20:28:47,b'Espreo que a #rubicity no entri al govern CiU...quina cara amb la llei omnibus!!!'
78186076224761856,2011-06-07 19:46:27,b'Ken ha cortado con #Barbie porque no sale con chicas que deforestan http://bit.ly/iwRpFu #barbiecortamos'
78142150927335424,2011-06-07 16:51:55,"b'@laMariota Espero que a les generals, les lleis neoliberals com la llei omnibus, els hi passi factura!!!'"
78141529683804160,2011-06-07 16:49:27,b'La llei \xc3\xb2mnibus de CiU... un desastre per Catalunya.'
78074003738210304,2011-06-07 12:21:07,"b""RT @manelgazo: permetre l'entrada de motos al bosc per ajudar al sector de la motocicleta http://bit.ly/jnvIg7  #etfelicitofill Cap fred ..."""
77075040465719297,2011-06-04 18:11:36,"b""@rubencabus Gr\xc3\xa0cies Rub!!! A veure si ho acabo d'entendre!!! ;)"""
