id,created_at,text
970036977318821890,2018-03-03 20:43:32,"b'@t_e_griffiths Ahahahaha, sth like that xD but everyone has that kind of day from time to time \xf0\x9f\x98\x89'"
969821087121879040,2018-03-03 06:25:40,b'Day 2/90 of #90DaysDissertating. A lot of things were going on in the office. Lots of distractions. No focus and no\xe2\x80\xa6 https://t.co/abTzvDy1AX'
969468255776555008,2018-03-02 07:03:38,"b'Day 1/90 of #90DaysDissertating. I decided to start from the 1st. Today rewrote 10 pages, wrote whole 2 fresh pages\xe2\x80\xa6 https://t.co/d7dZybTHql'"
969206373492834304,2018-03-01 13:43:01,b'RT @AcademicPain: Happy #WorldBookDay everyone\xf0\x9f\x98\x81 https://t.co/myBqMckVlo'
968988021667188736,2018-02-28 23:15:21,b'A circle of life... https://t.co/jaB6QJ6n1p'
968641224973238278,2018-02-28 00:17:19,b'This is my mantra for this week  #phdlife #phdchat #phdforum #PhD #KeepSmiling #amwriting https://t.co/6VAo23WM91'
967199244166643712,2018-02-24 00:47:24,b'@lke73_historian @AcademicChatter same here... \xf0\x9f\x98\x85\nfingers crossed for 2018! https://t.co/inc6W6D0rq'
967173650439856128,2018-02-23 23:05:42,"b""Hope my presentation on the #Kalamazoo won't look like that  \xf0\x9f\x98\x85\n\n#PhD #phdchat #phdlife #amwriting https://t.co/5epWa8CJ6r"""
966822237511667712,2018-02-22 23:49:18,b'Because you need good music while writing... #phdlife #phd #phdwriting #AcWriFeb2018\nFlorian Christl https://t.co/sReLJB7Cxm #NowPlaying'
966725700039319552,2018-02-22 17:25:42,"b""I love a good Canadian winter \xf0\x9f\x92\x95\nYou can write all day long bcs can't go outside \xf0\x9f\x98\x89\n#ThursdayThoughts https://t.co/4gEKlLN7IZ"""
966324238436114433,2018-02-21 14:50:26,"b'Oh, I love those! For now on will use it for self-editing! \xf0\x9f\x98\x81\xf0\x9f\x8d\x85\xf0\x9f\x98\x9c https://t.co/ZVLB6IUQj0'"
966170227087089664,2018-02-21 04:38:27,b'@PHDcomics A struggle is real https://t.co/FmtU1xtsOm'
966164172139462656,2018-02-21 04:14:23,b'RT @PHDcomics: The impossible distance https://t.co/QvTQzbRoKP https://t.co/FdCwkxbjjn'
966021160080064512,2018-02-20 18:46:07,b'Just a beginning.\nWriting PhD dissertation &amp; trying to stay sane.  \n#myfirstTweet'
