id,created_at,text
969977434429935616,2018-03-03 16:46:56,b'@myelectricdrive @johnbreslin Where is that license plate from?'
968815923523194880,2018-02-28 11:51:30,b'@lociortho @EnterInnov @GalEnterprise @ibye_ie Good luck dude! \xf0\x9f\x91\x8a\xf0\x9f\x8f\xbb'
968560361774501888,2018-02-27 18:55:59,b'Great listening to @A_R_Cameron talk about his experience and journey through the @BioInnovate_Ire programme and no\xe2\x80\xa6 https://t.co/aYUNDLeVEE'
968238987650486272,2018-02-26 21:38:58,b'@edelbrowne_ @Cellexplorers I see you\xe2\x80\x99ve taken my suggestion on board (no pun intended) \xf0\x9f\x98\x82'
967437306549424128,2018-02-24 16:33:22,b'@JNJInnovation @MDDBacker @JLABS @JNJNews @JNJCareers @JanssenGlobal @JanssenBelgium @JanssenEMEA @MadelaineH0lden\xe2\x80\xa6 https://t.co/qx0PLheU8E'
966382494802153472,2018-02-21 18:41:55,b'@mistereatgalway @AniarGalway Ten lords-a-leaping? \xf0\x9f\x8e\x84'
966071883841130496,2018-02-20 22:07:40,b'@ana_panigassi This should be made mandatory in the BioInnovate schedule \xf0\x9f\x98\x82\xf0\x9f\x98\x82'
966002003615846405,2018-02-20 17:29:59,b'@ana_panigassi 12:30 pm vodka pick-me-up! \xf0\x9f\x98\x82'
965596166313447424,2018-02-19 14:37:20,"b""@BioInnovate_Ire @LaunchPadNUIG @launchpad @nuigalway @nataliemwalsh @edelbrowne_ Thanks, guys! If you didn't recei\xe2\x80\xa6 https://t.co/7ftGzk2BYW"""
964497183088304128,2018-02-16 13:50:22,b'@capella_hector @REMODEL_IE Wow @JoaoCoentro is a publishing machine!!'
964496917584666629,2018-02-16 13:49:19,b'@capella_hector @NatureProtocols @REMODEL_IE Great job to you and the @REMODEL_IE team!'
961765563218497536,2018-02-09 00:55:53,b'@martinohalloran @TMDLab @nuigalway @ERC_Research Congratulations!'
961731742007734272,2018-02-08 22:41:30,b'@mistereatgalway Know anywhere that sells fennel pollen (not seeds) in Galway? Need some for making porchetta. Maybe @McCambridges38?'
961731302805434368,2018-02-08 22:39:45,b'@FameLab_Galway @LaunchPadNUIG @ultrajessamyn @Famelab_Ireland @ieBritish @scienceirel @nuigalway @Rowan_Manahan wo\xe2\x80\xa6 https://t.co/BnKN938liV'
961598762153017344,2018-02-08 13:53:05,b'RT @LaunchPadNUIG: Kicking off our social innovation talk with @EvinJoyce on creating a virtual farmers market in Zambia https://t.co/qo02k\xe2\x80\xa6'
961221845159641088,2018-02-07 12:55:21,b'RT @LaunchPadNUIG: Great to host @NUIGCareers today delivering a session on @nuigalway new Employability award programme #choosenuigalway h\xe2\x80\xa6'
960182617994866688,2018-02-04 16:05:50,"b'RT @AlastairMcA30: For an assignment, I asked some of my terminal paediatric palliative care patients what they had enjoyed in life, and wh\xe2\x80\xa6'"
960182561505935360,2018-02-04 16:05:36,b'RT @AlastairMcA30: Take home message:\nBe kind. Read more books. Spend time with your family. Crack jokes. Go to the beach. Hug your dog. Te\xe2\x80\xa6'
959232155296595969,2018-02-02 01:09:02,b'@BenedictEvans Love how seamless and effortless it is now to swipe between apps'
959020524671250432,2018-02-01 11:08:05,b'RT @BioInnovate_Ire: Be sure to join us for the next #MedtechBrew on 8 March with @irishmedtech https://t.co/EKjVuNHgUg Great lineup with B\xe2\x80\xa6'
958368986147762176,2018-01-30 15:59:06,"b'RT @AndrewYNg: Announcing the AI Fund! We have raised $175 million, and will start multiple new businesses that use AI to improve human lif\xe2\x80\xa6'"
956191084870361088,2018-01-24 15:44:54,b'@FoodHQie @EggandChick @MissFoodPR @eannahassett @GalwayMarketing @RemaxGalway @BredaFox @friendlyfarmer\xe2\x80\xa6 https://t.co/YF3QgkuqPD'
956183308781617153,2018-01-24 15:14:00,b'@EggandChick @FoodHQie @MissFoodPR @eannahassett @GalwayMarketing @RemaxGalway @BredaFox @friendlyfarmer\xe2\x80\xa6 https://t.co/7SAZoR5lTM'
956131336439377921,2018-01-24 11:47:29,b'RT @DukeAlumni: Duke alum Tim Cook to be the 2018 Commencement Speaker #ForeverDuke\nhttps://t.co/nHUGQfhjSL'
955920962167427072,2018-01-23 21:51:32,b'RT @gduffy00: Very exciting job opportunity @nuigalway with @A_R_Cameron following on from his @BioInnovate_Ire fellowship supported by @En\xe2\x80\xa6'
955517384718192640,2018-01-22 19:07:51,b'RT @LaunchPadNUIG: Amazing event by @NUIGCareers on personal impact.  Best Monday motivation ever ! https://t.co/JgEfg5smPX'
953970037454462976,2018-01-18 12:39:15,"b'@AskAIB Ok thanks for letting me know. On a side note, the AIB mobile app doesn\xe2\x80\x99t work when using Face ID to authen\xe2\x80\xa6 https://t.co/LIVjVab2Ps'"
953684915035373568,2018-01-17 17:46:17,b'@AskAIB Ok thanks Maeve. I wasn\xe2\x80\x99t aware of that going over or else I would have withdrawn USD ahead of time. I had\xe2\x80\xa6 https://t.co/BCo6nNl7NZ'
953684571622649858,2018-01-17 17:44:55,"b'Congratulations, Brendan and @lociortho team! Best of luck at the @ibye_ie National Final! (No pressure.) https://t.co/yDONjZbOj6'"
953681712290189312,2018-01-17 17:33:33,b'@AskAIB My account was recently changed from a student account to graduate account. I was told by AIB employee that\xe2\x80\xa6 https://t.co/hr6GcIQybZ'
953236539097731072,2018-01-16 12:04:35,b'RT @LaunchPadNUIG: Fantastic to see @edelbrowne_ sharing her experience of @LaunchPadNUIG and why students should #ChooseNUIGalway https://\xe2\x80\xa6'
952464320671215618,2018-01-14 08:56:04,b'@aidanbreen Congratulations buddy!'
951592972805533696,2018-01-11 23:13:39,b'@BioExel @Entirl @EI_HPSU @ei_westregion @WDCInsights @BioInnovate_Ire Congrats and best of luck to the six compani\xe2\x80\xa6 https://t.co/1rLQ08c9xj'
948791426908798976,2018-01-04 05:41:18,b'I had the opportunity to meet this extraordinary entrepreneur from UCLA at the @BlackstoneEI/@techstars training ca\xe2\x80\xa6 https://t.co/mfUifZCnnN'
946557526660694016,2017-12-29 01:44:35,b'@LaunchPadNUIG @EdelBrownie The most fashion-forward entrepreneurs on campus!'
946161847165640704,2017-12-27 23:32:17,b'@EdelBrownie @LaunchPadNUIG You are apparently on fleek for the 1930s and 1950s. https://t.co/7nZCwbTuQL'
946160148552093702,2017-12-27 23:25:32,b'@EdelBrownie @LaunchPadNUIG Oh! I thought you wanted @LaunchPadNUIG branded clothes horse clothespins \xf0\x9f\x98\xac'
946157889663647744,2017-12-27 23:16:34,b'@stephencoxy I hope Circulation @CircAHA publishes a perspective article from the opposing side. Would be interesti\xe2\x80\xa6 https://t.co/3E9I6B5mny'
946155294710575104,2017-12-27 23:06:15,b'@EdelBrownie @LaunchPadNUIG What\xe2\x80\x99s a tenterhook?'
946155204822441984,2017-12-27 23:05:54,"b'@DrDeeds3 @theIAVS Good point. Unfortunately, there\xe2\x80\x99s far more we can do on the public engagement front than on the\xe2\x80\xa6 https://t.co/IGHjw4v8sI'"
946102956713156608,2017-12-27 19:38:17,"b'@DrDeeds3 @theIAVS (Yes I do realize he\xe2\x80\x99s a novelist. Perhaps then, the onus is on us as scientists to outreach and\xe2\x80\xa6 https://t.co/sRaFWjOLrK'"
946101819473780737,2017-12-27 19:33:46,b'@DrDeeds3 @theIAVS This guy hasn\xe2\x80\x99t the faintest idea how medicines are regulated and approved. No one enjoys or wan\xe2\x80\xa6 https://t.co/TGGAMBaiwv'
946100948933341185,2017-12-27 19:30:18,b'@EdelBrownie @LaunchPadNUIG You can add another one soon. #watchthisspace \xf0\x9f\x98\x82\xf0\x9f\x98\x82'
945731848713277440,2017-12-26 19:03:38,b'@mgsiegler Try resetting your keyboard dictionary. Did it a few days ago and seems to have fixed this random capita\xe2\x80\xa6 https://t.co/l3YvqSpjwQ'
945077799626293248,2017-12-24 23:44:40,b'@JM77 @hqtrivia Only in US store at the moment I believe'
945076892813615104,2017-12-24 23:41:04,b'@EdelBrownie  https://t.co/wdg8Whzoxi'
944692739920162817,2017-12-23 22:14:35,b'@davebarna That would\xe2\x80\x99ve been awesome to see in slow mo!'
944692592519688193,2017-12-23 22:14:00,b'RT @johnbreslin: A Strong Performance in 2017 for Innovation and Entrepreneurship at NUI Galway \xe2\x80\x93 Irish Tech News - well done @NUIGinnovati\xe2\x80\xa6'
944161030648844288,2017-12-22 11:01:46,b'@EdelBrownie @TechCrunch @mikebutcher @freefeetmedical m.u.ferraye@utwente.nl OR murielle.ferraye@gmail.com'
943926916729491461,2017-12-21 19:31:28,"b'RT @LaunchPadNUIG: What an amazing year for @LaunchPadNUIG, thank you to all of our community for their support.  Check out our global impa\xe2\x80\xa6'"
943437208618504193,2017-12-20 11:05:33,b'Any @nuigalway students interested in getting involved with campus entrepreneurship? \xf0\x9f\xa4\x94 Check out these Semester II\xe2\x80\xa6 https://t.co/YH4YCbZZ8y'
942061893325291520,2017-12-16 16:00:32,b'@EdelBrownie @StefPreissner \xf0\x9f\x98\x82\xf0\x9f\x98\x82\xf0\x9f\x98\x82'
940564746398511105,2017-12-12 12:51:25,b'@EdelBrownie Good luck with the rest of them \xf0\x9f\x92\xaa\xf0\x9f\x8f\xbb\xf0\x9f\x92\xaa\xf0\x9f\x8f\xbb'
940564656975962112,2017-12-12 12:51:03,b'@aidanbreen #onlyinIreland'
940520876222664704,2017-12-12 09:57:05,"b'@martinohalloran That\xe2\x80\x99s pretty interesting. At the VC conference in Dublin, an investor said something similar, \xe2\x80\x9cAn\xe2\x80\xa6 https://t.co/tYXAaqSjCk'"
940250552495149056,2017-12-11 16:02:55,b'Massive congratulations Dr. @Diana_A_Gaspar on a well-deserved PhD viva!! Time to celebrate!! \xf0\x9f\x8e\x89\xf0\x9f\x8e\x89\xf0\x9f\x8e\x89 https://t.co/IplLYngONV'
938712206409191425,2017-12-07 10:10:05,b'RT @IrishResearch: And the winner of our inaugural Researcher of the Year award is... @martinohalloran of @nuigalway #LoveIrishResearch htt\xe2\x80\xa6'
938712071516061696,2017-12-07 10:09:32,b'RT @drjenbren: Congrats to @nuigalway\xe2\x80\x99s Martin O\xe2\x80\x99Halloran on his @IrishResearch researcher of the year award. #LoveIrishResearch https://t.\xe2\x80\xa6'
938356644169310208,2017-12-06 10:37:12,"b'RT @IrishTimes: Seven-day weeks, 10-hour days, isolation and uncertainty: it\xe2\x80\x99s little wonder so many PhD students risk developing mental he\xe2\x80\xa6'"
938081188434071552,2017-12-05 16:22:38,b'@jeremysliew @lightspeedvp @Nik_Quinn @taranicholle Really enjoyed this episode - very enlightening. Loving the new intro music too!'
937842568305537024,2017-12-05 00:34:27,b'RT @REMODEL_IE: Congratulations to Dr Luis Delgado https://t.co/013Vui4dRO'
937823289677897731,2017-12-04 23:17:50,b'Congratulations to Dr. Luis M. Delgado on passing his viva!! @REMODEL_IE \xf0\x9f\x8e\x89\xf0\x9f\x8e\x89 https://t.co/g1ikW2U2Mh'
936190724890071040,2017-11-30 11:10:37,b'RT @NiaLLLarkin: 100 days in its the final event pitching to a full house #investorshowcase @NDRC_hq @portershed https://t.co/Kiqc2GN9tV'
936140583566966784,2017-11-30 07:51:22,b'@dscanlon @NDRC_hq Very good motivation for the Galway cohort presenting at showcase today!'
935927443122204677,2017-11-29 17:44:25,b'@EdelBrownie Agreed.'
935656715621715968,2017-11-28 23:48:39,b'@aidanbreen Cystic Fibrosis Ireland'
934868954001969153,2017-11-26 19:38:22,"b'@EdelBrownie If you work there, you get to hone your French AND eat for free. Win-win. Plus I\xe2\x80\x99d get a friends and f\xe2\x80\xa6 https://t.co/wP225enmfY'"
934826336409083904,2017-11-26 16:49:01,b'@EdelBrownie Work in Rouge'
933858227699068928,2017-11-24 00:42:06,b'@aidanbreen @coinbase How is this different than donating directly to a charity of choice? Is it to provide more tr\xe2\x80\xa6 https://t.co/JyxLtCaOWZ'
933856830572367872,2017-11-24 00:36:33,b'@aidanbreen @coinbase So do I\xef\xb8\x8f donate \xe2\x82\xac2 or does the fund?'
933848852179968000,2017-11-24 00:04:51,b'@aidanbreen Is it kinda like https://t.co/EdWlzkt888?'
933848793006723072,2017-11-24 00:04:36,b'@aidanbreen How does it work?'
932744384231215105,2017-11-20 22:56:05,b'@barbaralolive @siliconrepublic Totally agree. I\xef\xb8\x8f can barely watch myself half the time \xf0\x9f\x98\x85\xf0\x9f\x98\x85'
932744135898992640,2017-11-20 22:55:06,"b'RT @LaunchPadNUIG: Don\xe2\x80\x99t forget to pop along to our tech transfer office hours tomorrow between 10-12, we have an expert team with us to an\xe2\x80\xa6'"
932638333645344769,2017-11-20 15:54:40,b'@johnbreslin @tech_innovate @nuigalway Congratulations John!'
932379047119659008,2017-11-19 22:44:22,b'RT @siliconrepublic: WATCH: Researchfest 2017 champion: Summing up stem cell therapy in spoken word https://t.co/XZlBjraUoY #ScienceWeek #B\xe2\x80\xa6'
932378838750908418,2017-11-19 22:43:32,b'RT @siliconrepublic: Researchfest 2017: How can we develop better breast cancer screening for all? https://t.co/Ub9gFVIlhs #ScienceWeek #Be\xe2\x80\xa6'
932378816634413056,2017-11-19 22:43:27,b'@siliconrepublic @barbaralolive !!'
932368358233780224,2017-11-19 22:01:53,b'@DrDeeds3 You should check out recent fertility start-ups @ModernFertility and @CarrotFertility! A huge space nowadays!'
932367201071435776,2017-11-19 21:57:17,b'@ellegrace23 Yes I saw that too! Only after being here for 5 years do they finally introduce a direct flight! \xe2\x9c\x88\xef\xb8\x8f\xe2\x9c\x88\xef\xb8\x8f\xe2\x9c\x88\xef\xb8\x8f'
931322145694715905,2017-11-17 00:44:37,b'RT @LaunchPadNUIG: We will be hosting the @NUIGinnovation team on Tuesday from 12-2 for a drop in clinic on innovation and commercialisatio\xe2\x80\xa6'
930502121455325185,2017-11-14 18:26:08,b'RT @SurgeryNUIG: Congrats to @niamh_ohall @SurgeryNUIG @nuigalway who received the @Allergan Award for Innovation for her research into usi\xe2\x80\xa6'
930442979948613632,2017-11-14 14:31:07,b'RT @LaunchPadNUIG: Fantastic session on skills development for our @LaunchPadNUIG team with @NUIGCareers https://t.co/Z4EggHQ3IO'
930023602161881088,2017-11-13 10:44:40,"b'RT @EurotoquesIrl: Finalist n.4 Meet EVAN O\xe2\x80\x99CEALLAIGH @evanoceallaigh 21, Chef de Partie at @Ardilaungalway  Mentor Ultan Cooke @Shmult #YC\xe2\x80\xa6'"
929730722843242499,2017-11-12 15:20:52,b'@Tracy_Keogh *ex-mentor'
928559119166050306,2017-11-09 09:45:20,b'@jgerardwall @nuigalway Great idea! There\xe2\x80\x99s a guy who does amazing acapella science videos. Check out his CRISPR-Ca\xe2\x80\xa6 https://t.co/IyefCFSqGA'
927244099249491969,2017-11-05 18:39:55,"b""@kaigalway @galwayswestend Looks delicious! What's inside?"""
926223620883566593,2017-11-02 23:04:54,b'RT @LaunchPadNUIG: So thrilled  @EdelBrownie great to see all your dedication and hard work being recognised. Well done from team @LaunchPa\xe2\x80\xa6'
926167679270051840,2017-11-02 19:22:36,b'RT @LaunchPadNUIG: Tonight is the night ! Best of luck to @EdelBrownie @nuigalway at the @EarlyCareerAwds \xf0\x9f\x8d\x80\xf0\x9f\x8d\x80\xf0\x9f\x8d\x80\xf0\x9f\x8d\x80 https://t.co/nGcI88sRVJ'
925419012707799042,2017-10-31 17:47:40,b'@adrianweckler Your home screen background picture doesn\xe2\x80\x99t utilize the whole 5.8\xe2\x80\x9d screen! \xf0\x9f\x98\xab'
924032429702205445,2017-10-27 21:57:53,b'@BenedictEvans Also great for us scientists who constantly have to wear gloves in the lab!'
923979847453544448,2017-10-27 18:28:57,"b'RT @BioInnovate_Ire: Well done to all involved, another great event run by an amazing team @LaunchPadNUIG @nataliemwalsh @joshuatkchao http\xe2\x80\xa6'"
923927786363928576,2017-10-27 15:02:04,b'RT @martinohalloran: Get your applications in for this exciting medtech opportunity: https://t.co/AvBb8gcBZX'
923927469991669760,2017-10-27 15:00:49,"b""RT @BioExel: Reminder: BioExel Accelerator call now open! Check out pg 122 of this week's Galway Advertiser for our recruitment ad. Email i\xe2\x80\xa6"""
923818447183798272,2017-10-27 07:47:36,b'@dscanlon @mytaxi It\xe2\x80\x99s been on this screen for 4 minutes and counting now... https://t.co/osTPwdkEuI'
923643206427963392,2017-10-26 20:11:15,"b'Great job to @nataliemwalsh, @LaunchPadNUIG student team, and the organizing committee on a successful &amp; inspiring\xe2\x80\xa6 https://t.co/wzHxHuWMQ5'"
923598528282267648,2017-10-26 17:13:43,b'@dscanlon @mytaxi Seems to be the case in Galway too. Takes forever to get a ride nowadays. Maybe co-ops are now fo\xe2\x80\xa6 https://t.co/tWAeiRPZru'
923186986302701568,2017-10-25 13:58:24,"b'RT @blackstone: Last week, @BlackstoneEI and @Techstars hosted #TechstarsBX17 for student entrepreneurs.  Read more about the event  and th\xe2\x80\xa6'"
922976338260217856,2017-10-25 00:01:21,b'RT @blackstone: Congrats to our @BlackstoneEI LaunchPad Global Network on a successful #TechstarsBX17!  Read more about the Training Camp h\xe2\x80\xa6'
922802800404451331,2017-10-24 12:31:47,b'RT @johnbreslin: Our fourth speaker is @nataliemwalsh the Executive Director of @LaunchPadNUIG #SEC2U https://t.co/WWE5WkYB8Q'
922437416635510785,2017-10-23 12:19:52,"b""RT @CURAMdevices: Feats of Modest Valour wins Scientist Award &amp; Runner-up People's Choice Award! @ the brilliant @imaginescience  festivalN\xe2\x80\xa6"""
920636113169141760,2017-10-18 13:02:08,"b'RT @IrishMedtech: As 6-7 December approaches, huge surge in demand for #MedtechRising tickets, book now online https://t.co/97OOkOP3zx @Ent\xe2\x80\xa6'"
920337941142089728,2017-10-17 17:17:18,b'RT @LaunchPadNUIG: Team @nuigalway have arrived at @techstars with @BlackstoneEI we are so excited to be here at boot camp #TechstarsBX17 h\xe2\x80\xa6'
920337534542123009,2017-10-17 17:15:41,b'RT @LaunchPadNUIG: Want to know more about our @LaunchPadNUIG teams @techstars. Check out @Mist_Calls and @TheGeec  #TechstarsBX17 https://\xe2\x80\xa6'
920335533301223424,2017-10-17 17:07:44,b'\xe2\x80\x9cYou have to be obsessed about the business that you\xe2\x80\x99re in.\xe2\x80\x9d -  Brad Feld @bfeld @BlackstoneEI @techstars training\xe2\x80\xa6 https://t.co/TDYBGsYf9v'
920329104460742657,2017-10-17 16:42:12,b'RT @LaunchPadNUIG: Meet our @nuigalway teams travelling to NYC next week with @BlackstoneEI . Huge congrats to @TheGeec and @Mist_Calls  #T\xe2\x80\xa6'
918252464754839554,2017-10-11 23:10:22,b'@EdelBrownie Such a tease.'
917878638200213504,2017-10-10 22:24:55,b'Interesting @TechCrunch article on lack of VC $ in beauty startups despite profitable exits - any thoughts @PMortar? https://t.co/HwMQCgZI8n'
917863238074753024,2017-10-10 21:23:43,b'@Tracy_Keogh Jp McMahon @mistereatgalway runs a great 6-week course at @AniarGalway https://t.co/uMaUEC8Nrx'
917433718523990016,2017-10-09 16:56:58,"b""RT @CrfgHrb: Delighted to announce the @CrfgHrb series, Starting 26th Oct17, 5pm in the CSI @nuigalway. The first speaker is Prof. Tim O'Br\xe2\x80\xa6"""
916617916929503233,2017-10-07 10:55:15,b'RT @geckobiomedical: Looking for a new challenge? Gecko is hiring an Innovation Intelligence Manager! #innovation #medicaldevice\nhttps://t.\xe2\x80\xa6'
916430207309045761,2017-10-06 22:29:22,b'Lovely dinner at the new @tartaregalway   Fantastic new venture from @mistereatgalway and team https://t.co/rTtljPhsK2'
916333954462027776,2017-10-06 16:06:54,b'RT @BlackstoneEI: Congrats to @LaunchPadNUIG Director @nataliemwalsh on wining the Boots Ire Women Mean Business Award!  https://t.co/O5xS8\xe2\x80\xa6'
916247422724124672,2017-10-06 10:23:03,b'@Justinb1_ Hey man can you call into LaunchPad with those sign-ups from yesterday? Need to get them into system today! Cheers dude'
916054888848773120,2017-10-05 21:37:59,b'RT @BioExel: Welcoming applications for the inaugural cohort... check out https://t.co/0n1QvLvihf @Entirl @IMA_Irl @tech_innovate @NUIGalwa\xe2\x80\xa6'
914863140881518592,2017-10-02 14:42:24,b'Congratulations!! Well deserved \xf0\x9f\x91\x8a\xf0\x9f\x8f\xbb A visionary leader in encouraging and promoting female entrepreneurship through\xe2\x80\xa6 https://t.co/H3LuYinnIh'
914774603876184064,2017-10-02 08:50:35,"b""RT @BioInnovate_Ire: There's never been a better time to be a female Entrepreneur in Irl #wmb17 @WMBMagazine @LaunchPadNUIG @joshuatkchao h\xe2\x80\xa6"""
914774580354519041,2017-10-02 08:50:30,b'RT @LaunchPadNUIG: Delighted to be in Dublin today with @WMBMagazine  #wmb17 for an amazing day celebrating women in business https://t.co/\xe2\x80\xa6'
912999836563230721,2017-09-27 11:18:18,b'RT @nuigalway: An T\xc3\xa1naiste Frances Fitzgerald Announces Launch of BioExel Accelerator Programme at NUI Galway https://t.co/pzbgFTzoE2 #nuig\xe2\x80\xa6'
912956184872783872,2017-09-27 08:24:51,b'@dscanlon We\xe2\x80\x99ll be expecting your tweets to be twice as thought-provoking now! \xf0\x9f\xa4\x94\xf0\x9f\xa4\x94'
912955839127916544,2017-09-27 08:23:28,"b'@EdelBrownie @LinkedIn You\xe2\x80\x99ve probably already used up your trial! If you wait a bit, they\xe2\x80\x99ll give you premium for\xe2\x80\xa6 https://t.co/g8n7EoUIEp'"
912831324884492289,2017-09-27 00:08:42,b'RT @BioInnovate_Ire: https://t.co/8BSlo2Buuq  #Accelerator is open for biz \xf0\x9f\x9a\x80\xf0\x9f\x91\x8f https://t.co/OnaCXvUp7x No better place for your #Medtech #St\xe2\x80\xa6'
912673337347846151,2017-09-26 13:40:54,b'About to kick off here @CURAMdevices \xe2\x80\x9cCreating a Company: From Science to Business\xe2\x80\x9d workshop with Dr. Marcos Garcia https://t.co/rLJKk7W9nB'
912655067819409409,2017-09-26 12:28:19,"b'RT @Entirl: An T\xc3\xa1naiste @FitzgeraldFrncs announces launch of BioExel Accelerator Programme, supported by @Entirl: https://t.co/DFmSJKh5wx @\xe2\x80\xa6'"
911491926188314624,2017-09-23 07:26:24,"b'RT @Satbains1: Guys, still a few tickets left for the annual @foodontheedge \nThought provoking/challenging and supporting our amazing indus\xe2\x80\xa6'"
910606622464053248,2017-09-20 20:48:31,b'RT @clivemonahan: Interested in engaging with researchers &amp; developing classroom content about new medical devices? @CURAMdevices TIR progr\xe2\x80\xa6'
910474061209325568,2017-09-20 12:01:46,b'RT @BioInnovate_Ire: Many congrats to @nataliemwalsh from all @BioInnovate_Ire \xf0\x9f\x8e\x89Looking forward to future collaborations with @LaunchPadNUI\xe2\x80\xa6'
910473846830006272,2017-09-20 12:00:55,"b""RT @LaunchPadNUIG: It's a tshirt, pizza, gym membership giveaway kinda day today! Pop into LaunchPad to grab a prize and some pizza at lunc\xe2\x80\xa6"""
910404847098359808,2017-09-20 07:26:44,"b'RT @johnbreslin: Congratulations to new Executive Director at @LaunchPadNUIG, @nataliemwalsh and thanks to founding director @marycarty for\xe2\x80\xa6'"
910257685223890944,2017-09-19 21:41:58,b'@jgerardwall Good luck with the move!'
908811068574769155,2017-09-15 21:53:38,b'@mistereatgalway \xf0\x9f\x98\xb5?'
908766343830192128,2017-09-15 18:55:55,b'@mistereatgalway @tartaregalway @rdunne57 @MissFoodPR @Laroussefoods @Andreja @MsEatGalway @EggandChick\xe2\x80\xa6 https://t.co/XnjMQsYAiY'
908610578192715777,2017-09-15 08:36:57,b'RT @BioInnovate_Ire: Great turnout at last Thursday\xe2\x80\x99s #MedtechBrew with @IrishMedtech @ElectricGalway Big thanks to our speakers and of cou\xe2\x80\xa6'
908334329616531457,2017-09-14 14:19:14,"b""@ParallelsCares That's where my previous screenshot is from. Is there any other way to avail of student discount for Parallels software?"""
908320554121396226,2017-09-14 13:24:30,"b""@ParallelsCares Hi, MK. This is what I'm getting at, why isn't Ireland on the list? I have an approved student acco\xe2\x80\xa6 https://t.co/EtA2hfQHXn"""
908313141729210368,2017-09-14 12:55:03,b'@FlagshipPioneer Thanks!'
908238897045483520,2017-09-14 08:00:01,"b'RT @LaunchPadNUIG: Fantastic event by @CURAMdevices  on creating a company: From Science to Business, we are all signed up ! https://t.co/X\xe2\x80\xa6'"
907693746837442570,2017-09-12 19:53:48,"b""RT @Andrew_Sharp01: Me trying to find out how I'm going to afford the iPhone X #AppleEvent #iphoneX https://t.co/5XgN3fGVBG"""
907684100999442433,2017-09-12 19:15:28,b'@genemurphy my poor wallet... https://t.co/uKc2aFeHHO'
907680150107680773,2017-09-12 18:59:46,b'@genemurphy November 3rd?! \xf0\x9f\x98\xa2'
907622202031341568,2017-09-12 15:09:30,b'@FlagshipPioneer when does the application cycle for the VentureLabs Fellowship program open? Thanks'
907269797649551360,2017-09-11 15:49:10,"b""@ParallelsCares how come Ireland doesn't count for student subscription for Parallels Desktop 13?"""
907199626536779778,2017-09-11 11:10:20,b'@Garretflower Successful expansion and scale into HK or Singapore would be true validation of your venture'
907186265304584193,2017-09-11 10:17:15,b'RT @LaunchPadNUIG: Are you ready to unlock the power of our #BlackstoneLaunchPad global network with @IdeatorInc sign up now at https://t.c\xe2\x80\xa6'
906998233616064512,2017-09-10 21:50:04,"b""@ericpeters @bfeld If you read NYT article, they don't include Canada because the data sets they used generally did\xe2\x80\xa6 https://t.co/oZPscCsufQ"""
906292244122099718,2017-09-08 23:04:43,b'@gduffy00 Have a safe flight! How was the visit to MSKCC?'
905868100364627968,2017-09-07 18:59:19,"b'""Integrity, experience, and charisma.""  -Peter Sandys, Managing Partner at Seroba Lifesciences on critical aspects\xe2\x80\xa6 https://t.co/x1hvPenvJr'"
905864583243550721,2017-09-07 18:45:21,"b'""Lots of good will towards young entrepreneurs in Ireland. Don\'t be scared to approach them."" -Conor Harkin, Co-fou\xe2\x80\xa6 https://t.co/E6FDYGldQf'"
905860782948327424,2017-09-07 18:30:15,"b'""Trust and timing."" -David Vale, Co-founder and CTO @NeuraviLtd on the most important contributors in building out\xe2\x80\xa6 https://t.co/lr6OH2NZnC'"
905859028596781056,2017-09-07 18:23:17,"b""The two most important things when boot-strapping a medical device startup: engineering and clinical. -John O'Dea\xe2\x80\xa6 https://t.co/lw924OOEiT"""
905443783919235072,2017-09-06 14:53:15,"b""@aidanbreen How'd it go? What year are your students?"""
905426956585402368,2017-09-06 13:46:23,"b""@tulster @OSullivanIta @liaboyland @Master_P_7 @PatCarrollTouch @genemurphy Just in time for next week's iPhone unveiling!"""
905348072053641216,2017-09-06 08:32:55,"b""RT @BioInnovate_Ire: Next #MedtechBrew with John O'Dea @crospon David Vale @neuravi @C_Harkin @proverummedical &amp; Peter Sandys of Seroba htt\xe2\x80\xa6"""
905191182862561280,2017-09-05 22:09:30,b'RT @megtirrell: Whoa. Could the very thing that makes Zika dangerous for fetal brains make it a good treatment for glioblastoma? https://t.\xe2\x80\xa6'
905188901316415489,2017-09-05 22:00:26,b'@megtirrell Thanks'
905175477232525312,2017-09-05 21:07:05,b'@megtirrell Is it customary to mention other bidders in SEC filing?'
905098741019017218,2017-09-05 16:02:10,b'@ElaineToomey1 @LaunchPadNUIG @InspirefestHQ @nataliemwalsh @nuigalway @NUIGSU @BioInnovate_Ire @siliconrepublic @ResearchatNUIG Thanks! :)'
905098686195277824,2017-09-05 16:01:57,b'RT @InspirefestHQ: WATCH BACK: @joshuatkchao winning #researchfest performance at #inspirefest 2017 @LaunchPadNUIG @ResearchatNUIG  https:/\xe2\x80\xa6'
905095420841517056,2017-09-05 15:48:58,b'@capella_hector @CURAMdevices @REMODEL_IE They were barely able to fit your name onto that screen! \xf0\x9f\x98\x82'
904763614204227585,2017-09-04 17:50:29,b'@niamh_ohall Congratulations on winning the Allergan Award for Innovation today!! \xf0\x9f\x91\x8a\xf0\x9f\x8f\xbb'
904711730810544128,2017-09-04 14:24:20,b'RT @LaunchPadNUIG: Our own @joshuatkchao delivering his award winning @InspirefestHQ #researchfest spoken word. Amazing job Josh https://t.\xe2\x80\xa6'
904711650938376193,2017-09-04 14:24:00,b'@BioInnovate_Ire Thanks!'
904711547108425728,2017-09-04 14:23:36,b'@ResearchatNUIG @InspirefestHQ Hope you guys enjoyed it! Thanks for the invitation - I had a blast!'
904711446495420416,2017-09-04 14:23:12,b'RT @ResearchatNUIG: Treat for the audience at R&amp;I Symposium - @joshuatkchao delivering his award winning @InspirefestHQ #researchfest spoke\xe2\x80\xa6'
904711138637729796,2017-09-04 14:21:58,b'@NUIGalwayUConf Absolutely! Get undergrads to pop into @LaunchPadNUIG this semester and see how they can be part of\xe2\x80\xa6 https://t.co/rzuTcoijqA'
904662890556350464,2017-09-04 11:10:15,b'Dr. Fairfield @ultrajessamyn from Physics Dept on the ESR panel on how to promote young researchers with supportive\xe2\x80\xa6 https://t.co/MQoLpr3z9Q'
904643126744285185,2017-09-04 09:51:43,b'Sean McCarthy from Hyperion.ie on how to secure grants beyond Horizon 2020 and preparing for FP9 funding opportunit\xe2\x80\xa6 https://t.co/AOO1ThwFBB'
904641048860913664,2017-09-04 09:43:28,b'VP for Research Prof. Lokesh Joshi on how @nuigalway can stay ambitious in securing future funding and enhance our\xe2\x80\xa6 https://t.co/svi7bTCaIn'
904638880321851393,2017-09-04 09:34:51,b'A warm welcome as @nuigalway President Dr. Jim Browne opens the 2017 Research &amp; Innovation Symposium @ResearchatNUIG https://t.co/y7M0Xzxtr6'
903569724381986817,2017-09-01 10:46:24,"b""@aidanbreen @EdelBrownie Definitely won't be easy to pull off. But I believe you can do it. Best of luck!"""
903311122673127424,2017-08-31 17:38:49,b'@EdelBrownie Backpacks are so early 2000s'
903012908757655552,2017-08-30 21:53:49,"b""@gduffy00 *Kymriah (what a terrible name). Yeah imagine if you just paid $11bn for Kite, you'll have to walk a fine line with pricing"""
903012489214005249,2017-08-30 21:52:09,"b""@gduffy00 If he's accurate that it cost NVS $1bn to bring Kynriah to market, there must be a lot of pressure from s\xe2\x80\xa6 https://t.co/6kTeZYBSiu"""
903010925652971520,2017-08-30 21:45:56,b'@gduffy00 Fair play to Jimenez for implementing an outcome-based pricing model. 1st to market in US is tough becaus\xe2\x80\xa6 https://t.co/5WwQIfSnh3'
903006760843268096,2017-08-30 21:29:23,b'@gduffy00 Still cheaper than Glybera! \xf0\x9f\x98\x82\xf0\x9f\x98\x82'
900631255716384768,2017-08-24 08:09:58,"b""@TMDLab This could be great for this year's Smart Cardiology team!"""
900100973036785665,2017-08-22 21:02:49,"b'@TMDLab Best of luck, guys! \xf0\x9f\x91\x8a\xf0\x9f\x8f\xbb'"
899987136124002305,2017-08-22 13:30:28,b'@kaigalway @GannetFish Jumpingly alive? How are you preparing them?'
899028510811009024,2017-08-19 22:01:14,b'RT @BioInnovate_Ire: @EdelBrownie @joshuatkchao @portershed @LaunchPadNUIG Well done to the teams who took part in the MIDAS event &amp; congra\xe2\x80\xa6'
898646490071130112,2017-08-18 20:43:13,b'@LaunchPadNUIG @nuigalway @TMDLab @EdelBrownie @NUIGinnovation @BioInnovate_Ire @NUIGalwayAlumni @nataliemwalsh Con\xe2\x80\xa6 https://t.co/fIVbZ3I5xI'
898646062226968576,2017-08-18 20:41:31,b'RT @LaunchPadNUIG: We have our winners ! Huge congrats to BilliStix for winning the inaugural MIDAS #medtech competition @nuigalway ! Winne\xe2\x80\xa6'
898644738156273664,2017-08-18 20:36:16,"b""RT @LaunchPadNUIG: We are longer than an Oscars Speech with all the thank you's but our judges deserve a special mention, Brendan,Tony &amp; Li\xe2\x80\xa6"""
898644623425363968,2017-08-18 20:35:48,b'RT @LaunchPadNUIG: Big thank you to our competition partners @BioInnovate_Ire and @TMDLab and to @joshuatkchao for making MIDAS such a fant\xe2\x80\xa6'
898644436967723008,2017-08-18 20:35:04,"b'RT @portershed: Lots of pitches to help detect cancer faster - inspiring, passionate and practical - good luck all! Well done @joshuatkchao\xe2\x80\xa6'"
898551736222314498,2017-08-18 14:26:42,b'RT @LaunchPadNUIG: Into our last practical session with a run through of the business model canvas by @martinohalloran ...let the pitch cou\xe2\x80\xa6'
898551120922103809,2017-08-18 14:24:16,b'RT @portershed: Love our event space - everyday something different! ...Checkout our Sept event listing on https://t.co/GuHg40ibE2 - music\xe2\x80\xa6'
898551035559587840,2017-08-18 14:23:55,"b""RT @roe_gal: There's a whole bunch of young innovators brainstorming away outside my office! Will these be @EITHealth_UKI start-ups in a fe\xe2\x80\xa6"""
898536163128029185,2017-08-18 13:24:49,b'RT @LaunchPadNUIG: Post lunch so nothing by better than a brainstorming session led by @martinohalloran to get the teams back in the #medte\xe2\x80\xa6'
898512085927301120,2017-08-18 11:49:09,b'MIDAS competition well underway today! Dr. Paul Anglim from @BioInnovate_Ire talking to our teams on how to identif\xe2\x80\xa6 https://t.co/9pVgpZbQRj'
898511214606774275,2017-08-18 11:45:41,b'RT @BioInnovate_Ire: The MIDAS competition is underway! Best of luck to the teams. Looking forward to the pitches #medtech @LaunchPadNUIG @\xe2\x80\xa6'
898511199138189313,2017-08-18 11:45:38,"b'RT @LaunchPadNUIG: Not a seat free in the house, great to see such fantastic interest in #medtech from our @nuigalway students https://t.co\xe2\x80\xa6'"
898511178682560513,2017-08-18 11:45:33,b'RT @LaunchPadNUIG: All set up and ready to go for MIDAS with @BioInnovate_Ire and @TMDLab big shout out to the fantastic @joshuatkchao for\xe2\x80\xa6'
898511086449827842,2017-08-18 11:45:11,b'RT @LaunchPadNUIG: The always amazing @56central crew feeding our #medtech innovators today. Yum \xf0\x9f\x91\x8c https://t.co/MdI3JtVyVV'
898511070045900800,2017-08-18 11:45:07,b'RT @LaunchPadNUIG: Dr Paul Anglim @BioInnovate_Ire taking to our MIDAS teams on context and need for their #medtech ideas https://t.co/Mc6d\xe2\x80\xa6'
897514711452930049,2017-08-15 17:45:56,b'@ellegrace23 @whitehagbrewery @Brewtonic @Bierhausgalway @BeersByBike @edgeofwest @galwayswestend Tell me more! Bre\xe2\x80\xa6 https://t.co/E9SwkcCcpW'
897509056444862464,2017-08-15 17:23:28,b'@ellegrace23 @whitehagbrewery @Brewtonic @Bierhausgalway @BeersByBike @edgeofwest @galwayswestend That is a serious\xe2\x80\xa6 https://t.co/mMjAfVxk0v'
897067031136174080,2017-08-14 12:07:01,b'@capella_hector @DimitrisTsiap7 @REMODEL_IE @CURAMdevices @Shubhasmin1 Are you making Spanish tortilla later?'
895683072401829888,2017-08-10 16:27:40,b'RT @BioInnovate_Ire: Tomorrow is the deadline for our co-hosted Midas Competition! https://t.co/mYJDOL3vw1'
895682991237865474,2017-08-10 16:27:20,"b'RT @TMDLab: Huge surge in numbers this week, and only one or two places remaining. Get in there quick! https://t.co/Ms2NAeh8Vu'"
895659317889822720,2017-08-10 14:53:16,b'RT @LaunchPadNUIG: Tomorrow is our application deadline so signup today at https://t.co/I8Dosl4Uyz https://t.co/qblMLUBoOY'
895194077385420800,2017-08-09 08:04:34,"b'RT @LaunchPadNUIG: We have extended our deadline until Friday 11th so get your names in this week to take part, 1st prize is 2k https://t.c\xe2\x80\xa6'"
894888566828003330,2017-08-08 11:50:35,b'Fascinating article using machine learning to analyze Instagram posts color balance and filters as a predictor for\xe2\x80\xa6 https://t.co/LnhmmuDflb'
893584617441198080,2017-08-04 21:29:09,b'Congratulations and welcome to the new BioInnovate 2017/18 fellows! https://t.co/rgJptxr18t'
892771434505924610,2017-08-02 15:37:51,"b""RT @LaunchPadNUIG: Don't forget to sign up to our new online platform https://t.co/CuachDqS0x a fantastic way to stay in touch and find out\xe2\x80\xa6"""
892759069408337920,2017-08-02 14:48:43,b'Congrats to @NDRC_hq portfolio company @wiaio on a huge seed round! https://t.co/xfxbkgG9Vh'
892143846808748034,2017-07-31 22:04:02,b'Get your application in by August 8th and get a chance to learn about biodesign and medical device innovation! (Not\xe2\x80\xa6 https://t.co/RtSre3QKlD'
892056972643753984,2017-07-31 16:18:50,b'@mistereatgalway @ChefNetworkIRL @EurotoquesIrl @SineadFailte @EggandChick @rdunne57 @Andreja @Bordbia @MissFoodPR\xe2\x80\xa6 https://t.co/qCWAbp54Cr'
892055854148702209,2017-07-31 16:14:23,"b'@EurotoquesIrl @mistereatgalway @GannetFish Congratulations, Stephane and team! Well deserved \xf0\x9f\x91\x8a\xf0\x9f\x8f\xbb'"
891285431253422080,2017-07-29 13:13:00,"b""@dmnicholson Fair play @mistereatgalway - it's the right decision"""
889472498861035520,2017-07-24 13:09:03,"b""@capella_hector @REMODEL_IE @CURAMdevices Wow look at you doing what you're paid to do! \xf0\x9f\x98\x82\xf0\x9f\x98\x82\xf0\x9f\x98\x82"""
889243624113917953,2017-07-23 21:59:35,b'RT @genemurphy: This is the best 3-minute startup pitch you\xe2\x80\x99ll ever see https://t.co/jAgTeAsIg3 via @VentureBeat'
888747190977523713,2017-07-22 13:06:57,b'@ellegrace23 @GalwayBadger @BadgerAndDodo @Justinb1_ @3rdWaveSurfer @PetrovicFrano @SCA_Ireland @ThisIsGalway Are you competing?!'
888358291298013184,2017-07-21 11:21:36,b'@ellegrace23 All the American tourists in Galway are feeling the pain! \xf0\x9f\x98\xb5'
888356031985790976,2017-07-21 11:12:37,b'@Mist_Calls @desydolan @EI_NewFrontiers Great job @desydolan! Well deserved \xf0\x9f\x91\x8a\xf0\x9f\x8f\xbb'
888334269638221824,2017-07-21 09:46:08,b'@Tracy_Keogh @DrRHilliard @FlynnDPaul  https://t.co/S6WVZoWteX'
888097473335635968,2017-07-20 18:05:12,"b'@kaigalway I remember once when we almost served ""fermented barely"" in the menu \xf0\x9f\x98\x82\xf0\x9f\x98\x82\xf0\x9f\x98\x82'"
888094287174434817,2017-07-20 17:52:32,b'@kaigalway I think Spanish is misspelled in the first main. Looks delish otherwise!'
888091357415444480,2017-07-20 17:40:54,b'@Tracy_Keogh @DrRHilliard @FlynnDPaul https://t.co/QxXkPe8xXh'
887788717536137216,2017-07-19 21:38:19,b'RT @BioInnovate_Ire: Congrats @SelioMedical @AurigenMedical @Ostoform &amp; Loci Orthopaedics- the UK/Ireland based winners of the 2017 Headsta\xe2\x80\xa6'
887587070813843456,2017-07-19 08:17:02,b'@johnbreslin @Apple @Independent_ie @adrianweckler @AIBIreland @johnnyodwyer @AIBBiz Finally!'
887350088892284930,2017-07-18 16:35:22,"b""@aidanbreen It's not up to you though. Based on phone's OS"""
887349982092808192,2017-07-18 16:34:56,b'@aidanbreen The irony \xf0\x9f\x99\x84\xf0\x9f\x99\x84'
887349838408503297,2017-07-18 16:34:22,"b""@aidanbreen Update your emoji's dude"""
887349736042266624,2017-07-18 16:33:57,b'@aidanbreen  https://t.co/Cuzw6GHn8U'
887349343543599104,2017-07-18 16:32:24,b'@aidanbreen \xf0\x9f\xa5\x94\xf0\x9f\x93\xb7'
887348664712261633,2017-07-18 16:29:42,b'@aidanbreen What amazing hi-res camera did you take this photo on? \xf0\x9f\x98\x82\xf0\x9f\x98\x82\xf0\x9f\x98\x82'
887347616345972739,2017-07-18 16:25:32,b'@LaunchPadNUIG @Accenture @EdelBrownie @NUIGSU @nataliemwalsh @LaunchPadUCC @LaunchPad_TCD @nuigalway\xe2\x80\xa6 https://t.co/ZnKPfGIMjc'
887347503938580480,2017-07-18 16:25:05,b'RT @LaunchPadNUIG: When the Director of IoT at @Accenture Miguel Sossa pops in to help out at our IoTathon. Thanks so much for your time an\xe2\x80\xa6'
887347348241829890,2017-07-18 16:24:28,b'@siliconrepublic @InspirefestHQ @IrishResearch @scienceirel @nuigalway @SNPcomm \xf0\x9f\x98\x82\xf0\x9f\x98\x82\xf0\x9f\x98\x82'
887346987011645440,2017-07-18 16:23:02,"b""RT @LaunchPadNUIG: One of our proudest moments of 2017, this clip is well worth a watch. We'll done @joshuatkchao \xf0\x9f\x8e\x89 https://t.co/xCgVZS1BW9"""
887346712553152512,2017-07-18 16:21:57,b'RT @LaunchPadNUIG: Breathrite pitching about helping people with asthma using IoT to improve inhaler usage #BLPIotathon our own @joshuatkch\xe2\x80\xa6'
887019027863920640,2017-07-17 18:39:50,b'Great train reading - quality publication @DCassak @MedTechStrat. Any chance of discounted subscription price for p\xe2\x80\xa6 https://t.co/5F5w7lLhDe'
886266139143262209,2017-07-15 16:48:08,b'@FoodOnTheEdge @Andreja @sasulaukkonen @MargaritaFores @MsEatGalway @estrelladamm @Killenuredexter @FineDiningLover\xe2\x80\xa6 https://t.co/R3GzJGOBFe'
886264538370383874,2017-07-15 16:41:46,b'RT @siliconrepublic: Are you suffering from #Inspirefest withdrawal? Let us take you back https://t.co/Yw2C2b198t'
886184734325440513,2017-07-15 11:24:39,b'RT @nuigalway: Soapbox Science Galway is on NOW at the Spanish Arch! @soapboxgal https://t.co/q5171ttwYJ'
886184641736183808,2017-07-15 11:24:17,b'@gduffy00 Who can say no to The Wedding Singer?!'
886181445634543616,2017-07-15 11:11:35,b'Learning about mechanobiology and bioengineered bone constructs with Prof. @LaoiseMcnamara at the Spanish Arch\xe2\x80\xa6 https://t.co/TthfNmsidj'
886149181232074752,2017-07-15 09:03:23,b'@mgsiegler Could just be a rumor error in that the 56GB is the available memory on a 64GB model'
885834759661899779,2017-07-14 12:13:59,b'RT @nuigalway: @DaraStanley @ultrajessamyn take @SoapboxSciGal to the streets of Galway https://t.co/crjGAVbsoN'
885811852445405186,2017-07-14 10:42:57,b'Is the M&amp;A model still relevant in 2017? Busy M&amp;A activity 1H17 with $ABT/$STJ and $BDX/$BCR - will this continue t\xe2\x80\xa6 https://t.co/CqNHomOiNf'
885794592427319296,2017-07-14 09:34:22,b'Fantastic talk from @DCassak @CURAMdevices @portershed on new drivers/innovation models for medtech and future dire\xe2\x80\xa6 https://t.co/uvj389AajY'
885521213266808836,2017-07-13 15:28:04,b'@jeremysliew Is this tech from their WordLens acq?'
885278404861456385,2017-07-12 23:23:14,b'RT @_JamieMac_: Sir Andrew Murray is NOT amused with your casual sexism! #wimbledon https://t.co/a6pTpHCFSr'
884848473404846080,2017-07-11 18:54:50,"b""@InspirefestHQ Great video! What's the music?"""
884701769644875776,2017-07-11 09:11:53,b'@REMODEL_IE @Spanoudes \xf0\x9f\x98\x82\xf0\x9f\x98\x82\xf0\x9f\x98\x82'
883656148297166849,2017-07-08 11:56:57,"b'RT @nuigalway: Joshua Chao, @nuigalway PhD student with @remedinuig, has won @ResearchFest competition @InspirefestHQ for spoken poetry tal\xe2\x80\xa6'"
883605464591872000,2017-07-08 08:35:34,b'@marycarty @InspirefestHQ @monicacparker @Dr_Black @MMaryMcKenna @jkhoey @AstiaAngel @AnnODeaSR @anneravanona\xe2\x80\xa6 https://t.co/4hbv5aR11K'
883604586094874626,2017-07-08 08:32:04,b'RT @NUIG_Medicine: Congratulations to NUI Galway researcher Joshua Chao has been crowned Researchfest champion 2017. https://t.co/9Br8nQnvLu'
883604503811018753,2017-07-08 08:31:44,"b'@Rowan_Manahan Thanks, Rowan! Learning from the best of course'"
883376664163614721,2017-07-07 17:26:23,b'RT @ReelLifeScience: Our NUI Galway colleague Joshua Chao (@joshuatkchao) dropped this amazing rhyme yesterday to win Researchfest at... ht\xe2\x80\xa6'
883342996556705793,2017-07-07 15:12:36,b'RT @lambeinstitute: When Biology meets Broadway.....well worth checking out this video from @joshuatkchao #Inspirefest https://t.co/iNmmb3K\xe2\x80\xa6'
883342659561164800,2017-07-07 15:11:16,b'@ShaunaFlynn777 @siliconrepublic It was loads of fun! Congrats on your win last year'
883307953880805376,2017-07-07 12:53:21,b'Proud to support epidermolysis bullosa (EB) research with @DEBRAireland @InspirefestHQ #inspirefest https://t.co/An11PD0YyF'
883262129679323136,2017-07-07 09:51:16,"b'@aideenryan1 @siliconrepublic Thanks, Aideen!'"
883210154950504448,2017-07-07 06:24:44,"b'@marycarty @InspirefestHQ @LaunchPadNUIG @IrishResearch Thanks, Mary! Glad you enjoyed it and great seeing you again'"
883207600447344640,2017-07-07 06:14:35,"b'@aishling_hyland @InspirefestHQ Many thanks, Aishling! Thanks for organizing and putting on such a fantastic ResearchFest'"
883207343906926592,2017-07-07 06:13:34,b'RT @aishling_hyland: Such a cool thing to be a part of! Well done @joshuatkchao and all the amazing finalists this year #Inspirefest resear\xe2\x80\xa6'
883116802439512066,2017-07-07 00:13:47,"b""@AnnODeaSR Many thanks, Ann. Brilliant job with the whole event so far and can't wait for day 2 tomorrow!"""
883094654094385152,2017-07-06 22:45:47,b'Delighted! Thanks @siliconrepublic for the write-up - highly recommend other PhD students to compete next year! https://t.co/tdxaMnEgZ8'
883093079431012357,2017-07-06 22:39:31,"b'@johnbreslin @nataliemwalsh @InspirefestHQ @LaunchPadNUIG @IrishResearch Thanks so much, John!'"
883092953480265728,2017-07-06 22:39:01,"b""RT @siliconrepublic: You have to check out this year's Researchfest winner @nuigalway researcher, @joshuatkchao! #research  https://t.co/BG\xe2\x80\xa6"""
883092308006232064,2017-07-06 22:36:27,b'RT @remedinuig: Congrats to Josh Chao (REMEDI PhD student) who won won the Researchfest competition at Inspirefest today https://t.co/J0Vcw\xe2\x80\xa6'
883073268537851909,2017-07-06 21:20:48,b'@lisakjhelen Thanks for listening Lisa. Glad you enjoyed it'
882966151130697731,2017-07-06 14:15:09,b'RT @IrishResearch: Congratulatons to Researchfest winner @joshuatkchao #LoveIrishResearch #Inspirefest https://t.co/ezcuGC5YKn'
882965820401496064,2017-07-06 14:13:50,b'@InspirefestHQ Thanks! So close with the last name! \xf0\x9f\x98\x82\xf0\x9f\x98\x82'
882965451025920000,2017-07-06 14:12:22,b'Massive thanks to Aisling and @arlene_oneill for putting on a fantastic ResearchFest @InspirefestHQ! Enjoyed doing\xe2\x80\xa6 https://t.co/03RneNbMcR'
882963261473382400,2017-07-06 14:03:40,b'@CriticalRedPen Thanks Elaine!'
882963165843161088,2017-07-06 14:03:18,b'RT @CriticalRedPen: The full line-up of #Researchfest contestants. Another tough one to call for the judges! Well done to all! #inspirefest\xe2\x80\xa6'
882962936293187586,2017-07-06 14:02:23,b'Thanks @IrishResearch for all the support and funding throughout the PhD! Thanks for coming out to @InspirefestHQ -\xe2\x80\xa6 https://t.co/voXX9Ry82w'
882962278517284867,2017-07-06 13:59:46,b'RT @IrishResearch: Fantastic spoken word description of his @IrishResearch-funded PhD work delivered by @joshuatkchao at #Inspirefest \xf0\x9f\x91\x8d\xf0\x9f\x8f\xbb ht\xe2\x80\xa6'
882961584947113984,2017-07-06 13:57:01,"b'@hynessight @barbaralolive Thanks for all the prep and help along the way, Ruth!'"
882961454332342272,2017-07-06 13:56:30,b'@barbaralolive @nuigalway @InspirefestHQ Whoohoo! Great job to you too - go us!'
882960670790176770,2017-07-06 13:53:23,b'@DrRHilliard @LaunchPadNUIG Thanks so much Rachel! Really appreciate you coming out!'
882960428774694917,2017-07-06 13:52:25,b'RT @scienceirel: Well done to all #Researchfest 2017 finalists today at #Inspirefest - inspirational #scicomm from all! https://t.co/WY2eRa\xe2\x80\xa6'
882960304161902592,2017-07-06 13:51:55,b'@katieloutogher @InspirefestHQ Thanks so much for listening!'
882671071232741376,2017-07-05 18:42:37,"b""@IrishRail Half the cabin is fanning themselves with newspapers. It's probably 28/29C in here. Longest 2.5 hours ever"""
882668791318151169,2017-07-05 18:33:33,b'@IrishRail on the 17:20 from Galway to Dublin. Fully packed with NO air conditioning. Multiple complaints made to staff. Nothing.'
882637884582494208,2017-07-05 16:30:44,b'Science &amp; spoken word in 3 minutes? Come see me tmrw at #ResearchFest @InspirefestHQ! Thanks @LaunchPadNUIG\xe2\x80\xa6 https://t.co/grmW7oD8s3'
882005303541334016,2017-07-03 22:37:05,b'Male and Female Entrepreneurs Get Asked Different Questions by VCs \xe2\x80\x94 and It Affects How Much Funding They Get https://t.co/MCWyxkA2NP'
881052709985636353,2017-07-01 07:31:49,b'RT @LaunchPadNUIG: Great to see @nuigalway students @joshuatkchao and @barbaralolive as finalists in this year @InspirefestHQ  #Researchfes\xe2\x80\xa6'
880793804827238400,2017-06-30 14:23:02,b'RT @LaunchPadNUIG: Delighted to announce our first joint event with @LaunchPad_TCD and @LaunchPadUCC  sign up here to take part https://t.c\xe2\x80\xa6'
880414727096205316,2017-06-29 13:16:42,b'Many thanks to @Tracy_Keogh and the team at startlab for having us. Enjoyed hearing from cohort 2 and hope they get\xe2\x80\xa6 https://t.co/E1IK9w8ORE'
880397982268628992,2017-06-29 12:10:10,b'RT @LaunchPadNUIG: Great closing pitches @BOIstartups #boistartlab  well done to all six start ups! Fantastic day of learning and community\xe2\x80\xa6'
880379487644520451,2017-06-29 10:56:41,b'Looking forward to some great pitches from cohort 2 at @BOIstartups startlab demo day! https://t.co/cV3S0AAUe3'
879999739269394432,2017-06-28 09:47:42,b'@johnbreslin @eir @openeir How much do you pay per month?'
877823245860327424,2017-06-22 09:39:05,b'@dscanlon @plynkapp @portershed Awesome. Thanks man'
877666267045535744,2017-06-21 23:15:18,"b""@dscanlon do you think you can get the @plynkapp guys to talk at the @portershed? Would love to go to Dublin tmrw but can't make it \xf0\x9f\x98\xab"""
876853768607891456,2017-06-19 17:26:44,b'RT @IrishResearch: Congrats to @IrishResearch scholar @joshuatkchao on making the shortlist! https://t.co/Mdn7QCD77T'
876531970238558209,2017-06-18 20:08:01,"b""@adrianweckler That's a decent speed for 2 out of 5 bars of service, no? In Portugal on Irish 3 SIM and only 3G cellular connection"""
876515778199244800,2017-06-18 19:03:41,"b""@TMDLab @barbaralolive @nuigalway Thanks, guys! We'll try and make y'all proud \xf0\x9f\x91\x8d\xf0\x9f\x8f\xbb"""
876515575102660608,2017-06-18 19:02:52,b'Come to @InspirefestHQ in Dublin from 6th-8th July 2017 and see us present our PhD research in less than three minu\xe2\x80\xa6 https://t.co/8cQ9OeOK7g'
876514466594250752,2017-06-18 18:58:28,"b'@barbaralolive @InspirefestHQ Cheers, B! It will be tough going up against the reigning Threesis champion! \xf0\x9f\x98\x9c'"
875855844398780417,2017-06-16 23:21:20,"b'@ellegrace23 @oddfellowscafe Have you been to Un Bien? It\'s the ""new Paseo\'s""'"
875150294686081024,2017-06-15 00:37:44,"b'RT @DukeAlumni: We remember Steven Mitchell, who will always be a Blue Devil. #ForeverDuke\nhttps://t.co/wfQxc2xb30'"
872798518209126403,2017-06-08 12:52:37,b'Congratulations @paddy_macdonagh!! Great job - well deserved! \xf0\x9f\x91\x8a\xf0\x9f\x8f\xbb https://t.co/LATuLpHR9A'
872402659940192259,2017-06-07 10:39:37,b'@johnbreslin @ThreeIreland Yikes! Got notified today of contract change and roaming allowances https://t.co/8DvSHNBObc'
872401591411802112,2017-06-07 10:35:22,b'@LaunchPadNUIG @Entirl @nuigalway @NUIGCairnes @nataliemwalsh @clancy_johanna @BlackstoneEI @NUIGSU Good luck @paddy_macdonagh'
871865080899612672,2017-06-05 23:03:28,b'@benthompson @exponentfm Or too little too late?'
871864690363727876,2017-06-05 23:01:55,"b""@benthompson iOS 11 native camera app now scans QR codes - potential sol'n for QR in US? Ref your @exponentfm ep on WeChat &gt; Apple in China"""
871390730396237824,2017-06-04 15:38:34,"b""@EdelBrownie @sundaybusiness @aoifekirk Congrats!! Maybe next year they'll get a decent picture \xf0\x9f\x98\x82"""
869931472790147072,2017-05-31 15:00:00,"b""@NiaLLLarkin As promised. CRISPR, acapella, and show tunes - it doesn't get any better than this! https://t.co/q1jqlSWhn0"""
869894434581827585,2017-05-31 12:32:49,b'Great job to @openingdublin for winning @NDRC_hq Investor Day!! \xf0\x9f\x91\x8a\xf0\x9f\x8f\xbb #bestplacetostart https://t.co/dztdoqTSJt'
869675284714467328,2017-05-30 22:02:00,b'@Diana_A_Gaspar what about something like this for #ResearchFest at @InspirefestHQ? \xf0\x9f\x98\x82\xf0\x9f\x98\x82 https://t.co/ATu69nJVBK'
869633187697360897,2017-05-30 19:14:43,b'@johnbreslin @portershed Why is everyone having their demo day tomorrow?! I can only be in one place at a time! \xf0\x9f\x98\xa9'
868043761795952640,2017-05-26 09:58:54,b'@iDilipThomas What do you think needs to change?'
867873155058208768,2017-05-25 22:40:59,"b""RT @NDRC_hq: The full slide deck from last night's NDRC at @portershed Open Night is available here https://t.co/M7iBbkkZiL https://t.co/Nl\xe2\x80\xa6"""
867753911721099264,2017-05-25 14:47:09,b'Congratulations! Well deserved! \xf0\x9f\x91\x8a\xf0\x9f\x8f\xbb https://t.co/cROPkRgTdO'
866717094083268608,2017-05-22 18:07:12,"b""@aidanbreen I didn't say group yoga but whatever you're into"""
866714417785950209,2017-05-22 17:56:34,b'@aidanbreen You have very temperamental Mondays. I would recommend yoga'
864951723739271168,2017-05-17 21:12:15,b'Tagtonic Plates win the IRFU Tag Rugby Spring League Championship 2 Cup!!!! \xf0\x9f\x8f\x86\xf0\x9f\x8f\x86\xf0\x9f\x8f\x86 Many thanks to @TMDLab for the inte\xe2\x80\xa6 https://t.co/bguXGl0ewj'
864525029769449478,2017-05-16 16:56:43,b'RT @HarvardBiz: 44% of graduates want to work in a startup or other small enterprise. https://t.co/83IcO3sbdC'
864522015197233152,2017-05-16 16:44:45,"b""RT @jeremysliew: Good read from @ChrisMessina - Silicon Valley is wrong about Amazon\xe2\x80\x99s Echo Show b/c it's target is middle America https://\xe2\x80\xa6"""
864499500920041472,2017-05-16 15:15:17,"b'RT @EricTopol: Cardiovascular mortality by county in the United States: Yes, Place Matters https://t.co/cJSaOXNZa5 @JAMA_current @nih_nhlbi\xe2\x80\xa6'"
864448180234186753,2017-05-16 11:51:21,b'Absolutely beautiful leather MacBook sleeve handmade by Dutch design studio @jolioriginals. Thanks! \xf0\x9f\x98\x8a\xf0\x9f\x91\x8a\xf0\x9f\x8f\xbb https://t.co/llLpeFzQrn'
863043582365773824,2017-05-12 14:49:59,b'@JohnCendpts @gduffy00 another MI cell therapy bites the dust \xf0\x9f\x98\xac'
859776998712934402,2017-05-03 14:29:45,"b'Delighted! Huge thanks to Lucas, Lorna, Manaswee, and the team @Peracton for the fintech and Python programming les\xe2\x80\xa6 https://t.co/aCryXkWhCJ'"
859775803814498304,2017-05-03 14:25:00,b'RT @NDRC_hq: Delighted to announce the launch of NDRC at @portershed in partnership with @Entirl   \n\n#bestplacetostart \n\nhttps://t.co/11vxQ\xe2\x80\xa6'
859546627434000387,2017-05-02 23:14:20,b'RT @HarvardBiz: 44% of graduates want to work in a startup or other small enterprise. https://t.co/b7uj9LhqFd'
859352678278868992,2017-05-02 10:23:39,"b'RT @johnbreslin: Enterprise Ireland Launches Regional Accelerator Programme at NDRC at Portershed, Galway https://t.co/zIn4WtSlTc'"
857907769978093568,2017-04-28 10:42:06,"b'@GavinDuffy - this was the @BrianCVC article I mentioned yesterday @AHECSHEcareers \xe2\x80\x98Ireland\xe2\x80\x99s great for start-ups,\xe2\x80\xa6 https://t.co/cAyHEsctM8'"
857901050044350466,2017-04-28 10:15:24,"b""@ellegrace23 We'll talk again when Seattle beats Galway in consecutive sunny days. Shouldn't take long... I think G\xe2\x80\xa6 https://t.co/meGQL4dHru"""
857884241438355456,2017-04-28 09:08:36,"b'@ellegrace23 @galwaybeer @TeelingWhiskey @SaltHouseGalway Did you go for the 2015,16,17 tasting?'"
857634649991983104,2017-04-27 16:36:49,"b""Thanks for the opportunity today @AHECSHEcareers. Wouldn't have been possible without great co-founders\xe2\x80\xa6 https://t.co/Ph1ynXy4WI"""
857633356409970692,2017-04-27 16:31:40,b'RT @LaunchPadNUIG: @LaunchPadNUIG team @EdelBrownie and.@joshuatkchao on the student entrepreneurship panel @AHECSHEcareers https://t.co/uv\xe2\x80\xa6'
857632732490420226,2017-04-27 16:29:12,b'RT @LaunchPadNUIG: .@joshuatkchao introducing his business idea pathostrips @AHECSHEcareers so excited @LaunchPadNUIG to see this idea deve\xe2\x80\xa6'
857368082632912896,2017-04-26 22:57:34,"b'RT @johnbreslin: Looking forward to speaking at the ACHES Labour Market event on SMEs, Start-ups &amp; Entrepreneurship in @NCIRL w/ @GavinDuff\xe2\x80\xa6'"
852225790934753287,2017-04-12 18:23:56,b'Planning to dominate our competition like @TMDLab at #IRFUTag spring league - and play some tag rugby too! https://t.co/sFl19l63Kt'
851713203084173313,2017-04-11 08:27:06,b'@RebelBio Thanks!'
851573799728418817,2017-04-10 23:13:09,"b""@RebelBio I'm trying to register an expression of interest on your website but your CAPTCHA Stoken has expired"""
850492460124057600,2017-04-07 23:36:18,b'@MurphysIceCream Thanks'
850445524209725441,2017-04-07 20:29:48,b'@MurphysIceCream What are your opening hours for Galway?'
850374761943314432,2017-04-07 15:48:37,b'.@PeadarRooney @FernandesJS17 @Diana_A_Gaspar @drppimenta @ligiabre @JoaoCoentro @capella_hector @AnaFradinho3 @rachel08ronan'
850374184337276928,2017-04-07 15:46:19,b'HELP NEEDED: My colleagues and I are conducting a short survey about cell culture - would love to hear your input! \xf0\x9f\x98\x80\nhttps://t.co/BVvrf744SQ'
850042717254148097,2017-04-06 17:49:11,b'Looking forward to great pitches at Neurotransmitter 2017! Investors get your checkbooks ready @Innovate2017\xe2\x80\xa6 https://t.co/HHjrDt76iL'
849939862644019200,2017-04-06 11:00:29,"b'RT @tech_innovate: We are delighted to announce a new call for Connected Health Fellows, in partnership with sister programme @BioInnovate_\xe2\x80\xa6'"
847074171968540672,2017-03-29 13:13:15,"b""Brilliant talk from @ellentroche today on a soft robotic ventricular assist device @LaunchPadNUIG. Can't wait to se\xe2\x80\xa6 https://t.co/sHNKOTCK2I"""
842056863504072704,2017-03-15 16:56:15,"b""@PeadarRooney I'll be appearing on prime time @LaunchPadNUIG news with @JemimaBurkeIRL this evening on RTE \xf0\x9f\x98\x82"""
841214697517010944,2017-03-13 09:09:47,b'RT @BleacherReport: Everyone knows that one fan... https://t.co/bz9IyKBDkp'
840179873918418944,2017-03-10 12:37:46,b'RT @Entirl: CEO and award-winning Irish entrepreneur John Power gives his top tips for the Eurozone. For more: https://t.co/2PxpalHzqA #Glo\xe2\x80\xa6'
840179622838968321,2017-03-10 12:36:46,b'@Rowan_Manahan Thanks for the advice!'
839980281213923328,2017-03-09 23:24:39,"b""@Rowan_Manahan Do you really have 2 slide decks that you choose between depending on the screen's aspect ratio on the day?"""
839976785538416640,2017-03-09 23:10:46,"b""@Rowan_Manahan Interesting point. PowerPoint is usually 4:3 but TVs and screens are 16:9. It's either black bars on sides or stretched out!"""
839049252592574464,2017-03-07 09:45:05,b'@siliconrepublic @AIBIreland @AskAIB when will we see Apple Pay for AIB customers?'
837710404943912960,2017-03-03 17:04:59,b'RT @cbtadvisors: Ireland to woo scientists from the UK - more unintended consequences from Brexit  https://t.co/PsyEtQqMKR via @scibus'
836351591007551488,2017-02-27 23:05:32,"b""@LaunchPadNUIG @ellegrace23 omg we're famous"""
834856601743929344,2017-02-23 20:04:59,"b'@aidanbreen if you do, be sure to make the moss of it'"
834850172467290112,2017-02-23 19:39:26,"b""@aidanbreen I guess you could say that you're not lichen it."""
834839744748146692,2017-02-23 18:58:00,"b""@aidanbreen Don't you have a thesis to write? \xf0\x9f\x98\x82"""
834063007462391808,2017-02-21 15:31:31,b'@TMDLab @lambeinstitute Congrats Martin! Way to keep this under wraps earlier today'
829050294772330496,2017-02-07 19:32:47,b'@Rowan_Manahan Rowan - thanks for the fantastic presentation today. Just stumbled across some very sad news: https://t.co/mEso8IWR4W'
828964683973525504,2017-02-07 13:52:36,"b'""One number &amp; one word. 150 (words per min). RESPECT (your audience)."" - Pitch and Presentation Workshop with\xe2\x80\xa6 https://t.co/FnBf7wN4Pi'"
826577575648575490,2017-01-31 23:47:05,"b""@GannetFish they don't list any fish suppliers so I imagine it's mostly imported wholesale fish"""
826577406894944256,2017-01-31 23:46:25,"b""@GannetFish it's decent. Large nigiri/roll menu &amp; huge space for big parties. Would love to see them use more local fish though"""
826569010691051520,2017-01-31 23:13:03,"b'@GannetFish to my knowledge, Tomodachi does not advertise their salmon as wild or Irish'"
824676487219597317,2017-01-26 17:52:50,"b""@stemcellib I'd love to see @CIRMnews partner with a big data analytics company like @PalantirTech to make this lib happen"""
821679500924747776,2017-01-18 11:23:53,b'Packed room here @CURAMdevices - developing medtech business models workshop with Sean McNulty from @DolmenDesign https://t.co/CxZCXJ0jFD'
817294346147856385,2017-01-06 08:58:51,b'Beautiful PNW \xf0\x9f\x8c\x84 https://t.co/Hrky6aeDPI'
812470626828988417,2016-12-24 01:31:07,b'RT @BioInnovate_Ire: We are now recruiting for the 2017-2018 Programme. If you are interested please register on our website at this link h\xe2\x80\xa6'
806995056934744064,2016-12-08 22:53:09,b'@IrishMedtech @BioInnovate_Ire Congratulations!! Well deserved \xf0\x9f\x91\x8a\xf0\x9f\x8f\xbb'
806311138602455040,2016-12-07 01:35:30,b'Well worth a read guys @PeadarRooney @FernandesJS16 @gduffy00'
806303197207924736,2016-12-07 01:03:57,b'Great interview from @LifeSciVC @atlasventure on approaching entrepreneurship in science &amp; investment strategies https://t.co/jEEoXiVlVp'
802847579205672960,2016-11-27 12:12:33,"b'@TMDLab Thanks, guys! Much appreciated!'"
802196299353296896,2016-11-25 17:04:36,b'RT @LaunchPadNUIG: Congrats to first prizes winners in our #ideas competition @PeadarRooney @FernandesJS16 and @joshuatkchao well done guys\xe2\x80\xa6'
758977845645324290,2016-07-29 10:49:54,"b'@AskAIB any chance of adding Touch ID unlock support for the AIB mobile banking app on the iPhone? Also, any news about Apple Pay in ROI?'"
736336927981502464,2016-05-27 23:22:58,b'Phenomenal meal tonight. Loving the new tasting menu and interior @mistereatgalway [2/2] https://t.co/uD6yrzbOEW'
736336762944036864,2016-05-27 23:22:19,b'Phenomenal meal tonight. Loving the new tasting menu and interior @mistereatgalway [1/2] https://t.co/08Iv1gW438'
649287434186829824,2015-09-30 18:19:22,"b'Delicious Taiwanese street food at @baotime206 food truck. Pig leBAOski, BAO chicka wow, and taro fries! #itsbaotime http://t.co/3nvduAsqZw'"
624705216504557568,2015-07-24 22:18:24,b'Not a bad day for a bit of tag rugby \xf0\x9f\x8f\x89 @ Corinthians R.F.C. https://t.co/EOla37vfdV'
622414145523175424,2015-07-18 14:34:30,b'@mistereatgalway @AniarGalway I can do. Our theses are science-oriented but follow the same overall structure as humanities.'
622197249012027392,2015-07-18 00:12:38,"b""@mistereatgalway @AniarGalway Give me a shout if you're still looking. Spelling, grammar, formatting, etc. No content! \xf0\x9f\x93\x9d"""
615231886697308160,2015-06-28 18:54:46,"b'@Shmult @AniarGalway The end of an era. Wishing you the very best, Chef!'"
584876668768104448,2015-04-06 00:33:58,b'Unbelievable dinner at @SoderandKo tonight!! Brilliant job \xf0\x9f\x98\x89\xf0\x9f\x98\x89 http://t.co/9xKl2SKiYT'
584785622889406464,2015-04-05 18:32:11,b'Welcome to Scandi-Asia. #soderandko @ Soder+Ko https://t.co/fzGKW2Anz2'
