id,created_at,text
970434368324829184,2018-03-04 23:02:37,b'RT @BBCPaulMurphy: Extraordinary scenes on the east coast as shellfishermen attempt to  rescue thousands of juvenile lobsters stranded on b\xe2\x80\xa6'
970285390006538240,2018-03-04 13:10:38,"b'Good to hear scientist and fishermen having conversations about communication, relationships, and #RelatableScience\xe2\x80\xa6 https://t.co/CXLwQJuL20'"
970137617194016768,2018-03-04 03:23:26,b'@RetTalbot @UMaineSMS Data does matter! It has been so great to be able to work with the Maine lobster fishery duri\xe2\x80\xa6 https://t.co/aYd3ZTIjLz'
970136642127302656,2018-03-04 03:19:34,"b'RT @RetTalbot: Jocelyn Runnebaum of @UMaineSMS shows cusk can survive barotrauma (e.g., stomach version) and can escape lobster traps #main\xe2\x80\xa6'"
968810685751877632,2018-02-28 11:30:41,b'RT @abigailrdan: Seeking a #marine #biologist / #SCUBA diver with a charismatic personality who is comfortable in front of a camera to dive\xe2\x80\xa6'
968515098682765312,2018-02-27 15:56:08,b'I really thought PB patties would be ranked so much higher https://t.co/JhbrEfnneG'
968470943193534464,2018-02-27 13:00:40,b'RT @ElisePendall: Concise guidelines for #WritingScience \n#PLOSCompBio: Ten simple rules for structuring papers https://t.co/1pJ6SrmHoy'
968468319903903745,2018-02-27 12:50:15,b'RT @KTOOpubmedia: Weather app a research tool for \xe2\x80\x98mesoscale\xe2\x80\x99 meteorology https://t.co/prva5wrVmS by @RobWoolsey @ravenradio'
968084764895916034,2018-02-26 11:26:08,b'RT @imber_ipo: Final count down for EU-based early career researchers to apply to attend the IMBeR workshop on working effectively at the s\xe2\x80\xa6'
967970826330034181,2018-02-26 03:53:23,b'Even @dunkindonuts agrees with my assessment of the best #GirlScoutCookies:\n\nhttps://t.co/oRi9IwMr5l'
967960368969633792,2018-02-26 03:11:50,"b'RT @drsrbayer: ""I could wax poetic about girl scout cookies for so long..... soooo long..."" - hour long debate in the house about which #gi\xe2\x80\xa6'"
967957977872437249,2018-02-26 03:02:20,b'Needing to settle a household debate: what are the top tier #GirlScoutCookies?'
967744532338171905,2018-02-25 12:54:10,b'Call your reps! The proposed budget is looking to cut funding to NOAA by $1 billion w/ substantial cuts to fisherie\xe2\x80\xa6 https://t.co/JNUpZavB3I'
966711117744570369,2018-02-22 16:27:45,b'@drsrbayer So fun! https://t.co/KpjS37qqnk'
966710002596622336,2018-02-22 16:23:19,b'@drsrbayer Thank you for the tour!'
966408557880119296,2018-02-21 20:25:29,b'This is a perfect example of the need for collaborations between scientist and fishermen to ensure that science mee\xe2\x80\xa6 https://t.co/UsxOAPQIrI'
966071954246717440,2018-02-20 22:07:57,b'Only die hard scientists go to @theNASciences and @librarycongress on vacation right? https://t.co/ThSR66dWd2'
963290872870653952,2018-02-13 05:56:55,"b'The #2018Olympics are exciting, but check out the women free diving fishers of South Korea. These women are lifetim\xe2\x80\xa6 https://t.co/Ebxbjx7tIb'"
958156437712134144,2018-01-30 01:54:31,b'RT @AmFisheriesSoc: Want to learn how to prepare and deliver an \xe2\x80\x9celevator speech\xe2\x80\x9d to decision-makers? Register for the @AmFisheriesSoc free\xe2\x80\xa6'
956699079349882880,2018-01-26 01:23:29,b'@drsrbayer @RepealHydeArt'
956416751570432000,2018-01-25 06:41:37,b'Nothing better than friends that just get you. #bestgiftever https://t.co/y7hqC515h3'
956323005264785410,2018-01-25 00:29:06,b'RT @NOAAResearch: New #research shows we can #predict in July what kind of #snowpack there will be in March! https://t.co/D4269mEA4f @NOAA\xe2\x80\xa6'
955160201945956352,2018-01-21 19:28:32,"b""RT @bgrassbluecrab: This is the best thing I've seen in years. It's a scientific paper, but also a graphic novel. It includes discussion of\xe2\x80\xa6"""
954761407676874752,2018-01-20 17:03:52,b'The power of participation: Challenges and opportunities for facilitating trust in cooperative fisheries research i\xe2\x80\xa6 https://t.co/7sE35cbx8P'
953479569851301888,2018-01-17 04:10:18,"b'RT @easternblot: ""From Science to SciComm"" will be available to download tomorrow! It\'s a &gt;50-page guide/workbook for scientists who are in\xe2\x80\xa6'"
953479319807930368,2018-01-17 04:09:19,b'RT @ComSciCon: Are you a grad student interested in #scicomm in the US or Canada? Applications are still open for #comscicon18! Apply by Ma\xe2\x80\xa6'
952753972107919361,2018-01-15 04:07:02,b'RT @MaineFishermen: We strongly oppose any drilling off the coast of New England. These fishing grounds are some of the most productive and\xe2\x80\xa6'
951842008322068485,2018-01-12 15:43:13,b'RT @PREAUX_FISH: Dear fellow scientists:\n\nIn 2018 write peer reviews that help and point out problems without being cruel. \n\nAsk questions\xe2\x80\xa6'
951840889785040896,2018-01-12 15:38:47,b'https://t.co/7gMQbEXJfs'
948071454364524544,2018-01-02 06:00:23,"b'@studentofwater @drsrbayer Thank you, Skylar! It was an honor to be on your show and tons of fun to chat.'"
948068824393269248,2018-01-02 05:49:56,b'Habitat modeling using #VAST: \nHabitat suitability modeling based on a spatio-temporal model: an example for Cusk i\xe2\x80\xa6 https://t.co/jnFRrGxK0z'
948062480399396864,2018-01-02 05:24:44,b'Thank you @drsrbayer! @studentofwater  and I are excited to talk about how stakeholders view credible science. https://t.co/NLa4u4Nswg'
873573416347086848,2017-06-10 16:11:47,b'@melissa_rhoff @studentofwater Thank you @melissa_rhoff! Awesome meeting you yesterday!'
871855308792094722,2017-06-05 22:24:38,"b""RT @SeaGrant: #Job - @Maine_Sea_Grant is looking for it's next Director! https://t.co/ZwAOJvYggv"""
871728593868664833,2017-06-05 14:01:07,"b'RT @TlustyM: ""Its difficult to get a man to understand something when his salary depends on his not understanding it""-\nU Sinclair @SenAngus\xe2\x80\xa6'"
838511100085796864,2017-03-05 22:06:39,"b'@SenAngusKing @SenatorCollins I hope you see the value of @NOAA and @SeaGrant, especially @Maine_Sea_Grant !'"
838509964368965632,2017-03-05 22:02:08,b'This thread gives some of the economic value of @NOAA and @SeaGrant https://t.co/kxnOQ0Dq8o'
838163006697635841,2017-03-04 23:03:27,"b""RT @SeaGrant: Sea Grant has been putting science to work for America's coastal communities for 50 years! https://t.co/etneoYLy9l #SeaGrant5\xe2\x80\xa6"""
838162846248812544,2017-03-04 23:02:49,"b'RT @TrevorABranch: Four ways @NOAA benefits your life today, and why the proposed deep cuts are such a bad idea \nhttps://t.co/OZu28CCWu5'"
827501430671970304,2017-02-03 12:58:09,b'@hattietrain Thank you for getting me to sign up! Time to start training. See you at the pool!!! https://t.co/ja7HZavNR4'
821717656671780865,2017-01-18 13:55:30,b'https://t.co/d9QHwMwQMC'
819875657115123715,2017-01-13 11:56:03,"b""RT @Karen_Pickell: Call your senators, yes, bcuz this isn't over yet. But more importantly today, call your reps in the house. They're voti\xe2\x80\xa6"""
817840077002969088,2017-01-07 21:07:23,"b""RT @Monsauce: Great #CCFFR2017 so far! Don't forget about the Improv for Scientists workshop today at 6pm in Creation room w/myself and @kp\xe2\x80\xa6"""
808682336321671173,2016-12-13 14:37:48,b'Love to see the lobster industry speak up about climate change.\nhttps://t.co/PH1ilTUDZN'
802626310849839104,2016-11-26 21:33:19,b'RT @CNN: NASA wants you to see this video of the Artic ice disappearing https://t.co/QYxNbNV47c https://t.co/OPA44Qy3RA'
801571136031129604,2016-11-23 23:40:25,"b'RT @NOAAFish_GARFO: Tell us what you want to know about climate and fisheries, aquaculture. Deadline 11/25 https://t.co/hXGDmuG2W4'"
