id,created_at,text
966937081011474433,2018-02-23 07:25:39,b'RT @pgmotte: #randstadmedical aanwezig met stand en mee-organisator van de studiedag #verpleegkundige veelzijdige professional op donderdag\xe2\x80\xa6'
966936922739433472,2018-02-23 07:25:01,"b""RT @SleepReview: We just uploaded our first videos to our new YouTube channel! Here's the link to follow us on YouTube as well: https://t.c\xe2\x80\xa6"""
966936795257692160,2018-02-23 07:24:31,b'RT @Benurse_BE: Onze volgende #tweetchat gaat over het #verpleegkundigimago.  Vanaf morgen starten we met tweeten van enkele triggers. Deel\xe2\x80\xa6'
966936687547944960,2018-02-23 07:24:05,b'RT @EricVanDerHulst: Doe mee / Geef je mening / Zoek je partners in innovatie https://t.co/k30jVQpEDY'
966561671631302656,2018-02-22 06:33:55,b'RT @Maggie_DeBlock: Of apps een plaats krijgen in onze reguliere gezondheidszorg? Jazeker! Met dit model zorgen we ervoor dat de kwaliteit\xe2\x80\xa6'
962333070706823169,2018-02-10 14:30:57,b'EUROPEAN INNOVATION PARTNERSHIP: Conference of Partners of the European Innovation Partnership on Active and Health\xe2\x80\xa6 https://t.co/E2xpkTizgo'
956109287209734144,2018-01-24 10:19:52,"b'""De week van de verpleegkundigen"" van 19 t.e.m. 23 maart 2018 te Oostende. Boeiende workshops, interessante spreker\xe2\x80\xa6 https://t.co/afPXwl2By3'"
938715029666435072,2017-12-07 10:21:18,b'Stralend 100 https://t.co/ij0XUcOhNe'
931092321868963842,2017-11-16 09:31:23,b'Bejaarden fietsend door Mechelen dankzij Streetview | RTV https://t.co/PLSvqhdyOx'
930120591528595456,2017-11-13 17:10:04,b'RT @ClinMedJournals: Access FREE research on #diabetes until November 30th #wdd17 https://t.co/nmfzu0ZAZv'
930114921169408000,2017-11-13 16:47:32,b'RT @WDD: 3 days to #WDD! women are key in the prevention of #type2diabetes https://t.co/ytZlhEknuK'
929650940071825408,2017-11-12 10:03:50,b'Samen voor een betere diabeteszorg#diabetessymposium2017#NVKVV#ICCGent\nhttps://t.co/hNV71eJmTR'
927837651805327360,2017-11-07 09:58:29,b'RT @ajssportscentre: If elderly people add in just an hour a week of physical activity they are less likely to develop mobility issues. htt\xe2\x80\xa6'
927837618523566080,2017-11-07 09:58:21,"b'RT @drstak70: Elderly w/ #diabetes, on low caloric #diet and \xe2\xac\x86 physical activity had better brain blood flow. https://t.co/apNDb1tfIb #diab\xe2\x80\xa6'"
892748191548018688,2017-08-02 14:05:29,b'RT @IlseVanWesemael: Vanavond is het zo ver! 20.30 beginnen we er aan. Wie #tweet mee? #RT = \xf0\x9f\x91\x8c\xf0\x9f\x91\x8d #samensterk #tweetchat #benurse #zelfzorg #\xe2\x80\xa6'
891928415745568768,2017-07-31 07:48:00,b'Prachtige innovatie voor de zorg #Tech Insider UK #Rolling sheet https://t.co/K3NjVrCxIv'
890467008101449728,2017-07-27 07:00:53,"b'RT @JoVandeurzen: Blij met federale ondersteuning mantelzorger, sluit aan op Vlaams actieplan mantelzorg #begroting #mantelzorg'"
890466546337939456,2017-07-27 06:59:03,b'RT @Maggie_DeBlock: Psych. hulp in 1e lijn binnenkort terugbetaald. Nieuwe belangrijke stap in versterking #geestelijkegezondheidszorg. htt\xe2\x80\xa6'
877857311363964929,2017-06-22 11:54:27,b'RT @UCVVGent: UCVV Navormingsprogramma voor het najaar 2017. Neem een kijkje en schrijf in! https://t.co/pbrBjqCLku https://t.co/QHLPGZbrbm'
877856798669254656,2017-06-22 11:52:25,b'RT @UCVVGent: Terugblikken en vooruitkijken op de activiteiten van het UCVV https://t.co/LM1dvtUvbf https://t.co/IdpUXjnWA1'
863118424469385216,2017-05-12 19:47:23,b'RT @AWMVV: Ook wij wensen alle (student-) verpleegkundigen en in het bijzonder onze alumni een mooie Dag van de Verpleegkunde! #DvdV #IND20\xe2\x80\xa6'
862923991480193024,2017-05-12 06:54:46,b'en dat sinds 1965.... https://t.co/3OwAAQv8Po'
862298776274337792,2017-05-10 13:30:23,b'https://t.co/qZzQQUtSKS'
862189724009721856,2017-05-10 06:17:03,b'RT @LucColemont: Nog een nuttige tip: F.O.C.U.S. je op #Twitter\n#BENURSE https://t.co/arQM9kr80S'
862189297558052864,2017-05-10 06:15:21,b'RT @EBMRR: Top evidence based medicine articles from last 48 hrs https://t.co/ioDKYLvku0'
862039559848296448,2017-05-09 20:20:21,b'RT @Actual_Care: Slimme technologie als alternatief voor fysieke fixatie: leer meer over het STAFF-project op https://t.co/CXSKssaihe https\xe2\x80\xa6'
862039477061136386,2017-05-09 20:20:01,"b'RT @PatientenNL: Uit ons onderzoek blijkt dat mensen die langdurige zorg nodig hebben, lastig de juiste weg en informatie vinden. https://t\xe2\x80\xa6'"
861848992451371008,2017-05-09 07:43:06,"b""Invisible and in distress: Prioritising the Mental Health of England's Young Carers https://t.co/Zu06V44fss via @CarersTrust"""
861816621979062273,2017-05-09 05:34:29,b'RT @think4nurses: De moeite om nog eens na te lezen! Mooie woorden van Dirk De Wachter voor verpleegkundigen. #verpleegkunde #think4nurses\xe2\x80\xa6'
861816571588730881,2017-05-09 05:34:17,"b'RT @Zorg_innovatie: Met eHealth worden beschikbare middelen anders ingezet, zodat met gelijk budget meer mensen geholpen worden https://t.c\xe2\x80\xa6'"
861816521466802176,2017-05-09 05:34:05,b'RT @be_gezondheid: Het tweede nummer van BeCare Magazine over #kwaliteit en #pati\xc3\xabntveiligheid is beschikbaar. Lees het nu online via https\xe2\x80\xa6'
861515234317651969,2017-05-08 09:36:52,b'Lees ook op de site van @markant: Week van de Jonge Mantelzorger 2017 https://t.co/lhBrJhx5kE'
861508335698407424,2017-05-08 09:09:27,b'Mantelzorgers verdienen meer ondersteuning https://t.co/fTUipSDc8q'
859294848305815552,2017-05-02 06:33:51,"b'RT @hvermeulen67: #BasicCareRevisited bijeenkomst met hoogleraren, post-docs en promovendi..update van alle mooie projecten basis zorg\nhttp\xe2\x80\xa6'"
858782082369294338,2017-04-30 20:36:18,b'RT @OnderzoekOdisee: Onderzoeker #gezinsbeleid of een andere #vacature ?\n#odisee\nKijk op https://t.co/8j46PMivmN https://t.co/nSE03ansY4'
858781935367311360,2017-04-30 20:35:43,b'RT @think4nurses: #Valpreventie in een #WZC? Kijk naar praktijkrichtlijn van Expertisecentrum Val- en Fractuurpreventie #Vlaanderen! https:\xe2\x80\xa6'
857971543648985089,2017-04-28 14:55:31,b'RT @NICEvoeding: De conclusie https://t.co/Kuz28OX2Wm onderschrijven we volmondig @GezEnWet https://t.co/ROKEYHkySu'
857971484446392320,2017-04-28 14:55:16,b'RT @NICEvoeding: VN moedigt leren gezond eten op school aan. Ook bij ons relevant. https://t.co/8UbNn79YpF voor inspiratie. https://t.co/tC\xe2\x80\xa6'
857857399016828928,2017-04-28 07:21:56,"b'RT @MandiBPro: Alternatively, why not give #patients ALL #data and let them then have opportunity to ask informed questions, be fully engag\xe2\x80\xa6'"
857856936661983233,2017-04-28 07:20:06,b'RT @wgkantwerpen: Hoe veilig is jouw huis ingericht? Doe de test via volgende checklist: https://t.co/uL2pl0n7rQ #weekvandevalpreventie htt\xe2\x80\xa6'
857856742662787072,2017-04-28 07:19:20,b'RT @be_gezondheid: Lees het nieuwe nummer van ons e-zine #BeCare over #kwaliteit en #pati\xc3\xabntveiligheid https://t.co/l7f8n2HQ7a'
857856683682537472,2017-04-28 07:19:06,b'RT @WhyEuropeORG: #EU @DSMeu manages around 100 #eHealth projects: mobile health (#mHealth). A first diagnosis via your #smartphone? \xf0\x9f\x91\x8c http\xe2\x80\xa6'
857856299509350401,2017-04-28 07:17:34,b'RT @MICVlaanderen: Innovatie in zorg moet blijven gestimuleerd worden. @JoVandeurzen op #5jaarMICMHU. @MHUHASSELT https://t.co/1epH4xmqFY'
846641851629228032,2017-03-28 08:35:21,b'International nursing @odiseeworldwide@odiseehogeschool#IW17'
846303631251046400,2017-03-27 10:11:23,b'RT @WDD: Today we are reading : Diabetic Neuropathy: New ADA Position Statement for Primary Care https://t.co/bzlHk93k2J'
846303598548017153,2017-03-27 10:11:16,b'RT @Wondzorgcentrum: Geselecteerd door het netwerk ondernemen als laureaat. Netwerk ondernemen zal ons de komende 2 jaar ondersteunen in on\xe2\x80\xa6'
844858968501501954,2017-03-23 10:30:49,b'Succesvol project interprofessioneel overleg opleiding verpleegkunde en medical management assistant.#odiseeaalst #olv #wgk Bedankt!'
844852370374717441,2017-03-23 10:04:36,b'Op zoek naar evaluatoren voor 2 bachelorproeven verpleegkunde:preventie diabetesvoet en ondervoeding bij ouderen. Wie heeft Interesse?(19/6)'
807633865472929793,2016-12-10 17:11:33,b'@DSMeu @SilverEcoEU @EIP_AHA'
806418139156217856,2016-12-07 08:40:41,"b'Working on EHealth, networking  for innovation in care #AHAsummit16'"
803144274640572416,2016-11-28 07:51:31,b'RT @krisvanhaecht: Lees visie @jwjen in @aktweetsbe over toekomst #accreditering Vorig jaar onze gast @LIGB_KUleuven #zorgbeleid #qmbg http\xe2\x80\xa6'
798029700857741312,2016-11-14 05:08:02,"b""RT @dgarmstrong: Want in on what's next? Hop on and Enjoy the Ride. https://t.co/nPoQJVqzmk https://t.co/d6Wnz1h55v"""
798029546582786048,2016-11-14 05:07:25,b'@HeidiWulff @OnderzoekOdisee op 28 en 29 nov is er een DIP ( diversiteit en internationaal project) binnen gezondheidszorg ( campus Brussel)'
798029008503861248,2016-11-14 05:05:16,"b""RT @dgarmstrong: Think #Diabetes is a rich nation's problem? Think again. https://t.co/dmcDnVkMUV"""
798028871610220544,2016-11-14 05:04:44,"b'RT @OnderzoekOdisee: Tja, eigenlijk terechte opmerking!  Waarom geen halte Odisee aan Rabot?\n@DanielTermont  @MathiasDeClercq @delijn https\xe2\x80\xa6'"
798028752420827136,2016-11-14 05:04:15,"b'RT @DiabeticFootCa: Check your feet daily for cuts, cracks, bruises, blisters or  sores &amp; seek help from your health-care providers https:/\xe2\x80\xa6'"
798028457661714432,2016-11-14 05:03:05,b'RT @WDD: 800+ activities in over 140 countries this #WDD Eyes on #diabetes! https://t.co/MDXhayIQQW https://t.co/pJTju2L0nD'
798028438711975936,2016-11-14 05:03:01,b'RT @dgarmstrong: Middle Income Countries Now Experience the Highest Rates of Adiposity (Obesity) and Diabetes https://t.co/vs5z54A2Sn'
798028379417022464,2016-11-14 05:02:46,"b'RT @WDD: Tomorrow is #WDD, Stay up to date with the events that are organized in your country. https://t.co/YJ7zs4STqP https://t.co/YJ3y4d8\xe2\x80\xa6'"
798028288731942912,2016-11-14 05:02:25,b'RT @WDD: Take part in our #Test2Prevent initiative and help reach 1 million screenings in November. https://t.co/Yo9inmqWXA https://t.co/7l\xe2\x80\xa6'
797084730164387841,2016-11-11 14:33:03,b'RT @_Gezondheid: Je lichaamstype geeft informatie over je voeding en hormonen https://t.co/LCVfvGV0Ey'
797084730151890944,2016-11-11 14:33:03,b'RT @_Gezondheid: Trump wil van Obamacare af https://t.co/6QAuPIUrh8'
797084729485000704,2016-11-11 14:33:03,b'RT @WHO: Download your copy of the WHO 5 keys to safer food here https://t.co/Rzkm7Q8Qrw (available in 87 languages) #SafeFood https://t.co\xe2\x80\xa6'
797084729484988416,2016-11-11 14:33:03,b'RT @GHhub: Drones to deliver drugs in remote Costa Rica https://t.co/EtMALiFe7C @SciDevNet #drones'
796640612594450432,2016-11-10 09:08:17,"b'RT @matthijsvdberg: Voedingsadviezen te veel gericht op gezond eten, meer aandacht nodig voor complexe werkelijkheid van voedingskeuzes htt\xe2\x80\xa6'"
796640020203503616,2016-11-10 09:05:56,b'RT @WDD: Already organized a #diabetes awareness activity this Nov? Share your pictures with us! https://t.co/e99Ka6IRru https://t.co/sn3Q7\xe2\x80\xa6'
796639988192518144,2016-11-10 09:05:48,"b'RT @AmJNurs: Need to write a review article? See our collection, Writing Systematic Reviews, Step-by-Step https://t.co/iLIvW8Sue5'"
794262340929732608,2016-11-03 19:37:53,b'https://t.co/L4gw6nNSLQ'
794236903256182784,2016-11-03 17:56:48,"b""Just signed up to this #freeonlinecourse 'eHealth' by @utwenteEN @FutureLearn https://t.co/gSv4DfpMgq"""
791662226956517376,2016-10-27 15:25:57,b'#MSD #Diabetes symposium 8e editie\nhttps://t.co/URcMZOSE9v'
791351360813948929,2016-10-26 18:50:41,b'#diabetes #Businet @ThomasMoreBE \nhttps://t.co/FknWI8FnDe'
790217894315556864,2016-10-23 15:46:42,b'Student verpleegkunde @odisee geeft lessen reanimatie! #odisee #verpleegkunde\nhttps://t.co/FoGnCQphX7'
787957831609835520,2016-10-17 10:06:01,b'Talent aan het werk @odiseehogesch \nhttps://t.co/V2n9eUGTno'
787957274597810177,2016-10-17 10:03:48,b'Kan jij een nieuwe naam bedenken voor het natuureducatief centrum @odiseehogesch #odisee \nhttps://t.co/2YrOkySvho'
776710119249866752,2016-09-16 09:11:37,b'Bevlogenheid in je werk? Odisee scoort hoog!\n#Talentgericht @odiseehogesch \nhttps://t.co/rT2MeUGim8'
776698660293898240,2016-09-16 08:26:05,b'Amper 1 op 10 koek blijkt gezond! Onderzoek van een studente @odiseehogesch #Odisee https://t.co/z2vh8Q7z1C'
775679273009020928,2016-09-13 12:55:24,b'Kom naar het 19e voedings- en gezondheidscongres op 18-19 november 2016 in de Heizel (Brussel)\nhttps://t.co/3iTkmJlRnz'
775678994343690240,2016-09-13 12:54:18,"b'Diabetessymposium 2016 - Vernieuwing en innovatie \nSave the date : 14 en 15 november 2016, ICC Gent\n\nhttps://t.co/hNV71eJmTR'"
769464042012471297,2016-08-27 09:18:18,"b""RT @AUVBUGIBAKVB: 'De uitdaging van de verpleegkunde' lees ons persartikel met weergave over verpleegkunde op https://t.co/t2SogbrERC"""
767741641545449472,2016-08-22 15:14:05,b'RT @eHealth: Uninsured? You may still have options to get health coverage outside the Open Enrollment period: https://t.co/R26n8neV1h'
767741612399194112,2016-08-22 15:13:59,"b""RT @NatalieBlencowe: Surgical trainee in the Severn Deanery? Want to sharpen your academic skills? If so, this free workshop's for you! htt\xe2\x80\xa6"""
767741537543413760,2016-08-22 15:13:41,b'RT @dgarmstrong: Download: Guidance Documents International Working Group on the Diabetic Foot https://t.co/SqWa5GSGUi https://t.co/13nal3H\xe2\x80\xa6'
767741433663090692,2016-08-22 15:13:16,b'RT @ZonMw: Projectidee\xc3\xabn gezocht voor nieuwe subsidieronde dementieonderzoek! Alle informatie: https://t.co/WekF25M5dX'
767741070797135872,2016-08-22 15:11:49,"b""RT @Zorg_innovatie: Steeds meer #zorginnovatie's in de landelijke database! Meld je innovatie of startup gratis aan op zorginnovatie.nl htt\xe2\x80\xa6"""
756958252290699266,2016-07-23 21:04:45,"b'RT @Maggie_DeBlock: Onze burgers zijn het waard: hard verderwerken aan nog betere gezondheidszorg, meer jobs en betaalbare soc zekerheid ht\xe2\x80\xa6'"
756957745874698240,2016-07-23 21:02:44,b'RT @WDD: 1in2 with #diabetes - undiagnosed. Screening is important for early diagnosis &amp; treatment https://t.co/8brzM3cvQE https://t.co/HXA\xe2\x80\xa6'
755452422206713856,2016-07-19 17:21:07,"b'Watch ""Voka Health Community"" on @Vimeo https://t.co/ebRVWkgbIF'"
755446672071720965,2016-07-19 16:58:16,b'Vanaf mei nieuw magazine over ICT in de zorg: Digicare https://t.co/blxwpmyhuR'
755445871903473664,2016-07-19 16:55:06,b'FreeStyle Libre Flash Glucose Monitoring - Hoe het werkt - Diabetes https://t.co/v3dl5kHxTJ via @YouTube'
755412056262713344,2016-07-19 14:40:43,b'Aalst: 120 reanimaties in sporthal (voor te oefenen weliswaar) https://t.co/mYrjXrM6vB'
755394219032936452,2016-07-19 13:29:51,b'Nieuwe poll: gebruik jij apps in je werk? https://t.co/Kwws70cZyp'
755392810996686848,2016-07-19 13:24:15,b'Medische primeur: UZ Leuven ontwikkelt oogprothese met 3D-print https://t.co/0j7tSz8s5S via @demorgen'
755005018433093632,2016-07-18 11:43:18,b'RT @ZorgvoorBeter: Er is nieuw lesmateriaal mondzorg voor mbo en hbo ontwikkeld: https://t.co/hUa0WzZsHh @ActiZbrancheorg @VenVN @VilansNL\xe2\x80\xa6'
755004815147732993,2016-07-18 11:42:29,"b""RT @dgarmstrong: What's the incidence of #amputation when someone develops a #diabeticfoot ulcer? https://t.co/9lcbnE37EV"""
755004313475420160,2016-07-18 11:40:30,b'RT @SBO_nl: \xe2\x80\x9cWij merkten dat de pati\xc3\xabnt natuurlijk steeds mobieler wordt\xe2\x80\x9d Aldus @MartijnBakkers #mhealthcongres   https://t.co/Zrue1pSBtC'
755004277278535685,2016-07-18 11:40:21,b'RT @Gezondheidszorg: #mhealthcongres komt met een nieuw onderdeel: Congres Data Driven Healthcare met allles over Big Data in de zorg https\xe2\x80\xa6'
755004226955309060,2016-07-18 11:40:09,b'RT @SBO_nl: Dit zijn d\xc3\xa9 7 banen van de toekomst in de zorg #mhealthcongres https://t.co/1cxvtmjXRI'
755004183699415040,2016-07-18 11:39:59,b'RT @Gezondheidszorg: Minister Edith Schippers komt naar #mhealthcongres en neemt het 1e exemplaar van de eHealth-monitor in ontvangst. http\xe2\x80\xa6'
755003942866673664,2016-07-18 11:39:01,b'RT @Gezondheidszorg: Lex van Loon neemt ons mee in de wereld van serious game in de zorg. #mhealthcongres https://t.co/F98lm2pwgB'
754594958628233221,2016-07-17 08:33:52,b'RT @nursing_nl: Download de nieuwste nursing-posters! Heel handig... https://t.co/6TP4WZUIVm'
754592506860437504,2016-07-17 08:24:07,b'RT @GHhub: Global Nutrition-A report Card https://t.co/fiU2tVwnkZ @ih_section #apha_ih_section #diabetes'
754588675573485568,2016-07-17 08:08:54,"b'RT @GezondNed20: Mondzorg in de gehandicaptenzorg kan een tandje beter https://t.co/Jw4EQn9FJ8, zie https://t.co/gJhHPefPP0 #gezond'"
754586469747027968,2016-07-17 08:00:08,b'RT @dgarmstrong: Each hour of sitting = 22% increased risk of #diabetes Get up!!! https://t.co/P0ebiNAGlL'
754585919802466304,2016-07-17 07:57:57,b'RT @dgarmstrong: How to do a 3 Minute Foot Exam https://t.co/lrMBB3j3yh'
754014632931684352,2016-07-15 18:07:52,b'RT @think4nurses: Kersverse notitie-schrijvende verpleegkundigen gaan vanaf vandaag aan de slag vr @think4nurses  #EBN #verpleegkunde https\xe2\x80\xa6'
751888714448633860,2016-07-09 21:20:13,b'RT @kathy_pletinckx: #proudtocare #odisee #verpleegkunde https://t.co/skzU4Ugt3H'
751791226987376640,2016-07-09 14:52:50,b'RT @DirkJMSmits: Start schrijftweedaagse onderzoekers #odisee.  Tijd om ons verhaal te schrijven https://t.co/BRDnzWHsxr'
748599291795636224,2016-06-30 19:29:14,"b'International week Talent and Diversity @Odisee University College. 27-31 march,2017#odisee'"
747778607116857344,2016-06-28 13:08:07,b'Inspire my colleagues to feel positive about UDLL and start working with it #UDLL2016'
747726057218912257,2016-06-28 09:39:18,b'Innovatieve tools voor multiculturele ouderenzorg https://t.co/pljTweynaM via @sharethis'
747724320579919872,2016-06-28 09:32:24,b'https://t.co/LZaOFowhby'
747723565202575360,2016-06-28 09:29:24,b'RT @ZORGMagazine: Het @UZLeuven toont met het project #diaT1op aan dat sporten en #diabetes perfect samengaan https://t.co/7hHRDiv7Sz https\xe2\x80\xa6'
747694067186798596,2016-06-28 07:32:11,b'Early morning in beautiful Ghent-in for a license to learn #udll2016'
744592102399574018,2016-06-19 18:06:05,b'@YouTube A new digital generation is born'
744592017422974981,2016-06-19 18:05:45,b'MTS Internet Baby Full Version https://t.co/LLU3GzIeXT via @YouTube'
744587950747422720,2016-06-19 17:49:35,b'RT @NICEvoeding: Het laatste nummer van 2015 van Nutrinews staat online https://t.co/fYf80NQDkh Veel leesgenot! https://t.co/KWKt1LdB1y'
744483814026649600,2016-06-19 10:55:47,b'30 landen in 30 dagen? Het kan! Raad snel de route en win 2 Interrail passen in 1ste klas https://t.co/57BPdDzutN'
744272424217251844,2016-06-18 20:55:48,b'RT @ONC_HealthIT: KNOW YOUR RIGHTS: New videos explain your rights under #HIPAA to access your #healthinformation https://t.co/yL8PgKK0dm'
744272386116169728,2016-06-18 20:55:39,"b'RT @dgarmstrong: Time is Tissue: The longer the delay before being seen by a team, the more likely that a wound will be severe https://t.co\xe2\x80\xa6'"
744232240134107136,2016-06-18 18:16:07,b'RT @katrin_gillis: Interesse in evidence-based filmmateriaal verpleegkundige handelingen? Abonneer op het nieuwe youtubekanaal! #odisee htt\xe2\x80\xa6'
732960999393918976,2016-05-18 15:48:14,b'RT @fdelaplace: De 50 Belgen die uw leven zullen redden. Vandaag bij @tijd als magazine en interactief op https://t.co/mXwYD0ixfw https://t\xe2\x80\xa6'
721363488698998784,2016-04-16 15:43:52,"b'RT @dgarmstrong: World Congress on Diabetes: Diabetic Foot workshop, Atlanta December 2-3, 2016 https://t.co/vF3hxlomt6'"
721363056849195008,2016-04-16 15:42:09,b'RT @AcademicTrnsfr: Promovendus ontwikkeling en evaluatie van interventie gericht op gezonde voeding van VMBO leerlingen  https://t.co/C3gv\xe2\x80\xa6'
721362773041659910,2016-04-16 15:41:02,b'RT @_Gezondheid: Tien hardnekkige voedselfabels ontkracht: Het regent voedselhypes en de dieetindustrie produceert het ene wond... https://\xe2\x80\xa6'
721361869521477632,2016-04-16 15:37:26,"b'RT @ehealthPULSE: #Telemedicine makes diagnosis and treatment more easy, cost-effective for #Autism patient families |  https://t.co/wHbbnT\xe2\x80\xa6'"
715577235139330048,2016-03-31 16:31:22,"b'Report: 59% of Digital Health Users Have Chronic Condition, Only 7% Use Management Tool https://t.co/arfaT6wr8F via @hitconsultant'"
647835408580116480,2015-09-26 18:09:32,"b'AIPA at Belevingsdag 22/09/15, Ghent #zorgproeftuinen'"
