id,created_at,text
970708114583429120,2018-03-05 17:10:24,"b'RT @eLife: RNA interference is often used to validate candidate targets in cancer research, but it may not be the best tool https://t.co/0q\xe2\x80\xa6'"
969704368911147010,2018-03-02 22:41:52,"b""RT @CRISPRjournal: \xe2\x80\x9cI'm not 100% sure xCas9 is going to be flat out better than spCas9. I want everyone to test it because I want to know t\xe2\x80\xa6"""
969704281803718659,2018-03-02 22:41:31,"b'RT @physorg_com: CRISPR-Cas9 can cut #RNA, too @uni_wue @MolecularCell https://t.co/mnZz5iKydj'"
969696002306461696,2018-03-02 22:08:37,"b'RT @EricTopol: The rapid, relentless refinements of #CRISPR genome editing: xCas9 with more versatility in target and more specificity http\xe2\x80\xa6'"
969312151952416774,2018-03-01 20:43:20,b'RT @PHDcomics: Honest acknowledgement https://t.co/pY0fCVIsld https://t.co/doHXfGcaJW'
969055278833504256,2018-03-01 03:42:37,b'RT @KamounLab: One paper @NatureComms costs the same as ~1/3 PhD studentship in China. Is this the best way to spend the money? #NatureRipo\xe2\x80\xa6'
967843572371349504,2018-02-25 19:27:43,"b'RT @nytimes: Breaking News: China has proposed abolishing a two-term limit on the presidency, clearing the way for Xi Jinping to stay in po\xe2\x80\xa6'"
967823382652817409,2018-02-25 18:07:30,b'RT @AndreaSVallet: Our paper on Avr3D1 is now submitted on Biorxiv https://t.co/3fSmEDr9oO'
967799646503555073,2018-02-25 16:33:11,b'RT @dallasmavs: Dirk and J.J. with some pregame fun \xf0\x9f\x98\x85 https://t.co/uDAsMlyRqt'
967079836282998784,2018-02-23 16:52:55,b'@huijuanjasmine  you should apply for it https://t.co/qf9UBB8aHC'
965635994543419393,2018-02-19 17:15:36,"b'RT @WalderSports: Not once in J.J. Redick\'s tweet do you see the words ""sorry"" or ""apologize.""\n\nHe makes it seem like we\'re the bad guys fo\xe2\x80\xa6'"
965635900028964866,2018-02-19 17:15:13,b'RT @jakernet: I guess JJ Redick spent too much time with Donald Sterling back in LA https://t.co/rQG90UVAKd'
965635601411330050,2018-02-19 17:14:02,"b'RT @KyleNeubeck: The JJ Redick stuff from this morning is not great. ""Tongue tied"" isn\'t an excuse, IMO https://t.co/eas8KEFQ9q'"
965635428819841024,2018-02-19 17:13:21,b'@JJRedick SHIT'
964930613454295041,2018-02-17 18:32:40,b'LOL https://t.co/fyicx7OrX7'
964930300282392577,2018-02-17 18:31:25,b'RT @FranckRibery: Last minute win \xf0\x9f\x94\xa5 Good result before @championsleague next week! #WOBFCB #MiaSanMia #fr7\xf0\x9f\x91\x91 @fcbayern https://t.co/oyM1UkZn\xe2\x80\xa6'
964877362176372744,2018-02-17 15:01:04,b'Targeted DNA demethylation of the Arabidopsis genome using the human TET1 catalytic domain https://t.co/iNf6QZFdfu'
964524601450680320,2018-02-16 15:39:19,b'RT @JohnInnesCentre: \xe4\xbb\x8a\xe5\xa4\xa9\xe6\x98\xaf\xe5\xa4\xa7\xe5\xb9\xb4\xe5\x88\x9d\xe4\xb8\x80\xef\xbc\x8c\xe4\xb8\xad\xe5\x9b\xbd\xe7\x9a\x84\xe5\x86\x9c\xe5\x8e\x86\xe6\x96\xb0\xe5\xb9\xb4\xe3\x80\x82\xe4\xb8\x80\xe7\x9b\xb4\xe4\xbb\xa5\xe6\x9d\xa5\xef\xbc\x8c\xe6\x88\x91\xe4\xbb\xac\xe9\x80\x9a\xe8\xbf\x87\xe5\x90\x84\xe7\xa7\x8d\xe5\xbd\xa2\xe5\xbc\x8f\xe4\xb8\x8e\xe4\xb8\xad\xe5\x9b\xbd\xe7\xb4\xa7\xe5\xaf\x86\xe5\x90\x88\xe4\xbd\x9c\xef\xbc\x8c\xe6\xaf\x94\xe5\xa6\x82\xe4\xb8\x8e\xe4\xb8\xad\xe5\x9b\xbd\xe7\xa7\x91\xe5\xad\xa6\xe9\x99\xa2\xe5\x85\xb1\xe5\x90\x8c\xe6\x88\x90\xe7\xab\x8b\xe7\x9a\x84\xe4\xb8\xad\xe7\xa7\x91\xe9\x99\xa2-JIC\xe6\xa4\x8d\xe7\x89\xa9\xe4\xb8\x8e\xe5\xbe\xae\xe7\x94\x9f\xe7\x89\xa9\xe5\xad\xa6\xe8\x81\x94\xe5\x90\x88\xe7\xa0\x94\xe7\xa9\xb6\xe4\xb8\xad\xe5\xbf\x83\xe3\x80\x82\n\n\xe5\x80\xbc\xe6\xad\xa4\xe6\x96\xb0\xe6\x98\xa5\xe4\xbd\xb3\xe8\x8a\x82\xe4\xb9\x8b\xe9\x99\x85\xef\xbc\x8c\xe6\x88\x91\xe4\xbb\xac\xe7\x89\xb9\xe5\x88\xab\xe5\x87\x86\xe5\xa4\x87\xe4\xba\x86\xe6\x98\xa5\xe8\x8a\x82\xe4\xb8\xbb\xe9\xa2\x98\xe7\x9a\x84\xe7\x8c\x9c\xe5\x9b\xbe\xe6\xb8\xb8\xe6\x88\x8f\xe3\x80\x82\xe6\xb8\xb8\xe6\x88\x8f\xe8\xa7\x84\xe5\x88\x99\xe4\xb8\x8d\xe5\x8f\x98\xef\xbc\x8c\xe7\x8c\x9c\xe7\x8c\x9c\xe8\xbf\x99\xe6\x98\xaf\xe4\xbb\x80\xe4\xb9\x88\xe7\x9a\x84\xe4\xb8\x80\xe9\x83\xa8\xe5\x88\x86\xe5\x91\xa2\xef\xbc\x9f\xe2\x80\xa6'
964524542071857152,2018-02-16 15:39:05,b'@JohnInnesCentre \xe7\x8b\x97\xe7\x8b\x97\xe7\x8b\x97 \xe6\x97\xba\xe6\x97\xba\xe6\x97\xba'
964288340773298176,2018-02-16 00:00:30,b'RT @FCBayernUS: Happy Chinese New Year to all of our #FCBayern fans! \xf0\x9f\x8e\x89\xf0\x9f\x90\xb6 https://t.co/GhZI0gwO7j'
964288296816955392,2018-02-16 00:00:20,b'Happy Chinese New Year !!! Good luck !!!'
964279496445779969,2018-02-15 23:25:22,b'RT @CRISPRjournal: Our first plant gene editing paper is from @eakhunov and coworkers on transgenerational multiplex gene editing in wheat:\xe2\x80\xa6'
963107119636664321,2018-02-12 17:46:45,b'RT @EvoMPMI: Stress and sexual reproduction affect the dynamics of the wheat pathogen effector AvrStb6 and strobilurin resistance https://t\xe2\x80\xa6'
962889336139247616,2018-02-12 03:21:22,b'RT @FCBayernUS: The very best of #SvenTheWall! \xe2\x9b\x94\xef\xb8\x8f\n\n#Ulreich2021 https://t.co/G1ULSDOfSa'
962180318349406210,2018-02-10 04:23:58,b'RT @antonioregalado: Remember the paper that said CRISPR created mutant mice? A gang at Sanger repeated experiment correctly and say no it\xe2\x80\xa6'
961807363433889792,2018-02-09 03:41:59,b'RT @KamounLab: #20NPW Martijn Rep: Higher mutations in H3K227Me3 regions of rapidly evolving core and accessory chromosomes? &lt;&lt;&lt; Love this!'
960757547375513600,2018-02-06 06:10:23,b'cool https://t.co/71bvOaXeXs'
960713432470315008,2018-02-06 03:15:06,b'RT @brfootball: Still the undisputed king of football. \xe2\x9a\xbd\xf0\x9f\x91\x91 https://t.co/SstXRWlrWi'
956040230125080576,2018-01-24 05:45:27,b'RT @FCBayernUS: \xf0\x9f\x94\xa5\xf0\x9f\x94\xa5\xf0\x9f\x94\xa5 MR. WEMBLEY \xf0\x9f\x94\xa5\xf0\x9f\x94\xa5\xf0\x9f\x94\xa5 https://t.co/A7uGSdmvgF'
954929719899840512,2018-01-21 04:12:41,b'RT @brfootball: Bayern Munich picked up yet more young German talent from the Bundesliga \xf0\x9f\x92\xaa https://t.co/YqLcl2gpmt'
952404700166590464,2018-01-14 04:59:10,"b'RT @KamounLab: Aman, Ali, Butt et al. RNA virus interference via CRISPR/Cas13a system in plants https://t.co/HFYzaiBhQc'"
948275848091709441,2018-01-02 19:32:34,b'RT @DrHikov: Speed breeding wheat in action! \nProtocols in @NaturePlants: https://t.co/EUA6rrQvRE https://t.co/snhWaSmqD0'
948275308809121792,2018-01-02 19:30:26,"b'RT @KState: Happy New Year, Wildcats! https://t.co/sQtQFIntGF'"
944080678064459777,2017-12-22 05:42:28,"b'RT @cellularimaging: Wishing everyone Merry Christmas in advance. Christmas Tree (Upside down Medicago root, Decorated by GFP-Nucleus and D\xe2\x80\xa6'"
938845752104706049,2017-12-07 19:00:44,b'RT @WLV_investor: Not the typical morning commute... https://t.co/kJIOQeqsIK'
936268852060741632,2017-11-30 16:21:04,b'RT @fangshimin: DNA\xe5\xba\x8f\xe5\x88\x97\xe7\x94\xb1\xe5\x9b\x9b\xe7\xa7\x8d\xe7\xa2\xb1\xe5\x9f\xba\xe7\xbb\x84\xe6\x88\x90\xef\xbc\x8c\xe5\x8f\xaf\xe7\xbc\x96\xe7\xa0\x8120\xe7\xa7\x8d\xe6\xb0\xa8\xe5\x9f\xba\xe9\x85\xb8\xe3\x80\x82\xe5\x9c\xa3\xe5\x9c\xb0\xe4\xba\x9a\xe5\x93\xa5Scripps\xe7\xa0\x94\xe7\xa9\xb6\xe6\x89\x80\xe7\xa0\x94\xe7\xa9\xb6\xe4\xba\xba\xe5\x91\x98\xe7\xbb\x99\xe5\x8a\xa0\xe5\x85\xa5\xe4\xba\x86\xe4\xb8\xa4\xe7\xa7\x8d\xe4\xba\xba\xe5\xb7\xa5\xe5\x90\x88\xe6\x88\x90\xe7\x9a\x84\xe6\x96\xb0\xe7\xa2\xb1\xe5\x9f\xba\xef\xbc\x8c\xe5\x8f\xaf\xe7\xbc\x96\xe7\xa0\x81172\xe7\xa7\x8d\xe6\xb0\xa8\xe5\x9f\xba\xe9\x85\xb8\xef\xbc\x8c\xe6\x88\x90\xe5\x8a\x9f\xe5\x90\x88\xe6\x88\x90\xe4\xba\x86\xe6\x96\xb0\xe8\x9b\x8b\xe7\x99\xbd\xe8\xb4\xa8\xe3\x80\x82\xe8\xbf\x99\xe9\xa1\xb9\xe5\xb7\xa5\xe4\xbd\x9c\xe5\xa6\x82\xe6\x9e\x9c\xe4\xbb\xa5\xe5\x90\x8e\xe8\x83\xbd\xe5\xbe\x97\xe5\x88\xb0\xe5\xba\x94\xe7\x94\xa8\xef\xbc\x8c\xe5\xb0\xb1\xe6\x98\xaf\xe8\xaf\xba\xe8\xb4\x9d\xe5\xb0\x94\xe5\xa5\x96\xe7\xba\xa7\xe7\x9a\x84\xe3\x80\x82 https://t.co/LeERARWKDF'
935662216954736640,2017-11-29 00:10:30,b'RT @rosscloney: Get yourself a gRNA that can do both - Cas9 and Cpf1 both targeted with a single fusion gRNA. \nOut now @NatureComms\nhttps:/\xe2\x80\xa6'
933544971730264064,2017-11-23 03:57:20,"b'RT @PLOSBiology: Super-fast, low-cost, low-tech prep of DNA or RNA from plants/animals/bugs in 30 seconds, using filter paper or paper towe\xe2\x80\xa6'"
932461822107639808,2017-11-20 04:13:17,b'RT @fangshimin: \xe5\x8a\xa0\xe5\xb7\x9e\xe5\xa4\xa7\xe5\xad\xa6\xe6\xb4\x9b\xe6\x9d\x89\xe7\x9f\xb6\xe5\x88\x86\xe6\xa0\xa1\xe7\xaf\xae\xe7\x90\x83\xe9\x98\x9f\xe4\xb8\x89\xe5\x90\x8d\xe6\x96\xb0\xe6\x89\x8b\xe5\x9c\xa8\xe6\x9d\xad\xe5\xb7\x9e\xe5\x81\xb7LV\xe5\xa4\xaa\xe9\x98\xb3\xe9\x95\x9c\xe7\xad\x89\xe5\xa5\xa2\xe4\xbe\x88\xe5\x93\x81\xe8\xa2\xab\xe6\x8a\x93\xef\xbc\x8c\xe5\xb7\x9d\xe6\x99\xae\xe5\x90\x91\xe4\xb8\xad\xe5\x9b\xbd\xe9\xa2\x86\xe5\xaf\xbc\xe4\xba\xba\xe6\xb1\x82\xe6\x83\x85\xe5\x90\x8e\xe6\x94\xbe\xe4\xba\x86\xe3\x80\x82\xe5\xb7\x9d\xe6\x99\xae\xe5\x8f\x91\xe6\x8e\xa8\xe7\x89\xb9\xe8\xaf\xb4\xef\xbc\x9a\xe2\x80\x9c\xe4\xbd\xa0\xe4\xbb\xa5\xe4\xb8\xba\xe8\xbf\x99\xe4\xb8\x89\xe5\x90\x8d\xe8\xbf\x90\xe5\x8a\xa8\xe5\x91\x98\xe4\xbc\x9a\xe8\xaf\xb4\xe8\xb0\xa2\xe8\xb0\xa2\xe4\xbd\xa0\xe5\xb7\x9d\xe6\x99\xae\xe6\x80\xbb\xe7\xbb\x9f\xe5\x95\x8a\xef\xbc\x9f\xe4\xbb\x96\xe4\xbb\xac\xe6\x9c\xac\xe6\x9d\xa5\xe6\x98\xaf\xe8\xa6\x81\xe5\x9d\x90\xe5\x8d\x81\xe5\xb9\xb4\xe7\x89\xa2\xe7\x9a\x84\xe3\x80\x82\xe2\x80\x9d https://t.co/LUOzjkbGPK'
932461773147566081,2017-11-20 04:13:05,b'RT @fangshimin: \xe7\xbe\x8e\xe5\x9b\xbd\xe5\x8d\x9a\xe5\xa3\xab\xe7\x94\x9f\xe7\x9a\x84\xe5\x8a\xa9\xe5\xad\xa6\xe9\x87\x91\xe5\xa4\xa7\xe6\xa6\x82\xe6\x98\xaf\xe4\xb8\x80\xe5\xb9\xb416000\xe7\xbe\x8e\xe5\x85\x83\xef\xbc\x8c\xe5\x8f\xa6\xe5\xa4\x96\xe5\x85\x8d\xe6\x8e\x89\xe5\xad\xa6\xe8\xb4\xb9\xe5\xa4\xa7\xe6\xa6\x824\xe4\xb8\x87\xe7\xbe\x8e\xe5\x85\x83\xe3\x80\x82\xe5\x8e\x9f\xe5\x85\x88\xe6\x8c\x89\xe5\x8a\xa9\xe5\xad\xa6\xe9\x87\x91\xe4\xba\xa4\xe6\x89\x80\xe5\xbe\x97\xe7\xa8\x8e\xe5\xb0\xb1\xe5\x8f\xaf\xe4\xbb\xa5\xe4\xba\x86\xe3\x80\x82\xe7\x8e\xb0\xe5\x9c\xa8\xe5\x85\xb1\xe5\x92\x8c\xe5\x85\x9a\xe8\xae\xae\xe5\x91\x98\xe6\x8f\x90\xe5\x87\xba\xe7\x9a\x84\xe7\xa8\x8e\xe6\x94\xb9\xe6\x96\xb9\xe6\xa1\x88\xe4\xb8\x80\xe6\x96\xb9\xe9\x9d\xa2\xe4\xb8\xba\xe5\xaf\x8c\xe4\xba\xba\xe5\x87\x8f\xe7\xa8\x8e\xe4\xb8\x80\xe6\x96\xb9\xe9\x9d\xa2\xe8\xa6\x81\xe6\x8a\x8a\xe5\xad\xa6\xe7\x94\x9f\xe5\x85\x8d\xe6\x8e\x89\xe7\x9a\x84\xe5\xad\xa6\xe8\xb4\xb9\xe7\xae\x97\xe6\x88\x90\xe5\x8f\xaf\xe7\xba\xb3\xe7\xa8\x8e\xe6\x94\xb6\xe5\x85\xa5\xef\xbc\x8c\xe8\xbf\x99\xe6\xa0\xb7\xe5\xb0\xb1\xe8\xa6\x81\xe6\x8c\x8956000\xe7\xbe\x8e\xe5\x85\x83\xe4\xba\xa4\xe7\xa8\x8e\xef\xbc\x8c\xe9\x9a\xbe\xe6\x80\xaa\xe8\xbf\x9e\xe3\x80\x8a\xe8\x87\xaa\xe7\x84\xb6\xe3\x80\x8b\xe9\x83\xbd\xe7\x9c\x8b\xe4\xb8\x8d\xe8\xbf\x87\xe5\x8e\xbb\xe4\xba\x86\xef\xbc\x8c\xe7\x89\xb9\xe5\x9c\xb0\xe2\x80\xa6'
931194059921686529,2017-11-16 16:15:39,"b'RT @PHDcomics: How to spell ""Postdoc"" https://t.co/uIJSM6ZeUp https://t.co/Yno3WHwY5z'"
930997791505174530,2017-11-16 03:15:45,"b'RT @KState: When we come together as one, united, nothing can stop us from achieving our goals. #KSUnite https://t.co/ijquvkObfV'"
930564118108606464,2017-11-14 22:32:29,"b'RT @KState: The #WildcatWay is about standing strong together, celebrating our differences, and showing compassion and love. #KSUnite https\xe2\x80\xa6'"
930555407441055744,2017-11-14 21:57:52,b'#PLOSPathogens: Autophagy pathway induced by a plant virus facilitates viral spread and transmission by its i ... https://t.co/2jFQGz5v7k'
929391291057737728,2017-11-11 16:52:05,b'@hnisimasu so cool'
929146951672782848,2017-11-11 00:41:10,b'RT @hnisimasu: Single-molecule movie of DNA search and cleavage by CRISPR-Cas9. https://t.co/3NQxmbvzJF'
928826903389229057,2017-11-10 03:29:25,"b'Last birthday, I spent with my ex-girl for some enzyme activity testing in her lab, this year, I spent my birthday\xe2\x80\xa6 https://t.co/JWY2K12UKn'"
928685552567750656,2017-11-09 18:07:44,b'RT @ThePlantCell: Nanopore Sequencing Comes to Plant Genomes https://t.co/VMruXuuZHy https://t.co/Y80xaWiVWy'
925737396087468035,2017-11-01 14:52:49,b'Comparative genomics reveals cotton-specific virulence factors in flexible geno... https://t.co/ovxrhWEJEc'
920051466017972224,2017-10-16 22:18:57,b'RT @_devangm: *editing a paper written in passive voice* https://t.co/j9b55xrYMN'
911832730329141249,2017-09-24 06:00:38,b'RT @KamounLab: A cheating network... @PubPeer https://t.co/WWW1Y98pbO https://t.co/Swoeov1JjD'
911822798515064832,2017-09-24 05:21:10,b'H2A.Z represses gene expression by modulating promoter nucleosome structure and enhancer histone modifications https://t.co/fjMhWwZr0q'
907334031490023430,2017-09-11 20:04:25,b'RT @Havenlust: Hurricane Irma giving gifts #Irma https://t.co/O0yoTavqQu https://t.co/1uScozSsTI'
906997723378929664,2017-09-10 21:48:03,b'#PLOSPathogens: Divergent LysM effectors contribute to the virulence of Beauveria bassiana by evasion of inse ... https://t.co/5pkRN4Lcsc'
906912286639566848,2017-09-10 16:08:33,b'RT @fangshimin: \xe2\x80\x9c\xe9\xbb\x84\xe6\x9b\xb2\xe9\x9c\x89\xe7\xb4\xa0\xe2\x80\x9d\xe5\x92\x8c\xe2\x80\x9c\xe6\x96\xb9\xe8\x88\x9f\xe5\xad\x90\xe2\x80\x9d\xe9\x83\xbd\xe6\x88\x90\xe4\xba\x86\xe6\x96\xb0\xe6\xb5\xaa\xe5\xbe\xae\xe5\x8d\x9a\xe6\x95\x8f\xe6\x84\x9f\xe8\xaf\x8d\xef\xbc\x8c\xe6\x90\x9c\xe4\xb8\x8d\xe5\xbe\x97\xe3\x80\x82 https://t.co/qXg06zNuqe'
906657404481413120,2017-09-09 23:15:44,b'LOL......................... https://t.co/JHwm9BPKpI'
904056701908897793,2017-09-02 19:01:28,b'RT @Olympics: Follow the white cap. #OnThisDay #Munich1972 @iaaforg https://t.co/JERCRgQ0pE'
904055979666497536,2017-09-02 18:58:36,"b""RT @FCBayernUS: . @XabiAlonso, #WorldBeardDay just isn't the same without you. https://t.co/h5IsyMANzW"""
904055944467935232,2017-09-02 18:58:28,b'RT @kstatesports: See you tonight. #KStateFB https://t.co/K6z3AeDe7Z'
904054236287295489,2017-09-02 18:51:41,"b'Chinese style. If you count the overall production, most of the products China will be NO1, but our efficiency is s\xe2\x80\xa6 https://t.co/sE75gnn361'"
900006347118444548,2017-08-22 14:46:49,b'PacBio  in Magnaporthe oryzae https://t.co/YXxCTYNDXA'
897851632855244801,2017-08-16 16:04:45,b'RT @FCBayernUS: Bayern. Starts. On. Friday.\n\n#BePositiveIn4Words https://t.co/yfJSLgR8ou'
897850714646495233,2017-08-16 16:01:06,"b'RT @KamounLab: Fabulous welcome dinner hosted by Zonghua Wang, organizer of #5thICPBI in Xiamen https://t.co/odGGkDNxLV'"
893118735506178048,2017-08-03 14:37:54,"b""RT @KamounLab: 12 Lessons from 3 little effectors and their matching NLRs. What's your favorite? https://t.co/zXnz753KKV"""
885504663642091520,2017-07-13 14:22:18,"b'RT @Football__Tweet: An Italian magazine just elected this as the worst 20 seconds of football ever played (QPR vs. Man City, 1993) https:/\xe2\x80\xa6'"
884836665918971905,2017-07-11 18:07:55,b'Agree https://t.co/339MOKlrJQ'
884835993983045637,2017-07-11 18:05:15,"b'A HOPS Protein, MoVps41, in Magnaporthe oryzae https://t.co/ExCWFUMaN9'"
884582928990298112,2017-07-11 01:19:39,b'RT @PetrusGladioli: Happy to share our new preprint: Gene flow between divergent (...) lineages of (...) Magnaporthe oryzae https://t.co/eC\xe2\x80\xa6'
883163197477453826,2017-07-07 03:18:09,b'RT @talbotlabexeter: Evolution of the wheat blast fungus through functional losses in a host specificity determinant https://t.co/dl4yQoBpaT'
868918818109874177,2017-05-28 19:56:04,b'RT @FCBayernUS: .@XabiAlonso has scored some brilliant goals for Bayern. Here they are! #GraciasXabi https://t.co/wYe22tYvGI'
865419914336649216,2017-05-19 04:12:40,b'@FCBayernUS \xe2\x9c\x8c\xef\xb8\x8f'
863410079558758409,2017-05-13 15:06:19,b'first week at ksu'
848673828834230272,2017-04-02 23:09:43,b'https://t.co/6BIwKHkj0H'
804395903889141760,2016-12-01 18:45:03,b'see you again https://t.co/pBLxcMGnb0'
801875843140173824,2016-11-24 19:51:13,b'RT @mbuschet: https://t.co/pd4Nl6XxXj'
797567968704102401,2016-11-12 22:33:16,b'one day in austin https://t.co/BLFwJ0OwEm'
759757918854144000,2016-07-31 14:29:38,b'APS annual meeting. Tampa https://t.co/1oLIEdgWFu'
756579884118355968,2016-07-22 20:01:15,b'RT @YojiKAWANO: Look forward to seeing you in China next year! #MPMI16 https://t.co/i2p4Gtvl9I'
752256800251006976,2016-07-10 21:42:52,b'@NBCSportsSoccer'
736595455455289344,2016-05-28 16:30:16,b'Howdy'
