id,created_at,text
970476589447184384,2018-03-05 01:50:24,"b""Just because the Trump administration sucks at helping the environment, doesn't mean we have to suck! Keep saying n\xe2\x80\xa6 https://t.co/Ulh5fUfiFl"""
969595989328719873,2018-03-02 15:31:12,b'RT @TMMC: Flufflepuff!  We \xf0\x9f\x92\x99 to celebrate re-sightings of former patients https://t.co/yvLcS7r5Fh'
968685567251656705,2018-02-28 03:13:31,b'@VanessaDelnavaz Such a compliment coming from a fellow mermaid!'
968589398978609152,2018-02-27 20:51:22,"b'#NoBrainerWayToHappinessIs being in, on, next to, or under the sea! #bluemind https://t.co/ZPcbS0sDi2'"
968587670061395969,2018-02-27 20:44:30,"b""@TMMC @GC_Rulli What an epic name! Can't wait to tune in on my bike ride home!"""
968586335454818305,2018-02-27 20:39:12,b'@TomAshbrook You helped me understand global issues on a deeper level and I have always admired your ability to com\xe2\x80\xa6 https://t.co/JHs58npM7t'
968583906885697537,2018-02-27 20:29:33,b'@TheEthogram Shameless #anthropomorphizing but this creature feature makes me wonder if the @ucdavis turkey mafia h\xe2\x80\xa6 https://t.co/iZmwxQiypz'
968549428696031232,2018-02-27 18:12:33,"b""Pup season reminder: help don't harm! Stay at least 50 yards back from the pup and call @TMMC if you are concerned! https://t.co/5U8aKLSzL2"""
968548803530772480,2018-02-27 18:10:04,"b'Among the never-ending wave of bad news, there are swells of good news! Thank you Chile for protecting our\xe2\x80\xa6 https://t.co/2kFkR2AJWk'"
968547858851946496,2018-02-27 18:06:18,"b'RT @IUCN: A year of work for life and livelihoods, all in one place https://t.co/mAxYUIBviQ https://t.co/Du1lkqFcMS'"
967892983075844096,2018-02-25 22:44:04,b'RT @TheEthogram: Evolutionary piggyback ride? Yes! Phoresis is the scientific term for symbiosis in which one animal rides the back of an a\xe2\x80\xa6'
966840543287304193,2018-02-23 01:02:03,b'Way to go Wisdom! https://t.co/S7KEApwBdN'
966721710329274368,2018-02-22 17:09:51,"b'RT @Interior: Love margaritas? \xf0\x9f\x8d\xb9 Thank a bat!\nBats \xf0\x9f\xa6\x87 are essential for pollinating plants like figs, nuts and agave, which tequila is made\xe2\x80\xa6'"
966683259110174720,2018-02-22 14:37:03,"b'RT @nature_org: ""The Seychelles waters really are some of the finest on Earth and it\'s a complete delight that the government has protected\xe2\x80\xa6'"
966435750014144512,2018-02-21 22:13:32,b'Great in-depth article about innovative #enrichment at the @sdzsafaripark! When #animalbehavior &amp; welfare is the pr\xe2\x80\xa6 https://t.co/EbYGRkxeog'
966044014561566720,2018-02-20 20:16:55,b'The trials &amp; tribulations of a #marinemammal success story featuring #casealions !\nhttps://t.co/Ff9B1VPo1G'
964200699125891072,2018-02-15 18:12:15,b'RT @action4ifaw: The deceptively-named SEA Act just moved one step closer to a House vote. NOW is the time to speak up for marine mammals a\xe2\x80\xa6'
963929926758903808,2018-02-15 00:16:18,"b'RT @alisonkestrel: The wind rushes in\nAnd creates #tidepool ripples,\nIf you were a giant #seastar,\nI would touch all your spiny nipples.\n\n#\xe2\x80\xa6'"
963920224113238017,2018-02-14 23:37:44,b'Learn about how #enrichment can improve #animalwelfare in #wildlife rehabilitation settings! Thanks to @TheEthogram\xe2\x80\xa6 https://t.co/edi1EePunA'
963831151973445637,2018-02-14 17:43:48,b'My favorite part about #ValentinesDay on twitter is all the #scientists making #research &amp; #science puns!'
963471011642421250,2018-02-13 17:52:44,"b""RT @UNEP: Break up for #ValentinesDay \nIt's time to end your toxic relationship with single-use plastic and find a new love \xe2\x9d\xa4\xef\xb8\x8f for #CleanSe\xe2\x80\xa6"""
963470613095489536,2018-02-13 17:51:09,b'@WhiteAbalone Oh the puns are just too fun!'
963470267702951937,2018-02-13 17:49:46,b'Conservation with a giggle! \nOn this #GalentinesDay show #motherearth how much you love her! https://t.co/phCnSiZn5F'
963469645578752000,2018-02-13 17:47:18,"b""RT @BBCEarth: Great white sharks are fur seal's greatest enemies \xf0\x9f\xa6\x88\n\n#AnimalsWithCameras https://t.co/b0t47ELMMJ"""
963255523595268096,2018-02-13 03:36:27,"b'@MarineMammalCom protects #marinemammals, marine #ecosystems, &amp; even #publichealth. Contact congress &amp; say this is\xe2\x80\xa6 https://t.co/d0W2hDTU5e'"
963159312280334336,2018-02-12 21:14:09,"b""RT @MissionBlue: \xe2\x80\x9cIf Darwin could get into a submarine and see what I've seen, thousands of feet beneath the ocean, I am just confident tha\xe2\x80\xa6"""
963159093476147200,2018-02-12 21:13:17,b'RT @VanessaDelnavaz: Happy #DarwinDay! \xf0\x9f\x90\xa2\xf0\x9f\x8c\xb1\xf0\x9f\x90\x98\xf0\x9f\xa6\x80\xf0\x9f\x90\x9d\xf0\x9f\x90\xa6\xf0\x9f\x8d\x84\xf0\x9f\x90\x9f\xf0\x9f\xa6\x92\xf0\x9f\x90\x87\xf0\x9f\xa6\x8b\xf0\x9f\x90\x86\xf0\x9f\x90\xbf https://t.co/pWsoqZNDBt'
963158418092474368,2018-02-12 21:10:36,b'RT @TMMC: More than 70% of our vets and volunteers are women #InternationalDayofWomenandGirlsinScience https://t.co/7fIGpoVGYa'
963157589541310464,2018-02-12 21:07:18,b'Happy #DarwinDay with a #marine critter emphasis! https://t.co/bXfTlMK7An\nI love when #science and #history come together!'
960223339619864576,2018-02-04 18:47:38,b'Love the #reviewsforscience! Now I know I am not the only one in Lowes who gets asked about my bathroom project whe\xe2\x80\xa6 https://t.co/hcnLLYORZT'
954629538692001793,2018-01-20 08:19:52,"b""RT @webmz_: Hey #womeninSTEM! @500womensci's new Request a Woman Scientist feature is now live. You can add your name and expertise to the\xe2\x80\xa6"""
954462915125428229,2018-01-19 21:17:46,b'@Mammals_Suck @ucdavis Breastmilk organizes behavioral trajectories such as #temperament &amp; it differs in sons &amp; dau\xe2\x80\xa6 https://t.co/ws1QLHOH0W'
954460893735108608,2018-01-19 21:09:44,b'So stoked to have @Mammals_Suck at @ucdavis to chat about the effects of #hormones &amp; #breastmilk!'
951851785236262912,2018-01-12 16:22:04,"b'@brookfield_zoo &amp; others in a multi-institutional study are using #biologgers to see how #habitat, #enrichment &amp; an\xe2\x80\xa6 https://t.co/VHY0sa6H9K'"
951517443809095681,2018-01-11 18:13:31,"b'Big congratulations to awesome #WomeninSTEM @Claire_Simeone ! I am so happy you are recognized for your wonderful,\xe2\x80\xa6 https://t.co/fei9ltddmR'"
950850392312578048,2018-01-09 22:02:54,"b'@nationalzoo cannot recreate the exact conditions that #animals experience in their native habitats, but can provid\xe2\x80\xa6 https://t.co/ODV0rAH7sJ'"
939586707015344128,2017-12-09 20:05:02,b'@Mammals_Suck Thank you! Excellent point. I don\xe2\x80\x99t know why there has to be a hierarchy...'
939397593909489664,2017-12-09 07:33:34,b'RT @TMMC: Dinner time! \xf0\x9f\x90\xa0 https://t.co/3mVQvqSgNj'
939145284881235968,2017-12-08 14:50:59,"b""RT @IntBirdRescue: One man's rescue = Hope for humanity https://t.co/are2q8Rek1"""
938542003817627649,2017-12-06 22:53:45,"b'RT @UNEP: Chile, Oman, South Africa and Sri Lanka have today joined the #CleanSeas family and made commitments to take strong measures incl\xe2\x80\xa6'"
938279610927796225,2017-12-06 05:31:06,"b""RT @LadyNaturalist: Work life balance isn't a thing. It's just not."""
937945750071230465,2017-12-05 07:24:27,"b""RT @Ologies: Y'all up? Because #entomology is. Get to know @lilamayhiggins, the bug geek who changed my life \xe2\x9c\xa8\xf0\x9f\x95\xb7\xf0\x9f\x90\x9c\xf0\x9f\x90\x9b\xf0\x9f\x96\xa4\xe2\x9c\xa8https://t.co/fHBNNQXZop"""
937885561322323968,2017-12-05 03:25:17,"b'Happy #WorldWildlifeConservationDay! I celebrated by reading up on #foragingbehavior of the 1st pinniped I loved, t\xe2\x80\xa6 https://t.co/u0S5TQh9TY'"
937859764603596800,2017-12-05 01:42:47,b'RT @MontereyAq: Forward! #MondayMotivation https://t.co/Y3y04E39Wd'
937558469590237185,2017-12-04 05:45:32,"b""RT @TMMC: H.R. 4239 and H.R. 3133. It's time to pay attention. https://t.co/kmu3Wl7jBT https://t.co/PpeSJQRj1K"""
936272111412297728,2017-11-30 16:34:01,b'https://t.co/U4XltCGBQz\n\nLearn how these bears serve as #conservation ambassadors &amp; analysts to help their wild cou\xe2\x80\xa6 https://t.co/6jaHzvtxs1'
928396569921011713,2017-11-08 22:59:25,b'Call your state reps &amp; tell them to oppose HR 3133 before 11-10-17! It undermines the #MMPA! #StandforOceans\xe2\x80\xa6 https://t.co/KqjOIIU8MA'
928396377100447745,2017-11-08 22:58:39,b'RT @DefendersGovRel: Endangered species need the Marine Mammal Protection Act &amp; ESA to survive. #ProtectOurCoast https://t.co/OLuDCpiho2'
925843373855973376,2017-11-01 21:53:56,b'RT @OregonZoo: Nolina the porcupine has been visiting the seals on her morning walks. https://t.co/Xk3l8VQ0I0'
923061592295579648,2017-10-25 05:40:07,"b'RT @Claire_Simeone: Holy. Shit. First #vaquita EVER rescued, making #conservation history. #vaquitaCPR @TMMC @NMMForg https://t.co/hI2tkwHP\xe2\x80\xa6'"
923060795188985856,2017-10-25 05:36:57,b'RT @VaquitaCPR: 87 acoustic sensors were established underwater for #VaquitaCPR. @zoos_aquariums @TMMC @WWF @NMMForg https://t.co/Mt5uk59SCT'
923060594902581248,2017-10-25 05:36:10,b'RT @fromdolphview: The future of marine conservation is in diversity - we need local custodians on every coastline of the planet. @ashadevo\xe2\x80\xa6'
921791451213656064,2017-10-21 17:33:02,"b'RT @VaquitaCPR: Scientists Rescue First #Vaquita Porpoise, Making #Conservation History - https://t.co/sU18gbQutU https://t.co/9MsQQw6f3o'"
921791218832392192,2017-10-21 17:32:07,b'@VaquitaCPR I appreciate the tireless efforts of #scientists &amp; #animalcare professionals to help this #endangeredspecies!'
921790248538980353,2017-10-21 17:28:15,b'RT @TMMC: Leap for joy! Today is the 45th anniversary of the Marine Mammal Protection Act! https://t.co/42OH2sCjJ0'
921420695350865921,2017-10-20 16:59:47,b'Scientific writing brings what we learn about our world to the public so that together we can protect it! #WhyIWrite #conservation #science'
921411379197747200,2017-10-20 16:22:46,b'Fish exhibit depression like humans &amp; fish depression likely occurs with lack of stimulation. #AnimalWelfare https://t.co/rXLjPqGL2g'
921158238195855360,2017-10-19 23:36:52,b'Animal cognition at its best...or worst? #intelligentanimals #polarbears #foraging #marinemammals https://t.co/erD3nozMRV'
921155746628284416,2017-10-19 23:26:58,b'Hey! I know @thorbites ! #scientistsunite #firstamendment #highwaywisdom  https://t.co/eakKFYjlvZ'
921154936607510529,2017-10-19 23:23:45,b'RT @Mammals_Suck: Does the Marine Mammal Protection Agency know that twitter is an amazing refuge for sea lions? https://t.co/XMeqlxSUe8'
919061551163703296,2017-10-14 04:45:23,"b'RT @ucdavisvetmed: 8 cats just arrived at #UCDavis from #CAfires, all severely burned. Please consider donating to help w/ their care. http\xe2\x80\xa6'"
918609531604750343,2017-10-12 22:49:13,b'Love seeing interactive behaviors in #zooanimals! Yay #enrichment https://t.co/4X1iY7Z1eW'
918515811525967872,2017-10-12 16:36:49,b'RT @ucdavisvetmed: The #UCDavis Veterinary Emergency Response Team just departed for another day of animal rescue in #napafires. Wish them\xe2\x80\xa6'
918498522755883009,2017-10-12 15:28:07,b'Throwback to when I surrounded myself with vials of freeze-dried seal feces for #science. #glucocorticoids\xe2\x80\xa6 https://t.co/BYXZQLZY2o'
918482765749764098,2017-10-12 14:25:30,b'RT @IUCN: New case studies: Cultural values and community participation help #WorldHeritage wetland conservation https://t.co/FudsiMRuAt @R\xe2\x80\xa6'
918481653806252033,2017-10-12 14:21:05,"b'Animals whom we have made our slaves, we do not like to consider our equal. #CharlesDarwin #emotions #animalwelfare https://t.co/FGFbUgDBeY'"
918226864186966016,2017-10-11 21:28:38,b'RT @Rare_org: Behavior can change when more than our rational mind is convinced of the need. https://t.co/yKBmUADJrN https://t.co/rNAwg8jncA'
917972078619480064,2017-10-11 04:36:13,"b'RT @LadyNaturalist: Hey, @realDonaldTrump:\n\xe2\x9c\x85Climate change is real\n\xe2\x9c\x85Walrus need protection\n\xe2\x9c\x85Administration needs to care  https://t.co/f6BW\xe2\x80\xa6'"
917964595456823299,2017-10-11 04:06:29,b'Because cute things boost morale! #quail #interspecieseducation #familyfun https://t.co/wvc5pgixP3'
917956377523372032,2017-10-11 03:33:49,b'@Mammals_Suck Unchecked to-do lists are so real it hurts.'
917812986454065152,2017-10-10 18:04:02,b'RT @WWF: #DYK that 90% of all the Saimaa ringed seals born this year were born in the man-made snowbanks built by WWF &amp; #volunteers? https:\xe2\x80\xa6'
917812646375596032,2017-10-10 18:02:41,b'@WWF @starwars @JohnBoyega @_waLrice_ what do you think?'
917751765168041984,2017-10-10 14:00:46,"b'RT @Oceana: ""How inappropriate to call this planet Earth when it is quite clearly Ocean."" - Arthur C. Clarke https://t.co/UQuR4OHD2I'"
917524829514772481,2017-10-09 22:59:00,b'RT @MontereyAq: Octopuses have 8 tentacles. Squid and cuttlefish have 8 arms and 2 tentacles.\n\nAnd nautiluses have 90+ tentacles! Try naut\xe2\x80\xa6'
917523655726211073,2017-10-09 22:54:20,b'@guardianeco @TonyAbbottMHR #ClimateChangeIsReal. How much are the coal lobbyists paying you to deny?'
917519566640635905,2017-10-09 22:38:06,"b'RT @NatGeoPhotos: The remarkable story of a novice scientist with a passion for animals, and how she became a legend:\nhttps://t.co/V8f2i2ZE\xe2\x80\xa6'"
917519434914267136,2017-10-09 22:37:34,"b'\xe2\x80\x9cIn Myanmar there are thought to be only 1,000-2,000 #elephants left, down from 10,000 2 decades ago.\xe2\x80\x9d #wildlife\xe2\x80\xa6 https://t.co/WwQK07y0q6'"
917232134359703558,2017-10-09 03:35:56,"b'RT @shedd_aquarium: Each octopus arm can perform its own task, making this cephalopod the ultimate multi-tasker. #CephalopodAwarenessDays h\xe2\x80\xa6'"
916166134457442305,2017-10-06 05:00:02,b'Trading book-holding for head rubs. #symbiosis #furrystudybuddy #animalpersonality #phdlife #gradhacks https://t.co/Yw2plzLT8i'
916145939215089664,2017-10-06 03:39:47,"b'RT @AlistairDove: New Marine Parks Protect 290,000 Square Miles of Ocean https://t.co/tXefVQh3YG via @NatGeo #OceanOptimism'"
916145874572525569,2017-10-06 03:39:32,b'@AlistairDove @NatGeo Such great news!'
916080066949345280,2017-10-05 23:18:02,b'RT @EU_ENV: #MarinePollution | Where do we stand and what can we do about it? #OurOcean #PlasticsStrategy https://t.co/6bplEb43JK'
916079902050344961,2017-10-05 23:17:23,b'@MonteReyMB @TMMC @mcweekly Look at all of these amazing #womeninSTEM in this pic! Keep on saving our ocean critter\xe2\x80\xa6 https://t.co/7mt4eljnvF'
916078567452061697,2017-10-05 23:12:05,"b""RT @NOAAFishMedia: MONK OF THE MONTH: October's featured monk seal has a spooky story! https://t.co/ttHJGrsuCp https://t.co/iJNWDijTnR"""
916033867265351680,2017-10-05 20:14:27,b'RT @nature_org: BLM opens process that could roll back protections for #sagegrouse and other Western wildlife in conservation plans. https:\xe2\x80\xa6'
916033611127599104,2017-10-05 20:13:26,b'Changes made does not negate #animalwelfare violations by the South Lakes Zoo. There is no excuse for this treatmen\xe2\x80\xa6 https://t.co/624MzLy4QV'
915720185549430784,2017-10-04 23:28:00,b'Finally got a position on campus grading intro ecology &amp; evolution: hello tuition waiver &amp; stipend! Goodbye life.\xe2\x80\xa6 https://t.co/87guhuugl7'
915618846244880384,2017-10-04 16:45:18,b'Great research from the amazing @Miroungalife on #WorldAnimalDay #eavesdroppingonseals #whatsyourname #pinnipeds https://t.co/w8KIrbWOzi'
915617785484500992,2017-10-04 16:41:06,b'RT @OlogiesPod: #Paleontology is now up! Let @aeroevo fill your skull with dino info: \n\nhttps://t.co/GYKMzlIbOS'
915602050616053760,2017-10-04 15:38:34,b'RT @TMMC: Please take this survey on women in marine mammal science for the @marinemammalogy conference https://t.co/edhFPiVFkB #womeninste\xe2\x80\xa6'
915594280734879745,2017-10-04 15:07:42,"b'Be a wise tourist, say no to animal selfies! #leaveanimalsbe #wildlifeWednesday https://t.co/xeOo5vM0st'"
915593426904637440,2017-10-04 15:04:18,b'RT @guardian: The pioneering vets who save rhinos left for dead by poachers \xe2\x80\x93 in pictures https://t.co/8qLCl4PPja'
906884016153837569,2017-09-10 14:16:13,"b'RT @MarcBekoff: The World Wildlife Fund, Trophy Hunters and Donald Trump Jr.\n\nhttps://t.co/m9bd2PeeBo'"
906883728923701248,2017-09-10 14:15:04,b'@_waLrice_ I thought it was like Facebook and that we were mutual friends! My bad #twitternoob #learned my lesson'
901305132096389120,2017-08-26 04:47:43,b'RT @NOAAFish_GARFO: FACT: Selfies resulted in more seal rescues by marine mammal centers last year #ShareTheShore https://t.co/8vMXEARv2X'
900392621977239553,2017-08-23 16:21:44,b'#ProtectWhatYouLove #NationalTreasures @AltNPS @Interior\nhttps://t.co/MBo5sOScVk'
900129704279199746,2017-08-22 22:56:59,"b'In dark times, good people, doing good things, for good reasons provides hope and strength. #resist\xe2\x80\xa6 https://t.co/sTw1lWIz1v'"
900044176133242880,2017-08-22 17:17:08,b'#NoBetterFeelingThan finishing another draft of a publication after having zero motivation for a month. #gradlife #fueledbycaffeine'
900043344398528513,2017-08-22 17:13:49,"b'RT @ucdavis: Study explores challenges, advances in field of #animal #coloration science. #coloration  https://t.co/5DO4q2LpzF https://t.co\xe2\x80\xa6'"
899848218812362753,2017-08-22 04:18:28,"b""RT @MarcBekoff: Why don't people walk their talk when they say they love other animals and then allow them to be harmed and killed?\nhttps:/\xe2\x80\xa6"""
898326396484730881,2017-08-17 23:31:17,b'@DrAndrewThaler Molamola in a beanie for supporting science? Done. :)'
898323468529180672,2017-08-17 23:19:39,"b""RT @NWF: Where will you watch the eclipse? Here's wildlife you may spot &amp; how they may react to the once in a century event: https://t.co/S\xe2\x80\xa6"""
898323246566617089,2017-08-17 23:18:46,b'@ucdavis researchers find #MarineProtectedAreas are a win-win for fishermen and fish! #sustainablefishing https://t.co/iUJWyUl5f3'
898258735436398592,2017-08-17 19:02:26,b'On #nationalnonprofitday shout out to @TMMC for facilitating awesome #research #conservation #education &amp;\xe2\x80\xa6 https://t.co/m0e4jct578'
898202043831025664,2017-08-17 15:17:09,b'RT @NatGeo: Anchovies are mistaking microplastics for food because it smells like food\xe2\x80\x94which could be bad news for humans https://t.co/2NrX\xe2\x80\xa6'
897689928888352768,2017-08-16 05:22:11,b'RT @zoos_aquariums: https://t.co/ig7BaqE7mA'
897599430509158401,2017-08-15 23:22:35,b'RT @sanctuaries: Just ONE DAY left to comment on the review of national marine sanctuaries &amp; marine national monuments! Comment here: https\xe2\x80\xa6'
897599238892380163,2017-08-15 23:21:49,b'Speak out to save #marinesanctuaries from off-shore drilling today! #nobluenogreen #saveouroceans \nhttps://t.co/eUPdykkuil'
895412474517770240,2017-08-09 22:32:24,"b""RT @MarcBekoff: A conversation on Animal sentience with Dina Nathan -- The animals' agenda ...\n\nRead: https://t.co/3W2IgRbWVn"""
894592549502951425,2017-08-07 16:14:19,"b""RT @deborahblum: We're not that special, period: Octopus research shows that consciousness isn\xe2\x80\x99t what makes humans special https://t.co/Fmf\xe2\x80\xa6"""
893638836890161153,2017-08-05 01:04:36,b'#crustaceancuties https://t.co/WkXNkSKi84'
893638161275822080,2017-08-05 01:01:55,"b'@EthologyScience @EthologyScience ""basic"" science #research informs applied behavior science (and vice versa) so it\xe2\x80\xa6 https://t.co/X4j595w0d9'"
893637513205633024,2017-08-05 00:59:20,"b'RT @EthologyScience: Why isn\'t ""basic"" science, particularly in #ethology, being funded? And should it? https://t.co/3cnOi5vkXa What do you\xe2\x80\xa6'"
892927325293035521,2017-08-03 01:57:18,"b'RT @TMMC: Curious about how Rocky and her pup, Kaimana, are being protected? Great video by @AnthonyQuintano https://t.co/SIT57Pr7us #MonkS\xe2\x80\xa6'"
892926813525098496,2017-08-03 01:55:16,b'RT @UNEP: Students design pollution popsicles &amp; raise awareness about the need for urgent action to #BeatPollution: https://t.co/Y2X34dnitg\xe2\x80\xa6'
891806277608759296,2017-07-30 23:42:40,b'RT @MissionBlue: Sharks maintain health and balance of ocean. Their removal could lead to unpredictable consequences. Photo: @Britannica #S\xe2\x80\xa6'
890747951374508033,2017-07-28 01:37:15,b'@ucsc Great work @Nicole_Thometz !'
890747056205176832,2017-07-28 01:33:42,b'The @ucsc #PinnipedLab is doing amazing &amp; important #research on arctic #seals! #ClimateChangeIsReal #SupportScience https://t.co/fYqidLsyPj'
887992179909476352,2017-07-20 11:06:48,b'RT @TMMC: Happy #DayOfScience! Enrichment tools can possibly help pups return to the wild sooner https://t.co/PK2yLQ1Ddv'
883538252958846976,2017-07-08 04:08:29,"b""@_waLrice_ Little women's rights and healthcare activist even when she is doubled over in pain. Badass lady hero."""
883341431108022273,2017-07-07 15:06:23,b'RT @TMMC: Emergency funding is needed to execute the refuge and gill net removal plan https://t.co/KVkGZvr0re #VaquitaCPR'
882966480442097666,2017-07-06 14:16:28,"b'""People protect what they love."" -Jacques Cousteau #TeachtoProtect the #environment https://t.co/v9zVXBr1Sp'"
882965411599273984,2017-07-06 14:12:13,"b'For megafauna to zooplankton, not to mention #climatechange, ocean drilling is not the answer. #SaveOurOcean https://t.co/ZLwSyLTJAU'"
882964607362400256,2017-07-06 14:09:01,b'RT @Interior: 11 sweet pics of animals showing affection \xe2\x86\x92 https://t.co/wRg3k8R6cS #InternationalKissingDay https://t.co/PYCgNHkuGu'
882747714705825792,2017-07-05 23:47:10,b'RT @NatGeo: Watch: This endangered zebra got a second chance when human rescuers intervened. https://t.co/hH8ibkmYPL'
882747151897419776,2017-07-05 23:44:56,b'RT @UNEP: The FIRST EVER marine plastics innovation challenge is open! \nLearn more &amp; take action for #CleanSeas: https://t.co/KctJ8zvMiH @T\xe2\x80\xa6'
880843998549516288,2017-06-30 17:42:29,"b""RT @NRDC: Don't let Trump and Zinke take away our national monuments. #DefendOurMonuments \n\nTAKE ACTION: https://t.co/lNdveF7CUg https://t.\xe2\x80\xa6"""
880843309253509120,2017-06-30 17:39:44,b'Every step counts to #SaveTheVaquita ! Happy news for your Aloha Friday! https://t.co/BaZ83asCWh'
880804574897913856,2017-06-30 15:05:49,"b""Don't buy #plasticpollution. #SavethePlanetin4Words. https://t.co/ixoJIDNoYT"""
880802037906014208,2017-06-30 14:55:45,"b'RT @NatGeo: From giant sea stars to spiders, these @natgeo deep sea divers reveal a rare look at life under Antarctica https://t.co/loG1jQQ\xe2\x80\xa6'"
880801852039716864,2017-06-30 14:55:00,b'RT @UNEP: Kenyans prepare for nationwide ban on plastic bags: https://t.co/9HFGJTi9Fk #CleanSeas @Environment_Ke https://t.co/uuj6XQItoK'
880668043420078080,2017-06-30 06:03:18,"b'@Claire_Simeone Haha, oh dear. Random rock maybe? Now I HAVE TO KNOW! :)'"
880661795672870912,2017-06-30 05:38:28,b'RT @WWF: Implementation of permanent gillnet ban key to #savethevaquita. Urge @gobmx @epn to turn commitments into actions https://t.co/vrq\xe2\x80\xa6'
880656592055791616,2017-06-30 05:17:48,b'Glad she chose Kaimana where the Waikiki foot traffic is more limited. #leavesealsbe #hawaiianmonkseal #blubberbaby\xe2\x80\xa6 https://t.co/YrP1AJuZwV'
880246021195878400,2017-06-29 02:06:20,"b'#Whale, whale...look who gets creative with bubbles! #scienceissexy #humpbackwhales\nhttps://t.co/kb7qXFseVk'"
880129299801489408,2017-06-28 18:22:31,b'RT @guardian: Cockatoos impress opposite sex with Phil Collins-style drum solos https://t.co/C9lMS8NsXE'
880080133507305472,2017-06-28 15:07:09,"b'@AlistairDove Agreed! Humans made this mess, we need to be the ones to clean it up. Not bail.'"
880072411655184385,2017-06-28 14:36:28,"b'""Some people talk to animals. Not many listen though. That\'s the problem."" - A.A. Milne #WednesdayWisdom\xe2\x80\xa6 https://t.co/AYHW4pxOHR'"
879923520469213184,2017-06-28 04:44:50,"b'Good #enrichment leads to good exercise, cognitive stimulation, natural behaviors, which means good #animalwelfare! https://t.co/Hrl8OpilKB'"
879922934852104192,2017-06-28 04:42:30,"b""RT @OregonZoo: #Oregoncoast beachgoers: A friendly reminder from @NOAA to enjoy the cuteness from a distance! A selfie isn't worth stressin\xe2\x80\xa6"""
879922790043795460,2017-06-28 04:41:55,b'Thanks for all the #harborseal pics @TMMC! I love seeing all these little chunk monsters get back home! https://t.co/FxvPjD55yg'
879921683481608192,2017-06-28 04:37:32,"b'RT @SeafoodWatch: ""There\'s plenty of fish in the sea."" #InnocentPhrasesThatScareMe \nHelp sustain ocean life w/ our recommendations. \nhttps:\xe2\x80\xa6'"
879921633049182208,2017-06-28 04:37:20,"b""RT @BalyenaOrg: What do you think about disposable plastics? Why and how does it end up in our seas? It's a serious problem both... https:/\xe2\x80\xa6"""
879921506511278080,2017-06-28 04:36:49,b'RT @MissionBlue: Keep protected status for Goliath groupers! @SylviaEarle asks everyone to tell @myFWC: NO FISHING! https://t.co/lNRyPQWlXf\xe2\x80\xa6'
879921385727860736,2017-06-28 04:36:21,"b'Weird things are happening to our planet, and the environment is trying to tell us something. #oceanminded\xe2\x80\xa6 https://t.co/LDTPVSNUlI'"
879715107013394432,2017-06-27 14:56:40,"b'RT @USFWSRefuges: CAPTION CALL! Write yours for black-necked stilt at National Key Deer #Refuge, FL: https://t.co/e7jZQ97TqZ  Photo: Joseph\xe2\x80\xa6'"
879714762854023168,2017-06-27 14:55:18,"b'RT @TMMC: Say aloha to our newest Hawaiian monk seal patients, Awa`puhi and Mililani https://t.co/Np1765vRnQ #MonkSealMonday https://t.co/q\xe2\x80\xa6'"
879572534500352001,2017-06-27 05:30:08,b'@Claire_Simeone Hahaha yes! My favorites! https://t.co/Lmy4xY1zjt'
879558914957758464,2017-06-27 04:36:01,b'RT @WWF: Urge Mexican gvt to act now at https://t.co/vrqrvQkFw0 to #savethevaquita &amp; stop Gulf of California being put on @unesco in danger\xe2\x80\xa6'
879428319174811653,2017-06-26 19:57:04,b'RT @vanaqua: Bella Bella is gaining weight and growing strong! She gets bottle fed 6 times a day at our #RescueCentre. #MondayMotivation #M\xe2\x80\xa6'
879407889621725184,2017-06-26 18:35:54,b'RT @AfricanParks: A new lease on life! This rescued pangolin has been released back into the wild at Garamba #NP https://t.co/Yl2kpVrJYo'
879404456596586497,2017-06-26 18:22:15,b'#ClimateChange is not a belief. It is a fact. https://t.co/RpzbMVtmka'
879396436189655040,2017-06-26 17:50:23,b'I want the US to choose the #environment! Write your reps to keep the Yellowstone #GrizzlyBears under\xe2\x80\xa6 https://t.co/IrmPPGa350'
879395352029184000,2017-06-26 17:46:04,b'RT @UBCoceans: \xe2\x80\x9cYou can\xe2\x80\x99t learn everything watching from a boat.\xe2\x80\x9d @ubcmarinemammal about #cetacean ban @vanaqua https://t.co/GlJEHIoa4K htt\xe2\x80\xa6'
879392668496781312,2017-06-26 17:35:25,b'Love seeing good animal husbandry care! Keep up the good work @CincinnatiZoo. Thanks for making the world a part of\xe2\x80\xa6 https://t.co/VUJdgcK8Bb'
879386195142123520,2017-06-26 17:09:41,"b'#Conservation work is hard but getting to witness events like this makes the early mornings, late nights, stinky an\xe2\x80\xa6 https://t.co/4YxCHjn01h'"
870365857272086529,2017-06-01 19:46:05,b'RT @BraddJaffy: Statement from Barack Obama on the Paris Climate Agreement https://t.co/SQc6kQV0Ah'
869976278878658560,2017-05-31 17:58:02,b'Help the #conservation of #AfricanPenguins by supporting @mysticaquarium and #InvestintheNest! https://t.co/wJMNH4lbpC #StopExtinction'
867387599949778944,2017-05-24 14:31:33,b'RT @Claire_Simeone: The @MarineMammalCom plays an integral role in science and policy to protect marine mammals. It should NOT be eliminate\xe2\x80\xa6'
863915454749843456,2017-05-15 00:34:29,b'RT @MontereyAq: #ClimateChangeIn5Words:\nReal?\nReal.\nReally?\nReally real.'
863915414409039872,2017-05-15 00:34:20,b'RT @Claire_Simeone: Canaries in the coal mine. #ClimateChangeIn5Words https://t.co/SmEOi7GfqJ'
863915171311263744,2017-05-15 00:33:22,b'RT @TMMC: Bon voyage! Our 4 hawaiian monk seal patients set sail for the Northwestern Hawaiian Islands with @NOAAFisheries https://t.co/zLp\xe2\x80\xa6'
860647728727990272,2017-05-06 00:09:43,b'RT @vanaqua: These Oregon spotted frog tadpoles are off to be released into the wild. Follow along! \xf0\x9f\x90\xb8 https://t.co/SxyCRhbC8b'
859800493932990464,2017-05-03 16:03:06,"b""Plastic isn't our only #pollution. \nThe light and noise we make affect the #animals we share our planet with. \nhttps://t.co/UvQWIyVYmC"""
859799348703502337,2017-05-03 15:58:33,b'#savethebees #saveourselves https://t.co/6WfowlL0PU'
859799064946147329,2017-05-03 15:57:26,b'RT @IFAWUK: Black rhinos returned to Rwanda 10 years after disappearance. We hope they settle in to their new home &amp; stay safe! \xf0\x9f\xa6\x8fhttps://t.\xe2\x80\xa6'
859798781595746304,2017-05-03 15:56:18,"b'RT @Claire_Simeone: Once again, humpbacks interfering with killer whale predation - altruistic behavior, or protective instinct? https://t.\xe2\x80\xa6'"
859553274583670784,2017-05-02 23:40:45,b'RT @NRDC: Scientists are planning a final attempt to save the world\xe2\x80\x99s most endangered marine mammal \xe2\x80\x93 the vaquita porpoise. https://t.co/Wp\xe2\x80\xa6'
859431667571630080,2017-05-02 15:37:31,"b""Great news #scientists! The fight isn't over but it is good to know we can #resist &amp; make change!  https://t.co/SutkU3SiGl"""
859430306260017152,2017-05-02 15:32:07,b'What colors would your emotions reflect? #reptilesrock #science #animalbehavior https://t.co/G8L81RuQ14'
859429213287227392,2017-05-02 15:27:46,b'Thank you @USFWS @NOAA for taking on the burden of keeping our pacific #oceans clean.  #greatpacificgarbagepatch\xe2\x80\xa6 https://t.co/7WEJFl76oc'
859428347972993025,2017-05-02 15:24:20,"b'RT @FarmSanctuary: Chickens like Shirley have excellent memories and are great at solving problems. ""Bird brain""? That\'s a compliment! http\xe2\x80\xa6'"
859427641413181440,2017-05-02 15:21:31,"b'Love to hear about successful animal rescue, rehab, and release stories! #animalwelfare #conservation https://t.co/NmqTRywasM'"
859427116357623808,2017-05-02 15:19:26,"b""RT @LadyNaturalist: DON'T RELEASE #BALLOONS. A happy day can result in polluting Lake Erie. A friend just sent this to me who watched it ha\xe2\x80\xa6"""
859427035176853504,2017-05-02 15:19:07,"b'\xe2\x80\x9cThis is direct, human-caused extinction."" I applaud all the scientists, activists, &amp; policy makers in the\xe2\x80\xa6 https://t.co/yCv8kHWfqR'"
859424576547078144,2017-05-02 15:09:21,"b'RT @action4ifaw: These sweet bear cubs are growing every day! Follow as they learn, play and discover the world around them! https://t.co/L\xe2\x80\xa6'"
859423669092667394,2017-05-02 15:05:44,"b""RT @TMMC: Good Samaritans helped by remembering the No. 1 rule: Don't pick up the pup https://t.co/B123BkcGEU via @SFGate"""
857714251883962368,2017-04-27 21:53:07,b'RT @NRDC: We all march for different reasons. We also march together. Join us 4/29. #ClimateMarch https://t.co/dFBFoHatqo https://t.co/FXSE\xe2\x80\xa6'
857713974535610369,2017-04-27 21:52:01,b'A tragic but important lesson in knowing your taxa and what is best for their well being. #animalwelfare https://t.co/i5SZfixse8'
857712925112283136,2017-04-27 21:47:51,"b'Hey @Miroungalife, I see you! #science #whalewhisperer https://t.co/5qXJuYJjJ2'"
857712497977049088,2017-04-27 21:46:09,"b""RT @action4ifaw: Animal cruelty is not entertainment. We applaud Los Angeles' *unanimous* vote. https://t.co/72pShnJ2d7"""
857312333336465408,2017-04-26 19:16:03,"b""RT @USFWSRefuges: Can't get to Alaska? Take a 2-minute video visit to Kodiak National #WildlifeRefuge: https://t.co/6XX4gXMaSy https://t.co\xe2\x80\xa6"""
855824433759502336,2017-04-22 16:43:40,b'What better way to celebrate turning in my masters thesis than to #marchforscience !! https://t.co/c2NrEU8yco'
855801123143168001,2017-04-22 15:11:02,"b'RT @nchudeau: We do not inherit the earth from our ancestors, we borrow it from our children #EarthDay #Darfur #Sudan \xf0\x9f\x8c\xbf\xf0\x9f\x8c\x8d\xe2\x98\x80\xef\xb8\x8f\xf0\x9f\x92\xa7 https://t.co/vc\xe2\x80\xa6'"
855801060895596544,2017-04-22 15:10:47,b'RT @OregonZoo: #Science and compassion are our greatest tools in the fight to protect biodiversity and our \xf0\x9f\x8c\x8d\nhttps://t.co/Ig8EjGOZf6 #Earth\xe2\x80\xa6'
855798422086995968,2017-04-22 15:00:18,b'This #animalbehavior #scientist and her #marinebiologist friend are ready for the #marchforscience in SF! https://t.co/nIC1RK6iss'
844966475278405632,2017-03-23 17:38:01,"b""But unlike our terrestrial dogs, these dog mermaids don't like to be snuggled! #nationalpuppyday #sealions\xe2\x80\xa6 https://t.co/6njTnWgFnQ"""
844964697904336897,2017-03-23 17:30:57,b'Fascinating research about language processing in our furry friends! #NationalPuppyDay #animalbehavior https://t.co/2STLQkq17Q'
844795651556716544,2017-03-23 06:19:13,"b'Armed with fancy coffee, it is a good night to read #harborseal development &amp; diving #behavior articles!\xe2\x80\xa6 https://t.co/Jq20md1uYS'"
844700205089865728,2017-03-22 23:59:57,b'@nchudeau is celebrating #worldwaterday while I am celebrating #internationaldayoftheseal ! 3/22 is a favorite in our ohana!'
844699801962790913,2017-03-22 23:58:21,"b'RT @MontereyAq: From sea to sky and everywhere in between, clean water is necessary for life on Earth\xe2\x80\x94a message written in the clouds this\xe2\x80\xa6'"
844699687646969856,2017-03-22 23:57:53,"b""RT @TMMC: Happy #InternationalDayOfTheSeal! Don't forget to respect the cute and leave seals be when they're hauled out on the beach \xf0\x9f\x98\x8a http\xe2\x80\xa6"""
844699540326309893,2017-03-22 23:57:18,b'Just ran analyses for my #harborseal #enrichment project w/ @TMMC &amp; found some tasty results just in time for\xe2\x80\xa6 https://t.co/mTgheRZ4yP'
844203149627875328,2017-03-21 15:04:50,b'RT @action4ifaw: Mental images are tough to stomach. Senate must not allow barbaric methods of killing wildlife on federal lands.  https://\xe2\x80\xa6'
844035175008821249,2017-03-21 03:57:21,b'#InternationalDayOfHappiness when you finish coding 228hrs of video data and can finally answer your #research ques\xe2\x80\xa6 https://t.co/7yRkoe6dG6'
843654128052002817,2017-03-20 02:43:13,b'Look at these happy chunksters! Congrats on a successful #pinniped release @PacificMMC! Thankful for all you do for\xe2\x80\xa6 https://t.co/pLJ1R8vPja'
843610610914873344,2017-03-19 23:50:17,b'So stoked to learn about the importance of #kelp in our #oceans from Tristin McHugh @SDSU_CMIL #MarineScience day!\xe2\x80\xa6 https://t.co/uthGlMW5a9'
843203303789928448,2017-03-18 20:51:48,"b'Every #animal, big/small, charismatic megafauna/awesomely weird inverts, are an integral part of our #ecosystem! https://t.co/7fF2tKrV8i'"
843201507088457728,2017-03-18 20:44:39,b'Love the #enrichment and active #critters @shedd_aquarium ! #mustelids https://t.co/WM3u0kdBQJ'
842977009210867712,2017-03-18 05:52:35,"b'RT @LeoDiCaprio: If we don\xe2\x80\x99t protect them, who will? Proud of the #vaquita #conservation efforts by LDF partner, @seashepherd. https://t.co\xe2\x80\xa6'"
842975896411680768,2017-03-18 05:48:10,"b""When everyone is celebrating St Patty's day but you are still working cause you defend in a month. #science\xe2\x80\xa6 https://t.co/mtDTkL18QZ"""
842442213183250432,2017-03-16 18:27:30,b'A bakers dozen postcards expressing a need to fight for @NOAAFisheries @ClimateNPS #environment &amp; #humanrights in h\xe2\x80\xa6 https://t.co/4ddbxGvspS'
842249875764912128,2017-03-16 05:43:13,b'What a great opportunity at the @sfzoo ! Cheers to educating #futuregenerations in #STEM &amp; getting stoked on\xe2\x80\xa6 https://t.co/Uj92jIUUui'
842248871220723712,2017-03-16 05:39:13,b'RT @USFWSRefuges: Volunteers #MakeADifference at national #wildliferefuges. \nCheck out volunteer opportunities here: https://t.co/qvSRrAKj0\xe2\x80\xa6'
842248356248272896,2017-03-16 05:37:11,"b""Mahalo for sharing @Claire_Simeone ! I've been brainstorming monk seal #enrichment and knowing their foraging\xe2\x80\xa6 https://t.co/bY13XMv4jm"""
841813103784288257,2017-03-15 00:47:38,b'RT @USFWS: These fluffy black-footed albatross chicks are helping establish a new colony in the main Hawaiian Islands. https://t.co/NBDJD2i\xe2\x80\xa6'
841812851396300800,2017-03-15 00:46:38,b'RT @vanaqua: Caring for animals at #vanaqua helps train our vets &amp; 1st responders to provide better care for animals in the wild: https://t\xe2\x80\xa6'
841812663483039745,2017-03-15 00:45:53,b'RT @IFAWUK: Progress! Iceland has cancelled plans to kill endangered fin whales for the second year in a row \xf0\x9f\x90\xb3\xf0\x9f\x90\xb3\xf0\x9f\x90\xb3\nhttps://t.co/dpHXIJiGuC ht\xe2\x80\xa6'
841812606121795585,2017-03-15 00:45:40,"b'RT @action4ifaw: April 1, Switzerland will prohibit importation of commercial seal products making them the 35th country to do so!  https:/\xe2\x80\xa6'"
841812562169683968,2017-03-15 00:45:29,"b""RT @MontereyAq: Guess who's back? Back again? Pelagic red crabs are back\xe2\x80\x94tell a friend! https://t.co/zpbzL6GYSH"""
841811121388441600,2017-03-15 00:39:46,b'Humbled to be @ the #pinniped lab while Amak &amp; Tunu were helping us understand #iceseals #acoustics &amp; #conservation\xe2\x80\xa6 https://t.co/QowyPcJYZt'
841482490548113408,2017-03-14 02:53:54,b'RT @TMMC: DYK our Hawaiian monk seal hospital has rehabilitated more than 1%  of the population? #EndangeredSpecies #MonkSealMonday https:/\xe2\x80\xa6'
839565198792937472,2017-03-08 19:55:16,b'RT @Interior: Celebrate #InternationalWomensDay &amp; explore sites dedicated to preserving Women\xe2\x80\x99s history https://t.co/B7KPwrIN7C #WomensHist\xe2\x80\xa6'
839565109466824704,2017-03-08 19:54:55,"b'RT @MontereyAq: Shoutout to all the fintastic women who make our research, education and conservation work possible! #InternationalWomensDa\xe2\x80\xa6'"
839557452655841280,2017-03-08 19:24:29,"b'What you do makes a difference, &amp; you have to decide what kind of difference you want to make. #JaneGoodall  #SheInspiresMe #IWD2017'"
839493145901486080,2017-03-08 15:08:57,b'Proud to know so many wonderful &amp; motivated women @TMMC ! #SheInspiresMe #IWD2017 https://t.co/QzcegmrHJU'
839492088454512640,2017-03-08 15:04:45,b'#SheInspiresMe #InternationalWomensDay #SealsForScience https://t.co/iEcKYdllhZ'
839490337768775680,2017-03-08 14:57:48,b'The education of #women is the best way to save the #environment. -E. O. Wilson #internationalwomensday'
839227936070782976,2017-03-07 21:35:06,b'Love seeing so much #enrichment that helps animals exhibit species-typical #animalbehavior @sfzoo! Foraging &amp; probl\xe2\x80\xa6 https://t.co/hobKH20TW4'
839227370053652481,2017-03-07 21:32:51,b'RT @action4ifaw: Horrifying. Highly endangered white rhino poached from a zoo in the heart of France. https://t.co/CpuXa3wuvx https://t.co/\xe2\x80\xa6'
839226618576945152,2017-03-07 21:29:52,b'RT @TMMC: Suspicious death of Hawaiian monk seal. Please call @NOAA OLE hotline 1-800-853-1964 with any info https://t.co/NNdrijzoy9 https:\xe2\x80\xa6'
839170703530156032,2017-03-07 17:47:41,b'RT @MontereyAq: Sea For Yourself! \xe2\x80\x94 Sea otters in the morning! https://t.co/hqAzijRETV'
838747954273931264,2017-03-06 13:47:50,b'RT @USFWSRefuges: Seal Beach #WildlifeRefuge is helping California least terns ward off predators https://t.co/7h0RHHsO49 /John Fitch https\xe2\x80\xa6'
838747357688705026,2017-03-06 13:45:27,"b""RT @IFAWUK: Around 80% of animal welfare laws in the UK come from the EU. We need to make sure these aren't weakened post-Brexit https://t.\xe2\x80\xa6"""
837952883710644224,2017-03-04 09:08:30,"b""RT @sfzoo: #Rhino poaching increased by 9000% in 10 years. Let's ensure the future of rhinos &amp; all #wildlife this #WorldWildlifeDay! #DoOne\xe2\x80\xa6"""
837641417740660736,2017-03-03 12:30:51,b'RT @UNEP: Wildlife conservation is a shared responsibility. Youth can make a change! Get involved on #WorldWildlifeDay: https://t.co/F0db0t\xe2\x80\xa6'
837640832106786816,2017-03-03 12:28:31,b'Not all #marinemammal facilities are created equal. @vanaqua is one that helps understand #conservation #welfare &amp;\xe2\x80\xa6 https://t.co/mQlFzmpxf7'
837591955781607425,2017-03-03 09:14:18,"b""Happy #WorldWildlifeDay ! Let's continue to protect the #environment that we share with creatures big and small! https://t.co/Xqwad2WwFA"""
830318354883686401,2017-02-11 07:31:37,"b'RT @neiltyson: Odd that our measures of animal intelligence are often tests for what we do best, rather than tests for what they do best.'"
829014159060668417,2017-02-07 17:09:12,b'To #animalwelfare activists who are focused on zoos and mega fauna: fight for ALL animals. Call your reps and tell\xe2\x80\xa6 https://t.co/wrEXPuwKMe'
828978517698187265,2017-02-07 14:47:34,b'Human-animal ineractions help awareness of our devastating impact on the natural resources needed for the survival\xe2\x80\xa6 https://t.co/HlVEt4lBF5'
828977144910934016,2017-02-07 14:42:07,"b'RT @SeymourCenter: Rising carbon emissions could kill off vital corals by 2100, study warns | Environment | The Guardian https://t.co/A5SyW\xe2\x80\xa6'"
828446085500710913,2017-02-06 03:31:53,b'#MySciencewill improve #animalwelfare and increase the likelihood of successful #wildlife reintroduction after rehabilitation.'
828445675541012480,2017-02-06 03:30:15,b'RT @LadyNaturalist: I fight for our planet &amp; all life on it. \n\nI fight for clean air and water. \n\nI will ALWAYS fight for @altUSEPA. \n\n#res\xe2\x80\xa6'
828141520628838401,2017-02-05 07:21:39,"b'RT @MortenDDHansen: This is Angela Merkel. She did a PhD in quantum chemistry, but turned German Chancellor. #actuallivingscientist https:/\xe2\x80\xa6'"
828007944453132288,2017-02-04 22:30:52,b'@TeresaAdamsRice if only! Gonna go code more videos to make that graduation deadline ;)'
828006649910603776,2017-02-04 22:25:43,b'Half way through coding 480 videos of harbor seal diving behavior got me like: https://t.co/nrLJBdF3c3'
828005137666826240,2017-02-04 22:19:43,"b'This is why #science and interdisciplinary #research are so important! Stay curious and creative,\xe2\x80\xa6 https://t.co/P0OZczQUom'"
827752491290763264,2017-02-04 05:35:47,"b""RT @thorbites: Helping out with friend's resistivity study at Zzyzx Desert Studies Center. #DressLikeAWoman #actuallivingscientist https://\xe2\x80\xa6"""
827752007494623233,2017-02-04 05:33:52,b'understanding #psychology &amp; #behavior helps #conservation efforts! https://t.co/dj1qfHfL38'
827750734418436096,2017-02-04 05:28:48,b'@melittophile Thanks for helping to save the bees!'
827750490020524032,2017-02-04 05:27:50,b'speaking the truth! https://t.co/L5B5HJoFH1'
827749645421981697,2017-02-04 05:24:28,"b'#LaJolla and #SanDiego, pay attention please! #SharetheShore https://t.co/AcUr8KX78V'"
827748752119066624,2017-02-04 05:20:55,"b""Hi I'm an #actuallivingscientist who studies #enrichment and its effects on #harborseal behavior and foraging behav\xe2\x80\xa6 https://t.co/snOmRhUpzB"""
827746695161131009,2017-02-04 05:12:45,b'Thanks @AlannaImbach &amp; @sdut for sharing my voice!'
827744091333021697,2017-02-04 05:02:24,b'RT @marinemammalogy: World\xe2\x80\x99s most endangered marine mammal down to just 30 individuals !https://t.co/JPxQLWgVXY'
827744075717636096,2017-02-04 05:02:21,"b""RT @TMMC: Strong storms are bringing in orphaned elephant seal pups like Steinbot. Learn how we're caring for them https://t.co/niEsGoGosf\xe2\x80\xa6"""
826163669130104833,2017-01-30 20:22:22,"b'RT @Rare_org: #Biodiversity is the common, critical thread between people &amp; nature. https://t.co/NPqvLFUDyL'"
825846338252263424,2017-01-29 23:21:25,"b'RT @shedd_aquarium: Our Animal Response Team is honored to help @SANCCOB rescue, rehab &amp; release endangered African penguin chicks every ye\xe2\x80\xa6'"
825746888011837441,2017-01-29 16:46:14,"b'RT @GatelyMark: Worth celebrating? Nepal marked the 1,000th day of zero poaching of endangered one-horned rhinos last week. https://t.co/6q\xe2\x80\xa6'"
825482316759724032,2017-01-28 23:14:55,b'@Claire_Simeone @TMMC @TenayaNorris @laurenmdemaio the present is female!! Great to see you all!'
825479795219668993,2017-01-28 23:04:54,"b'RT @SeymourCenter: Polar Bear Cubs at High Risk from Toxic Industrial Chemicals, Despite Bans - Scientific American https://t.co/25ldjWagF5'"
825214331797188608,2017-01-28 05:30:03,"b'RT: @NatGeo ""Social media makes exotics seem adorable &amp; acceptable, but you don\xe2\x80\x99t see the suffering behind the pics"" https://t.co/5Y41lHAzPU'"
825205097181253632,2017-01-28 04:53:21,"b""Who knew that we still don't have basic information from one of our west coast pinnipeds? I didn't! Until today at\xe2\x80\xa6 https://t.co/zbALpAe2rj"""
825204741722345473,2017-01-28 04:51:56,b'Inspiring to see this career  #marinemammal scientist share his research w/ the same amount of enthusiasm as a newb\xe2\x80\xa6 https://t.co/eS7QAFztiu'
825203107214692352,2017-01-28 04:45:26,"b'RT @Claire_Simeone: Snot-bot collects whale boogers, bugs @SirPatStew, all in name of #science. #SCMMW2017 https://t.co/k57eubEG6p https://\xe2\x80\xa6'"
825115562938228740,2017-01-27 22:57:34,b'@Claire_Simeone loves to talk #science #eyeballs &amp; #pinnipeds. Science fosters innovation &amp; creativity that help\xe2\x80\xa6 https://t.co/khdFUdaxWE'
824499854181167105,2017-01-26 06:10:58,b'RT @Claire_Simeone: Climate scientists are sharing their work at @AKMarineScience #AMSS2017. Their voices ring loud. https://t.co/nKqD9Prgy\xe2\x80\xa6'
824124481476194306,2017-01-25 05:19:22,"b'RT @TMMC: Science, education, humanity and compassion are even more critical now https://t.co/DNjZTQkml4'"
824118068951609349,2017-01-25 04:53:53,b'@AltNatParkSer we love our parks &amp; how they protect our unique species and landscapes! Keep up the good work! https://t.co/g2ixzjseUs'
824110740407652352,2017-01-25 04:24:46,"b'The more clearly we focus our attention on the wonders &amp; realities of the universe about us, the less taste we shal\xe2\x80\xa6 https://t.co/5Yxe9aDogx'"
824109771145875457,2017-01-25 04:20:55,"b""Ho'omaika'i 'ana @NOAA &amp; @TMMC! Hawaiian monk seal numbers have increased by 3% annually for the past 3 years!\nhttps://t.co/fCfvRRvNKy"""
824013666810859521,2017-01-24 21:59:02,"b'RT @BadlandsNPS: Life\'s most persistent and urgent question is, \'What are you doing for others?"" - Dr. Martin Luther King, Jr. https://t.co\xe2\x80\xa6'"
824013353764786176,2017-01-24 21:57:47,"b'Thank you @BadlandsNPS for raising awareness, no matter what the current administration is trying to hide\xe2\x80\xa6 https://t.co/Vri5FNIWsq'"
823358534104383489,2017-01-23 02:35:46,b'RT @Claire_Simeone: There are many incredible scientists working at government agencies who now have a new boss. Their work continues to be\xe2\x80\xa6'
823358504798826496,2017-01-23 02:35:39,b'RT @action4ifaw: Trump expresses skepticism about climate change. We join with other groups in urging him to take things seriously. https:/\xe2\x80\xa6'
823357820590379008,2017-01-23 02:32:56,b'RT @TMMC: Women make up the majority of vets in US and fill close to 80% of seats in vet schools https://t.co/sXuq2veUoJ #GirlPower'
822533099628204032,2017-01-20 19:55:47,"b""RT @ClimateCentral: Scientist are making it clear on Inauguration Day that we're living in the #USofScience https://t.co/Wbd0y1lRtF https:/\xe2\x80\xa6"""
822532436991049728,2017-01-20 19:53:09,"b""If the government won't help our #environment it us up to 'We the People'! #USofScience https://t.co/HuTNQ2e1BM"""
822528857328656384,2017-01-20 19:38:56,b'@Claire_Simeone @TMMC Working on my schedule now to find a weekend for some #pinniped #enrichment!'
822528612775538688,2017-01-20 19:37:57,b'@Claire_Simeone &amp; @TMMC &amp; @SeymourCenter &amp; @Miroungalife are just a few of the many who know that #ScienceMatters !\xe2\x80\xa6 https://t.co/TjE9KuCjRf'
822527843280285696,2017-01-20 19:34:54,b'RT @Claire_Simeone: Our International Residents @TMMC have taken the science they learned here and have spread it around the world! #USofSc\xe2\x80\xa6'
822527809021100032,2017-01-20 19:34:46,"b'RT @ajplus: On #InaugurationDay, scientists are reminding Americans of their contributions with #USofScience. https://t.co/nkNxBk5P1g'"
822527761851912192,2017-01-20 19:34:34,b'RT @Claire_Simeone: What did I JUST say? #ClimateChangeIsReal #USofScience #ScienceMatters https://t.co/iGSlIGY2TR'
822527666834149376,2017-01-20 19:34:12,b'We #scientists strive to save species we share our planet with! #USofScience https://t.co/0sLrg8zlW0'
822527332938153984,2017-01-20 19:32:52,"b'RT @Claire_Simeone: To enrich the lives of our harbor seal pup patients, @KarliRChudeau uses SCIENCE! #USofScience @TMMC https://t.co/SuiVa\xe2\x80\xa6'"
819770892595007489,2017-01-13 04:59:46,b'RT @vanaqua: RT @BT_Vancouver: A new hospital facility is now up and running at @VanAqua Marine Mammal rescue centre. https://t.co/vH6LsYQ1\xe2\x80\xa6'
819770711753396225,2017-01-13 04:59:02,b'RT @OregonZoo: The rescued bobcat kitten that we briefly cared for is growing up fast at the @marylandzoo! #TBT to his stay at our Vet Cent\xe2\x80\xa6'
819770679746707456,2017-01-13 04:58:55,"b'RT @TMMC: ""We\'re in a very desperate situation with vaquitas. We are literally on the precipice of losing the species"" - Frances Gulland ht\xe2\x80\xa6'"
819290803969265664,2017-01-11 21:12:04,"b""Nature's #enrichment and species-typical behaviors! https://t.co/MW07BGA09C"""
819290443871457281,2017-01-11 21:10:38,b'@NationalZoo @sfzoo @sandiegozoo @OregonZoo and others help w/ #research to help #wildlife #AnimalWelfare &amp;\xe2\x80\xa6 https://t.co/nyhulDzVQK'
819289946028544000,2017-01-11 21:08:39,b'A downside of living in #SanDiego is seeing a lack of respect for #wildlife. #sharetheshore be #oceanminded https://t.co/5benP61YVW'
819289422814265344,2017-01-11 21:06:34,b'RT @zoos_aquariums: Here is an update on the 21 sea turtles that are being treated at the @NatlAquarium: https://t.co/6mEIRZB13a https://t.\xe2\x80\xa6'
819058775386525696,2017-01-11 05:50:04,b'RT @TheSealArmy: The Remarkable Timing Of Seals\nSome marine mammals can compare time periods and sense milliseconds of difference https://t\xe2\x80\xa6'
817232097706315779,2017-01-06 04:51:30,"b""RT @MontereyAq: In honor of #NationalBirdDay, let's #TBT to this look behind the scenes of our wild bird rehabilitation facility! https://t\xe2\x80\xa6"""
815969957502586881,2017-01-02 17:16:12,b'So epic! There are things to look forward to in #conservation &amp; #animalwelfare in 2017! https://t.co/JcSuZti0E4'
815969466727047168,2017-01-02 17:14:15,"b""RT @action4ifaw: We're proud of 2016, and you should be too! For the full video and more: https://t.co/4mPrPVdof2 https://t.co/D2ioeW9E6S"""
815968741242474496,2017-01-02 17:11:22,b'Learn more about my research w/ @TMMC - #Science Behind the Center: #HarborSeal #Enrichment https://t.co/9FQ48xEiTY'
813912539251625984,2016-12-28 01:00:45,"b""2016 wasn't all bad! #animalwelfare and #conservation had some wins, so let's keep fighting for our planet and all\xe2\x80\xa6 https://t.co/RSrMP1vQA4"""
812324385163911168,2016-12-23 15:50:00,b'@NationalZoo loving all the foraging #enrichment for your animals! Yay species-typical #animalbehavior! https://t.co/uQnqeWCvH1'
812323272075264000,2016-12-23 15:45:34,"b'""Consider the positive contributions of ethical institutions, which protect the lives of animals in human care and\xe2\x80\xa6 https://t.co/izIxfkjFXe'"
812322084479041536,2016-12-23 15:40:51,b'This is a win for the #environment! #thanksObama https://t.co/ekCPAShq5A'
812319983048896512,2016-12-23 15:32:30,b'RT @NationalZoo: Our Meerkats had a ball shredding enrichment paper wreaths to get to the bugs inside! GIVE: https://t.co/k2wnrcknE5 https:\xe2\x80\xa6'
810240067801202688,2016-12-17 21:47:40,b'RT @TMMC: We #StandUpForScience https://t.co/mooioUfRIR'
810239889736249344,2016-12-17 21:46:57,"b'RT @action4ifaw: Emphasizing importance of focusing on the welfare of individual animals, not just population size. 150 journalists gather\xe2\x80\xa6'"
807680546604273664,2016-12-10 20:17:02,"b'RT @shedd_aquarium: Today our Animal Response Team released 23 rehabilitated, endangered African penguin chicks back to the wild with @sanc\xe2\x80\xa6'"
807680277791330304,2016-12-10 20:15:58,b'Yay Laverne! I hope you liked the enrichment! https://t.co/Lu1QW2aEH2'
806895459008540677,2016-12-08 16:17:23,b'RT @IUCN: Good news! #Mexico declares nine new protected areas - significantly accelerates global progress on targets https://t.co/CZi0vEAW\xe2\x80\xa6'
806544356484091904,2016-12-07 17:02:14,b'@Mammals_Suck YES. So much YES.'
806540296498528256,2016-12-07 16:46:06,"b""RT @OregonZoo: It's egg-laying season in the Penguinarium! \xf0\x9f\x90\xa7 https://t.co/MMKHTUCA2t"""
806539364507361280,2016-12-07 16:42:23,"b'#Enrichment and play could benefit not only #animalwelfare, but husbandry, behavioral training, and animal research. https://t.co/jsHXZ8iHei'"
806536732594180096,2016-12-07 16:31:56,b'RT @TMMC: By working with partner @NOAAFisheries we have rehabilitated more than 1% of this endangered population https://t.co/M3ARHJ1dPC'
806535735708774401,2016-12-07 16:27:58,b'@EthologyScience putting food in puzzle boxes (lots of lids and hidden spaces) has been challenging for the corvids I have worked with!'
806189626792644608,2016-12-06 17:32:39,"b'When it comes to evolutionary traps, we need to be aware of how we alter the world we share with animals.\xe2\x80\xa6 https://t.co/6dJ9Q3NEwM'"
805994734942441472,2016-12-06 04:38:14,b'RT @action4ifaw: Ocean noise is one of the only forms of pollution that is eradicated completely the moment we stop making it. #CoP13 #CBD\xe2\x80\xa6'
805891737860206592,2016-12-05 21:48:57,b'Love to see positive #animalwelfare! https://t.co/2cImu4FYq6'
805891256572211200,2016-12-05 21:47:02,b'Monk seals is where I got my start in #animalbehavior and #conservation and are near and dear to my heart! https://t.co/nkrReKW2zR'
805666453022130176,2016-12-05 06:53:45,b'RT @sfzoo: Deck the boughs at the Zoo!  The trees will be displayed at #ZooLights &amp; then given to our animals for enrichment! https://t.co/\xe2\x80\xa6'
805666008207740928,2016-12-05 06:51:59,"b""RT @action4ifaw: Today is #WorldWildlifeConservationDay! It's vital we protect our conservation victories: https://t.co/eUXjV5GaPx https://\xe2\x80\xa6"""
805141415562878976,2016-12-03 20:07:26,b'Love the #research that happens at @TMMC! Congrats @Claire_Simeone on your continued hard work to help marine mamma\xe2\x80\xa6 https://t.co/fmp72nrFRS'
804825413226676226,2016-12-02 23:11:46,"b""#animalrescue and rehabilitation are so important as our world's #environment continues to change so rapidly! https://t.co/UQkzDRSqpQ"""
804824174048882688,2016-12-02 23:06:50,"b'Interesting #research happening in the #enrichment world! Olfaction is an understudied area, so I am stoked to see\xe2\x80\xa6 https://t.co/I94dxmrfj9'"
804765271869136896,2016-12-02 19:12:47,b'New JAAWS article shows how olfactory #enrichment can increase in habitat utilization in sea lions! #animalwelfare\nhttps://t.co/ah9oRyzrlm'
803725803456344064,2016-11-29 22:22:18,b'New paper in #AppliedAnimalBehavior Science shows how computer games allow captive apes to make choices! #enrichment\nhttps://t.co/1AnWowoMQt'
803296011837812736,2016-11-28 17:54:28,"b'""Contrary to how it might feel, fondling animals only accentuates the divide between us and them."" #animalwelfare https://t.co/8m6NVAqbIy'"
794399646357463040,2016-11-04 04:43:29,b'Love seeing the difference wild rehab can make to give animals a second chance! Kudos @seal_rescue! https://t.co/j3YovLB0Sy'
793973316637724672,2016-11-03 00:29:24,b'Yay @OregonZoo for providing such fun opportunities for your elephants! \nhttps://t.co/dXNqZTzpK1'
793619907929702400,2016-11-02 01:05:05,b'Thanks a million @TMMC for giving me the opportunity to research and discuss #enrichment #wildliferehab &amp;\xe2\x80\xa6 https://t.co/JmmUlp2uXy'
779341774179307520,2016-09-23 15:28:53,b'Kudos @brookfield_zoo for thinking creatively to improve more naturalistic environments of their animals!\nhttps://t.co/xy9We3J0aO'
774316253926219776,2016-09-09 18:39:15,b'Electric powerlines paired w/ operant conditioning is a reintroduction tool for CA condors to avoid electrocution in the wild! #AZA2016'
774265613615112192,2016-09-09 15:18:02,"b'1st day #AZA2016! Excited to learn about welfare &amp; behavior, &amp; share results from my enrichment study at @TMMC! https://t.co/LW4twdn6kr'"
773289817379438592,2016-09-06 22:40:34,"b'Yay! From mammals to reptiles, birds to fish, and various inverts, all animals deserve #enrichment! Go @MontereyAq! https://t.co/kYQwf3gses'"
772872702000439296,2016-09-05 19:03:06,"b'RT @therightblue: Harbor Seals Get Equipped with ""Smartphones"" To Help Recover Their Populations https://t.co/Q6yUUUhnWr #scuba #feedly'"
771820501907886080,2016-09-02 21:22:02,b'Reflection on #ethics of certain types of #animal #research. We need science without suffering. https://t.co/jlOl3jJfGW'
770864137630982145,2016-08-31 06:01:47,b'RT @Claire_Simeone: Can play help seals return to wild faster?See what @KarliRChudeau learns re: @TMMC patients! https://t.co/SUfWmhKWgi ht\xe2\x80\xa6'
769278250782629888,2016-08-26 21:00:02,b'1st time at @shedd_aquarium &amp; it was epic! Impressed w/ the coral reef exhibit &amp;  #conservation emphasis! https://t.co/lPoQRFhB0G'
768848871850070016,2016-08-25 16:33:50,"b'RT @primatologists: Community engagement should not only include environmental education, but life education per Oscar Maldonado of @JaneGo\xe2\x80\xa6'"
768840721453359104,2016-08-25 16:01:27,b'Using behavior and physiology to measure consistent individual differences aka personality in #marmosets! #ipsasp16 https://t.co/f7CICj5D9D'
768517899472424960,2016-08-24 18:38:40,b'RT @PrimateEarth: We must consider poverty and human growth when talking about #primate conservation #ipsasp16'
768517626297393152,2016-08-24 18:37:35,b'Loved @andy_gersick talk about social complexity in #zebras that relates to #primates and beyond. #comparativepsych at #ipsasp16 rocks!'
768484514058207232,2016-08-24 16:26:00,b'RT @MMulholland33: Hall: Cognitive research in chimps (w food rewards) did not cause weight gain. Can be enriching and benefit aging chimps\xe2\x80\xa6'
768484367983185920,2016-08-24 16:25:25,b'RT @brandonsemel: Finally some positivity! Anti-poaching efforts in Volcanoes NP #Rwanda have led to major reductions in #gorilla snaring!\xe2\x80\xa6'
768484150034636800,2016-08-24 16:24:33,"b'#ispa2016 anti-poaching trends: address issues beyond poaching- education, alternative employment, #community involvement in #conservation'"
768274450571812865,2016-08-24 02:31:17,b'Already getting stoked about vacatio...I mean IPS 2018 in Nairobi with @graspunep  https://t.co/WEyUI7ziV1'
768170401906122765,2016-08-23 19:37:50,"b'""To enhance #animalwelfare it is not just minimizing harm, but being proactive to improve wellbeing."" #ipsasp16'"
768122964201971712,2016-08-23 16:29:20,b'RT @PrimateEarth: Doug Cress from @graspunep talks about the vital work needed to protect Great Apes #ipsasp16 https://t.co/u0cdnsFHWR'
768121081202827264,2016-08-23 16:21:51,b'.@RuthBentley1 examines behavior &amp; biology for orangutan  #enrichment! This pinniped #animalwelfare nerd found a primate match! #ipsasp16'
768105416769179648,2016-08-23 15:19:36,"b'Buchanan-Smith: ""Understanding natural history is critical to promote good #animalwelfare &amp; good for valid captive research"" #ipsasp16'"
768104073727848448,2016-08-23 15:14:16,b'#animalwelfare: expanding importance of social #enrichment to mixed-species housing based on field research in #tamarins. #IPSASP16'
768100961768185856,2016-08-23 15:01:54,"b'RT @MMulholland33: de Waal: Inequity aversion-""The 1% are grape eaters and the 99% are the cucumber eaters"". Too funny! #IPSASP16'"
768088105580498944,2016-08-23 14:10:49,"b'When it comes to equality for capuchins, a picture is worth 1000words, or in this case, a video is worth significant p-values #ipsasp16'"
768080917503979522,2016-08-23 13:42:15,"b'Empathy is more than #cognition, it is a body channel of emotional synchrony @FransdeWaal #ipsasp16 #animalbehavior'"
767836931849719809,2016-08-22 21:32:44,b'@kmcaulif1 presented beautifully organized info about the #ecological &amp; #psychological factors that lead to #animalcooperation #IPSASP16'
767816899489136640,2016-08-22 20:13:08,b'@IPS_2016 @TMMC love seeing my worlds collide with so much wonderful #research being shared! #comparativepsych https://t.co/zVLItI8iwD'
767809915649789952,2016-08-22 19:45:23,b'Great talk by @ASLExeter about significance of post- reproduction. Older #killerwhale moms are dependent leaders and sons benefit #mommasboy'
767798028228923392,2016-08-22 18:58:09,b'Love the #comparative emphasis happening at #ipsasp16 This #marinemammal nerd is feeling at home among the #primates https://t.co/y4jwuJrQz0'
767756813408178176,2016-08-22 16:14:23,"b""Totally agree! It's inspiring to see so many presenters who are women as well! #girlpower #changingtheworld https://t.co/IkufQdMjBP"""
767754713441837056,2016-08-22 16:06:02,b'RT @JaneGoodallInst: When research looks to the issues &amp; threats surrounding animals - turn to activism &amp; holistic conservation #ipsasp16 h\xe2\x80\xa6'
767754560383307776,2016-08-22 16:05:26,b'Trending in #ipsasp16 #animalwelfare session: #stereotypies may indicate wellbeing of past not present &amp; #positivewelfare is underrated'
767718447438528512,2016-08-22 13:41:56,"b'"" #behavior doesn\'t fossilize"" it\'s fluid. @JaneGoodallInst Honored to be in the presence of this observational scientist. #ipsasp16'"
764522209935142912,2016-08-13 18:01:13,"b'Accredited zoos and aquariums can be an ally for #conservation, #education, &amp; #research, and improve #animalwelfare\nhttps://t.co/c8g17expU4'"
761565540481630209,2016-08-05 14:12:28,"b""I'm using #harborseal poop to examine #cortisol, a hormone associated with stress. It smells like fish in the lab! https://t.co/tcMVEkv8V2"""
761512754649923584,2016-08-05 10:42:43,b'Important question that relates to how we can better analyze #animalwelfare. https://t.co/jM0G5z7Q7e'
761462551838351360,2016-08-05 07:23:14,b'It was a pleasure to work with Sue and other dedicated volunteers @TMMC who helped make my #research possible  https://t.co/eW9J5HlOOa'
761166413205794816,2016-08-04 11:46:29,b'Thank you @TMMC for all the support! Currently crunching numbers &amp; analyzing video footage -stay tuned for results! https://t.co/nfrQs7y0FK'
761165178192945152,2016-08-04 11:41:34,b'Find out more about #research on the effects of #enrichment in the #rehabilitation of harbor seals! #AnimalBehavior https://t.co/2wJ8Z8xbHh'
601046396473462784,2015-05-20 15:26:42,"b'#Zoo critics &amp; zoo champions all have the same priorities: #welfare, #conservation, &amp; #education. http://t.co/bXyujWEHhU v/ @JungleJackHanna'"
577870689174056960,2015-03-17 16:34:43,b'http://t.co/mnLu4sfSSS Stop excuses that justify poor #animalwelfare #animalnutrition and #enrichment'
535899162320322560,2014-11-21 20:54:51,"b""RT @RHC_Animal: An Man students are investigating preference to enrichment items on the pig unit- today's item..Bowling balls! http://t.co/\xe2\x80\xa6"""
503620303688200192,2014-08-24 19:10:11,"b'@Escondido_CA Really? No one is even around to ""enjoy"" it. Turn it off and stop wasting water! #droughtshaming http://t.co/KyTAyEJ9eV'"
498841106755629056,2014-08-11 14:39:22,"b'Interesting idea, it is always good to think outside of the box. This is how we improve #animalwelfare #conservation http://t.co/4L9ppnWyZO'"
495053508639723520,2014-08-01 03:48:48,"b'The soul is the same in all living creatures, although the body of each is different. -Hippocrates #animals #animalwelfare #animalbehavior'"
484495078900002816,2014-07-03 00:33:22,b'This is the #animalwelfare and #conservation that really matters. #blackfish is not. http://t.co/7YGzSZDbbV'
473663259631816704,2014-06-03 03:11:35,b'#laboratory #animals are giving their lives for the improvement of ours we need better #animalwelfare standards http://t.co/1gio8taiGq'
473658975745884160,2014-06-03 02:54:34,"b'Birds spend more than 50% of their day #foraging, lack of it can negatively affect behavior in captivity. #enrichment http://t.co/OdoT0kT9N0'"
473657321948606464,2014-06-03 02:48:00,"b'RT @NationalZoo: Apps4Apes #ZooEnrichment brings instruments, drawing boards &amp; more to orangutans\xe2\x80\x99 fingertips @OrangutanOutreach http://t.c\xe2\x80\xa6'"
471481707174957056,2014-05-28 02:42:53,"b'RT @NationalZoo: Keepers gave elephant Shanthi harmonicas, horns &amp; noisemakers for #ZooEnrichment. Watch her play a tune http://t.co/DCb6b0\xe2\x80\xa6'"
471480782301986816,2014-05-28 02:39:12,"b""It's always great to think outside the box @NationalZoo !  #enrichment #seaotters #animal #cognition http://t.co/5iASE7da4o"""
469330342051323904,2014-05-22 04:14:07,"b'@DewberryDavid @EthologyScience Completely agree! We are on the same page, and for me it is why animal training is so gratifying!'"
469329904723824640,2014-05-22 04:12:23,b'#Zoo must expand #conservation through education AND field research to contribute to the protection of #wildlife \nhttp://t.co/wTDD6oIT9u'
468975216124002304,2014-05-21 04:42:59,b'MT @EthologyScience #inverts #animal #intelligence and #cognition\nhttp://t.co/ZiW7t2lBVB'
468973795550969856,2014-05-21 04:37:20,"b""@EthologyScience I have trained a hermit crab, so I would say it's just up to the trainer to figure out how to communicate with the animal."""
468972454682296320,2014-05-21 04:32:00,"b'The answer is not anti-captivity, it is better facilities and #enrichment for research, education, and #conservation.\nhttp://t.co/P05Z0F7DlG'"
464212771173715969,2014-05-08 01:18:43,"b""Promoting scent and #foraging #enrichment at @sandiegozoo It's great to see #animalinteraction!\n\nhttp://t.co/oKRN4CDsxV"""
459345385580802049,2014-04-24 14:57:28,b'Interesting article @EthologyScience Who is to define which #animals have higher #cognitive abilities than others? http://t.co/tjzUdBimEy'
458805247259852800,2014-04-23 03:11:09,b'A really interesting radiolab on #zoo #enrichment and #animalwelfare \nhttp://t.co/6BSNZNDOWF'
458007637850722304,2014-04-20 22:21:44,"b'RT @MontereyAq: An ""otter"" view of our sea otters at play with colored ice eggs, http://t.co/dN2qHyXY3E'"
