id,created_at,text
969596815501864961,2018-03-02 15:34:29,b'RT @FalseKnees: That sounds difficult \nhttps://t.co/yS3bcndvO4 https://t.co/v5q78CiVkz'
967758883417665536,2018-02-25 13:51:12,b'RT @kevinnadal: One of the projects I wanted to launch during my sabbatical is the #ThisIsWhatAProfessorLooksLike campaign. Perhaps if more\xe2\x80\xa6'
967411004828258304,2018-02-24 14:48:51,"b'My dad used to have an officemate who called himself ""the toy man."" His cubicle had action figures on every surface\xe2\x80\xa6 https://t.co/JeurTbSS4H'"
957139215908818944,2018-01-27 06:32:26,b'#didgood #science https://t.co/TENqC9h1vR'
945285426922885120,2017-12-25 13:29:42,"b""RT @andaerys: it's that time of the year again \xf0\x9f\x8e\x84 MERRY CHRYSLER ERRYONE https://t.co/7iLmudyOvh"""
940608006345064449,2017-12-12 15:43:19,b'Did I need to spend 30 minutes picking out my favorite sounds in this package and changing all my options? No. Am I\xe2\x80\xa6 https://t.co/63IYq1QWDz'
931193134104621058,2017-11-16 16:11:58,b'RT @GSBImagesMBusch: .#Humpback #whales and #gannets feasted on #menhaden yesterday off #LongBeach #long island yesterday @gothamwhale @OCE\xe2\x80\xa6'
930858003322101760,2017-11-15 18:00:17,"b""Been crunching some #menhaden numbers today. I don't think VA lost as much as it seems. They do have a smaller allo\xe2\x80\xa6 https://t.co/NRS5zLOUky"""
930532453395165184,2017-11-14 20:26:40,"b'#Menhaden amendment 3 passes with yes votes from all states but Virginia. Lots of stuff to unpack, but walking away\xe2\x80\xa6 https://t.co/EWmD5FMW3p'"
930473233991729152,2017-11-14 16:31:20,b'Some really interesting things going on with this @ASMFC #menhaden management board meeting. I really do hope these\xe2\x80\xa6 https://t.co/bVhjarA0EJ'
925762695449759744,2017-11-01 16:33:21,b'How many scientists out there have knowledge of bacteria and microbes but still just kinda wipe out a coffee mug before refilling every day?'
924719341798612998,2017-10-29 19:27:26,"b'Science bar talk: how do you respond to citizens who ask you ""how do we solve the climate change crisis?"" I have no convincing answer.'"
923319748250816512,2017-10-25 22:45:57,"b'Doing some data collection on the R/V Rachel Carson. Looks like a sunset cruise now, but wait til we break out the\xe2\x80\xa6 https://t.co/bWgC3XVhrS'"
922561321329029121,2017-10-23 20:32:14,"b'Just submitted my @NSFGRFP application! Got a good feeling about this one so watch out, world. #GradSchool #womeninSTEM'"
921040196992454656,2017-10-19 15:47:49,"b""I've been getting into podcasts to keep myself occupied while processing data. Anybody have sci/tech #podcast suggestions?"""
917434418263986176,2017-10-09 16:59:45,"b""Spent hours trying to figure out a workaround for an ArcMap toolbox. Thought I wasn't licensed. Just needed to check extension. #gradschool"""
913147584037969920,2017-09-27 21:05:24,"b""I've heard professional Twitter accounts can be a great networking tool about 50 times now, so let's give this a shot! #sciencetwitter"""
