id,created_at,text
968121491148673025,2018-02-26 13:52:04,b'@EvaCraneTrust Thank you so much!'
968121217382322177,2018-02-26 13:50:59,"b'RT @BPSNUIGalway: Botany and Plant Science careers event relevant to all Science students (undergrad &amp; postgrad), The View, Feb 26th. Many\xe2\x80\xa6'"
967066910876684289,2018-02-23 16:01:33,b'This afternoon I had the opportunity to share some of the preliminary ideas for my research on #croppollination at\xe2\x80\xa6 https://t.co/Whas9DjApg'
967034356932988929,2018-02-23 13:52:11,b'RT @frannieloop: @RyanInstitute Dr. @DaraStanley on the effects of pesticides on pollinators in Ireland! #savethebees https://t.co/oUXxiISp\xe2\x80\xa6'
967003613095776256,2018-02-23 11:50:02,"b'Amazing talk today by keynote speaker, Prof. Mark Williams discussing the #anthropocene #epoch at the\xe2\x80\xa6 https://t.co/disWqnn8h6'"
966833724993261568,2018-02-23 00:34:57,b'RT @DaraStanley: Interested in #science? Not sure what you can do next? Come along on Monday 3-6pm to hear from people working in careers w\xe2\x80\xa6'
966353035927703552,2018-02-21 16:44:52,"b'Best birthday gift ever! So thrilled to add @DaveGoulson\'s ""Bumblebees: behavior, ecology, and conservation"" to my\xe2\x80\xa6 https://t.co/gBCxVNxfyZ'"
964512701543305217,2018-02-16 14:52:02,b'@Gab_LaTora Thanks Gabs! I miss buzzing around the lab with you and hanging out with our various many-legged guests\xe2\x80\xa6 https://t.co/jdWeAyi0Tb'
963481747588599808,2018-02-13 18:35:23,"b'Will you ""Bee Mine?"" \xe2\x9d\xa4 Heading to this awesome exhibition at The Secret Garden at 7:30pm #beepuns  https://t.co/CsDeCL9I5u'"
962781968344801281,2018-02-11 20:14:43,b'Happy #WomenInScienceDay! I spent this past summer doing some amazing field and lab work for the @WilliamsBeeLab be\xe2\x80\xa6 https://t.co/8HovzJzIzG'
962390087345606656,2018-02-10 18:17:31,"b'RT @minouye271: This is an awesome catalogue of postdoc funding opportunities: &gt;230 grant schemes worldwide w/ links, duration, eligibility\xe2\x80\xa6'"
961612765055070210,2018-02-08 14:48:43,b'RT @DaveGoulson: Should scientists kill insects for research? Do they feel pain? Interesting radio show:\nhttps://t.co/xsMugn8b3m'
961163299198046208,2018-02-07 09:02:42,"b'RT @BPSNUIGalway: Looking forward to the next @BPSNUIGalway seminar. Prof Jansen, Ulm University (Germany) will be giving a seminar entitle\xe2\x80\xa6'"
960799937758932992,2018-02-06 08:58:50,b'RT @woolcarderbee: Isaacs lab (@msuberrybugs) is hiring field techs for the summer! If you know of students/recent graduates interested in\xe2\x80\xa6'
960669418639495168,2018-02-06 00:20:12,"b'Do know someone who is looking for a paid research assistant position? Survey insects, birds, and plants in sunny (\xe2\x80\xa6 https://t.co/dHsH79MUXJ'"
959455966159925249,2018-02-02 15:58:22,"b""Thank you for organising today's field-based research meeting, @MichelleALarkin! I really enjoyed presenting my upc\xe2\x80\xa6 https://t.co/kVORYpqwtD"""
958736442603294720,2018-01-31 16:19:15,b'@KaylaMundyHeisz @BumbleDoc what brand did we end up liking? I know that one was trickier than another...'
958347488552927232,2018-01-30 14:33:41,"b'Eager to attend the next @BPSNUIGalway seminar, \xe2\x80\x9cThe Biogeography of Population Performance,\xe2\x80\x9d on Wednesday, January\xe2\x80\xa6 https://t.co/N2kbZrBGY8'"
957613318293938176,2018-01-28 13:56:21,b'https://t.co/x1VK8xxvmx'
957414915341504512,2018-01-28 00:47:58,"b'""The honeybee is perhaps the one type of bee that we should worry about the least. Honeybee hives aren\'t natural, a\xe2\x80\xa6 https://t.co/sh9iWnkouj'"
957211866895409154,2018-01-27 11:21:07,b'@notbadscience Hi Felicity! Everything is great - getting really psyched for my fieldwork this spring. Galway weath\xe2\x80\xa6 https://t.co/sVoFVzkhP2'
956910903177433088,2018-01-26 15:25:12,b'Conserving honey bees does not help wildlife https://t.co/miz7lOWUXm'
956882961227571210,2018-01-26 13:34:10,b'RT @alexkeysjackson: Closing on Monday. Final chance to nominate your most awesome  #womeninscience for the 2018 Rosalind Franklin Award. 3\xe2\x80\xa6'
956842000720023552,2018-01-26 10:51:24,"b'Looking for a summer job working with #pollinators? \xf0\x9f\x90\x9d\xf0\x9f\xa6\x8b I was a field technician for 4 years before post-grad, and t\xe2\x80\xa6 https://t.co/cEu1qREEQW'"
956460708681732097,2018-01-25 09:36:17,"b""@StevenFalk1 @FergusJChadwick Hi Steven, thank you for sharing this very cool resource. I wasn't at that particular\xe2\x80\xa6 https://t.co/qs0EQSSvkq"""
956458851842355200,2018-01-25 09:28:55,"b'Huzzah for #WomenInSTEM !! If you, or any of the awesome women scientists in your life, are interested in promoting\xe2\x80\xa6 https://t.co/oLIUOlSViM'"
956164929840611329,2018-01-24 14:00:58,b'Had a blast at the first research symposium of the Irish Pollinator Research Network #IPRN last week! \xf0\x9f\x90\x9d https://t.co/AulIGMIW3r'
