id,created_at,text
970049721065771009,2018-03-03 21:34:10,"b'RT @sparklyredshoes: So here he is...IGLOO FOX!!\n\nOur neighbour built an igloo in the back garden, so of course after nightfall the foxes m\xe2\x80\xa6'"
969969266052214784,2018-03-03 16:14:28,"b'RT @bomelino: Bitte bei Verabschiedungen statt ""Pass auf dich auf"" konkretere Tipps geben!\n\n- ""Tsch\xc3\xbcssie und tret nicht in Kacke.""\n\n- ""Mach\xe2\x80\xa6'"
969536537598799872,2018-03-02 11:34:58,b'RT @SantaCruzBio: Pretty much the scariest thing ever! https://t.co/V4OeuYUXjB'
969121833533476864,2018-03-01 08:07:05,b'RT @MiMrMa: I want it! \xf0\x9f\x98\x8d https://t.co/E66bG04Zv9'
968166282376998913,2018-02-26 16:50:04,b'RT @HistoryInPics: This 102 year old man has driven the same Rolls Royce for 82 years - A 1928 Rolls Royce. https://t.co/aT5hfztolQ'
966361963239526400,2018-02-21 17:20:20,"b'RT @Learn_Things: Vantablack, the Darkest Material Ever Made, Absorbs 99.965% of Light https://t.co/1cbKcDqqFn'"
965692413590278144,2018-02-19 20:59:47,b'RT @guardian: Bring back ski ballet \xe2\x80\x93\xc2\xa0a tribute to the lost winter discipline https://t.co/s9vq2ORmJm'
965656277551583232,2018-02-19 18:36:12,b'Die pupsenden Ponys sind los!Pupsendes Pony-Piano https://t.co/27i4rXvgKk https://t.co/BaqtWuiMGk'
965219731602059264,2018-02-18 13:41:31,b'RT @_andakawer: Ich habe mich gerade besabbert! @GalacticTimmy \xe2\x9d\xa4\xef\xb8\x8f https://t.co/IZY9O7mNbW'
964872352952672256,2018-02-17 14:41:10,b'RT @short_kath: Sch\xc3\xa4fchen z\xc3\xa4hlen f\xc3\xbcr Informatiker.\n\nKein Schaf\nEin Schaf\nEin Schaf Kein Schaf\nEin Schaf Ein Schaf\nEin Schaf Kein Schaf Kein\xe2\x80\xa6'
964051431555784704,2018-02-15 08:19:07,b'RT @TheWeirdWorld: Why do Germans use smilies like this :) or this:0 If they already got \xc3\x9c oh \xc3\x96?'
963868570076827649,2018-02-14 20:12:29,"b'RT @LadyPlem: Ich hasse es, wenn mir ein Mann gef\xc3\xa4llt, ich ihm zeige, dass er mir gef\xc3\xa4llt, indem ich ihm nichts zeige und er es trotzdem ni\xe2\x80\xa6'"
963466911664214020,2018-02-13 17:36:26,"b'RT @szonline: Menschen halten sich bei den H\xc3\xa4nden, die Glocken l\xc3\xa4uten. #Dresden gedenkt friedlich. Mehr dazu hier: https://t.co/mu5vZIIrp3\xe2\x80\xa6'"
959701653200031744,2018-02-03 08:14:39,b'Ich habe den gr\xc3\xb6\xc3\x9ften...RIESEN-COOKIE! :D https://t.co/f2boODAcqt'
959455456052772864,2018-02-02 15:56:21,b'RT @zap0xfce2: Monochromatisches Rauschen 10%! #fun https://t.co/MNSaP8ozoR'
958805032325058567,2018-01-31 20:51:48,b'RT @kriegundfreitag: https://t.co/BZGn4dSWNn'
957588372217913344,2018-01-28 12:17:13,b'RT @captainkalvis: me: thank you for that glass of milk earlier \n\nsperm bank employee: what glass of milk \n\nme: the glass of milk that was\xe2\x80\xa6'
956573541536845824,2018-01-25 17:04:39,"b'RT @beetlebum: Endlich mal ein Schminktutorial, das auch ich verstehe. https://t.co/WfEQgO0QHH'"
956568604622884864,2018-01-25 16:45:02,"b'RT @dibbertydoo: ""Geilster Salat ever""\n""Das ist Gulasch""'"
956441483422334977,2018-01-25 08:19:54,b'RT @BunterNarr: Moin TL \xf0\x9f\x98\x8a \xe2\x98\x95\n\nSonnenblume https://t.co/X8E5IOXnH1'
956263796171067397,2018-01-24 20:33:50,"b'RT @Bullkater: Ob ich Rap kenne fragt die Praktikantin (14).\n""Klar!"" sage ich und singe: \n""I said a hip hop hippie to the hippie\nthe hip, h\xe2\x80\xa6'"
953671145051402240,2018-01-17 16:51:33,b'RT @FreifunkV: Eichh\xc3\xb6rnchen lagert \xc3\xbcber 130 kg N\xc3\xbcsse in einer Antenne https://t.co/LokIuEDzLp https://t.co/c7h0Ree7Uj'
953607720329990144,2018-01-17 12:39:32,"b""RT @neurograce: I said I'd do it and I did. I got my thesis printed on a scarf. https://t.co/BxwDWwCJRV"""
952870735562887168,2018-01-15 11:51:01,"b'RT @sehnaoui: A simple, yet brilliant, do it yourself Roomba.\n#DIY https://t.co/rjEdyUlxko'"
952870452166307840,2018-01-15 11:49:53,"b'RT @eskaliteration: \xe2\x80\x9eStau den Sellerie!\xe2\x80\x9c\n\xe2\x80\x9eArti, schocke!\xe2\x80\x9c\n\xe2\x80\x9eFeuer! Bohne!\xe2\x80\x9c\n\xe2\x80\x9eKapern!\xe2\x80\x9c\n\xe2\x80\x9eMeer! Rett\xe2\x80\x98 Dich!\xe2\x80\x9c\nIm Gem\xc3\xbcsefach spielen sie schon wie\xe2\x80\xa6'"
949950080307683329,2018-01-07 10:25:23,"b'RT @CUTEFUNNYANIMAL: Herd smarter, not harder https://t.co/6WHqvSJgj3'"
949370100985073665,2018-01-05 20:00:45,"b'RT @Lobotobi: ""Seht, Kinder: gerade halte ich sie noch in der Hand, und Simsalabimm - ifft die Fokolade verfwunden!""'"
949368911836958725,2018-01-05 19:56:01,"b'RT @schimpfi: Kino wird bald auch immer l\xc3\xa4cherlicher.\n\nGangsterfilm 1995:\n\xe2\x80\x9eJason, wo ist mein Geld? Wo sind meine 100.000 Dollar?\xe2\x80\x9c\n\nGangste\xe2\x80\xa6'"
949226425508401152,2018-01-05 10:29:50,"b'Wenn man mitten im #Skigebiet Urlaub machen wird, dann kann die Adresse f\xc3\xbcr\'s Navi schonmal ""Stubaier Gletscher, Mutterberg 2"" lauten :D'"
946719807193350145,2017-12-29 12:29:25,"b'RT @drinksmcgee: Me, a Canadian: The metric system is easy. 100mm = 1cm. 100cm = 1m. Super easy.\n\nYou, an American: The imperial system is\xe2\x80\xa6'"
946080837531000832,2017-12-27 18:10:23,b'RT @dittrich_lars: Eins der absoluten wissenschaftlichen Highlights des Jahres 2017. Die Kollision zweier Neutronensterne wurde gleichzeiti\xe2\x80\xa6'
944658459269783553,2017-12-23 19:58:22,b'RT @sideofhail: Make the wrapping paper you wish to see in the world. \n\nI made my own wrapping paper. \n\n\xf0\x9f\x91\xa8\xf0\x9f\x8f\xbd\xf0\x9f\x92\x8b\xf0\x9f\x8d\x94 https://t.co/p4HeT3mFB7'
944561403205242880,2017-12-23 13:32:42,b'RT @nanunana249: Die Intensivstation bei uns im Haus hat wieder mal den sch\xc3\xb6nsten Baum #pflege https://t.co/xVXBwmuSeb'
944205129129123841,2017-12-22 13:56:59,b'RT @mimimibe: Eine Weihnachtsgeschichte in zwei Tweets und 284 Retweets. \xf0\x9f\x92\x96 https://t.co/VX3dJtLX7K @Sara8547 https://t.co/wMME1DM3a0'
944172378292129792,2017-12-22 11:46:51,b'RT @szonline: Statistik: Das Warten auf wei\xc3\x9fe #Weihnachten ist in #Dresden fast immer vergeblich ... https://t.co/4z8Rk5S32g https://t.co/7\xe2\x80\xa6'
942801669234020352,2017-12-18 17:00:09,"b'RT @Glueckspilzin11: Manchmal ist man ein Kapitel, manchmal ein paar Seiten oder S\xc3\xa4tze. Irgendwann vielleicht mal der ganze Rest des Buches\xe2\x80\xa6'"
942764518874271744,2017-12-18 14:32:31,"b'\'www\' steht f\xc3\xbcr ""wui, wups und weg""'"
942761288551235584,2017-12-18 14:19:41,"b'RT @Gurkenfaerber: So, Herrschaften! \n\nDer Mistelzweig h\xc3\xa4ngt. \xf0\x9f\x98\x8a https://t.co/0k29bqFnEk'"
942122592827314176,2017-12-16 20:01:44,b'RT @daskritzelt: Erwartungen https://t.co/4KlAisLp1N'
941317714190184448,2017-12-14 14:43:26,"b'RT @ElleOhHell: If Wonder Woman and Spider-Man go into business together, they should call it Amazon Web Services.'"
940904846789627904,2017-12-13 11:22:51,b'RT @szonline: #Dresden verliert Einwohner an das Umland \xe2\x80\x93 die meisten an #Radebeul: https://t.co/6AV1DrVzA1'
940498049268371457,2017-12-12 08:26:23,"b'RT @karlitochen: Scheinbar ist es egal, welche Art Karton :) https://t.co/rFMxYU5tUJ'"
940497478092251136,2017-12-12 08:24:07,"b'RT @SteffenBartz: Handy: Schlafenszeit, ab ins Bett! \n\nHirn: AYYAYAYA COCO JAMBO AYYAYAI!'"
939929725992165376,2017-12-10 18:48:04,b'RT @zap0xfce2: Hier #Internet: Ein paar Kekse \xf0\x9f\x8d\xaa  #Backen #Weinachten https://t.co/Un6YNJBSwz'
939836019909808129,2017-12-10 12:35:43,b'Habe ich mich mal bei #Pinterest angemeldet und werde wohl den Rest des Tages besch\xc3\xa4ftigt sein ...'
939835746390872064,2017-12-10 12:34:37,b'RT @SteffenBartz: Im Vergleich zu konventionellen Verbrennungskraftstoffen hat sich f\xc3\xbcr den Weihnachtsmann der Einsatz von Rentieren\n(Achtu\xe2\x80\xa6'
938861155719766017,2017-12-07 20:01:57,"b""RT @papasuncle: Roses are red, violets are blue, algae provides most of the world's oxygen."""
937725999873216512,2017-12-04 16:51:15,b'Fahrstuhl-Update ... F\xc3\xa4hrt wieder ... Zettel mit Band gesichert :D https://t.co/vdtnhuuMLu'
937087636816179202,2017-12-02 22:34:37,"b'""Und wenn du denkst, es geht nicht mehr, kommt von irgendwo ein Alumni her.""'"
937059144946896896,2017-12-02 20:41:24,"b""Da hat der Pizzamann aus 'Bruschetta' einfach 'Prosciutto' gemacht. Jetzt gibt's Schinken statt Tomaten..."""
936910198186287109,2017-12-02 10:49:32,b'RT @juliagalef: https://t.co/k62bUvJ7uz'
936615180187963392,2017-12-01 15:17:15,"b'RT @SteffenBartz: Gurken sind gr\xc3\xbcn, \nPfeilchen sind spitz, \nich kann nicht reimen, \nFahrradkette.'"
935932254303514625,2017-11-29 18:03:32,b'Neulich im Institut ... Aufzug defekt ... https://t.co/vFvakbyS2W'
935918269197967360,2017-11-29 17:07:58,b'RT @szonline: Der 583. #Striezelmarkt in #Dresden ist er\xc3\xb6ffnet: https://t.co/9NG7wFbe5Q https://t.co/FanstO9c32'
935545967427969024,2017-11-28 16:28:34,"b'RT @_andakawer: Wenn sie mal wieder Ruhe brauchen, versuchen sie sich mit nem m\xc3\xa4nnlichen Menschen zu unterhalten der gerade an einer Spiele\xe2\x80\xa6'"
930905353981775872,2017-11-15 21:08:26,b'RT @Matspanks: Brother from another mother https://t.co/FUMf872Xth'
929642500666593280,2017-11-12 09:30:18,"b'Ich h\xc3\xb6re diese Playlist https://t.co/fDavMowPHf jetzt nur, weil da eine Katze auf dem Cover ist :D'"
929380832506273792,2017-11-11 16:10:32,b'RT @zubesuchhier: Kleines Tafelwerk f\xc3\xbcr die n\xc3\xa4chste Fahrstuhlrunde! https://t.co/Ut5TKH1dD0'
929057735144067072,2017-11-10 18:46:39,b'RT @dlfkultur: Keine Schulzeit ohne: Am 10. November 1867 erschienen die ersten B\xc3\xa4nde der #Reclam-Universalbibliothek \xf0\x9f\x8e\x88 https://t.co/zR3K40\xe2\x80\xa6'
926935943550066693,2017-11-04 22:15:25,b'RT @PhotoSonny: Enjoy that brief moment where your brain tells you this is a photo of a crowd at a large concert. https://t.co/SzegeRTAZt'
925041189140787200,2017-10-30 16:46:20,b'Dieses Jahr grinsen die K\xc3\xbcrbisse um die Wette :D #Halloween #K\xc3\xbcrbis #Grinsekatze https://t.co/JRjYvRBoSO'
924640849631285248,2017-10-29 14:15:32,b'Sturmfrei \\o/'
923929953623781376,2017-10-27 15:10:41,b'@zap0xfce2 L\xc3\xa4uft da ein Flugsimulator?'
923889738246791168,2017-10-27 12:30:53,b'RT @12happyfeet12: Jetzt wei\xc3\x9f ich auch warum Skinny Jeans L\xc3\xb6cher an den Knien haben ... DAMIT MAN SICH \xc3\x9cBERHAUPT NOCH HINSETZEN KANN VERDAM\xe2\x80\xa6'
922918997653209088,2017-10-24 20:13:30,b'RT @FoxFabe: Hab mir heute den Namen meiner Freundin t\xc3\xa4towiert \xe2\x9d\xa4\xef\xb8\x8f https://t.co/qtkPOtP7OC'
919894899247534081,2017-10-16 11:56:49,b'RT @landpsychology: Difficult day Tell me all about it https://t.co/0nsKzKwCVE'
918487887783571456,2017-10-12 14:45:51,"b'RT @MartinDomig: Telefonsupport: \xe2\x80\x9eWie lautet die Fehlermeldung?\xe2\x80\x9c\nKunde: \xe2\x80\x9eViele Bussi trilata!\xe2\x80\x9c\n\nEr meinte \xe2\x80\x9eFile busy, try later\xe2\x80\x9c'"
918452354340524038,2017-10-12 12:24:39,"b'RT @nichtschubsen: Sie kamen an ein H\xc3\xa4uschen aus Pfefferkuchen fein, wie hoch mag da wohl der Quadratmeterpreis sein?'"
918452205618974720,2017-10-12 12:24:04,"b'Im Pausenraum liegen zwei B\xc3\xbccher: ""S\xc3\xbc\xc3\x9fe Verf\xc3\xbchrer"" und ""Backen Low Fat"" xD genau mein Humor'"
917425924383170560,2017-10-09 16:25:59,"b'RT @rebel_berlin: Der AOL Instant Messenger wird am 15. Dezember abgeschaltet. Das muss ich dringend meinen Freunden bei ICQ, MySpace und S\xe2\x80\xa6'"
917312747196567553,2017-10-09 08:56:16,b'RT @stoewer: Ob Maulw\xc3\xbcrfe morgens auch manchmal schlecht in die G\xc3\xa4nge kommen?'
916610533041823744,2017-10-07 10:25:55,"b'RT @nikstyles: heute ist von Vorne...\n\n7102017\n\n...wie von Hinten!\n\nOtto, Anna und Kajak gef\xc3\xa4llt es.'"
916335578760859652,2017-10-06 16:13:21,"b'RT @Shiny1jux: ""Ketchup oder Mayo?""\n""Ja, gerne.""\n""Ja, was?""\n""Ja Sir, Herr Pommesbudenbesitzer, Sir!""'"
916230513714696192,2017-10-06 09:15:51,"b'RT @bomelino: ""Ich war nicht betrunken!""\n\n- ""Du hast alle nett begr\xc3\xbc\xc3\x9ft, dich \xc3\xbcbers Wetter unterhalten und gefragt, wie\'s den Kindern geht.""\xe2\x80\xa6'"
915953750044487682,2017-10-05 14:56:06,"b'RT @_andakawer: Wenn ihr jetzt W\xc3\xa4sche drau\xc3\x9fen aufh\xc3\xa4ngen geht, ist sie in 2 Minuten trocken oder weg.'"
914891295830749185,2017-10-02 16:34:17,"b'RT @DeePrinzessin: ""Ich habe alles im Leben gesehen.""\n\n""Es gibt einen auf\'m Dudelsack Star-Wars-Musik spielenden Einradfahrer mit Vader-Mas\xe2\x80\xa6'"
914882921504366594,2017-10-02 16:01:00,b'RT @Alexis_Verger: Thank you Drosophila !  #nobelprize \n1933 heredity \n1946 influence of mutation\n1995 Hox Genes\n2011 innate immunity\n2017\xe2\x80\xa6'
914404137873428480,2017-10-01 08:18:29,b'RT @TheSafestSpace: Same study packaged for different audiences https://t.co/3ZDJqsXkk2'
913682910288531456,2017-09-29 08:32:35,b'RT @lockereschraube: Wie geil! \xf0\x9f\x98\x82\n\nVielen Dank f\xc3\xbcr den Hinweis. \xf0\x9f\x91\x8d\n\n-Steph- https://t.co/SGDgmfQF2N'
912959701159219201,2017-09-27 08:38:49,"b'RT @vaterprunk: ""Wie bereitest Du die Kinder aufs Leben vor?""\n\n""Wir lachen sehr viel.""'"
912959572285026305,2017-09-27 08:38:18,"b""RT @EmrgencyKittens: it's my goal to be this calm when things are falling apart https://t.co/k4go9u93tB"""
911919525117005830,2017-09-24 11:45:32,b'RT @DickKingSmith: Our younger brother is small and confusing but we love him. https://t.co/DdT42Wu9YV'
911544231679942656,2017-09-23 10:54:15,"b'Hey @MudBocx , ich hab da was f\xc3\xbcr dich ;) #Pokemon #H\xc3\xa4keln https://t.co/uVUtsNE35f'"
908807173806927872,2017-09-15 21:38:09,b'Mein erster geh\xc3\xa4kelter Emoji ist fertig ... und sieht aus wie eine Kartoffel mit Gesicht :D #H\xc3\xa4keln #Emoji https://t.co/VaDgH1NMI7'
907491910578831361,2017-09-12 06:31:46,b'RT @szonline: #Sachsen: Cannabisplantage im Weinberg entdeckt https://t.co/1BCPARhePk https://t.co/j1LZkqDKQ7'
907289708459372544,2017-09-11 17:08:17,b'Die Berliner Skyline ist nun auch in meinem Zimmer zu sehen ;) #LEGO #Berlin https://t.co/EMBEdEPWMb'
906096224561922048,2017-09-08 10:05:49,"b""An der Haltestelle nen einsamen Roller mit Helm gesehen.Kann man stehen lassen.W\xc3\xa4r's ne Simme gewesen,l\xc3\xa4ge nur noch der Helm da."""
905319774409936896,2017-09-06 06:40:28,"b""RT @Vater_und_S: Frau Westermann hat's geschafft. https://t.co/OI1UjOuTu9"""
904814039330672640,2017-09-04 21:10:52,"b'Einfach Schokolade oben druff, dann wird das schon.'"
902990893497626624,2017-08-30 20:26:20,b'RT @johann_boresch: F\xc3\xbcr unsere englisch sprechenden G\xc3\xa4ste: https://t.co/HQI95SpsXE'
902987645596442624,2017-08-30 20:13:26,"b""RT @SarahKSilverman: But I'm just one person what can I do? See below https://t.co/VvtwMzBkX4"""
900386270794448896,2017-08-23 15:56:29,b'Wir verlassen #Legoland mit einer vollen T\xc3\xbcte :D #D\xc3\xa4nemark https://t.co/DEhXoWLWA9'
899694555733295105,2017-08-21 18:07:52,b'La la la lalala Lalandia #D\xc3\xa4nemark'
897066020640370688,2017-08-14 12:03:00,"b'RT @Fischblog: Bwahahahaaaaaa! OK, so viel zum Thema Einzelsocken. https://t.co/b8fw2zlPSH'"
896450597595086850,2017-08-12 19:17:32,b'RT @DDROffiziell: Wussten Sie?: In #Radebeul wohnen die meisten Million\xc3\xa4re in unserer Republik.'
896323935968657409,2017-08-12 10:54:13,"b'""Frittag"" ist die \xc3\x9cbersetzung von ""Brunch""'"
895536154015125504,2017-08-10 06:43:52,b'RT @koelner_dom: DONG DONG DONG DONG DONG DONG DONG DONG'
895309067501150209,2017-08-09 15:41:30,"b""RT @irgendlink: Dem 'H\xc3\xa4tte, h\xc3\xa4tte, Fahrradkette' ein 'M\xc3\xbcsste, m\xc3\xbcsste, Nordseek\xc3\xbcste entgegensetzen."""
895294291945414660,2017-08-09 14:42:47,b'Ein kleiner gr\xc3\xbcner Mitfahrer https://t.co/fBRgeu8lyo'
894989496407773184,2017-08-08 18:31:38,b'RT @NatureNews: How cats conquered the world #InternationalCatDay https://t.co/yhqi57mnRd'
894174380426747904,2017-08-06 12:32:39,b'RT @strangelove666: Das Leben ist hart. #Reality bites. \xf0\x9f\x98\x8b https://t.co/icm4R5u05g'
893185924070338564,2017-08-03 19:04:53,"b'RT @SwedishSpaceman: ok, this gif made my entire evening. https://t.co/z5SefC3UFf'"
893182751167393792,2017-08-03 18:52:17,b'RT @TheLazyDog_: #Evil https://t.co/KACvcvDpvu'
893169398306963456,2017-08-03 17:59:13,b'RT @_LaBelleMusique: #DailyQuote https://t.co/JjG6KjzIYr'
892806277507796992,2017-08-02 17:56:18,b'RT @KatundLupus: @VlkrDhr Ungef\xc3\xa4hr so? https://t.co/mt4hFgon7t'
892415411853176832,2017-08-01 16:03:09,"b'RT @kuestenrocker: Ihr seht hier doch auch eine brennende Eule auf dem Weg nach Hogwarts, oder? https://t.co/UrUOnObfLx'"
892335937094635520,2017-08-01 10:47:20,b'RT @bgefahren: Einmal so sein wie eine Waschmaschine. V\xc3\xb6llig durchdrehen und danach ist alles sauber und duftet frisch.'
892285248490405888,2017-08-01 07:25:55,"b'RT @die_falknerin: Man kann Gef\xc3\xbchle zerdenken, aber Gedanken nicht zerf\xc3\xbchlen.'"
892276772078841858,2017-08-01 06:52:14,b'RT @GLudger: Wenn deine Mutter dir ein Paket schickt. https://t.co/aOwXU3jyzc'
890843086351458304,2017-07-28 07:55:17,"b'RT @fierce_friday: Beim ersten Date die Initialien in einen Baumstamm zu ritzen, ist der romantischste Weg zu zeigen, dass man ein Messer d\xe2\x80\xa6'"
890830693764407297,2017-07-28 07:06:02,"b'Monatelang kann die Staubschicht am TV wachsen, aber wenn die neue #PS #VR da ist, putzt der Froind das gesamte Mediacenter ;D'"
890823821426610176,2017-07-28 06:38:44,"b'@zap0xfce2 @MudBocx heute hier, morgen dort ... *sing*'"
890819430019723264,2017-07-28 06:21:17,b'Es ist Freitag und ich habe FREI ... frei frei frei ...'
889942252906217473,2017-07-25 20:15:42,b'RT @DLR_next: Seltenes Naturschauspiel durch Dauerregen: Sonne und Vollmond dicht nebeneinander rot verf\xc3\xa4rbt! https://t.co/4UkhUSFvOk'
889873015810510850,2017-07-25 15:40:34,b'RT @Spatzendame: Tagesaufgabe geschafft. \nN\xc3\xa4gel mit K\xc3\xb6pfen gemacht. https://t.co/XWKVFiJs17'
889364150350213120,2017-07-24 05:58:31,b'Beginnen wir den Tag nun mit #Rumkugeln https://t.co/XMbJeXyqAG'
889222366978613248,2017-07-23 20:35:07,b'Beenden wir den Tag nun mit #Rumkugeln https://t.co/Uke8vk0oti'
889219315458859008,2017-07-23 20:23:00,b'RT @41Strange: Gif by Indonesian artist Jadi Purtra Pratama https://t.co/eFYNT0noNX'
889219168628867073,2017-07-23 20:22:25,b'RT @eeveeluti0n: I am not ok https://t.co/bSHmucXE9K'
889218859873468417,2017-07-23 20:21:11,"b'RT @missmegaphon: Kurz vergessen, dass es hei\xc3\x9ft ""Stehen Sie an?"" und stattdessen die Frau vorm Klo gefragt ""Sind, \xc3\xa4h... Sind Sie eine Schla\xe2\x80\xa6'"
889218318799966209,2017-07-23 20:19:02,b'RT @_andakawer: Das war Mercedes sicher direkt bewusst. \xf0\x9f\xa4\x94\xf0\x9f\xa4\xa6 https://t.co/MDwEEcVqG0'
889217953484468225,2017-07-23 20:17:35,b'RT @zap0xfce2: Da bestellt man einmal nen Doppeldildo \xc3\xbcbers Internet und dann h\xc3\xb6rt sich die Versandadresse witziger an als das Produkt :) h\xe2\x80\xa6'
889217893589807104,2017-07-23 20:17:21,b'@zap0xfce2 na mal sehen wie schnell Horsti am K\xc3\xa4sebach liefert xD'
888696999679328256,2017-07-22 09:47:30,b'RT @rockamring: Wir trauern um Chester Bennington. https://t.co/St4hvfj0Bw'
886200094600593408,2017-07-15 12:25:42,"b'RT @scottballz: Habe versucht, die Gattin f\xc3\xbcr Analverkehr zu begeistern, aber sie ist mitten in der PowerPoint Pr\xc3\xa4sentation aufgestanden un\xe2\x80\xa6'"
884864808574754817,2017-07-11 19:59:45,b'RT @bomelino: Ideen f\xc3\xbcr Tiere 2 https://t.co/eviPDaXXIm'
884110457199525889,2017-07-09 18:02:13,"b'Glastasse umh\xc3\xa4keln, Stiftehalter fertig #h\xc3\xa4keln https://t.co/b81W81vRux'"
884109673124724736,2017-07-09 17:59:06,"b'RT @happy_smile4you: Ohne richtiges Ende, stellt sich die Frage, ob es \xc3\xbcberhaupt einen Anfang gab.'"
882994523009318912,2017-07-06 16:07:54,b'Mainzerhofplatz 6 gefunden.'
880807945596010501,2017-06-30 15:19:13,b'RT @NatureNews: Harry Potter and the Indonesian owl trade: is the young wizard responsible for an increase in illegal owl sales? https://t.\xe2\x80\xa6'
880127353749479426,2017-06-28 18:14:47,b'Meine Armbanduhr ist heute 7 Minuten vor 1 stehengeblieben und ich habe es erst jetzt bemerkt.'
875362951502454784,2017-06-15 14:42:45,"b'RT @Twelectra: Das Brot auf beiden Seiten beschmieren, um es zu verwirren, wenn es runterf\xc3\xa4llt.'"
875075855634112513,2017-06-14 19:41:56,b'RT @jesscuster: Ich bin gerade SEHR erregt. https://t.co/M1CqvEqUyn'
875067673117421569,2017-06-14 19:09:25,b'RT @robvegas: Wie ich mir den Arbeitsplatz bei @NetflixDE vorstelle... https://t.co/cG0niNlSoK'
874650731386720256,2017-06-13 15:32:39,"b""It's a beautiful one, but ... why is there a unicorn?! https://t.co/Wu0qWvcUvX"""
873260062122409986,2017-06-09 19:26:37,b'RT @tagesschau: Mit 91 Jahren noch immer fit wie ein Turnschuh. https://t.co/8ItvS1dkjT'
872775585176727552,2017-06-08 11:21:29,b'RT @chatvgn: https://t.co/UtYiDQsldE'
872723169186074626,2017-06-08 07:53:12,b'RT @roflbaba: In Germany you can get from kissing to the wedding in 9 hours. And the stops are equally interesting. https://t.co/5FhwKooLCc'
872478697315590144,2017-06-07 15:41:45,"b'RT @MhhhKathi: Geburten klingen voll anstrengend. Ich finde, nach abgeschlossener Schwangerschaft sollte man das Baby als Questbelohnung im\xe2\x80\xa6'"
871709274036215809,2017-06-05 12:44:21,b'RT @CandleToGo: Emojis hie\xc3\x9fen 1893 \xe2\x80\x9cSetzerscherze\xe2\x80\x9d. Das Internet war damals noch Neuland. https://t.co/6hrEv6BIcK'
871518752873086976,2017-06-05 00:07:17,b'RT @_LaBelleMusique: \xf0\x9f\x99\x8c https://t.co/dcfVa4vewT'
870703604130131969,2017-06-02 18:08:10,b'@karniggels die brauchen keinen Weichsp\xc3\xbcler mit Bergluftduft ;D'
868938553530531840,2017-05-28 21:14:29,"b'RT @hubertsrevier: Sonntag. In der vollen B\xc3\xa4ckerei rufen:  ""Lassen Sie mich durch. Ich bin Physiker und ich brauche alle Teilchen!"" L\xc3\xa4uft.'"
867842209185492992,2017-05-25 20:38:01,"b'RT @oOtrinityOo: Pizza online bestellt. Beim Feld Sonderw\xc3\xbcnsche habe ich ""Weltfrieden"" eingetragen. H\xc3\xa4tte ich dieses Problem also auch gel\xc3\xb6\xe2\x80\xa6'"
867418614466588679,2017-05-24 16:34:48,"b'RT @_andakawer: Ich sag ja, ich hab nen Vogel! \xf0\x9f\x98\x8d\xf0\x9f\x98\x82\xe2\x9d\xa4 https://t.co/bNL1YfI4N5'"
867110147616854018,2017-05-23 20:09:03,b'Unser kleiner Kr\xc3\xa4utergarten vorm Fenster bringt uns k\xc3\xb6stliche Ernten :)\r#Kr\xc3\xa4uter #Basilikum #TomateMozzarella https://t.co/cUMnjUyPy6'
866751004850696194,2017-05-22 20:21:57,"b""RT @NatureNews: Genetically modified E. coli have been engineered to sense light and paint what they 'see': https://t.co/8ldK9rySqW https:/\xe2\x80\xa6"""
866750111774330884,2017-05-22 20:18:24,b'RT @SteffenBartz: Darf ich Ihnen das Wir anbieten?'
866290197356576768,2017-05-21 13:50:52,"b'Reise nach Griechenland:\rJena, Zug, Flug, Bus, Chania, Bus, Flug, Zug, Jena'"
863728665137471488,2017-05-14 12:12:15,"b""RT @BleacherReport: Didn't see that coming \xf0\x9f\x98\x82 (via turantula/Instagram) https://t.co/wvj7LSHsaX"""
863474895648370689,2017-05-13 19:23:52,"b'RT @jottes: Es gibt immer einen, der es besser kann. Kennt ihr.\nhttps://t.co/byEJ67AGwU'"
863413890071359488,2017-05-13 15:21:27,b'RT @_andakawer: Einmal mit Profis! https://t.co/Zg0TCmfoGS'
862759539820679168,2017-05-11 20:01:18,b'RT @HerrGausH: Jetzt verarscht jeder noch einmal flott seinen Sittich und dann geht es ab in die Falle. https://t.co/18Mj34AvfV'
858333549975482369,2017-04-29 14:54:00,"b'RT @Alba_saluda: Wer denkt, Bildung sei zu teuer, \nweiss offensichtlich nicht, wie viel Dummheit kostet.'"
855492397047967744,2017-04-21 18:44:16,b'RT @Hoffmann: Mensahumor https://t.co/2nTyOkmGOg'
851769798170206209,2017-04-11 12:11:59,"b'RT @_andakawer: Es liegt alles auf dem Weg, \nwir k\xc3\xb6nnen es nur noch nicht sehen.'"
851069512669691904,2017-04-09 13:49:18,b'Sch\xc3\xb6ner Sonntagsausflug mit der Simme. #simson #s51 https://t.co/uZNQIRfb2a'
849992830386876417,2017-04-06 14:30:57,"b'RT @LeChral: Ich bin so alt, wir haben fr\xc3\xbcher an Ostern nur Eier im Garten gesucht und das war es dann auch. Wir haben kein zweites Weihnac\xe2\x80\xa6'"
845249777214337025,2017-03-24 12:23:45,"b'RT @SonnenKindi: H\xc3\xa4ndchen halten ist, wenn die Finger rumknutschen.'"
844810924657553408,2017-03-23 07:19:54,"b""RT @4Ever_Waiting: Food isn't allowed in the living room. His tablet isn't allowed in the kitchen. He beat the system. I quit. \xf0\x9f\x98\xb6 https://t.\xe2\x80\xa6"""
843866092732923910,2017-03-20 16:45:29,"b'RT @teeebi79: Treffen sich 1 Berliner, 1 Krapfen &amp; 1 Pfannkuchen. https://t.co/BY5IcjdsCz'"
843022699345657856,2017-03-18 08:54:08,b'RT @NatureNews: The discovery of this fluorescent frog is a rare example of fluorescence in a land animal: https://t.co/iDTTv6r01r https://\xe2\x80\xa6'
841354348730953734,2017-03-13 18:24:43,"b""Recently I finished reading this book. Now I know who's the woman behind HeLa. Thanks @RebeccaSkloot, it's amazing! https://t.co/YOQR9Su2at"""
839893064315437056,2017-03-09 17:38:05,"b""@zap0xfce2 das soll 'ne Weisheit sein?!"""
839563535143354368,2017-03-08 19:48:39,b'RT @ItsFoodPorn: Galaxy Donuts https://t.co/RIkemn8Mbm'
839446884360007683,2017-03-08 12:05:08,b'RT @bomelino: Balkendiagramm \xc3\xbcber die Mitnahme von Balken. https://t.co/OonftTJ7B3'
836991880915206144,2017-03-01 17:29:49,b'Gleich kommt mein Happy Salami nach Hause! XD https://t.co/W5R2xkWTua'
836924738370949122,2017-03-01 13:03:01,b'Auch hier ist das Zeitalter der Diskettennutzung nicht erst gestern beendet worden ... https://t.co/p3ljTHM3CA'
834801183768326144,2017-02-23 16:24:46,"b'""Wenn ich nicht am LSM bin, bin ich am CellObserver."" (mit ""Sonnendeck""-Melodie singen ;) )'"
832978549523017729,2017-02-18 15:42:16,"b""RT @NatureNews: The simpler the pattern, the more we see. How fractal geometry can explain  things like Rorschach's ink blots: https://t.co\xe2\x80\xa6"""
832629796156829697,2017-02-17 16:36:27,"b'RT @candinam: Spoke to my ex after 10 years. ""Miss or Mrs.?"" He asks\n\nDr. I said.'"
830339735130341376,2017-02-11 08:56:34,b'Im Laserland-Limousinen-Bus in #Dresden unterwegs. #Laserland https://t.co/A3hyERiSae'
829809424512479233,2017-02-09 21:49:18,b'Sich erst beim #Ouija schauen gruseln und dann mit Ghost in the Shell-Standalone complex #gits wieder beruhigen ... Kann ich ;D'
829435718862790656,2017-02-08 21:04:20,"b'RT @DLF_Forschung: #Sternzeit Sie geh\xc3\xb6rte zu den Frauen,die M\xc3\xa4nner auf den Mond schoss. NASA-Mathematikerin Johnson https://t.co/Jp7uyx61Ai\xe2\x80\xa6'"
827587504073273347,2017-02-03 18:40:11,b'RT @DLR_next: EIL +++ Satellitenbild beweist: #Mars-Nordpol besteht aus #Nutella mit d\xc3\xbcnner Spr\xc3\xbchsahne-Schicht +++ Einzelheiten: https://t.\xe2\x80\xa6'
822951864799035393,2017-01-21 23:39:48,"b'""Na,willst du was f\xc3\xbcrs Paradies?Was Wei\xc3\x9fes oder Braunes?""...""Ich suche meine Katze.Habt ihr meine Katze gesehen?"" #streetcatbob'"
822100724058324994,2017-01-19 15:17:41,"b'RT @wittschicat: Wenn eine Biene diagonal fliegt, ist sie dann eine Quersumme?'"
820263087756443648,2017-01-14 13:35:34,"b'RT @Scholyshiba: Habe gerade unser WLAN verschl\xc3\xbcsselt. Sicher genug, denke ich : https://t.co/TdNRuwcN1y'"
819632213478273025,2017-01-12 19:48:42,b'Frosty Foxy https://t.co/wZBm58EiM0'
819248435060731904,2017-01-11 18:23:42,"b'RT @Pisepampell: Hallo Haaaallooooo Guten Morgen ,habt ihr auch Schnee und K\xc3\xa4lte ?? https://t.co/CPADsKcVka'"
818397230478618624,2017-01-09 10:01:19,"b'RT @narrhallamarsch: richtige frauen brauchen kein silikon!!\n\nes sei denn, sie renovieren ihr badezimmer.'"
818114778363232256,2017-01-08 15:18:57,b'RT @zap0xfce2: Geilo! Dieses Wochende 3 Spiele mit @Kimi_Killercat beendet. #Uncharted4 #ReadDeadRedemption #GodOfWar3 #Zocken #Games'
817847835500642305,2017-01-07 21:38:13,b'Spieltweet. God of War 3: Pandora hat eine modische Kurzhaarfrisur. #gow3 #ps4'
817423823838580737,2017-01-06 17:33:21,"b'RT @schafzwitschern: Da soll noch einer sagen, ich sei nur ein Strich in der Landschaft\xe2\x80\xa6 https://t.co/qpqUOFwWZm'"
817333474080288769,2017-01-06 11:34:20,"b'RT @SteffenBartz: Alles klingt spannender, wenn man es mit Harry Potter kreuzt. \n""Harry Potter und die Grundlagen der Betriebswirtschaftsle\xe2\x80\xa6'"
816325998740406272,2017-01-03 16:50:59,"b'Glitzerfingern\xc3\xa4gel - Ein Erinnerungsbild. Jetzt m\xc3\xbcssen sie ab, sind zu lang zum Gitarre spielen. Byebye, Silvestern\xe2\x80\xa6 https://t.co/lO87gu8q11'"
815344624571219969,2016-12-31 23:51:21,b'RT @freikampf: \xc2\xbbHappy new ear!\xc2\xab\n\nVan Gogh hasste Silvester.'
814881779853250560,2016-12-30 17:12:10,"b""Sch\xc3\xb6n, gegen Ende des Jahres noch meine F\xc3\xa4higkeiten um 'Bommelm\xc3\xbctze h\xc3\xa4keln' erweitert.  #M\xc3\xbctze #H\xc3\xa4keln https://t.co/CR6w70eWpd"""
814066772013879296,2016-12-28 11:13:37,"b'RT @schafzwitschern: \xf0\x9f\x8e\xbc ""Wenn ich nicht hier bin, bin ich auf\'m Sonnendeck"" https://t.co/tuvQR2kfgz'"
813705388440821760,2016-12-27 11:17:37,"b'Schleifenproblem gel\xc3\xb6st! Einfach eine #Schleife selbst geh\xc3\xa4kelt, tadaaa!  #H\xc3\xa4keln https://t.co/iH7UWZm8vz'"
812679931088007168,2016-12-24 15:22:49,"b'Unser Adventskalender sagt, heute ist der 24. #Weihnachten \xf0\x9f\x8e\x84 https://t.co/ArAubVXO2F'"
810875050874273793,2016-12-19 15:50:52,b'@zap0xfce2 @DieGrillshow Da hat doch jemand Appetit auf Gegrilltes ;)'
809117209758932993,2016-12-14 19:25:50,b'Link und Linkin Park *thumbs up* https://t.co/EfNXzepnKC'
809031080045060096,2016-12-14 13:43:35,"b'Der minimalistischste Arbeitsplatz, den ich je hatte. Mein Tablet ist langsam, aber schafft es. https://t.co/t3dzfxdA7Y'"
803517548750929921,2016-11-29 08:34:46,b'RT @DepressedDarth: THIS DESERVES ENDLESS RETWEETS https://t.co/fumY5Px87n'
801897171687735298,2016-11-24 21:15:58,b'RT @sigma_sagittari: So damn true &lt;3 https://t.co/rDeqIXapek'
801875583194066944,2016-11-24 19:50:11,"b'RT @dunjahayali: der perspektivwechsel - nicht immer einfach, aber wichtig! respect - have a nice day! https://t.co/sF30UKOhtH'"
801406791745699840,2016-11-23 12:47:23,b'RT @bong0: Schr\xc3\xb6dingers Kasse? https://t.co/EGthpoVLfc'
800266385947557888,2016-11-20 09:15:49,"b'RT @tweetsoutloud: I give up, we\xe2\x80\x99ve reach peak engineering:\n\nhttps://t.co/t4PRYPg04E https://t.co/EiivSjXcPO'"
798926243609518080,2016-11-16 16:30:34,b'RT @BauN3RD: Schr\xc3\xb6dingers Sch\xc3\xbcsseln. https://t.co/EvBXfdngF1'
794795268541710336,2016-11-05 06:55:33,b'RT @Bloodsucker_3: Ich bleib beim Fleisch.\n\nDas Gem\xc3\xbcse macht mir Angst. http://t.co/OX1VQVEKAS'
792866424750501890,2016-10-30 23:11:01,"b'""She\'s crazy! Picked up a stranger on the motorway!"", that\'s what the New Zealander said about me :D'"
792864059825750016,2016-10-30 23:01:37,"b'Es gibt tats\xc3\xa4chlich Sushi, das sogar mir schmeckt! Cool ;) #sushiundwein #Radebeul'"
792667689303076865,2016-10-30 10:01:18,"b'RT @DLR_next: Wie jedes Jahr unsere dringende Bitte: Stellen Sie nur Ihre Uhren um, nicht die #Zeit! Es k\xc3\xb6nnte sonst Risse im Raumzeit-Kont\xe2\x80\xa6'"
792156078704304128,2016-10-29 00:08:21,"b""Wie man gute Laune beh\xc3\xa4lt, obwohl man wegen Stau 4h statt der geplanten 2h f\xc3\xa4hrt? - Gute Musik+ Stau-Talk mit'm Neuseel\xc3\xa4nder vom Nachbarauto"""
792016696357883904,2016-10-28 14:54:30,"b'Hmmm, mal sehen, brauche ich einen Mac? ... Ich glaube nicht ;D https://t.co/O9pLU8fv8h'"
791705630532837376,2016-10-27 18:18:26,b'Ergebnis des Schnitz-Events ... https://t.co/YaWU1LNNI5'
791674985253367809,2016-10-27 16:16:39,"b""Gleich geht's los! Das gro\xc3\x9fe #K\xc3\xbcrbis-Schnitzen! #Halloween https://t.co/Otarj9mdjN"""
791284793388462080,2016-10-26 14:26:10,"b'RT @Lausesky: Verstell dich nicht, sonst findet dich niemand.'"
790604511115091969,2016-10-24 17:22:58,"b'RT @TurnAround_4x: ""Und... worauf stehst du so?""\n\n""Kekse""\n\n""Orrr... ich meine im Bett.""\n\n""Ach so, dann K\xc3\xa4sekuchen, der kr\xc3\xbcmelt nicht so.""'"
789881391060226048,2016-10-22 17:29:33,"b'Es war knapp, aber wir sind dem Raum rechtzeitig entkommen! #Escaperoom #Jena #Akte0815'"
789059924806475776,2016-10-20 11:05:20,"b'Das Semester ist 4 Tage alt und hier wird diskutiert, was man alles an Veranstaltungen wegfallen lassen kann.'"
789058419936358400,2016-10-20 10:59:21,b'Irgendwie niedlich den Erstsemestern an der Haltestelle zu lauschen ... Da werden Erinnerungen wach ;D #Semesterstart'
788405105813061632,2016-10-18 15:43:19,b'RT @_andakawer: Wem soll ich denn damit weh tun?! Das ist doch Mist!!! https://t.co/M8vLa6xtYZ'
786911015439048705,2016-10-14 12:46:20,b'RT @SWildlifepics: Some Russian photographer captures the cutest squirrel photo session ever https://t.co/Qb3AKC7T1X'
786659838596091904,2016-10-13 20:08:15,b'RT @pinkpanther3434: https://t.co/fp8W0nSUdz'
786478159998947328,2016-10-13 08:06:20,b'Heute ist #Roxette dran :)  - Best Of Roxette https://t.co/Ps1YeAZc0W via @YouTube'
786221202360639488,2016-10-12 15:05:16,b'RT @FR31H31T: weiss leider keiner https://t.co/IbcT4XfTG3'
786184249049251840,2016-10-12 12:38:26,"b'@_andakawer - M\xc3\xa4nner haben doch auch ihren Zyklus, die Muschis ;D'"
786180970546360320,2016-10-12 12:25:24,"b'RT @stporombka: Fr\xc3\xbchst\xc3\xbcck f\xc3\xbcr Leute, die schon alles haben (643): die Tic Tac Banane. https://t.co/Er9S3O4MrL'"
786118594346102784,2016-10-12 08:17:32,"b""Bei der Arbeit 'Simon &amp; Garfunkel' h\xc3\xb6ren - entspannend! - The Best Of Simon &amp; Garfunkel https://t.co/xqHVl06mG2 via @YouTube"""
784127127763447812,2016-10-06 20:24:10,b'Schaue gerade eine \xc3\xa4ltere Folge von #Quarks&amp;Co und bin mal wieder fasziniert. Ich mag diese Sendung!'
784010750356557825,2016-10-06 12:41:43,b'@schafzwitschern Alles klar! Danke dir f\xc3\xbcr die Info!'
783956579292971008,2016-10-06 09:06:28,"b'@schafzwitschern Gibt es eine Minischafrasse, die sich f\xc3\xbcr die Haltung im eigenen Garten eignet?'"
783268122253987840,2016-10-04 11:30:47,"b'RT @_DeTorte: Rosen:\n""Ooooh nein, der pH-Wert des Bodens ist nicht optimal, ich sterbeeee!\xf0\x9f\x98\xa3\xf0\x9f\x94\xab""\n\nL\xc3\xb6wenzahn:\n""Yeeeaaahh, Beton!\xf0\x9f\x8e\x89""'"
781883862523777024,2016-09-30 15:50:14,"b'Finding Dorie, 3D &amp; OV habe ich gestern im #Cinestar #Jena mit dem Pupsepony in einer Privatvorstellung gesehen ... sch\xc3\xb6ner Film!'"
780670665124941824,2016-09-27 07:29:25,b'RT @snailracingg: Snail Race! (rt)'
779718906609070080,2016-09-24 16:27:28,b'*nomnomnom* lecker frischer Keks von der #Kexerei #ElbePark https://t.co/p01JhHdhJN'
778620132239282176,2016-09-21 15:41:20,"b'RT @DRadioWissen: #B\xc3\xa4rtierchen sind winzig, aber knallhart. Egal ob All oder Antarktis - die Tiere k\xc3\xb6nnen einfach \xc3\xbcberall \xc3\xbcberleben: https:\xe2\x80\xa6'"
778200041165033472,2016-09-20 11:52:02,b'RT @rainer0107: Das Liebesleben der Karotten... https://t.co/KLnosW5QTr'
777506983259828225,2016-09-18 13:58:04,b'RT @schafzwitschern: M\xc3\x9cTZENWETTER!!! https://t.co/wElAvyukXW'
777479006639820800,2016-09-18 12:06:54,"b'RT @Zersplittert: \xe2\x80\x9cWarum nimmst du immer den schweren Weg?\xe2\x80\x9d\n\n\xe2\x80\x9cWarum nimmst du an, dass ich zwei Wege sehe?""'"
777061362509946880,2016-09-17 08:27:20,b'RT @DASDING: Vergesst alle bisherigen Psychotests aus Zeitschriften! Mach den ultimativen Test: Welches Schnitzel bist du? https://t.co/V4F\xe2\x80\xa6'
776325216616210432,2016-09-15 07:42:09,b'RT @_andakawer: \xf0\x9f\x91\x88liebt den neuen Desktop Hintergrund\xe2\x9d\xa4 https://t.co/lPlRHWHAin'
775944653078089728,2016-09-14 06:29:56,b'Und manchmal ist man eben nur ein 0815-Kapitel in jemandes Buch ...'
775760492061138944,2016-09-13 18:18:08,b'RT @ZDF: Happy Birthday #Simpsons! Heute vor 25 Jahren lief die erste Folge im ZDF. https://t.co/QifvYR7FcN'
775757804271439872,2016-09-13 18:07:28,b'RT @_andakawer: Das WIE begreife ich: Das WARUM begreife ich nicht.'
773587284121751552,2016-09-07 18:22:35,"b'RT @_andakawer: Und hier noch ein Appell an die werdenden Eltern unter uns:\nDenkt nach, bevor ihr euren Kindern Namen gebt! https://t.co/qJ\xe2\x80\xa6'"
773124718815830016,2016-09-06 11:44:31,b'RT @NatureNews: Roger Tsien\xe2\x80\x99s legacy: The creations that lit up biology #GFP https://t.co/qTy4cXd3dI https://t.co/MEuflMDfy8'
772053516277911553,2016-09-03 12:47:56,b'Die #Tomaten auf dem Fensterbrett werden langsam #rot ... Hat noch jemand ein paar versaute Witze f\xc3\xbcr die gr\xc3\xbcnen? ;D https://t.co/aKR6avQ1hF'
771415259601076224,2016-09-01 18:31:44,"b'RT @JulianSimon83: Je \xc3\xa4lter man wird , umso weniger will man besitzen. \n\nSondern mehr genie\xc3\x9fen, was man hat.'"
770182575302316032,2016-08-29 08:53:29,"b'@iTomahogh @schafzwitschern @kl1lercher ich habe 8 gez\xc3\xa4hlt ... aber stimmt, auf dem Bild k\xc3\xb6nnte es noch ein 9tes sein'"
769961126750806018,2016-08-28 18:13:32,b'In 2964 m H\xc3\xb6he \xc3\xbcbernachten - Check! #Zugspitze #M\xc3\xbcnchnerHaus'
769956137756192769,2016-08-28 17:53:42,b'Ein Suchbild: Wieviele Schafe sind zu sehen? @schafzwitschern ... am Steilhang beim Aufstieg zur #Zugspitze gesehen https://t.co/nqpBGZjCbE'
767705203479027712,2016-08-22 12:49:18,"b'RT @nocki61: M\xc3\xa4nner mit Vollbart damals: ""Welchen Baum, soll ich f\xc3\xa4llen?""\n\nM\xc3\xa4nner mit Vollbart heute: ""Ist diese Pflegelotion vegan?""'"
766740153234759681,2016-08-19 20:54:32,"b'RT @Krusiii: Denk nicht kaputt, was dir gut tut.'"
766737339733438464,2016-08-19 20:43:21,"b'Was wird aus 4 \xc3\x84pfeln und 1 Banane, die weg m\xc3\xbcssen? - Jaaa! Apfel-Bananen-Muffins und frittierte Apfelscheibchen :P https://t.co/BQ4aVpo7qc'"
766542088259276800,2016-08-19 07:47:30,"b'RT @tomkraftwerk: 1. Einen Mops kaufen\n2. Ihn Stra\xc3\x9fenkarten auswendig lernen lassen\nZack fertig: \nGoogle Mops.\n\n(Ja, ich bin \xc3\xbcberm\xc3\xbcdet)'"
765955244362702848,2016-08-17 16:55:35,"b""RT @karo_kaaden: Ach Jena... im Regenbogen gibt's kein braun \xe2\x9d\xa4 #l\xc3\xa4uftnicht #J1708 https://t.co/mqRo4gCMaE"""
765519318394241024,2016-08-16 12:03:22,"b'RT @Chamaelita: Manchmal hat man gar keine schlechte Laune, sondern einfach nur Hunger.'"
763753549943730176,2016-08-11 15:06:50,b'Macht den #Himmel frei! Die #Perseiden kommen!'
762743652389126144,2016-08-08 20:13:52,b'RT @heisser_wai: Abitur 2017\nPeter hat 4 Pok\xc3\xa9mon Go in 3 Stunden gefangen und musste daf\xc3\xbcr eine Strecke von 7 km zur\xc3\xbccklegen\nBerechne den A\xe2\x80\xa6'
762661454122250240,2016-08-08 14:47:14,"b'RT @schafzwitschern: Schafweiden sind Oasen der Artenvielfalt &amp; artgerechte ""Produktionsst\xc3\xa4tte"" gesunder Lebensmittel #earthovershootday\nht\xe2\x80\xa6'"
762549410270220288,2016-08-08 07:22:01,"b'RT @nadine7281: Menschen, denen du wirklich etwas bedeutest, erkennst du daran das sie dir alles sagen.\n\nAuch das, was du nicht h\xc3\xb6ren wills\xe2\x80\xa6'"
761888730693206016,2016-08-06 11:36:43,b'Mund-zu-Schnauze-Beatmung ... miau miau!  https://t.co/gDrN1Uiigl'
760795180337393664,2016-08-03 11:11:20,b'RT @Murmelito: DAS kann kein Zufall sein oO https://t.co/D686NaWCJW'
760498724279902209,2016-08-02 15:33:19,b'RT @TAOnline: Bombendrohung in #Jena: Wei\xc3\x9fer Karton hat sich bei n\xc3\xa4herer Untersuchung als leer und harmlos erwiesen.'
759876389453504512,2016-07-31 22:20:23,b'Maltese souvenirs ... https://t.co/EF3Y3SB48z'
758355243524644865,2016-07-27 17:35:54,b'RT @_andakawer: \xf0\x9f\x99\x8cENDLICH RUHE!\xf0\x9f\x99\x8c https://t.co/oHZqV0wYGV'
758204890627903488,2016-07-27 07:38:27,b'17 Drinks GLEICHZEITIG mixen ... das geht! hier: https://t.co/N7WK64dPTJ  :D'
757287964636483584,2016-07-24 18:54:55,b'So f\xc3\xa4ngt man ein #Pikachu auch OHNE #PokemonGo :D https://t.co/T0GYRil4HQ'
756908444284776448,2016-07-23 17:46:50,"b'RT @einfach_ich1: Der Zufall geht Wege, da kommt die \n\nAbsicht gar nicht hin!'"
756136938541678593,2016-07-21 14:41:09,b'RT @helmholtz_de: #CRISPR ist DER Trend in Gen-Laboren - unser Comic erkl\xc3\xa4rt die Gen-Schere\n\nGanzer Comic https://t.co/Xv8w0fLezQ (hk) http\xe2\x80\xa6'
756023859736903680,2016-07-21 07:11:49,b'RT @schafzwitschern: Mein liebstes SchafGIF. Gute Nacht Twitter! https://t.co/JfbzJ0ChXX'
755758105493987328,2016-07-20 13:35:48,"b'Es ist #hei\xc3\x9f da drau\xc3\x9fen, trinkt genug! :D https://t.co/hSwVn2rDw9'"
755422072323596288,2016-07-19 15:20:31,"b'Blo\xc3\x9f gut, dass ich ein #Windowsphone habe, sonst w\xc3\xbcrde ich noch als #PokemonGo-Zombie enden :D'"
755421573205688320,2016-07-19 15:18:32,b'RT @NatureNews: The #PokemonGo how-to you really need: What to do if you spot a new species while playing: https://t.co/r3ZfwYwkvR https://\xe2\x80\xa6'
755106934156582912,2016-07-18 18:28:16,"b'RT @_andakawer: Liebe Herren,\nsucht statt nach Pok\xc3\xa9mon lieber nach einer Frau.\nDa bekommt ihr Donnerschlag mit Br\xc3\xbcsten!'"
755088213144920064,2016-07-18 17:13:53,b'RT @zap0xfce2: Sich in der Fu\xc3\x9fg\xc3\xa4ngerzone vor einen #PokemonGO J\xc3\xbcnger stellen und \xe2\x80\x9cEin Relaxo versperrt dir den Weg\xe2\x80\x9d rufen - Check! #fun #po\xe2\x80\xa6'
753986828848467968,2016-07-15 16:17:23,b'Heute einen Song geh\xc3\xb6rt und spontan mal das Album gekauft https://t.co/KjJboKD13c ... im Microsoft-Store g\xc3\xbcnstiger als bei iTunes ;D'
752782163502829568,2016-07-12 08:30:28,b'RT @AndaKawer: Man muss die Kinder ja langsam an Twitter gew\xc3\xb6hnen. Alles f\xc3\xbcr den Nachwuchs\xf0\x9f\x98\x8b\xe2\x9d\xa4\xef\xb8\x8f\xf0\x9f\x90\x8c https://t.co/MnaYls4zAr'
752519411639148544,2016-07-11 15:06:23,b'RT @1LIVE: Sonst alles flauschig bei euch? https://t.co/GASQep6QU6'
751331437492797440,2016-07-08 08:25:48,b'RT @DLF_Forschung: Dieser Roboter schwimmt wie ein Rochen - mit der Kraft von Ratten-Herzmuskelzellen. #softrobotics @sciencemagazine https\xe2\x80\xa6'
751007545544806400,2016-07-07 10:58:46,"b'RT @Chamaelita: Wenn du den Eindruck hast, \ndass das Leben ein Theater ist, \ndann such dir eine Rolle aus, \ndie dir so richtig Spa\xc3\x9f macht.\xe2\x80\xa6'"
750701580823982081,2016-07-06 14:42:58,b'RT @tagesschau: Die Vorfreude auf #GERFRA steigt. Beim Finale d\xc3\xbcrfte es f\xc3\xbcr die Obst- und Gem\xc3\xbcseverk\xc3\xa4ufer dann komplizierter werden. https:\xe2\x80\xa6'
750345518287650816,2016-07-05 15:08:06,"b'RT @NatureNews: Juno successfully moves into Jupiter orbit, first mission in 21yrs to visit the gas giant https://t.co/9sjYShJy4x https://t\xe2\x80\xa6'"
750078932444147713,2016-07-04 21:28:47,b'RT @imschlauenBuch: Hm.\nNu bin ich ein Ei.\nWollte Ava \xc3\xa4ndern. \nL\xc3\xb6schen ging.\nHochladen nicht.\nTja nun...\nBoooog bogbogbog! Boooooog!'
749986875755077632,2016-07-04 15:22:59,b'Wundersch\xc3\xb6ne Makrobilder #Nature #Fotografie https://t.co/IcEtOAuJWI'
749687338998046720,2016-07-03 19:32:44,b'RT @AndaKawer: Genau mein Sinn von Humor und Mathematik https://t.co/RWSnBe1rbD'
749301757126316033,2016-07-02 18:00:34,b'Ausblick vom Turm des Baumkronenpfades im #Nationalpark Hainich. Ein Besuch ist empfehlenswert :) https://t.co/5BeHtNKLaT'
748844774959026176,2016-07-01 11:44:41,"b'RT @AndaKawer: Liebe Frauen,\n\nbitte schlaft mehr mit euren M\xc3\xa4nnern.\n\nGespr\xc3\xa4che mit verheirateten M\xc3\xa4nnern deprimieren mich!\n\nDie Armen!'"
748506225533394946,2016-06-30 13:19:25,"b'RT @tagesschau: Istanbul, Orlando, Br\xc3\xbcssel, Paris. https://t.co/vCrRcxtMqT'"
748505993739386880,2016-06-30 13:18:30,b'@zap0xfce2 p.s.: sch\xc3\xb6ne Schuhe ;D'
748498767805059072,2016-06-30 12:49:47,b'@zap0xfce2 Hat da mal jemand die Schr\xc3\xa4nke sauber gemacht? Wo kommen sonst Weihnachtsm\xc3\xa4nner her?'
747741611237449729,2016-06-28 10:41:07,b'RT @FliDiFlouFliFla: Le #Brexit en un gif. https://t.co/KAOOdagp2Q'
747394727771799552,2016-06-27 11:42:43,b'#Weisheit: Der Schwache kann nicht verzeihen. Verzeihen ist eine Eigenschaft des Starken. (Gandhi)'
747391120439713792,2016-06-27 11:28:23,"b'RT @Koe_clg: Als Mann das Hobby haben, seiner Frau immer aufs neue den Kopf zu verdrehen..\n..ein Leben lang'"
747363225277194241,2016-06-27 09:37:32,b'RT @zap0xfce2: Yay 397 Stufen gelaufen und gezahlt \xf0\x9f\x98\x8b https://t.co/xPQ4lWeQ9p'
747363178984640512,2016-06-27 09:37:21,"b""RT @zap0xfce2: Besoffen, schwitzend und geocachend durch's Weinanbaugebiet in #Radebeul :p https://t.co/yPGVNeG72s #komoot #wandern #outdoor"""
747339870671015936,2016-06-27 08:04:44,"b'RT @PrinceRGC: Ironie ist, wenn England jetzt Europameister wird ! #Brexit'"
746294381024546816,2016-06-24 10:50:20,b'RT @SireFrido: Bei dieser Hitze brauchen wir mehr Nacktfotos!'
745699050650013701,2016-06-22 19:24:42,"b""RT @WIRED: The beauty of Laplace's Equation, the mathematical key to everything: https://t.co/rvXKWSMpn8 https://t.co/p2LCl6spXQ"""
744854170226798592,2016-06-20 11:27:27,"b'RT @Urschoepfer: Und pl\xc3\xb6tzlich eine Kinderstimme aus dem Hinterhof: ""Jetzt leg doch mal dein schei\xc3\x9f Handy weg und spiel den Ball."" \n\nEin Sa\xe2\x80\xa6'"
744611573495382017,2016-06-19 19:23:27,b'RT @sschwarzkopf: summer in germany be like https://t.co/V85MAZk7Eb'
744477769300643840,2016-06-19 10:31:46,"b'RT @deray: as you see the chaos unfold around you, stay focused. https://t.co/y59VE9TOZ6'"
744225227337531392,2016-06-18 17:48:15,b'RT @Earth_Pics: Ukrainian photographer Vyacheslav Mishchenko catches these unbelievably stunning up-close photographs of snails https://t.c\xe2\x80\xa6'
744098560082321408,2016-06-18 09:24:56,b'Extra frischer Einkauf vom #Wochenmarkt #Jena Yeah! :D https://t.co/1csQmcHums'
743872516280717312,2016-06-17 18:26:43,b'RT @beetlebum: Fu\xc3\x9fball - in all seiner essentiellen Vollendung. #SketchTheMatch #ITASWE https://t.co/1wO7mOXc9f'
743046569210089472,2016-06-15 11:44:41,b'Gut getarnt und doch entdeckt ... Einer der neuen Aquariummitbewohner #Amanogarnele https://t.co/QMzN2Efo9S'
742833956626763776,2016-06-14 21:39:51,"b""Heute gab's ein Lob vom ehemaligen Supervisor \xc3\xbcber die gute Musikauswahl bei unserem letzten Karaokeabend..."""
741624006407794689,2016-06-11 13:31:56,"b""Dieses Ger\xc3\xa4t hier ist 'n eBike und es macht MEGA LAUNE damit zu FAHREN...Kostenlose Probefahrt bei Bike'n'Snow #Jena https://t.co/7I9XAMvJsC"""
741345062672596992,2016-06-10 19:03:31,b'RT @NatureNews: First rodent found with a human-like menstrual cycle https://t.co/1GyWbTBnOU https://t.co/LrZN2iSDxi'
741344661944602624,2016-06-10 19:01:55,b'Resultat der abendlichen Bastelstunde \xc3\xbcber der Wohnungst\xc3\xbcr ... Finn and Jake &lt;3 https://t.co/EK2ejhhRcn'
740960722037964801,2016-06-09 17:36:17,b'RT @JessicaMorelli9: Viele M\xc3\xa4nner h\xc3\xa4tten am liebsten mehrere Frauen.\n\nWir unterst\xc3\xbctzen das gerne durch unsere st\xc3\xa4ndigen unvorhersehbaren St\xe2\x80\xa6'
740580202892386304,2016-06-08 16:24:14,"b""Nach dem Personal Training erstmal sch\xc3\xb6n 'ne Schokomilch mit Sahne schl\xc3\xbcrfen :D. Hab ich mir verdient ;) https://t.co/og5LTWLaeF"""
740576692155060224,2016-06-08 16:10:17,b'@zap0xfce2  ist das eBike vollgefedert?! geilo!'
739909599390752768,2016-06-06 19:59:30,b'RT @NatureNews: Electric eels leap from water in shock video https://t.co/NKCOPkfzYk https://t.co/nRSimkgauQ'
739389048050049025,2016-06-05 09:31:00,b'Ein Wochenende in der Heimat bei meinen Eltern = Ein kulinarisches Rundum-Sorglos-Paket \xf0\x9f\x98\x8a'
739257977841061888,2016-06-05 00:50:11,"b'#Weisheit : Zwei sind n\xc3\xb6tig, damit sich einer erkennt.'"
738690362181623808,2016-06-03 11:14:41,"b'RT @DLR_next: So, und aus Protest gegen das miese #Wetter hier die Sonne gleich mehrfach in allen verf\xc3\xbcgbaren Wellenl\xc3\xa4ngen. https://t.co/EQ\xe2\x80\xa6'"
738689959830421504,2016-06-03 11:13:05,b'RT @DnerTV: Wir haben es wirklich geschafft!! \xf0\x9f\x94\xa5\xf0\x9f\x94\xa5\xf0\x9f\x94\xa5#MiniTour\n700km von K\xc3\xb6ln nach Berlin nur mit Longboards! War ne geile Zeit! https://t.co/f\xe2\x80\xa6'
738677631948853248,2016-06-03 10:24:06,"b'""Hey, das ist ein Schaf!"" Gilt das hier als #tiny60s ? :) m\xc3\xa4\xc3\xa4\xc3\xa4h! https://t.co/JGQruModCg'"
738637648751960064,2016-06-03 07:45:13,b'RT @timpritlove: Die neue N\xc3\xa4he https://t.co/xKff67ceAW'
738312817573539840,2016-06-02 10:14:27,"b'Ich hatte eben die kleinste #Ameise , die ich je gesehen habe, auf meinem Teller...wo kommt sie her?wo will sie hin? https://t.co/cN1as739mt'"
737982449251127296,2016-06-01 12:21:41,b'@MudBocx meine Ausbeute vom heutigen #Kindertag ;D https://t.co/NQ2yqe4Hhr'
737567259686633472,2016-05-31 08:51:52,b'RT @HSPcoaching: Drei nachdenkliche Freunde auf dem Sofa... finde den Hochsensiblen ;) #tiny60s #Hochsensibilit\xc3\xa4t #HSP https://t.co/ZlvSRxQ\xe2\x80\xa6'
737377945048756230,2016-05-30 20:19:36,"b'RT @Earth_Pics: Here comes the sun. Al Qudra Desert, Dubai | Photo by Dennis Stever xDennisStever https://t.co/JQbmKLZFgj'"
736966795249225728,2016-05-29 17:05:50,"b'RT @WWF_Deutschland: Zitat zum Sonntag: \xe2\x80\x9eDie Welt ist so sch\xc3\xb6n und wert, dass man um sie k\xc3\xa4mpft.\xe2\x80\x9c (Ernest Hemingway) https://t.co/vKwRDdC4zp'"
735816304469397504,2016-05-26 12:54:12,"b'von ""bew\xc3\xb6lkt"" \xc3\xbcber ""Gewitter"" und ""regnerisch"" zu ""teilweise sonnig""... toll, wie sich die #Wettervorhersage f\xc3\xbcr #Jena am #Samstag \xc3\xa4ndert :D'"
735811368075550720,2016-05-26 12:34:35,b'Beautiful #Music ! Stand By Me | Playing For Change | Song Around the World https://t.co/POvvz6w6wz via @YouTube'
735751584349442049,2016-05-26 08:37:01,b'RT @panopaia: https://t.co/AnoqGyKhY7'
735172388216832000,2016-05-24 18:15:30,b'RT @DRadioWissen: Eine verletzte Schildkr\xc3\xb6te erh\xc3\xa4lt einen Panzer aus dem 3D-Drucker.  https://t.co/4x0vORow5B (via @PDChina) https://t.co/O\xe2\x80\xa6'
735117289620639745,2016-05-24 14:36:34,"b""RT @Greenpeace: We need to do better than 'biodegradable' plastic https://t.co/K4iJHBzjE5 https://t.co/xuhyZIhl6M"""
734779907927080961,2016-05-23 16:15:56,"b'Ich leere meinen Koffer und packe aus: ein Paar Socken, ein T-Shirt, ein Kilo SAND :D  #Urlaub #Ostsee #Strand https://t.co/SqeueId5e8'"
734751455274487808,2016-05-23 14:22:52,"b'""Mit dem erregt ihr ja mehr Aufmerksamkeit als mit einem 100.000 Euro Wohnmobil"" Kompliment an unseren #QEKJunior vom #Camping -Nachbarn ;D'"
731087757980930048,2016-05-13 11:44:39,"b'RT @kirschblueteBB: Kunst, mit der ich was anfangen kann: https://t.co/G67Pg9gVUY'"
730785749331742720,2016-05-12 15:44:34,b'#Weisheit https://t.co/7XoiniE39w'
729980982661664768,2016-05-10 10:26:43,"b""RT @HH_Guerilla: Da sag noch jemand, #GuerillaMarketing funktioniere nicht in der #Gastronomie^^\nWas gibt's bei Euch denn zum Mittag? https\xe2\x80\xa6"""
728916166610173953,2016-05-07 11:55:31,b'So k\xc3\xbchlt man #Schoki beim #Autofahren ;D https://t.co/Kdk1bR9yvZ'
728237768237826048,2016-05-05 14:59:48,"b'RT @WIRED: This gorgeous guitar is made from ""solid linen,"" but it looks and plays like wood https://t.co/6BVHOJI882 https://t.co/VAcmZKoIVV'"
728236231277056000,2016-05-05 14:53:42,b'Zum #M\xc3\xa4nnertag allein und ohne Wohnungsschl\xc3\xbcssel drau\xc3\x9fen \xc3\xbcberleben - Dank #BearGrylls und seiner Abenteuer-Survival-Serie'
727868917222391808,2016-05-04 14:34:07,b'Das passt ... :D https://t.co/nNXzpitQ6n'
727769191789531137,2016-05-04 07:57:51,b'@zap0xfce2 jetzt brauch ich nur noch M\xc3\xa4use zum Fangen ;) ....'
726048408461545472,2016-04-29 14:00:04,b'Ich bin jetzt ein MASTER OF SCIENCE  ;D'
725615973894598656,2016-04-28 09:21:44,b'RT @OTTOausE: Keine Angst - Manni wird auch in Ice Age 5 nicht stumm sein. Aber sein Stimmwechsel macht ihn grad sehr traurig ... https://t\xe2\x80\xa6'
725427693689430022,2016-04-27 20:53:34,"b'RT @m_blocksberg: ""Sie haben aber ein sehr geb\xc3\xa4rfreudiges Becken."" \n""Ich hab vor allem eine sehr schlagfreudige Faust, du Lauchgestalt.""'"
724551828449406976,2016-04-25 10:53:12,b'RT @BremerGoere: Wie man einen Veganer verunsichert \xf0\x9f\x98\x81 https://t.co/96OuyxYc0G'
724301566069596160,2016-04-24 18:18:44,b'RT @wiwo: Zuckerberg motiviert. Unsere Worte der Woche: https://t.co/UiG7j8NGns https://t.co/0kVeHqsAIP'
724295536027795456,2016-04-24 17:54:47,b'RT @PaulNovus4: Die Theorie \xc3\xbcber die Fortpflanzung der B\xc3\xa4ume muss nochmal \xc3\xbcberdacht werden https://t.co/UIjQSEMGXO'
723128813501198336,2016-04-21 12:38:38,b'RT @Akkulini: Der kleine Helikopter m\xc3\xb6chte bitte von seiner Mutti aus dem Paradies abgeholt werden. Danke.(es nervt langsam) #j2004'
711611613682475008,2016-03-20 17:53:24,b'F\xc3\xbcr reisende W\xc3\xbcrstchen ;P #LBM https://t.co/E5yPPwcrmu'
710108768760111106,2016-03-16 14:21:38,b'Heute habe ich etwas Neues gelernt und eine Person damit sehr gl\xc3\xbccklich gemacht. Fetzt!'
706854979231997952,2016-03-07 14:52:14,b'1992 wurden 28.800 Quietscheentchen (und anderes Getier) unfreiwillig auf lange Reise geschickt: https://t.co/aCuu2l3BRC via @SPIEGELONLINE'
705733052681560064,2016-03-04 12:34:06,"b'ich hab nich geguckt, was drauf steht, nur was drin ist ... geschmeckt hat es trotzdem'"
705725631615602688,2016-03-04 12:04:36,b'Es sah aus wie H\xc3\xbchnchen (yeah!) ... Aber es ist #vegan (ooh)... Was soll das? Bitte kein Fleisch imitieren! https://t.co/MtregDoJDi'
705399424403558404,2016-03-03 14:28:23,"b'Living up to Life ... Ist es ok, Fr\xc3\xbcchtetee in dieser Tasse zu haben? :D https://t.co/BsN320HZE0'"
705316668277452800,2016-03-03 08:59:32,b'Mein Einstieg in die #Comfort #Zone #Crusher #Challenge - LIE DOWN ... DONE is better than PERFECT! https://t.co/tbIasiD6q5'
704993995898933248,2016-03-02 11:37:21,"b'Suche nicht nach dem Problem, wenn du die L\xc3\xb6sung schon l\xc3\xa4ngst gefunden hast. #weisheit'"
704272319871635456,2016-02-29 11:49:40,b'Bei Alphawellen-Lernmusik schreibt es sich doch gleich viel leichter! xD'
703199225023066112,2016-02-26 12:45:34,"b'Erkenntnisgewinn! Da fummelt RNF168 direkt an 53BP1 herum, uh oh, Fummelliese! #DNARepair'"
703149742285389824,2016-02-26 09:28:57,b'Sitze tanzend an meiner Tastatur and #FeelGood =&gt; https://t.co/TSZgTCDO8N'
702101907993710592,2016-02-23 12:05:13,b'Eine Gottesanbeterin als Bl\xc3\xbcte. #Nature is genius! https://t.co/0cJsrRSDhP'
701803490671202306,2016-02-22 16:19:25,b'Faszinierend! Fluoreszierend! #GloFish https://t.co/nn3EXSwI6B'
