id,created_at,text
970350107668504576,2018-03-04 17:27:48,b'#UconnBigDataBiology https://t.co/giMU1y5f5s'
970349812741701632,2018-03-04 17:26:38,b'This article makes me want to throw my phone away...\nBig data is awesome but the amount of personal and spatial dat\xe2\x80\xa6 https://t.co/oIVlFoXe5r'
970346723532066816,2018-03-04 17:14:21,"b'Genealogy with crowd sourced data links 13 million people - spanning ~11 generations. Turns out, the environment ma\xe2\x80\xa6 https://t.co/4BNnd1xPza'"
969666071891513346,2018-03-02 20:09:41,b'\xf0\x9f\x98\x82\xf0\x9f\x98\x82 https://t.co/LCGOZevecZ'
968230676767150080,2018-02-26 21:05:56,b'Researchers at Brown University use a machine learning technique to sift through genomic data to find genomic varia\xe2\x80\xa6 https://t.co/OJ80YcZkXk'
968149878235979777,2018-02-26 15:44:52,"b""Yes! I love these @sciencemagazine articles because they remind me I'm not alone. One of the toughest lessons I've\xe2\x80\xa6 https://t.co/7mjOFAVgvu"""
967601417849659393,2018-02-25 03:25:29,b'An improved butterfly evolutionary tree in a cool looking chart! #UConnBigDataBiology https://t.co/C5auUnKvlu'
965598186692861953,2018-02-19 14:45:22,b'Gene expression ramps up after death...some of these genes remained active for up to 4 days postmortem! This inform\xe2\x80\xa6 https://t.co/YCu1Yp9n0u'
965593964937084929,2018-02-19 14:28:35,"b""The 100,000 Genomes Project's combines medical data and genomic data to understand rare diseases and cancer. This i\xe2\x80\xa6 https://t.co/51MSFKCt7F"""
962878471889354754,2018-02-12 02:38:11,b'@EG_Microbio We got these noise things you plug into an outlet and we haven\xe2\x80\x99t had any mice since we\xe2\x80\x99ve done that! T\xe2\x80\xa6 https://t.co/yJtQ6UMiwv'
962775646232596480,2018-02-11 19:49:36,b'RT @CNN: Watch this mesmerizing video of a Caribbean reef octopus being born https://t.co/CFU4AkvWLH https://t.co/3VKIMKXfyd'
962774363060736002,2018-02-11 19:44:30,b'@EG_Microbio Thought this might be of interest to you! \xf0\x9f\x90\x9c\xf0\x9f\x90\x9c\xf0\x9f\x90\x9c\xf0\x9f\x90\x9c\xc2\xa0#antsarecool https://t.co/OEcdn7nles'
962555485315649536,2018-02-11 05:14:45,b'Happy to see grant money going toward better security for big data storage! #UConnBigDataBiology https://t.co/Gd9jrLMimz'
962553931028221958,2018-02-11 05:08:35,b'#UConnBigDataBiology https://t.co/cJ44PDAc9W'
962552556068143104,2018-02-11 05:03:07,b'Did you know a majority of rare genetic diseases affect children? Really interesting review on the up and coming pe\xe2\x80\xa6 https://t.co/ThcZqqGHye'
962158413672321024,2018-02-10 02:56:56,b'My horseshoe crabs are super active today! They must be excited it\xe2\x80\x99s Friday too \xf0\x9f\x91\x8d\xf0\x9f\x8f\xbb https://t.co/2yMVLBHpJT'
961975070511042560,2018-02-09 14:48:24,b'Neuronal circuits governing walking may have evolved from...skates!! #iloveskates #marinescience https://t.co/tjHtvsvGu5'
961456757884190720,2018-02-08 04:28:48,b'RT @igisci: Missed Jennifer Doudna (@doudna_lab) and Siddhartha Mukherjee (@DrSidMukherjee) in conversation? Watch the full video here: htt\xe2\x80\xa6'
960701784825171974,2018-02-06 02:28:49,"b'1st decapod genome! The only crayfish to reproduce asexually allowing invasive population expansion, which could pr\xe2\x80\xa6 https://t.co/cT387GwP95'"
960698553692770304,2018-02-06 02:15:58,b'New cockroach and termite genomes and some insights into the molecular signatures of eusociality within the termite\xe2\x80\xa6 https://t.co/AeiySYobvR'
960331560875712513,2018-02-05 01:57:40,b'@shyguyshawn I 100% agree!!!'
959268242920562688,2018-02-02 03:32:26,b'Largest genome sequenced so far  belongs to the axolotl?! Ten times the size of the human genome...unbelievable \n\nhttps://t.co/V46xLqWXPg'
958815361440370693,2018-01-31 21:32:50,"b'RT @larvalfishlab: Check out our ""Larva of the Week"", a baby Swordfish (6.5 mm), collected  last summer during our NOAA RESTORE Sargassum c\xe2\x80\xa6'"
958512393251971072,2018-01-31 01:28:57,b'Making our clothes into personal clouds! Is this the way to the future? Let me know what you think!\xe2\x80\xa6 https://t.co/yUENPmMezu'
958352655545454593,2018-01-30 14:54:13,b'#UconnBigDataBiology https://t.co/G3IoerjKL9'
958351845432479745,2018-01-30 14:50:59,"b'First ""omics"" study of the effects of weight change finds 318 genes respond differently after weight gain. Addition\xe2\x80\xa6 https://t.co/8WIhSMxb9F'"
954715370182598656,2018-01-20 14:00:56,"b""RT @nytimes: How bad is this year's flu season? Is this particular strain dangerous? Answers to your questions about the flu. https://t.co/\xe2\x80\xa6"""
954564434449588226,2018-01-20 04:01:10,b'#UConnBigDataBiology https://t.co/t9gkAO4Dvd'
954451710692511744,2018-01-19 20:33:15,"b'Wow! Reconstruction of 2,631 microbial genomes from the global oceans using open data from the Tara Expeditions. Hu\xe2\x80\xa6 https://t.co/nlWK30nwy4'"
954428228961218560,2018-01-19 18:59:56,b'RT @igisci: Today at 4:30 pm PT watch Jennifer Doudna (@doudna_lab) and Siddhartha Mukherjee (@DrSidMukherjee) discuss #GeneEditing and the\xe2\x80\xa6'
779333859368468480,2016-09-23 14:57:26,b'Horseshoe crab babies #science https://t.co/Nkkm4J5MQT'
599728062570303488,2015-05-17 00:08:07,"b""RT @DiveMagazine: #Marine life interactions - what's okay and what isn't. A #dive guide's view http://t.co/0D7HnAsVVk http://t.co/QtA81GJIYn"""
236826956195315713,2012-08-18 14:08:41,b'Whale shark brain size? #awesome http://t.co/AMCq88N'
234675184420941825,2012-08-12 15:38:19,b'#ThingsThatKeepMeAwakeAtNight &lt;3 http://t.co/CleHdFK'
218870792488882177,2012-06-30 00:57:18,b'RT @NatGeo: Photos: 25 new reef fish found http://t.co/vL1IR2qI'
217430823501176835,2012-06-26 01:35:22,"b'RT @NatGeo: Lonesome George, last giant tortoise of his kind, dies: http://t.co/D3JeCtW0'"
197514749716606977,2012-05-02 02:36:00,"b""RT @NatGeo: Is this the world's only white killer whale? http://t.co/arUvnJLB"""
197033433212518400,2012-04-30 18:43:25,b'RT @NatGeo: Photos: Underwater photography contest winners http://t.co/cUABmMCV'
193352444351217664,2012-04-20 14:56:29,"b'RT @NatGeo: Purple is the new red for this crab species. Yes, purple crabs. http://t.co/miSi5PP4'"
