id,created_at,text
970654290800009216,2018-03-05 13:36:31,b'A fascinating start of the course on game theory at ECPR winter method school in Bamberg! #wsms2018 #ecpr https://t.co/FZxIL6Wld0'
970357668035678210,2018-03-04 17:57:51,b'RT @ECPR: Thomas Saalfeld welcomes participants to the Winter School https://t.co/gEx6gjUKf7'
970073374109126657,2018-03-03 23:08:10,b'Looking forward to it! https://t.co/yaRn0cvs8U'
969247864080695296,2018-03-01 16:27:53,b'RT @PSAdemocracy: CFP: PDD Conference @CSDWestminster in cooperation with @participedia: Participatory Spaces in Perspective 5-7 Sept 2018\xe2\x80\xa6'
969184426335850496,2018-03-01 12:15:48,"b'Dear @JaneSuit, thanks for an excellent master-class facilitation of a deliberation in my experiments! I learned a\xe2\x80\xa6 https://t.co/dNQm94O9rH'"
969182173071855616,2018-03-01 12:06:51,b'@keithschnak @aecoppock @rmpowers @BrendanNyhan Fantastic! Thanks for this.'
969182052699525120,2018-03-01 12:06:22,"b'@aecoppock @rmpowers @keithschnak Also, thanks for the reminder on Gerber and Green chapter 3! It is super helpful!'"
969181879365722112,2018-03-01 12:05:41,"b'@aecoppock @rmpowers @keithschnak Thanks a million for this. Yes, indeed, I showed the Hainmueller et al 2013 study\xe2\x80\xa6 https://t.co/Lx7dpBrnqZ'"
969157117583249408,2018-03-01 10:27:17,"b'It looks promising! I wish I could go. Alas, I have to take a flight to Bamberg, to attend the ECPR Method School! https://t.co/PMenc4ofRH'"
969154155624443904,2018-03-01 10:15:31,b'@aecoppock @rmpowers @keithschnak I have had similiar reactions to the analysis of a conjoint experiment recently.\xe2\x80\xa6 https://t.co/pcdWIu0zIV'
968920912958541826,2018-02-28 18:48:41,b':) https://t.co/CQd0E6TUmv'
968865581276581888,2018-02-28 15:08:49,"b'RT @prof_mirya: A few things that really resonated with me about this story, as someone who has (maybe) survived filing a sexual harassment\xe2\x80\xa6'"
968864864050479104,2018-02-28 15:05:58,b'RT @Paul_BCT: #ParticipatoryBudgeting gives people a direct say over how public money is spent - want to know more? Our #pbworks project is\xe2\x80\xa6'
967361357157892096,2018-02-24 11:31:34,b'@participedia @JeanPaulRGagnon @LucyJParry @Kleroterian @IneGoovaerts2'
967121164270260226,2018-02-23 19:37:08,"b'RT @OxfordSparks: Facebook LIVE, Twitter Takeovers, interactive games &amp; more! All part of our Brain Discovery Festival  12-16 March! Sign u\xe2\x80\xa6'"
967036932562870272,2018-02-23 14:02:26,b'Damasio and why we feel what we feel. https://t.co/NrhozHHfkc'
966820179157057536,2018-02-22 23:41:08,b'RT @aecoppock: New working paper with @thosjleeper and Kevin Mullinix.  Amazing correspondence across nationally representative and #mturk\xe2\x80\xa6'
966663955115626496,2018-02-22 13:20:21,b'RT @NuffieldCollege: Great opportunity at Nuffield to work for the Centre for Experimental Social Sciences (CESS) as Lead Programmer and Te\xe2\x80\xa6'
966621072589287424,2018-02-22 10:29:57,b'RT @LucyJParry: #Solidarity to all my friends and colleagues on the picket lines at UK universities today \xf0\x9f\x91\x8a\xf0\x9f\x8f\xbd #USSstrike'
966620902099247104,2018-02-22 10:29:16,b'RT @NicoleCurato: My love and solidarity to colleagues in the UK fighting the brutality of neoliberal academia. https://t.co/xBu8LDasHD'
965642168667918337,2018-02-19 17:40:08,"b""RT @NuffieldLibrary: When Good Advice is Ignored: The Role of Envy and Stubbornness - this week's @NuffieldCESS\ncolloquium from @david_rona\xe2\x80\xa6"""
965560914081734656,2018-02-19 12:17:15,b'RT @PSAdemocracy: We feel honored and proud to host keynote events with Carole Pateman &amp; Michael Saward at the PDD conference 5-7 Sept 2018\xe2\x80\xa6'
964410443669258246,2018-02-16 08:05:42,b'RT @NatureNews: PhD programmes should nurture the big thinkers and creative problem-solvers that society needs. https://t.co/SVGkmGONog'
964062280622247937,2018-02-15 09:02:13,b'RT @NicoleCurato: Hello! @jayeel_cornelio &amp; I teamed up to make a case for the democratisation of relationships. Couple culture has been do\xe2\x80\xa6'
963159117023055872,2018-02-12 21:13:22,"b""RT @laiabalcells: He escrit aix\xc3\xb2 per l'Ara: https://t.co/a7Lj9SeUgl"""
962967667215863808,2018-02-12 08:32:37,b'RT @Emilie_vanHaute: Belle opportunit\xc3\xa9 pour les doctorant.e.s travaillant sur les questions de #d\xc3\xa9mocratie et #participation! https://t.co/\xe2\x80\xa6'
962833044267831296,2018-02-11 23:37:40,b'Descartes and the Wonderment. https://t.co/9pXUhJzDDz'
961680609977556992,2018-02-08 19:18:19,b'RT @jkertzer: Looking forward to offering a new graduate seminar on Political Psychology and International Relations this semester (prelimi\xe2\x80\xa6'
961671644833026055,2018-02-08 18:42:41,b'RT @_SofieMarien: Are referenda the cure to political distrust? Does involving citizens foster trust? A short summary on our @PolBehavior s\xe2\x80\xa6'
961551920858058752,2018-02-08 10:46:57,b'RT @RECSM_UPF: Info and registration at:  https://t.co/ymaFUX6oWv\n\nHurry up! Some courses are fill up quickly :) https://t.co/gkrr17ypsO'
961287652891820032,2018-02-07 17:16:50,"b'@thosjleeper This was a very successful example indeed! @thosjleeper , thanks for an excellent workshop. Many peopl\xe2\x80\xa6 https://t.co/cqjYiaXTWQ'"
961286973347516417,2018-02-07 17:14:08,b'The best #MethLab kick-off ever! https://t.co/dqrIari2dq'
960650628610523136,2018-02-05 23:05:32,b'Only a few more hours to go before the #MethLab kick-off on #experiments starts with @thosjleeper! The Raadzaal hal\xe2\x80\xa6 https://t.co/NyZtxLL9q4'
960649162793668608,2018-02-05 22:59:43,"b""RT @DanJDevine: I've just posted a working paper on the effect of the Brexit referendum on hate crimes. I show using daily and monthly data\xe2\x80\xa6"""
960529544397672450,2018-02-05 15:04:23,"b""RT @dfonck: You are very welcome to submit to our highly interesting panel 'The black box of international conflicts. Individual-level, dom\xe2\x80\xa6"""
959419287248277505,2018-02-02 13:32:37,"b'@aecoppock @graemedblair Sorry, I completely forgot to paste the link: https://t.co/648X7RD2kj'"
959415251988082692,2018-02-02 13:16:35,b'@aecoppock @graemedblair a very recent study by Jensen &amp; Malesky (2018)'
959200760935436290,2018-02-01 23:04:17,b'Dr. Cass Sunstein and his entertaining and enlightening talk on asymmetrical updating and public beliefs on climate\xe2\x80\xa6 https://t.co/bTjPI0oASe'
959198949986000896,2018-02-01 22:57:05,"b'@Edana_Beauvais @AGodefroidt @FSW_KULEUVEN @thosjleeper @LeuvenU Thank you, Edana. a great observation! it is kind\xe2\x80\xa6 https://t.co/7vrM65WEIF'"
959040176315092992,2018-02-01 12:26:10,b'RT @RECSM_UPF: Registration now open for the 5th edition of our #Barcelona Summer School in Survey Methodology. Join us for a two-week inte\xe2\x80\xa6'
958728663033438208,2018-01-31 15:48:20,b'We are over the moon about having @thosjleeper for our #MethLab kick-off workshop on #experiments on 06/02 at 13:30\xe2\x80\xa6 https://t.co/7gejzI83Bi'
958691293143715840,2018-01-31 13:19:50,"b'RT @NuffieldLibrary: Follow the @UKandEU Brexit and Public Opinion conference live.  Among the speakers are Geoff Evans @NuffieldCollege, J\xe2\x80\xa6'"
958438542757318657,2018-01-30 20:35:30,"b'RT @RayDuch: Deadline is 31 Jan for paper proposals for #IMEBESS2018 at EUI Florence Italy 3-4 May 2018 - great papers, impressive invited\xe2\x80\xa6'"
958356407849451521,2018-01-30 15:09:07,"b'@dfarrell_ucd @UKAssemblies @CitizAssembly Thank you, @dfarrell_ucd I thought so as well, but I did not dare to com\xe2\x80\xa6 https://t.co/pkx4mtVL3s'"
958294586065072129,2018-01-30 11:03:28,"b'RT @UKAssemblies: As advised by a Constitutional Convention, the Irish government has announced a referendum on repealing the Eighth Amendm\xe2\x80\xa6'"
958286407839121408,2018-01-30 10:30:58,b'RT @DelDemUCan: Now available for pre-order. Deliberative Systems in Theory and Practice edited by our Assoc Prof @selenAercan and Centre a\xe2\x80\xa6'
957994958094585856,2018-01-29 15:12:51,b'What role do genes and the interaction between genes and environment play in reproductive behavior? A fascinating t\xe2\x80\xa6 https://t.co/xERjMJoE3r'
957152916607037442,2018-01-27 07:26:53,b'RT @kimgron: Interested in deliberative democracy? The third summer school will be organized late June in Finland. This is a collaboration\xe2\x80\xa6'
956859047524827141,2018-01-26 11:59:09,"b""RT @Prime2: My baby needs a bone marrow transplant to cure her cancer but can't find a donor. Plz retweet even if u can't register. Need 10\xe2\x80\xa6"""
956807385464606720,2018-01-26 08:33:51,b'RT @laiabalcells: Busquem assistent de recerca // We are looking for a RA // Buscamos asistente de investigaci\xc3\xb3n: https://t.co/GVDjoFm3bP'
956601846428307457,2018-01-25 18:57:07,"b'@hwessler @profparkinson @IneGoovaerts2 , could be super interesting for you!'"
956538900033482752,2018-01-25 14:47:00,"b'@DanJDevine What do you think, guys? @AGodefroidt @mblukac @thomfrissen?'"
956538389628706816,2018-01-25 14:44:58,"b'@DanJDevine @DanJDevine ,this is a fantastic idea! We could, indeed, put them in the webpage after the workshops.'"
956536480633114624,2018-01-25 14:37:23,"b'@mblukac @thomfrissen Does Chris Gaasendam have a twitter account? :) Great job, dear team members!'"
956533437648777216,2018-01-25 14:25:17,b'We are thrilled to launch the #MethLab - Get High on Your Own Method Supply - a series of interdisciplinary worksho\xe2\x80\xa6 https://t.co/NjaZ86y0md'
956467063974973440,2018-01-25 10:01:33,"b'Omg! It is not enough to say, how much I would love to be there! https://t.co/dpIV2W82fB'"
956174415905148928,2018-01-24 14:38:40,"b'RT @PolPsyISPP: US Politics aside, how\'s this for controversy: ""the label \'statistically significant\' [should] be dropped altogether; inste\xe2\x80\xa6'"
956152697018900481,2018-01-24 13:12:22,b'RT @kimgron: We are hiring! \n* Director of Research (tenure)\n* Project Researcher (tenure)\n* Doctoral Student (4 years)\n@aboakademi Social\xe2\x80\xa6'
955911753656913920,2018-01-23 21:14:56,"b'When the brain gets saturated with #Deliberation and #DeliberativeDemocracy books/articles/reviews, Susan Sontag is\xe2\x80\xa6 https://t.co/AWmPtvbA5b'"
955855495050481664,2018-01-23 17:31:23,"b'@sveinungarnesen, it was super interesting hearing about your conjoint study on referendums today! https://t.co/LvPkusvRcQ'"
955585859633451008,2018-01-22 23:39:57,b'RT @adamleealter: New study in @NatureHumBehav improves on wisdom of crowds: asking people in a crowd to discuss answers to questions in sm\xe2\x80\xa6'
955501427090128896,2018-01-22 18:04:27,b'RT @aecoppock: Interesting take on the unintended consequences of banning p-values https://t.co/FRY8t0UVYa'
955461096156160000,2018-01-22 15:24:11,b'RT @polanalysis: Political Analysis will no longer report p values in regression tables or elsewhere. There are many reasons for this chang\xe2\x80\xa6'
955419369647104001,2018-01-22 12:38:23,"b'@EPSJournal @ECPR @IneGoovaerts2, it looks very interesting. They might be useful for you.'"
954828086918426625,2018-01-20 21:28:50,"b'@AGodefroidt Thank you, my partner in crime! :) xx'"
954629119697932288,2018-01-20 08:18:12,b'Excellent news to wake up to! :) https://t.co/fOyAprsFdH'
954317692114231296,2018-01-19 11:40:42,b'Interested in #directdemocracy? My colleague @Micha_Germann @LeuvenU has a super interesting panel @ECPR Hamburg. S\xe2\x80\xa6 https://t.co/CuloNW7f9J'
954316904272941056,2018-01-19 11:37:34,b'a unique and exciting opportunity! https://t.co/YGe1CsPSSs'
954263812244475906,2018-01-19 08:06:36,"b'RT @Emilie_vanHaute: CfP: Panel on ""Democratic Innovations within Political Parties"" @ECPR Conference, Hamburg co-organised with Anna Kern\xe2\x80\xa6'"
953941909600440320,2018-01-18 10:47:29,b'In love with @NuffieldLibrary. I have been able to find all the books I wanted so far and can borrow up to 100 book\xe2\x80\xa6 https://t.co/M8XXA22HNl'
953537343876685824,2018-01-17 07:59:53,"b'""...not just the will of the people, but the safer, more practical and generous notion of their considered will."" https://t.co/v1HeYk9p6k'"
953523650560446464,2018-01-17 07:05:28,"b'Thanks a lot for your explanation, @AnnaDumitriu! It was an immense pleasure to discover your art! Each of your pie\xe2\x80\xa6 https://t.co/cYRvGWKYwJ'"
953342268651515904,2018-01-16 19:04:43,b'Amazing #BioArtandBacteria in Oxford by @AnnaDumitriu. Dress is impregnated with staphylococcus bacteria and some 2\xe2\x80\xa6 https://t.co/yklKxNwkV6'
953325688634961920,2018-01-16 17:58:50,b'What a great piece of news! JEPS has increased the word limits to 4000 words! :) https://t.co/kGkidI0lFe'
953043418317508608,2018-01-15 23:17:12,b'An exciting opportunity to work with the best in the field! #DeliberativeDemocracy https://t.co/y1Q95lHHma'
952904840786644993,2018-01-15 14:06:32,"b'@dfarrell_ucd @NuffieldCollege @UniofOxford @JaneSuit Thanks a lot, David. How exciting! I will write to @JaneSuit straightaway.'"
952873782137499648,2018-01-15 12:03:07,"b'As of today until end of March, I will be at @NuffieldCollege @UniofOxford as a Junior Visiting Scholar! Very excited about it!'"
952593674847838208,2018-01-14 17:30:05,b'RT @CitizAssembly: RESULTS OF THE #CitizensAssembly vote -Q3 https://t.co/1pYpjoypxv'
952503104141963265,2018-01-14 11:30:11,b'RT @JaneSuit: Should citizens be allowed to propose referendums asks @theresareidy #citizensassembly #citizeninitiative https://t.co/hg1IWG\xe2\x80\xa6'
952099918897930241,2018-01-13 08:48:04,b'Looking forward to it! https://t.co/MECnwr3Aux'
951945523010920449,2018-01-12 22:34:33,"b'RT @Kath_Sully: I love @kinggary \'s dissertation advice ""The thrill of discovery,the adrenalin-producing ah-ha moments,etc., are more excit\xe2\x80\xa6'"
951934677220319239,2018-01-12 21:51:27,"b""RT @OliverEscobar: We've put together all @WWScot resources about #citizen #participation in deliberative #minipublics #demopart #openacces\xe2\x80\xa6"""
951871466185936896,2018-01-12 17:40:17,"b""RT @involveUK: WE'RE HIRING!! We're looking for a Senior Project Officer to take a leading role in establishing a Citizens\xe2\x80\x99 Assembly for No\xe2\x80\xa6"""
951530454234091520,2018-01-11 19:05:13,b'RT @JEPS_ed: Can #FakeNews be corrected? Check out the latest from JEPS to find out. Free access until January 25! https://t.co/wIUeBBgIQi'
950988336516292608,2018-01-10 07:11:02,b'RT @AndreaFelicetti: @selenAercan and I are organizing panel to look closely at #Democracy and #socialmovements for section on #democratici\xe2\x80\xa6'
950487563562897408,2018-01-08 22:01:09,"b'RT @participedia: Participatory budgeting w/out deliberation: good for technocracy, not for democracy | @ucl research https://t.co/JFFXTcWg\xe2\x80\xa6'"
949930032943845376,2018-01-07 09:05:43,b'RT @cdsamii: A selection of amazing papers from 2017 https://t.co/lvUvYTo3lz'
949929972428361728,2018-01-07 09:05:28,b'RT @jayvanbavel: I am teaching a class on the power of #socialidentity at NYU Abu Dhabi with @TessaWestNYU \n\nI am going to try something cr\xe2\x80\xa6'
949423317999636492,2018-01-05 23:32:13,b'RT @BrendanNyhan: Why we need registered reports* in every scientific field in two abstracts - just brutal https://t.co/QOl6sz5AOl https://\xe2\x80\xa6'
949306505572048896,2018-01-05 15:48:02,"b'RT @UniofOxford: Can we teach morality to machines? Three perspectives on ethics for #AI, from @oiioxford: https://t.co/VmHc4R7dGy https://\xe2\x80\xa6'"
948562459731906561,2018-01-03 14:31:28,b'RT @ECPR: Conference grants available for PhD Students and Early-Career Scholars to attend international conferences and present on Institu\xe2\x80\xa6'
947023125748813824,2017-12-30 08:34:42,b'RT @ferranrego: Hilo sobre el informe de los 12 observadores internacionales @DemVolunteers que visitaron Catalunya en las pasadas eleccion\xe2\x80\xa6'
946009053486092288,2017-12-27 13:25:09,"b'@LauraLKittel @PJDunleavy @IneGoovaerts2 , should we order one? :)'"
945376673498894336,2017-12-25 19:32:17,b'Politics Moves Fast. Peer Review Moves Slow. What\xe2\x80\x99s A Political Scientist To Do? | FiveThirtyEight https://t.co/EJbZA1eEwx'
944576534819590144,2017-12-23 14:32:49,b'RT @AcademicsSay: That feeling upon realizing your manuscript will not be published before the new year when deciding whether to lament the\xe2\x80\xa6'
944570434997116929,2017-12-23 14:08:35,b'RT @DelDemUCan: Our gift to you. A podcast series on #DeliberationCultureContext in collab w @NivekKThompson\xe2\x80\x99s @_RealDemocracy. Enjoy and s\xe2\x80\xa6'
943251430948958208,2017-12-19 22:47:20,"b'omg, this sounds brilliant! ;) https://t.co/DXHOcL90pv'"
943221810593779712,2017-12-19 20:49:38,"b""The greatest team ever! Chapeau to @_SofieMarien for a super cool 'prof' party :) and congrats to the great Anna Ke\xe2\x80\xa6 https://t.co/cleyAHxFVW"""
942811674729484289,2017-12-18 17:39:54,b'RT @RayDuch: @NuffieldCess sets up shop in China! #CESSChina is hiring an Experimental Scientist to help build our online and lab experimen\xe2\x80\xa6'
941740089524224000,2017-12-15 18:41:48,b'super exciting! for those who completed a dissertation in political psychology recently:  you can apply for this aw\xe2\x80\xa6 https://t.co/uHEVyJmSy0'
941618220645208064,2017-12-15 10:37:32,"b'An exciting workshop on experimental political science to be held in a unique Catalan city, Barcelona. https://t.co/TrhOZg52gG'"
941599077502017536,2017-12-15 09:21:28,b'#Sortition and the brilliant @CitizAssembly! https://t.co/TvtiUMUakT'
941583893651771397,2017-12-15 08:21:08,"b'RT @OliverEscobar: Event alert #demopart: ""Taking a #Deliberative Approach to #Complexity: What can we learn from the #Citizens\xe2\x80\x99 #Assembly\xe2\x80\xa6'"
941583678643298305,2017-12-15 08:20:17,"b'RT @jblumenstock: Our lab is seeking applicants for a postdocs interested in working on ""big data and development"" - problems that combine\xe2\x80\xa6'"
941381452981293059,2017-12-14 18:56:43,b'RT @jordimunozm: We will host the 4th BGB workshop at @CPoliticaUB @UniBarcelona. May 10-11th. Call for papers open now! https://t.co/ovvn9\xe2\x80\xa6'
941243711870197762,2017-12-14 09:49:23,b'Looking forward to the 3rd meeting of the Data Science Leuven! :) https://t.co/fcRI2R7aG8'
940954812753108992,2017-12-13 14:41:24,"b'@AGodefroidt, you would perhaps add some more to this excellent list? Has any of the list experiments you mentioned\xe2\x80\xa6 https://t.co/xm4WQXAvod'"
940889301122011136,2017-12-13 10:21:04,b'RT @DelDemUCan: Our associate @_SofieMarien writes for @BroadAgenda5050. What can we learn from #Belgium? https://t.co/meXgdzv8Ut'
940857056243998723,2017-12-13 08:12:57,"b""RT @fp2p: In academic seminars, 'Men are &gt; 2.5 times more likely to pose questions to the speakers.This male skew was observable only in th\xe2\x80\xa6"""
940856480017866752,2017-12-13 08:10:39,b'RT @KolevaDani: Is citizen participation actually good for democracy? Expanding the public\xe2\x80\x99s voice is essential to have a democratic polity\xe2\x80\xa6'
940634020899180544,2017-12-12 17:26:41,"b'RT @involveUK: Six things I learnt from the Citizens\xe2\x80\x99 Assembly on Brexit \nhttps://t.co/es3MHWeJUi\n\nDominic Ward, Project Officer at Involve\xe2\x80\xa6'"
940633966092193793,2017-12-12 17:26:28,b'RT @amyjccuddy: Science is never finished. There will always be uncertainty. No question is ever absolutely answered. We must allow scienti\xe2\x80\xa6'
940298581805883392,2017-12-11 19:13:46,b'@dfarrell_ucd @IneGoovaerts2  x'
940251635976163328,2017-12-11 16:07:13,"b""RT @ECPRMethods: Going to the @ECPR Winter School in Bamberg and keen to get some methodological feedback on your work? Call for 'Convince\xe2\x80\xa6"""
939410848837017602,2017-12-09 08:26:14,b'@anildash @_SofieMarien :)'
939132732713635841,2017-12-08 14:01:06,b'A fascinating workshop on correction for measurement errors in survey data and a bit of constructive critique on\xe2\x80\xa6 https://t.co/5Rjd54WK0a'
938861063541592065,2017-12-07 20:01:35,"b'@ANEWQ @Hans_Asenbaum @uzh_news_en @IneGoovaerts2 ,it might be interesting for you, perhaps?'"
938860924408090624,2017-12-07 20:01:02,"b'RT @ANEWQ: Call for Application: (Highly recommended) doctoral summer school in #democracy studies -- this year on #populism, at @uzh_news_\xe2\x80\xa6'"
938843424790282245,2017-12-07 18:51:29,"b""RT @poli_com: #CfP: Representation Special Issue 'Minding the Gap? The Populist Surge and its Consequences for Representation'. Deadline fo\xe2\x80\xa6"""
938843009793363968,2017-12-07 18:49:51,b'@IneGoovaerts2 https://t.co/OesgQH3PkS'
938485946001117186,2017-12-06 19:11:00,b'RT @medialab: Can #AI induce empathy? @scalablecoop presents Deep Empathy: a machine learning tool that brings us closer to the realities o\xe2\x80\xa6'
938342743876751367,2017-12-06 09:41:58,"b""RT @ECPR: Calling all scholars of #DemocraticInnovations You can now submit a Paper to the #DemInno Section at next summer's #ecprconf18 in\xe2\x80\xa6"""
938159138160496640,2017-12-05 21:32:23,b'RT @benwansell: Delighted to announce a fully funded 3 year DPhil at @UniofOxford to work on a project connected to my ERC funded project o\xe2\x80\xa6'
938045115507060737,2017-12-05 13:59:18,b'Spain in 2050: there will be 76 retired people per 100 inhabitants? https://t.co/Yg8CJrlm3I'
936631145449615362,2017-12-01 16:20:41,b'A super cool workshop talk on Experiments by @_SofieMarien during an excellent Research Day @KU_Leuven https://t.co/IdsnD1Wngn'
936355145620901888,2017-11-30 22:03:58,b'@alexdono @KU_Leuven Te estamos esperando ;) Pero prep\xc3\xa1rate para el fr\xc3\xado de Leuven. Hoy ha nevado! Era muy bonito m\xe2\x80\xa6 https://t.co/qVVHBJ6umd'
936286350738935808,2017-11-30 17:30:36,b'RT @ClaudiaChwalisz: The world watches Reykjavik\xe2\x80\x99s digital #democracy experiment https://t.co/7yCYczu1nN via @FT'
936268991408099328,2017-11-30 16:21:37,"b'@InternatlTheory @RISjnl @IneGoovaerts2 , this might be of interest to you x'"
936260553521156101,2017-11-30 15:48:05,b'RT @IES_Brussels: NEW VACANCY! We are calling for applications for a #Postdoctoral #Researcher on \xe2\x80\x9cDemocratic Governance of the #Climate Tr\xe2\x80\xa6'
934305727715401728,2017-11-25 06:20:18,b'RT @SebJilke: @evawitesman 2) Research design is key. Null finings \xe2\x80\x93 in my limited experience \xe2\x80\x93 get greater scrutiny from referees in terms\xe2\x80\xa6'
934002195992805376,2017-11-24 10:14:11,b'So excited! I cannot wait for it! https://t.co/qVa5esZzcV'
933285002003075072,2017-11-22 10:44:18,b'RT @LeuvenU: Mathematicians at KU Leuven discover new type of turbulence https://t.co/CxH7MsdSp4'
932587419819487233,2017-11-20 12:32:22,b'Why Do So Many Studies Fail to Replicate? https://t.co/s88oD54aLK'
932563862007709696,2017-11-20 10:58:45,"b'RT @Emilie_vanHaute: #Job PhD position for a project on youth, pol knowledge &amp; new technologies in #brussels at #Cevipol @SciencePoULB -Joi\xe2\x80\xa6'"
932561900939948032,2017-11-20 10:50:58,b'@VPW_be Thank you. But the link does not work for some reason.'
931274960458334208,2017-11-16 21:37:07,b'Alfonso Dastis on Conflict Zone https://t.co/p62WS3HTq1'
930557004044697600,2017-11-14 22:04:13,"b""RT @cwsmonden: Fully funded Oxford PhD, anyone? I'm looking for a student for my ERC funded FAMSIZEMATTERS project. https://t.co/QLOqeqGxhf\xe2\x80\xa6"""
930394966194638849,2017-11-14 11:20:20,b'RT @PSAdemocracy: Call for application for an early career fellowship. Among others to work with @alanjrenwick on referendums and deliberat\xe2\x80\xa6'
930079229982728192,2017-11-13 14:25:43,b'RT @SortitionNow: Participatory democracy and #sortition session @WFDemocracy\nhttps://t.co/KPoWCeUfx0'
928270642083913729,2017-11-08 14:39:02,b':) https://t.co/xYVXs7ymza'
927957030555529216,2017-11-07 17:52:51,"b""RT @_SofieMarien: Leuvense collega's stellen vandaag #ICCS2016 resultaten voor. Volledig rapport met bijzonder boeiende resultaten: https:/\xe2\x80\xa6"""
925636903784931328,2017-11-01 08:13:30,b'RT @DelDemUCan: Still accepting panel proposals on #democraticinnovations @ECPR 2018. Check out this poster/contact @NicoleCurato &amp; @_Sofie\xe2\x80\xa6'
925293357206855680,2017-10-31 09:28:22,b'RT @_SofieMarien: Gender biases are deep-seated and hard to erase. New study in Politics &amp; Gender https://t.co/8NSM8FjISL @FSW_KULEUVEN htt\xe2\x80\xa6'
925292497080897536,2017-10-31 09:24:57,b'RT @kimgron: Read why we need perspective-taking in politics: Empathy in a Citizen #Deliberation Experiment. #PoliSci https://t.co/22HGt3P6\xe2\x80\xa6'
925075349658062848,2017-10-30 19:02:05,b'A new bedtime book... https://t.co/DeeY6U9I9B'
924380503041630209,2017-10-28 21:01:00,"b""Analysis | Catalonia's three ways forward https://t.co/UgTIbg6DCB"""
924316020512305152,2017-10-28 16:44:46,b'The study I have been looking forward to! \xe2\x98\xba https://t.co/4DntxSQGpi'
923654175124328449,2017-10-26 20:54:50,"b'RT @iescolar: Ahora m\xc3\xa1s que nunca, necesitamos un periodismo libre y plural. Hazte socio, hazte socia de @eldiarioes -&gt; https://t.co/XTuVyG\xe2\x80\xa6'"
923500570475941889,2017-10-26 10:44:28,b'RT @CasMudde: This is what happens when people think #populism started in 2015... https://t.co/oVeXMBKwYr'
922445907395796992,2017-10-23 12:53:37,"b'RT @oidpoidp: Yesterday, the Italian regions of Lombardy and Veneto held referendums to request greater autonomy https://t.co/lE06KttHpV ht\xe2\x80\xa6'"
921726519130624000,2017-10-21 13:15:01,b'RT @ainagallego: The Spanish government reveals its true authoritarian face. They never tried to negotiate or persuade but to crush resista\xe2\x80\xa6'
921722126771597312,2017-10-21 12:57:34,"b""RT @AdaColau: Rajoy ha susp\xc3\xa8s l'autogovern de Catalunya pel qual tanta gent va lluitar. Un atac greu als drets i llibertats de tots, aqu\xc3\xad i\xe2\x80\xa6"""
920883687230771200,2017-10-19 05:25:54,b'RT @WileyPolitics: Via @ECPR Cherry-picking participation: Explaining the fate of proposals from participatory processes https://t.co/j0eie\xe2\x80\xa6'
920598415121305600,2017-10-18 10:32:20,"b'RT @TheLSECourse: Can a more participatory #democracy create a more nuanced and active democratic system, as @GeorgeMonbiot suggests?\n http\xe2\x80\xa6'"
920569229975457793,2017-10-18 08:36:22,b'RT @kimgron: The Spanish government can\xe2\x80\x99t just pretend it\xe2\x80\x99s not happening. A unified Spain might be saved by offering Catalonia something.\xe2\x80\xa6'
920364508262125568,2017-10-17 19:02:52,b'RT @jaumeclotet: Tens of thousands protest in the streets of #Barcelona and other Catalan cities after the arrest of two leaders of the civ\xe2\x80\xa6'
920177347868979200,2017-10-17 06:39:10,b'RT @dfarrell_ucd: Hurricane Ophelia: a warning on climate inertia https://t.co/rpnkpaQ5hT @IrishTimes Makes @CitizAssembly deliberations al\xe2\x80\xa6'
920166888205881344,2017-10-17 05:57:36,b'RT @NicoleCurato: Thinking of going to @ECPR conf 2018?@_SofieMarien &amp; I are accepting panel proposals for #democraticinnovations section.\xe2\x80\xa6'
920046996383260672,2017-10-16 22:01:12,b'RT @Independent: A Spanish judge has just jailed two Catalan independence leaders https://t.co/sDGf5HSmYE'
919998721680605189,2017-10-16 18:49:22,"b'RT @oidpoidp: Globally, Broad Support for Representative and Direct Democracy https://t.co/OxnWS5Ao3s @pewresearch #Democracy #Governance #\xe2\x80\xa6'"
919869134476898304,2017-10-16 10:14:26,"b""RT @SortitionNow: First #sortition Canberra citizens' jury is underway... https://t.co/4gTAKwaRBj"""
918934602781216768,2017-10-13 20:20:56,"b'""democracies need open-minded introverts"" https://t.co/ZVcd2H4J67'"
918530542605426693,2017-10-12 17:35:21,"b'RT @participedia: New look, same great approach to teaching &amp; innovating #democracy in schools! @DemInPractice https://t.co/dIOiEr8I0o'"
918420413255995392,2017-10-12 10:17:44,b'RT @democracynow: Spain Moves to Suspend Catalonia\xe2\x80\x99s Autonomy #CataloniaIndependence https://t.co/afPs25Jc6Z https://t.co/DncJKDAA9G'
918392777809022979,2017-10-12 08:27:55,"b'RT @DelDemUCan: Our seminar next week,17/10, Tue,11am: A polychrome approach to social movements &amp; public deliberation, S Guillen @ANUCrawf\xe2\x80\xa6'"
918391829162348544,2017-10-12 08:24:09,b'RT @JBeattieMirror: El Pais used to be a great liberal paper. Now it has reportedly sacked John Carlin for writing article in Times sympath\xe2\x80\xa6'
918186212367708166,2017-10-11 18:47:06,"b'RT @VicencNavarro: Despu\xc3\xa9s de llamarme secesionista, espero que @el_pais rectifique esta falsedad por dignidad y \xc3\xa9tica period\xc3\xadstica. https:\xe2\x80\xa6'"
918107877113581568,2017-10-11 13:35:50,b'RT @oidpoidp: L\xe2\x80\x99Assembl\xc3\xa9e nationale fran\xc3\xa7aise a ouvert une consultation publique pour renforcer la participation des citoyens https://t.co/\xe2\x80\xa6'
917811767123890177,2017-10-10 17:59:12,"b'RT @catalannews: \xe2\x9a\xa0\xef\xb8\x8f\xc2\xa0Puigdemont accepts the mandate of the Catalan people ""to develop an independent state"" but proposes a postponement to g\xe2\x80\xa6'"
917811280777490436,2017-10-10 17:57:16,"b'RT @democracynow: Breaking: #Puigdemont says: ""Catalonia has won the right to be independent"" &amp; proposes suspending declaration of independ\xe2\x80\xa6'"
917073458454024194,2017-10-08 17:05:25,b'RT @ECPR: Can Participatory Reforms Save Representative Democracy? So ask @kimgron  &amp; Brigitte Gei\xc3\x9fel in #ecprjs18 \xf0\x9f\x87\xa8\xf0\x9f\x87\xbe Workshop https://t.co\xe2\x80\xa6'
916058755971809280,2017-10-05 21:53:21,b'Aclaraciones sobre las tergiversaciones que se est\xc3\xa1n reproduciendo en el debate nacional - P\xc3\xbablico https://t.co/jUzNAEqKIJ'
916049358423957504,2017-10-05 21:16:01,b'A great podcast on #sortition https://t.co/j2PZG1oFnf'
915600313448566784,2017-10-04 15:31:40,b'RT @PJTheEconomist: Those in born in 1980s have only half the wealth by age 31 of those born in 1970s. Remarkable reversal. https://t.co/mM\xe2\x80\xa6'
915471326479097856,2017-10-04 06:59:07,"b'RT @CCC_Research: Spain\'s use of heavy-handed police tactics ""is an attack on democratic dissent"" says Prof Michael Keating: https://t.co/5\xe2\x80\xa6'"
915467197111291904,2017-10-04 06:42:43,b'RT @carolgalais: Por salvar la Espa\xc3\xb1a de 1978 se han cargado la de 2018.'
915466800191635456,2017-10-04 06:41:08,"b'RT @OliverEscobar: Astonishing intervention by the Spanish king -nothing on state violence or need for dialogue. His duty is to all, today\xe2\x80\xa6'"
915330144524472327,2017-10-03 21:38:07,"b""RT @paulmasonnews: In Barcelona ppl fear state of emergency and deployment of troops thanks to King Felipe's speech. EU must put Spain on n\xe2\x80\xa6"""
915297972040163328,2017-10-03 19:30:16,"b'RT @ahorapodemos: ""Nunca hab\xc3\xadamos visto al Rey del Estado tomar parte as\xc3\xad y dejar fuera de su discurso a millones de espa\xc3\xb1oles"" @pnique en\xe2\x80\xa6'"
915282458370871297,2017-10-03 18:28:37,b'RT @FT: The Catalan president evaded helicopters tracking him by parking under a bridge and swapping cars so he could vote https://t.co/W6T\xe2\x80\xa6'
915166041726210049,2017-10-03 10:46:01,"b'RT @ainagallego: People pushing the police out of Catalonia. Massive support of the strike. For better or for worse, the uprising feels uns\xe2\x80\xa6'"
915142549475610624,2017-10-03 09:12:40,"b'RT @SortitionNow: What do 99 informed, deliberating citizens selected using #sortition think about how to address climate change? https://t\xe2\x80\xa6'"
915119358267072512,2017-10-03 07:40:31,"b'RT @allegretto70: The International Symposium on Participatory Budgeting starts in Taipei,with mayor Wen-je Ko remarking his political comm\xe2\x80\xa6'"
914911124075802624,2017-10-02 17:53:04,b'RT @ManuelaCarmena: No se puede olvidar la voluntad de tantos catalanes que quieren expresarse. \xc2\xa1Qu\xc3\xa9 gran error! Tanta violencia por no hab\xe2\x80\xa6'
914895009140428800,2017-10-02 16:49:02,"b'RT @ClaudiaChwalisz: Deliberative poll shows that when given evidence and the time to deliberate, a majority favour keeping free movement a\xe2\x80\xa6'"
914878476947267585,2017-10-02 15:43:21,b'RT @participedia: Citizens\xe2\x80\x99 Assembly on #Brexit: results and initial reflections https://t.co/0EMS759zJ1'
914822861868687360,2017-10-02 12:02:21,b'A great privilege to be @ the CC  weekend of fascinating #CitizensAssembly! Thanks @dfarrell_ucd &amp; @_SofieMarien for the opportunity!'
914606905896599552,2017-10-01 21:44:13,"b'Genius citizens, have hidden the ballot boxes and started to play domino :) https://t.co/kjuPf1bzbS'"
914600547034058752,2017-10-01 21:18:57,b'#shameonyouspain https://t.co/92URQVmnjl'
914599782450163712,2017-10-01 21:15:55,b'#DIMISIONRAJOY https://t.co/eoXgEsdljF'
914599664749563906,2017-10-01 21:15:27,b'RT @saulocorona: 1000\xc2\xb4s have packed #Madrid\xc2\xb4s Sol square to protest Spanish police attack on peaceful #CatalanReferendum voters #1Oct https\xe2\x80\xa6'
914599096551428097,2017-10-01 21:13:11,b'RT @mattcarthy: Let this sink in. An EU state is using armed police to forcibly prevent citizens from voting!\nSilence isnt an acceptable re\xe2\x80\xa6'
914598948618276864,2017-10-01 21:12:36,b'Bcn Town Hall offers https://t.co/oqQCLm2OCa'
914540007410593793,2017-10-01 17:18:23,b'RT @DominiqueVanpee: Alles OK? #BartMaddens #Barcelona #Spanje @CharlesMichel @dreynders @KU_Leuven @LucSels #democratie #Spanje #referendu\xe2\x80\xa6'
914539790825123841,2017-10-01 17:17:32,"b'RT @VTMNIEUWS: Vlaamse professor Bart Maddens hard aangepakt in Barcelona. ""Logo van Cataloni\xc3\xab werkte als rode lap op stier."" https://t.co/\xe2\x80\xa6'"
914536189629214721,2017-10-01 17:03:13,b'RT @FCBarcelona: https://t.co/jL7OypklCW'
914533660912693249,2017-10-01 16:53:10,"b'RT @lizcastro: Hey World, you know what can you do? You can call your political representative right now and tell them you are horrified at\xe2\x80\xa6'"
914530774220771328,2017-10-01 16:41:42,"b'RT @OliverEscobar: May come as a shock in global public sphere, but heavy-handed approach of Spanish police is a constant in Spanish histor\xe2\x80\xa6'"
914522325462241281,2017-10-01 16:08:08,b'#Catalonia...my second homeland...'
914522015176036352,2017-10-01 16:06:54,"b""It's the time when you must type yr fieldnotes from an amazing event by democratic citizens, but u watch videos &amp; cry ...of impotency.."""
914518835419582466,2017-10-01 15:54:15,b'RT @Madrid129_: Derecho a decidirlo todo. Solidaridad con Catalu\xc3\xb1a en una vulneraci\xc3\xb3n de derechos escandalosa. #HolaDemocracia #RajoyDimisi\xe2\x80\xa6'
914517996554604544,2017-10-01 15:50:55,"b'RT @Irene_Montero_: Hoy somos m\xc3\xa1s las mujeres hartas del porrazo y la fuerza bruta. Queremos pol\xc3\xadtica de fraternidad y convivencia, feminis\xe2\x80\xa6'"
914517806376505344,2017-10-01 15:50:10,b'RT @CatalansForYes: Spanish police attacking Catalan firefighters who were trying to protect #CatalanReferendum voters. https://t.co/3ipPH3\xe2\x80\xa6'
914514376475992067,2017-10-01 15:36:32,b'RT @Madrid129_: #M\xc3\xa1sDemocracia #OtraConstituci\xc3\xb3nEsPosible #Verg\xc3\xbcenza las im\xc3\xa1genes que estamos viendo hoy. Nos vemos esta tarde en Sol. #1O\xe2\x80\xa6'
914514170300821504,2017-10-01 15:35:43,"b'RT @jordimunozm: Neus Catal\xc3\xa0, Ravensbr\xc3\xbcck nazi camp survivor, voting today in Catalonia https://t.co/D9tDOOO4JW'"
914510651372003328,2017-10-01 15:21:44,b'RT @gabrielrufian: 900 imputados\n65 casos de corrupci\xc3\xb3n\n5 tesoreros investigados\n465 heridos\n\nBalance de Rajoy.\n\n#CatalanReferendum'
914509475637317632,2017-10-01 15:17:04,"b'RT @taniaverge: Police attacks continue #CatalanReferendum. 465 citizens have been injured.\nNot yet a EU affair, @EU_Commission @JunckerEU?\xe2\x80\xa6'"
914460123384500224,2017-10-01 12:00:57,b'RT @CitizAssembly: The #CitizensAssembly will reconvene on topic of How the State can make Ireland a leader in tackling climate Change on N\xe2\x80\xa6'
914456044755128331,2017-10-01 11:44:45,"b""RT @AdaColau: He votat indignada per la repressi\xc3\xb3 policial, per\xc3\xb2 tamb\xc3\xa9 esperan\xc3\xa7ada per l'exemplar resposta de la ciutadania #M\xc3\xa9sDemocr\xc3\xa0cia\xe2\x80\xa6"""
914450431908175873,2017-10-01 11:22:27,b'An amazing speech #CitizensAssembly #deliberation https://t.co/3nTyzXppKn'
914449993758584834,2017-10-01 11:20:42,"b'RT @OwenJones84: The whole world is watching you, @marianorajoy. Your brutal war on democracy is an international disgrace. #CatalanReferen\xe2\x80\xa6'"
914449926595252227,2017-10-01 11:20:26,"b""RT @GreekAnalyst: You know you're on the losing side of a fight / debate / question of national importance, when u end up brutalizing grand\xe2\x80\xa6"""
914449729458667527,2017-10-01 11:19:39,"b'RT @thosjleeper: In many situations, a successful peaceful protest is one that generates police violence because it lends moral superiority\xe2\x80\xa6'"
914449328537833473,2017-10-01 11:18:04,"b'Do you have something to say, @EU_Commission? #Catalonia https://t.co/iAAXweW4nB'"
914437352935870464,2017-10-01 10:30:29,"b'RT @ConUnit_UCL: Second #BrexitAssembly vote, on trade beyond the EU: strong preference by members for option B (bespoke trade deal outside\xe2\x80\xa6'"
914433956459708416,2017-10-01 10:16:59,"b'How do I heat, power and service my home and place of work? Exciting questions coming from citizen #deliberators @CitizAssembly !'"
914432038001938433,2017-10-01 10:09:21,"b""RT @taniaverge: This is what defines Spanish 'democracy' today. An insult to EU Treaty, article 7. Act accordingly @EU_Commission @JunckerE\xe2\x80\xa6"""
914429710427459587,2017-10-01 10:00:06,b'RT @CitizAssembly: The #CitizensAssembly members now pose questions to the experts in a Q&amp;A session. Watch https://t.co/RbEEqBuUVR'
914429488389349381,2017-10-01 09:59:13,b'RT @NicolaSturgeon: Some of the scenes in #Catalonia this morning are quite shocking and surely unnecessary. Just let people vote. https://\xe2\x80\xa6'
914429214660677632,2017-10-01 09:58:08,"b'RT @AdaColau: Las actuaciones policiales contra poblaci\xc3\xb3n pac\xc3\xadfica deben parar. Hoy todos, en Catalunya y en el Estado, tenemos que exigir\xe2\x80\xa6'"
914411675742298112,2017-10-01 08:48:27,"b'RT @CitizAssembly: Marie Donnelly,Former Director Renewables and DG of Energy @EU_Commission on How do I heat,power&amp;service my home&amp;work?#C\xe2\x80\xa6'"
914409547590197248,2017-10-01 08:39:59,b'RT @dfarrell_ucd: Awful scenes from Catalonia. https://t.co/Vc8fufkVLu'
914409354488614912,2017-10-01 08:39:13,"b'RT @CitizAssembly: Chair of the #CitizensAssembly, Justice Mary Laffoy, welcomes the Assembly. Watch https://t.co/RbEEqBuUVR https://t.co/s\xe2\x80\xa6'"
914407887430148096,2017-10-01 08:33:23,"b""RT @CitizAssembly: The three presentations at today's meeting of the #CitizensAssembly will focus on the topic of energy. Watch https://t.c\xe2\x80\xa6"""
914397437778853888,2017-10-01 07:51:52,"b'RT @RocioCruz1977: Si impiden votar all\xc3\xad,ma\xc3\xb1ana te impedir\xc3\xa1n votar A T\xc3\x8d #NoEnMiNombre \n#CatalanReferendum #1oct #votarem #referendumCAT htt\xe2\x80\xa6'"
914397386893651968,2017-10-01 07:51:40,"b'RT @jordievole: Los que idearon este plan para evitar el refer\xc3\xa9ndum, igual no saben que lo que han provocado es que hoy Catalu\xc3\xb1a se vaya de\xe2\x80\xa6'"
914397269746692096,2017-10-01 07:51:12,b'RT @CitizAssembly: #CitizensAssembly meet today to discuss How the State can make Ireland a leader in tackling climate change. https://t.co\xe2\x80\xa6'
914397162951385088,2017-10-01 07:50:46,b'Will EU do something or not!? https://t.co/G8pJ3twKmj'
914394815260917760,2017-10-01 07:41:27,b'RT @CridaDemocracia: \xe2\x9d\x97\xef\xb8\x8fSpanish police raiding over peaceful people at a polling station in Barcelona. Please spread the news! #catalanrefer\xe2\x80\xa6'
914394431926697986,2017-10-01 07:39:55,b'#CatalanReferendum https://t.co/nOZFEagGfk'
914382500595683328,2017-10-01 06:52:31,b'RT @AdaColau: Que el clam pac\xc3\xadfic de Catalunya per #M\xc3\xa9sDemocr\xc3\xa0cia es manifesti en una jornada on la ciutadania sigui protagonista\nBon #1Oct!'
914373803421126657,2017-10-01 06:17:57,"b""RT @nytimes: Catalans occupy polling stations, intent on keeping them open for Sunday's referendum, defying Spain's government https://t.co\xe2\x80\xa6"""
914216945045659649,2017-09-30 19:54:39,b'My heart will be with #Catalonia tomorrow!'
914199905295568897,2017-09-30 18:46:57,b'RT @AnitaBotwin: Parece m\xc3\xa1s legal cantar el cara al sol que poner urnas. Tenemos un gran problema y no es con Catalu\xc3\xb1a precisamente'
914198187342225408,2017-09-30 18:40:07,"b""RT @ConUnit_UCL: The proceedings of today's #BrexitAssembly end with @alanjrenwick taking the votes off for counting overnight. Huge enthus\xe2\x80\xa6"""
914160847353761798,2017-09-30 16:11:44,b'RT @CitizAssembly: The #CitizensAssembly members now present their feedback following private roundtable https://t.co/AIgg3o1WlP https://t.\xe2\x80\xa6'
914143657804144641,2017-09-30 15:03:26,"b'RT @CitizAssembly: Brian Carroll,Assist Secretary General leading Climate,Action&amp;Env function @Dept_CCAE on the National Mitigation Plan #C\xe2\x80\xa6'"
914138179984412672,2017-09-30 14:41:40,"b'There are so many interesting, wise and timely questions on climate change raised by deliberators at @CitizAssembly! #competentcitizens'"
914128464999051265,2017-09-30 14:03:04,"b'RT @CitizAssembly: Dr.Saji Varghese,Head of Research,Environment&amp;Applications Division@MetEireann on Current Status of Climate in Ireland#C\xe2\x80\xa6'"
914079116617543680,2017-09-30 10:46:58,"b""RT @UKAssemblies: We're in Manchester for the final weekend of the Citizens' Assembly on Brexit. See here for info: https://t.co/mq4Bm60L0S\xe2\x80\xa6"""
914077083608977408,2017-09-30 10:38:54,"b""RT @dfarrell_ucd: Here's how you can watch the proceedings of the @CitizAssembly #CitizensAssembly https://t.co/keGPpf5GA0"""
914076993938952192,2017-09-30 10:38:32,"b'RT @CitizAssembly: Laura Burke, Director General of the @EPAIreland presenting on climate change in a broader environmental context #Citize\xe2\x80\xa6'"
914076948837601280,2017-09-30 10:38:21,"b""RT @CitizAssembly: The #CitizensAssembly now breaks for coffee. We'll be live again at 11.00am on https://t.co/9z687JnEbs"""
914076835457191937,2017-09-30 10:37:54,b'Incredibly well-organized and a fascinating @CitizAssembly Meeting on Climate Change. https://t.co/cl5P0o0WmR'
914047655365480450,2017-09-30 08:41:57,b'Super excited about the @CitizAssembly  weekend on Climate Change #deliberation https://t.co/z1BEDFc7TD'
913651125735378944,2017-09-29 06:26:17,b'@IPSR_Journal @AChryssogelos @IneGoovaerts2 This might ve helpful?'
913454824179593217,2017-09-28 17:26:15,"b""RT @thosjleeper: @aecoppock Indeed. I've written about this previously: https://t.co/pIyw5bBt17"""
913331326056529921,2017-09-28 09:15:31,b'The Winner Takes It All. @_SofieMarien &amp; Anna Kern https://t.co/7yjn2fYhIE'
913330657736232960,2017-09-28 09:12:52,"b""RT @AdaColau: I've sent a letter to 27 European mayors asking them to support our call for the EU to mediate between the Catalan &amp; Spanish\xe2\x80\xa6"""
913301187822342145,2017-09-28 07:15:46,b'RT @DelDemUCan: Our DECRA Fellow @NicoleCurato will engage in deliberative book tour on her book on PH politics. Check out the dates/venues\xe2\x80\xa6'
913300849270693888,2017-09-28 07:14:25,"b""RT @_RealDemocracy: Keep an ear out for next week's episode of the podcast with @jgastil about recent Legislature by Lot workshop https://t\xe2\x80\xa6"""
913099132344180740,2017-09-27 17:52:52,"b'RT @CitizAssembly: The #CitizensAssembly published 1,184 submissions on Climate Change. These are available to read on the CA website https\xe2\x80\xa6'"
913037579846651911,2017-09-27 13:48:17,b'Scientists see opportunity and risks in Catalan independence : Nature News &amp; Comment https://t.co/e650QhUHoV v\xc3\xada @NatureNews'
912735271522889730,2017-09-26 17:47:01,b'#FreePiolin :) https://t.co/o4IH3T6EOo'
912665045527597057,2017-09-26 13:07:58,b'Looking forward to observing it. :) https://t.co/uhJtf5ml4x'
912664754543583234,2017-09-26 13:06:48,"b""'only half of the cases where people voted for independence, did they get it without violence' https://t.co/NQGBViSBii"""
912639165375840256,2017-09-26 11:25:07,b'Las Tres Espa\xc3\xb1as... https://t.co/ZjSYXpfhnL'
912611969953419264,2017-09-26 09:37:03,b'This should be a lesson for the Spanish Government! https://t.co/DQIM3vgwkQ'
912606059734462470,2017-09-26 09:13:34,b'RT @oidpoidp: What are the burning issues in Swiss votes? https://t.co/b6icRVCV74 @swissinfo_en'
911483689586057217,2017-09-23 06:53:40,b'Democracy beyond the ballot box! a fantastic animation video! https://t.co/paZRAMiD0w'
911336312128638977,2017-09-22 21:08:03,"b'RT @jordievole: 10 a\xc3\xb1os de Salvados.\n10 a\xc3\xb1os de Proc\xc3\xa9s.\n""La historia interminable""\nEste domigo, \xc2\xbf\xc3\xbaltimo episodio? https://t.co/rVFASPN2df'"
911333625764958208,2017-09-22 20:57:22,"b""@NicoleCurato @kimgron Yes!!! Super excited about @kimgron and the team's article on empathy! Thank you @NicoleCurato! \xf0\x9f\x92\x96"""
910817172821303296,2017-09-21 10:45:10,b'#Iwanttovote #CatalanReferendum2017 https://t.co/Mi6Yo6b4Yp'
910760058664968192,2017-09-21 06:58:13,"b""#Iwanttovote #CatalanReferendum \nThe Latest: Spain's PM warns Catalan officials to drop vote https://t.co/dj1wl6iS9S"""
910757114792071169,2017-09-21 06:46:31,b'RT @KateSB: The photo. Spontaneous protest in Barcelona in support of right to self-determination of Catalonia https://t.co/FKvVOdnoJt'
910731408565526528,2017-09-21 05:04:23,b'RT @EdgarFdz: Vic. Reus. Tarragona. Barcelona. https://t.co/CcEaK6uzX2'
910502133354647553,2017-09-20 13:53:19,"b'Super enlightening, creative and productive day with @NicoleCurato! Thank you, @_SofieMarien and Ellen Claes for the organization!'"
910228169017495553,2017-09-19 19:44:41,b'A participative budgeting initiative in Paris https://t.co/I1fvMIW0Fe'
910227962527719425,2017-09-19 19:43:52,"b'Democratic Innovation Strategy of Creative, Productive and Communicative Power for Barcelona #decidimbcn\xe2\x80\xa6 https://t.co/vAqJPZ0Jhr'"
909711190498136064,2017-09-18 09:30:24,b'an excellent study by @_SofieMarien and Anna Kern! https://t.co/2sECDFTVep'
909163832060325889,2017-09-16 21:15:23,"b""'...everything takes time. Coming up with compelling research takes time. Data collection takes time. Data analysis\xe2\x80\xa6 https://t.co/ucs946kxnn"""
908392984588247040,2017-09-14 18:12:19,"b""RT @lizcastro: Barcelona's Mayor @AdaColau confirms City Council will facilitate polling stations and ballot boxes for #Oct1 referendum on\xe2\x80\xa6"""
908392891218894848,2017-09-14 18:11:57,"b""RT @tjparfitt: Spain. Year 2017. You can't debate, vote, inform about, host an event, have website, have electricity on, or post anything a\xe2\x80\xa6"""
908315615823257600,2017-09-14 13:04:53,b'RT @YouGov: How big a Brexit divorce bill would Brits accept? Answer depends more on the options you show than the actual amount https://t.\xe2\x80\xa6'
908312134618161152,2017-09-14 12:51:03,b'a powerful piece on juggling an academic career and parenthood. https://t.co/fPmyck3Zx0'
908296013387124737,2017-09-14 11:46:59,b'RT @DecideMadrid: Hasta el 15/9 ap\xc3\xbantate para desarrollar herramientas para la democracia https://t.co/JYsY49hUyG\n#docker #git  #UI #python\xe2\x80\xa6'
908064238538649600,2017-09-13 20:26:00,"b""RT @FT: 'If Madrid continues to treat Spain\xe2\x80\x99s constitution as a tablet of stone, the time for common sense will soon pass' https://t.co/kon\xe2\x80\xa6"""
907934557655240705,2017-09-13 11:50:41,b'RT @VPW_be: Call for papers open! https://t.co/TYOYW6uqcE'
907906896341950464,2017-09-13 10:00:46,b'Enthusiastic programmers r needed for a democratic innovation project @ Madrid: https://t.co/hRl8jQmHZg @medialabprado #democraticinnovation'
907906070479294464,2017-09-13 09:57:29,b'@medialabprado #democraticinnovations \nInteligencia Colectiva para la Democracia 2017: https://t.co/hRl8jQmHZg'
907857398144098305,2017-09-13 06:44:05,b'RT @_RealDemocracy: Madrid as a democracy lab | openDemocracy https://t.co/tbQLuA560s'
907686579002658820,2017-09-12 19:25:19,b'@_SofieMarien It was a very inspiring talk which for sure will help us to get through the moments of despair in fut\xe2\x80\xa6 https://t.co/4BDWpZtxnn'
907498579031457798,2017-09-12 06:58:16,"b""RT @ConUnit_UCL: NEW BLOG @alanjrenwick reflects on a highly successful first weekend of the Citizens' Assembly on Brexit https://t.co/Ip1b\xe2\x80\xa6"""
907339246477901824,2017-09-11 20:25:08,b'RT @DemInPractice: A House of Citizens? Another proposal for a randomly selected chamber in #Parliament: https://t.co/jeytBuk602'
907247889184894976,2017-09-11 14:22:07,b'RT @DelDemUCan: Our research fellow @NicoleCurato &amp; associate @_SofieMarien are convening democratic innovations panels. Send them your pit\xe2\x80\xa6'
907247593398337537,2017-09-11 14:20:56,b'Legislature by Lot: An Alternative Design for Deliberative Governance? https://t.co/RQB9cr89Vc'
906945005062901766,2017-09-10 18:18:34,"b'RT @involveUK: We worked them hard, but #BrexitAssembly wkend one was a fantastic success. We return in 3 weeks to make recommendations. #d\xe2\x80\xa6'"
906927542803865601,2017-09-10 17:09:10,b'RT @jordimunozm: Spanish police raids aim to halt Catalan independence vote https://t.co/rj8xClFz6V'
906792568863821825,2017-09-10 08:12:50,b'RT @angusarmstrong8: #brexitassembly Lots of very interesting concerns - not discussed by politicians - from citizens on which Brexit deal\xe2\x80\xa6'
906454833355522048,2017-09-09 09:50:48,"b""RT @ConUnit_UCL: We have a brilliant turnout of 51 people - that's 100% - at today's #brexitassembly. Here's how they were chosen: https://\xe2\x80\xa6"""
906236771012415495,2017-09-08 19:24:17,"b'@_SofieMarien That is wonderful! Who is presenting, Sofie? A, I or H? :)'"
903312107600584707,2017-08-31 17:42:43,"b""#sortition Citizens' Assembly...Call for constitutionally-protected right to a healthy environment https://t.co/KtbWtiTdSs"""
899310284384460800,2017-08-20 16:40:54,b'RT @thosjleeper: Further evidence that #mturk provides reliable samples for use in experimental research. cc @aecoppock @jeremyfreese https\xe2\x80\xa6'
895355771646607360,2017-08-09 18:47:05,b'RT @bruceestokes: Most Americans trust the military and scientists to act in the public\xe2\x80\x99s interest https://t.co/qRB7C0Agad https://t.co/s5i\xe2\x80\xa6'
893452087568326657,2017-08-04 12:42:31,b'Prof Landemore on cognitive diversity and the power of mini-publics! https://t.co/xCBTvOdPwc'
893106891609559042,2017-08-03 13:50:50,"b'RT @ECPR: PhD in Democratic Innovation &amp; Democratic Legitimacy, Center for #PolSci Research @KU_Leuven  \xf0\x9f\x87\xa7\xf0\x9f\x87\xaa https://t.co/FwodtNVbpL Apply by\xe2\x80\xa6'"
892497892975546368,2017-08-01 21:30:54,b'@_SofieMarien a superb dinner! xx'
892497778974261250,2017-08-01 21:30:26,b'RT @_SofieMarien: International dinner with the international team ! https://t.co/5cBl7yZFmM'
890906764874481664,2017-07-28 12:08:19,"b'RT @ECPR: PhD in Democratic Innovation &amp; Democratic Legitimacy, Center for #PolSci Research @KU_Leuven \xf0\x9f\x87\xa7\xf0\x9f\x87\xaa https://t.co/FwodtNVbpL Apply by\xe2\x80\xa6'"
890095876403851264,2017-07-26 06:26:08,b'RT @_RealDemocracy: Do we need to engage citizens more often to build their skills? Listen to ep2.2 for more on this: https://t.co/JC2wtywI\xe2\x80\xa6'
889804687494578176,2017-07-25 11:09:03,b'RT @_SofieMarien: Looking for a #postdoc to join our team @FSW_KULEUVEN https://t.co/2QpGdnN763 Spread the word!'
889804616988282880,2017-07-25 11:08:47,b'RT @_SofieMarien: Hiring! Spread the word! PhD Researcher (m/f) - Democratic innovation and democratic legitimacy https://t.co/TvoBF7fEMj'
889103721447161858,2017-07-23 12:43:40,"b'@_SofieMarien Yes, I did, to be honest! :) and nearly there with this one ;) Yes, lots of things to tell you about\xe2\x80\xa6 https://t.co/gu0tat9Lhn'"
889044894660145152,2017-07-23 08:49:55,b'...from a simply brilliant boss and an inspiring thesis supervisor! ;) @_SofieMarien https://t.co/MyidG1QOiW'
888050781231996928,2017-07-20 14:59:40,"b""RT @_RealDemocracy: What for you is the 'essence of a real democracy'? I'd love to include ur perspective on the #podcast. Listen here: htt\xe2\x80\xa6"""
888050090090385408,2017-07-20 14:56:55,b'Excellent opportunity! https://t.co/CLmXAVecNm'
887760935976394756,2017-07-19 19:47:55,"b""Citizens' Assembly on Brexit https://t.co/nL5dIJ5QMA v\xc3\xada @ukassemblies"""
887076349701222400,2017-07-17 22:27:37,b'RT @CLOSER_UK: Never a dull moment #ESRA17 https://t.co/zJYn2gHx0c'
867456742543814656,2017-05-24 19:06:18,b'RT @AcademicsSay: nature vs. nature | @pedrovelica https://t.co/XRBheAPxPf'
864030983280087040,2017-05-15 08:13:33,b'RT @YourPaperSucks: \xe2\x80\x9cI can see that the manuscript has archival value\xe2\x80\x9d https://t.co/FYBci7M7l7'
862399340832329728,2017-05-10 20:10:00,b'RT @nycjim: .@QuinnipiacPoll This just in\xe2\x80\xa6.via @QuinnipiacPoll: https://t.co/GenEZRtenl https://t.co/Cyr2mNt8R5'
854752173002981381,2017-04-19 17:42:53,b'RT @Evaanduiza: Quieres ayudarnos a investigar? Sorteamos un vale de 50\xe2\x82\xac en Amazon por 5 minutos de tu tiempo. Reg\xc3\xadstrate hoy! https://t.co\xe2\x80\xa6'
854751843334881283,2017-04-19 17:41:34,b'RT @VPW_be: What happens when we do not defend academic freedom: https://t.co/p0r1WUtn6q #istandwithCEU'
854751228957523968,2017-04-19 17:39:08,"b'RT @polexp3: Reg\xc3\xadstrate en nuestra plataforma. No s\xc3\xb3lo nos ayudas, tambi\xc3\xa9n puedes participar en un sorteo de 50\xe2\x82\xac en Amazon https://t.co/J2P\xe2\x80\xa6'"
854039381019152384,2017-04-17 18:30:30,b'RT @UPFBarcelona: A partir de dem\xc3\xa0 torna @ViquidonesUPF per lluitar contra la bretxa de g\xc3\xa8nere a la Viquip\xc3\xa8dia. https://t.co/xmEvzoBy4K #UP\xe2\x80\xa6'
854039092685877248,2017-04-17 18:29:21,"b'RT @ECPR: 4 Postdoctoral positions @ic3jm  Madrid, in #PolSci #Sociology &amp; #EconomicHistory Apply by 20 April https://t.co/ZYvCU6OHp5'"
854038686954029057,2017-04-17 18:27:44,"b'RT @J_Youngnews: Whatever the question, whatever the result, referenda polarise. And then political leaders call for unity... #Brexit #Turk\xe2\x80\xa6'"
851879762549190657,2017-04-11 19:28:57,b'https://t.co/CFX9qwejSD'
851875655918768128,2017-04-11 19:12:38,b'RT @polexp3: \xe2\x80\x9cPublic Opinion and Promoting Democracy in Autocracies:  Does Oil Matter?\xe2\x80\x9d https://t.co/VxVo2hJaeV'
814968736977473540,2016-12-30 22:57:42,b'Open Society Needs Defending by George Soros via @ProSyn https://t.co/bE64yED8Ol'
814966062743752709,2016-12-30 22:47:05,b'RT @nytopinion: Why @b_judah is not too happy about sharing his hometown with a Kyrgyz kleptocrat https://t.co/HgJDBiODB7 https://t.co/PKXE\xe2\x80\xa6'
814965709474299904,2016-12-30 22:45:41,b'London Rolls Out the Blood-Red Carpet for Kleptocrats https://t.co/cF4fRYmQe9'
812763478247243776,2016-12-24 20:54:48,b'RT @jordimunozm: Si hi responeu i la difoneu per les vostres xarxes ajudareu a la feina de joves investigadors. \xc3\x89s r\xc3\xa0pid. Gr\xc3\xa0cies! [Enquest\xe2\x80\xa6'
