id,created_at,text
906230757672280066,2017-09-08 19:00:24,b'@NFLGamePassEU Cut the commercials out of the replay. Watching on a connected TV is terrible when you have to stand\xe2\x80\xa6 https://t.co/yQ9Dzm3oxA'
906229260083503104,2017-09-08 18:54:27,b'@NFLGamePassEU That is good news for live games. Even more importantly pls remove ads/terrible dead time in replay\xe2\x80\xa6 https://t.co/RjxCvAfGTe'
869115809574117376,2017-05-29 08:58:51,b'@ultitweet Einige Sachen aus dem L&amp;F vom #Goldstrand9 sind meine. An wen kann ich mich wenden?'
643148564307292162,2015-09-13 19:45:41,b'Zeigt #rannfl auch alle Playoff Spiele?'
497138493785927680,2014-08-06 21:53:48,"b""RT @dragNthrust: Sweet Sixteen verses Germany's Heidees Mixed at 1pm Lecco time tomorrow.\n\nFor full bracket:... http://t.co/CgusrLVs2C"""
496410682913746945,2014-08-04 21:41:44,b'First game of Heidees Mixed at #wucc2014 is a 15:7 win over Element from Israel. Tomorrow against Batmania (Aus) and Vaasa Saints (Fin).'
495314540905922562,2014-08-01 21:06:03,"b'Arrived in Lecco for #wucc2014. After swimming, eating pizza and climbing 922m Monte Barro we are ready to play! http://t.co/rhddbjQ1tC'"
494025281959911425,2014-07-29 07:43:00,"b""First three pool games of @heidees Mixed at #WUCC2014: Sun. Batmania (1pm), @VaasaSaints (5pm) / Mon. @ElementUltimate (1pm) Can't wait!"""
493864825727234048,2014-07-28 21:05:24,b'RT @skydmagazine: WJUC 2014: USA vs Canada - Open Final (Full Game) http://t.co/eCjKSTyAxV'
493864365842788353,2014-07-28 21:03:35,b'Extra eingerichtet um von der #wucc2014 berichten zu k\xc3\xb6nnen! @piefke_s @wallzetten #LeccoMio'
