id,created_at,text
966256862596403201,2018-02-21 10:22:42,b'RT @sandbergrlaw: A personal message about the #ucustrike :\nSee also: https://t.co/yIuNDxtT3t https://t.co/7tLQO9P0rE'
963863385644371968,2018-02-14 19:51:53,b'RT @CardiffLaw: @LaurenCooperl7 @cardiffuni And the winning cake in the #StaffCompetition #GreatLegalBake #CongratsLauren'
963842436802994177,2018-02-14 18:28:38,b'RT @DrSharonThomp: How awesome is this? Lauren won first prize at the bake off @CardiffLaw today. So well deserved. https://t.co/ApbyHbHpOG'
963771206355881985,2018-02-14 13:45:36,"b'@sandbergrlaw Thank you, you were robbed!'"
963727816301928449,2018-02-14 10:53:11,b'RT @CardiffLaw: A staggering effort from one of our PGRs Lauren Cooper entering the #StaffCompetition #GreatLegalBake https://t.co/be6vOLWF\xe2\x80\xa6'
963727682428133377,2018-02-14 10:52:39,"b""Suffragette cake for today's #legalbakeoff @cardiffuni @CardiffLaw . Law themed, so I can definitely count this as\xe2\x80\xa6 https://t.co/LxuDR3rVem"""
