id,created_at,text
966413819609169921,2018-02-21 20:46:24,"b""RT @DrAndrewThaler: Something I started doing, and don't even remember when I started, but wish I had in grad school:\n\nI leave a page near\xe2\x80\xa6"""
966413218041090048,2018-02-21 20:44:00,"b""RT @ProfFeynman: I don't know anything, but I do know that\xc2\xa0everything is interesting\xc2\xa0if you go into it deeply enough. https://t.co/8VIuXMMh\xe2\x80\xa6"""
963603644569366533,2018-02-14 02:39:46,b'@melaniersilvis @massivesci @AlanYuhas This is fab! So proud \xf0\x9f\x98\x8d'
944322368612323329,2017-12-22 21:42:51,b'@massivesci @melaniersilvis \xf0\x9f\x8e\x89\xf0\x9f\x8e\x89\xf0\x9f\x8e\x89'
