id,created_at,text
964410529937674240,2018-02-16 08:06:02,b'Last minute (as usual :-)) ECSS Abstract submitted!!! @E_C_S_S @ECSSCongress #phdlife https://t.co/3UCcMPpp1r'
960825871685836800,2018-02-06 10:41:53,b'RT @PorcelliSimone: Interesting discussion about NIRS and Muscle oxidative capacity... and our comment \xf0\x9f\x98\x81\xf0\x9f\x98\x81 #NIRS @japplphysiol #mVO2 https:/\xe2\x80\xa6'
960635506110410754,2018-02-05 22:05:27,"b""It's bedtime..time to dream! #goodnightstoriesforrebelgirl #inspiration #dreambigger https://t.co/j6irdIBaoB"""
957947892223889409,2018-01-29 12:05:49,"b'#MondayMotivation #phdlife #phdadvice \n""If scientific writing and presenting were\nsports, these six communication p\xe2\x80\xa6 https://t.co/Ip7R1HdYGb'"
951525618365222914,2018-01-11 18:46:00,b'RT @PorcelliSimone: the best way to welcome a visiting researcher?! tetanic stimulations from @LetiziaRasica \xf0\x9f\x98\x82\xf0\x9f\x98\x82 thanks @miaburleigh8 #nitra\xe2\x80\xa6'
943160145386835968,2017-12-19 16:44:36,b'https://t.co/z6He9Hzu3u'
943160143524585477,2017-12-19 16:44:35,b'@PorcelliSimone We are not so far from space investigation!!\xf0\x9f\x98\x89 @giobianchi92 our little Guinea Pig \xf0\x9f\x98\x82\xf0\x9f\x98\x82 https://t.co/mG9UoXNDC4'
927465122834059264,2017-11-06 09:18:11,b'@MaryWoessner @LukeMcIlvenna @JasonDavidAllen Congratulations on your recent paper! https://t.co/nKUkQrSFae'
923136621058412544,2017-10-25 10:38:16,b'RT @PorcelliSimone: And finally also our group is hiring... \xf0\x9f\x98\x81\xf0\x9f\x8e\x89\xf0\x9f\x91\x8d please retweet or send me a sms if you are interested in aging &amp; exercise p\xe2\x80\xa6'
922375449279385601,2017-10-23 08:13:38,b'@lucy_zucca Good advice!! https://t.co/9sMTXzXkhG'
914190509911965696,2017-09-30 18:09:37,b'RT @PorcelliSimone: Three of our young students presenting their work... well done! Very proud of you \xf0\x9f\x92\xaa@LetiziaRasica @lucy_zucca @andreapi\xe2\x80\xa6'
886583441726345220,2017-07-16 13:48:59,b'In epicatechin we trust!!! @PorcelliSimone @lucy_zucca https://t.co/6bMS5jY1Mu'
869733714565124096,2017-05-31 01:54:11,"b""Don't miss it !!!!! \xf0\x9f\x98\x89 https://t.co/BulVrcq2pn"""
864387634097008640,2017-05-16 07:50:46,b'RT @lucy_zucca: From MRI study: how do diffusion and perfusion work during exercise? @PorcelliSimone @LetiziaRasica https://t.co/pt17wVAw2Q'
829823778364469252,2017-02-09 22:46:20,"b'RT @PorcelliSimone: Good way to conclude a hard day... Happy ""beet"" hours to all @lucy_zucca @LetiziaRasica @MarzoratiMauro @GabrieleScalis\xe2\x80\xa6'"
828190657818873857,2017-02-05 10:36:54,b'@PorcelliSimone I was thinking the same! Another clue of our good work \xf0\x9f\x98\x89'
827893029574934528,2017-02-04 14:54:14,b'RT @mike_mcguigan: Latest @StrengthofSci audio abstract with @MVFranchi research on responses to concentric and eccentric loading https://t\xe2\x80\xa6'
820345069341384704,2017-01-14 19:01:20,b'RT @lucy_zucca: Testing the elite Italian Kayakers @LetiziaRasica @PorcelliSimone @GabrieleScalise https://t.co/pib0ib7F5V'
815826785401245697,2017-01-02 07:47:17,b'RT @PHDcomics: Happy New Year everyone..! https://t.co/hzcw0kPKem https://t.co/WMD2dg3XYG'
811435313218265088,2016-12-21 04:57:09,b'RT @Marco_Cardinale: Qualcuno spieghi ai #poletti questo grafico del rapporto tra emigrazione e immigrazione tra i ricercatori. https://t.c\xe2\x80\xa6'
800273438732492800,2016-11-20 09:43:50,b'New lab! Looking forward to start new test! https://t.co/eyTl0tDsuQ'
800236532917354496,2016-11-20 07:17:11,b'Following a webinar about Rocket  (and beetroot) science...got it!  #beetroot #nitrate #purplepower @PorcelliSimone https://t.co/HW3sNCDPt6'
791606195085725696,2016-10-27 11:43:18,b'Ready for new experience! #firstday   #victoriauniversity #Melbourne #Australia'
788642892948570112,2016-10-19 07:28:12,b'RT @PorcelliSimone: Great day of experiments and interesting debrief meeting with the crew of BEetONAlps Expedition #nitrate #beetroot http\xe2\x80\xa6'
781962749928738816,2016-09-30 21:03:42,"b""Happy researchers' night to You! #meetmetonight2K16 #becomearesearcher @PorcelliSimone @lucy_zucca https://t.co/Zhvjo7roMF"""
781106863601582080,2016-09-28 12:22:43,b'RT @AcademicsSay: Sympathy cards for scientists | @tomgauld https://t.co/qmdgFrlmOv'
780090768891453441,2016-09-25 17:05:07,b'Very proud of my PhD tutor! https://t.co/YA0i4nXI1H'
776070274714312708,2016-09-14 14:49:06,b'RT @BlueSpotScience: Research from @PorcelliSimone suggests a high-nitrate diet could be feasible &amp; effective to improve exercise perf http\xe2\x80\xa6'
772452831320236032,2016-09-04 15:14:41,b'RT @Nutrients_MDPI: Effects of a Short-Term High-#Nitrate #Diet on #Exercise Performance\nhttps://t.co/OE16pEu7WA \n@PorcelliSimone'
771069755700744192,2016-08-31 19:38:50,b'Hoping the first of numerous! https://t.co/etOOYEBkII'
