id,created_at,text
968485745785737217,2018-02-27 13:59:30,b'RT @Josu_lg: Zein izan zen Popeyeren akatsa? Kimikaren bitxikeriak... https://t.co/G9Bufuhb0W  @zientzia_k'
922806291386589185,2017-10-24 12:45:39,b'https://t.co/4sfD0EKZ1h'
891306364844339200,2017-07-29 14:36:11,"b'RT @juanan: Lighthouses, IA contest /kudos to @tatai @lgazpio @abeaumont @marcan42 @imobilis https://t.co/LbBkKWXHgG #ee25 @txiomatika #2nd\xe2\x80\xa6'"
889861829983444992,2017-07-25 14:56:07,b'#EE25 hurrengo urte arte! https://t.co/4XTCNa5xuj'
889829864580231168,2017-07-25 12:49:06,b'@txiomatika @IxaTaldea @ibaidev  #EE25 UPV/EHU ph.D. students among the best on EE25 lighthouses Artificial intelli\xe2\x80\xa6 https://t.co/FWMavp6Ya8'
888739280956346368,2017-07-22 12:35:31,b'#EE25 contruyendo nuestros velocistas categoria n00b ;) gracias a #iberRobotics y la ayuda de Ivan Bermejo https://t.co/IV6NplnEV7'
882897660822396928,2017-07-06 09:43:00,b'RT @eagirre: Similarity benchmark for evaluating meaning representation models (selection spanning Semeval STS 2012-2017) https://t.co/rmXo\xe2\x80\xa6'
881823984089694208,2017-07-03 10:36:35,"b'RT @ueu_orokorra: @lgazpio eta Ander Barrena ""Wikidata -tik datuak ustiatzeko teknikak"" tailerra bideratzen #UI45 #ElkarEkin @ixataldea @eu\xe2\x80\xa6'"
881794644421599233,2017-07-03 08:40:00,b'@ueu_orokorra #wikidata @IxaTaldea. Wikidata tailerra abiatzeko prest! Tresna berriak ezagutzeko gogo handiz :) https://t.co/G5Jr18Mani'
880523778681217026,2017-06-29 20:30:02,b'RT @ueu_orokorra: .@lgazpio : \xe2\x80\x9cArduinoren  filosofia  \xe2\x80\x9czuk  zeuk  egin\xe2\x80\x9d  planteamenduarekin  bat  dator\xe2\x80\x9d https://t.co/XhaS79FaTm  #UI45 #El\xe2\x80\xa6'
869171901494702080,2017-05-29 12:41:44,b'#MTB #Iskibi aurten ere! https://t.co/sGVdbdq7lj'
867003586412253184,2017-05-23 13:05:37,"b'RT @ueu_orokorra: #UI45 BIHAR 11:00etan Udako Ikastaroen aurkezpena Iru\xc3\xb1ean, @katakrak54 n. Izena emateko epea zabalik https://t.co/ADfEZIV\xe2\x80\xa6'"
851840094856249344,2017-04-11 16:51:19,b'RT @zientzia_k: Ikaskuntza-irakaskuntzarekin lotutako teknologia ezagutu dugu @ehu_ekaia bidez: erantzunen kalifikazio automatikoa https://\xe2\x80\xa6'
851839779880804352,2017-04-11 16:50:04,"b'RT @zientzia_k: Hizkuntzaren Prozesamenduak informatika, adimen artifiziala, eta hizkuntzalaritza alorrak biltzen ditu haren baitan https:/\xe2\x80\xa6'"
844117886599925760,2017-03-21 09:26:01,b'RT @josi: inigo @lgazpio @ueu_orokorra #infoirakas lanak &amp; taldeak: https://t.co/9otEdL2ey5 v\xc3\xada @YouTube'
842336298853625857,2017-03-16 11:26:38,b'RT @predocasanblada: #Portada izan gara! Jarrai dezagun ikerlarion duintasunaren alde lanean!! @berria https://t.co/WwcTEvXWmY'
842336010994343937,2017-03-16 11:25:29,"b'The top 10 tricks of #Perl one-liners, by Ksplice https://t.co/octTXzDI9V'"
808816870409306112,2016-12-13 23:32:23,b'#SantaFunRun #edinburghchristmas https://t.co/LFmDQwAJGd'
801100617154314240,2016-11-22 16:30:45,"b'6 Automatikoki erazagututako antzekotasunak eta desberdintasunak kontuan hartuz, ikasmateriala automatikoki kalifik\xe2\x80\xa6 https://t.co/iORMyE8l3N'"
801100441425760257,2016-11-22 16:30:03,"b'5 Erakutsitakoa barneratu ez ezik, bereganatutako adimena erabakimen-askean erabiltzeko gai dira (Adimen-Artifizial\xe2\x80\xa6 https://t.co/7jx74kvkS2'"
801100249427275776,2016-11-22 16:29:17,b'4 Giza-burmuinan oinarritutako eredu matematikoei (Sare neuronalei) irakasleek zuzendutako adibideak erakusten dizk\xe2\x80\xa6 https://t.co/O0vsVkk9cs'
801100100533702660,2016-11-22 16:28:42,"b'3 Tesiaren helburua da makinei lan hau egiten irakastea, bai metodoak eta bai prozedurak ikertuz #txiotesia3 https://t.co/vtptFddizG'"
801099825374789632,2016-11-22 16:27:36,"b'2 Ikasmateriala ebaluatzea lan neketsua da. Are gehiago ikasle kopurua izugarria denean (kasu, MOOC edo on line ika\xe2\x80\xa6 https://t.co/Nui3oAeGPf'"
801099420360118272,2016-11-22 16:26:00,b'1 Ikasle-erantzunen analisi automatikoa irakaskuntzaren domeinuan #txiotesia3'
794243985812373504,2016-11-03 18:24:57,"b'nice article commenting ""10 ways to make your #PhD experience easier and more enjoyable"" by Andy Greenspon https://t.co/WRDJXpuzrg'"
776355207349428224,2016-09-15 09:41:20,b'#Edinburgh #ILCC #InformaticsSchool https://t.co/6SatxRHO7O'
742172076950228992,2016-06-13 01:49:46,b'#SanDiego https://t.co/t24Yt2uwDo'
740813154515574784,2016-06-09 07:49:54,b'#iskibi #mtb https://t.co/02jxJQJ8rI'
735163843530231809,2016-05-24 17:41:33,b'https://t.co/GaEQSXuJJf'
684833499854057472,2016-01-06 20:26:44,b'RT @eldiarioes: El Gobierno se olvida de dos generaciones de investigadores al revisar la cuant\xc3\xada de las becas https://t.co/DSP6ms5Dum Por \xe2\x80\xa6'
675003841990008833,2015-12-10 17:27:11,b'The Elements Song by Tom Lehrer - updated version by Kylan deGhetaldi https://t.co/imD7biL4JK v\xc3\xada @YouTube'
669938867349413888,2015-11-26 18:00:47,b'M\xc3\xa9todo debugging ancestral https://t.co/HONC7tYgAq'
661244968393121792,2015-11-02 18:14:20,b'How to upgrade old HDD https://t.co/SaQEylhftA'
654269674688000004,2015-10-14 12:17:00,b'PHD Comics: The Repulsor Field Explained http://t.co/HgzfNXTNYA v\xc3\xada @phdcomics'
654268856089841664,2015-10-14 12:13:45,b'PHD Comics: Your Life Ambition http://t.co/BJ87rM0xy1 v\xc3\xada @phdcomics'
638274200332042240,2015-08-31 08:56:42,b'RT @microsiervos: Inform\xc3\xa1tica real como la vida misma http://t.co/cEkImnlYPA http://t.co/yC3OZZk49p'
623939639091560448,2015-07-22 19:36:16,b'RT @phdcomics: How funny you find PHD Comics http://t.co/Y8j2o7JEAd'
622037418917691392,2015-07-17 13:37:32,b'RT @freakonometrics: sorting algorithm (in one gif) http://t.co/BlhEMqpXan http://t.co/vPFGLzPFYH'
618326782094221312,2015-07-07 07:52:47,b'@aratzrodri @enautvazquez @txupatxus @aratzjl @agurrutxaga1  udara honetako arriskurik handiena: pistina!!! http://t.co/sRlzXkh6FM'
618073199750856704,2015-07-06 15:05:08,b'RT @ztfeusk: Zergatik gorritzen dira begiak igerilekuan? (agian ez duzu jakin nahi) http://t.co/fEsVxM67l6 @Josu_lg'
617793676996161537,2015-07-05 20:34:25,b'Corrupted HDD? Need data recovery? try unix tools at https://t.co/j6108oczpN'
616879768198344704,2015-07-03 08:02:52,b'\xc2\xbfProducir\xc3\xa1 un disco duro fragmentado de Windows a los bits la misma sensaci\xc3\xb3n que un autob\xc3\xbas urbano al 150% de capacidad?'
616877713568174080,2015-07-03 07:54:42,b'RT @zientzia_k: Uxoa I\xc3\xb1urrieta: \xe2\x80\x9cDiziplina arteko nahasketa hori oso gustukoa dut\xe2\x80\x9d - http://t.co/WnC8jT35bm http://t.co/BOCn0SbHAx'
616867170157502464,2015-07-03 07:12:48,"b'RT @Ingumakeriak: Inguma datu-basean 9175 egile, 2196 liburu eta 14005 artikulu aurkitu ditzakezu. Aurkitu bilatzen ari zaren hori ;) #Ingu\xe2\x80\xa6'"
616538291786137600,2015-07-02 09:25:58,b'@JavsKentucky @euskalencounter mi paladar est\xc3\xa1 deseoso de volver a probarlo  en la #EE23 ^^ http://t.co/Ey5ex51ics'
616183107184664576,2015-07-01 09:54:35,b'RT @ueu_orokorra: Zertarako eta nola erabili INGUMA datu-basea? Ikusi bideo honetan http://t.co/sbhQAoGzoQ'
615869142311272448,2015-06-30 13:07:00,b'#xuxen su gabe enitxake eser ixango ba\xc3\xb1o batxutan suk ere ederrak botatsen ditusu ;D http://t.co/gtTTkRMMRA'
615492661034786816,2015-06-29 12:11:00,b'@euskalencounter #EE23 juguetito para la party #HPproliantGen8 :)\nCuanto tardara #eiskaltdc en hashear 15 Tbits?? http://t.co/6dXSjRrsev'
615490794200412160,2015-06-29 12:03:35,"b'#FormasFrikisDeDecirTeQuiero ""Eres el kernel de mi linux""'"
613727227201650688,2015-06-24 15:15:48,"b'#ikastaroa interesgarria dirudi ""Eguneroko estatistikaren oinarriak: errealitatea manipulatzeko teknikak"" @ueu_orrokora-ren eskutik.'"
613232213732274176,2015-06-23 06:28:47,"b'RT @AzitiBihia: Zer #demontre da ""Aziti Bihia""? 1657an #Oihenart-ek jasotako #esaera da. Ikusi: http://t.co/PZVh5Ukr0k (5 &amp; 50 orr.) http:/\xe2\x80\xa6'"
609026382459494400,2015-06-11 15:56:19,"b'#PhDmovie filma letren bitartez ikusten @zumarraga14-rekin, #mplayer eta #libcaca erabiliz. http://t.co/sEtSJ5oCpB'"
599645041452306432,2015-05-16 18:38:13,b'Primerako anbientazoa Pasaiako garagardo festan. Inportazioko artelanak dastatzeko aukera paregabea izan da. http://t.co/R9rTpko39h'
599507242442973185,2015-05-16 09:30:39,b'RT @Ingumakeriak: I. IkerGazte Kongresuko artikulu-bilduma Inguman katalogatua. Testu osorako loturarekin #IkerGazte http://t.co/qYxeTnHHob'
599285212124729344,2015-05-15 18:48:23,b'RT @ueu_orokorra: #Ikergazte kongresua bukatu da. UEUk balorazio oso positiboa egiten du. Ikusi LABURPEN BIDEOA http://t.co/YkEU7VmyzN'
598822553797394432,2015-05-14 12:09:57,"b'RT @IxaTaldea: ""Euskararen Sorkuntza Automatikoa: lehen urratsak"" @zumarraga14 @lgazpio eta @ItziarGD -ren eskutik #IkerGazte http://t.co/d\xe2\x80\xa6'"
598822512013737984,2015-05-14 12:09:47,b'RT @UxuneM: #IkerGazte ko une ederra: aurrez-aurre ezagutzea mail bidez ezagutzen zenituenak @lgazpio @Josu_lg @aloxieusko @koldotxu eta be\xe2\x80\xa6'
597734812112310272,2015-05-11 12:07:39,b'RT @Sweetcidia: Flipando con el v\xc3\xaddeo promo de las #MagicLeap #I2015 :___) #RealidadAumentada'
597733621114503169,2015-05-11 12:02:55,b'RT @Biantik1: Debate sobre inteligencia artificial y la inteligencia humana cuando se revertir\xc3\xa1 la superioridad de 1 y otra #i2015 http://t\xe2\x80\xa6'
597733585274146816,2015-05-11 12:02:46,b'RT @Biantik1: Benetan interesgarria izan da #i2015 http://t.co/6pOYDsOB0Z'
574857656273354754,2015-03-09 09:02:00,b'PHD Comics: Desk Entropy http://t.co/IctaDUottn v\xc3\xada @phdcomics'
570536835346276352,2015-02-25 10:52:36,b'Uste zen baino askoz estuagoa da burmuinaren eta hizkuntza-gaitasunaren arteko harremana... http://t.co/bKR68xreHE @elhuyaraldizk'
566208558304600064,2015-02-13 12:13:34,"b'RT @zumarraga14: Bidali dugu iada @IkerGazte_ kongresurako artikulua!! Euskarazko sorkuntza, noraino iritsiko ote? Aipa hirukote!! @ItziarG\xe2\x80\xa6'"
566208543033163776,2015-02-13 12:13:30,b'RT @ItziarGD: Lan eta lan #ikergazte-ko artikuluari azken ukituak emateko! @zumarraga14-rekin eta @lgazpio-rekin elkarlanean!'
542367535229071360,2014-12-09 17:17:51,b'RT @Garagardoahotsa: Port Brewing-en Hot Rocks garagardoa ekoizteko teknika bideoan: http://t.co/gEsKaWf5jm http://t.co/HHwg4y0oap'
540883017120890880,2014-12-05 14:58:55,b'Multithreaded programming - theory and practice.\nhttp://t.co/DoQUkO9aku'
540882728716369920,2014-12-05 14:57:46,b'Collecting the finest real specimens of reviewer comments since 1456 @yourpapersucks http://t.co/fOC3qfXUpj'
537609333526495232,2014-11-26 14:10:28,b'RT @IxaTaldea: Ixa taldeko @ItziarGD #txiotesia2 -ren irabazle. Lan bikaina Itziar!!'
537593515937525761,2014-11-26 13:07:36,b'PHD Comics: Addressing Reviewer Comments http://t.co/EsUj2hwmLg v\xc3\xada @phdcomics'
534633153055686656,2014-11-18 09:04:11,b'RT @zientzia_k: Ikasketa gainbegiratua (II) - http://t.co/cI5CvG71hK http://t.co/Hu6ShxC5Ja'
532460150649794560,2014-11-12 09:09:27,"b'RT @elhuyaraldizk: Streaming bidez jarrai dezakezue #Philae ren kometaratzea, guretik: http://t.co/HvRONlFHeH http://t.co/xZY4T0XATj'"
516881295679311872,2014-09-30 09:24:38,b'PHD Comics: Do you have a minute? http://t.co/8OVzy10kQk v\xc3\xada @phdcomics'
515489421290782720,2014-09-26 13:13:50,b'PHD Comics :: The Aura of Logical Distortion http://t.co/j3oNlFSWcx v\xc3\xada @tapastic'
510393552573321216,2014-09-12 11:44:40,b'Zorte on parte hartzaile guztiei! http://t.co/mLWtYr2RPs'
499187065880576000,2014-08-12 13:34:05,"b'""DVD akastunak hortzetako pastarekin konpontzen dira"" +1'"
497097575393406976,2014-08-06 19:11:12,"b'Ram memoriaren inguruko artikulu interesgarri bat (gazteleraz, hori bai) http://t.co/Njhof3QQUT'"
489332488570163201,2014-07-16 08:55:31,b'Dozena bat komando nahikoa dira WhatsApp aplikazioko mezuen segurtasun kopia krakeatzeko http://t.co/UDDUUJ2p9w'
487598666438696960,2014-07-11 14:05:55,b'Lortu al du zientziak ergelkeriaren fenomenoa ulertu eta modelatzea? Bai horixe! http://t.co/TvFFAazsRG @Josu_lg-ren eskutik'
487209817816436736,2014-07-10 12:20:47,b'Jakin mina ustiatu! Ez zaitez galderarik egin gabe geratu!  http://t.co/2RKJo0WY7e @IxaTaldea'
484652507608924160,2014-07-03 10:58:56,"b'PHD Movie -&gt; http://t.co/IRNbw19AEM \n""A must-see for Sciense Fans"" - Ars Technica'"
484343119622975488,2014-07-02 14:29:33,"b'RT @elhuyaraldizk: ""Esadazu non argitaratzen duzun... eta esango dizut nor zaren"" @upvehu ko katedradun Elena Vecinoren analisia http://t.c\xe2\x80\xa6'"
