id,created_at,text
970644640499224577,2018-03-05 12:58:10,b'Calling on @iamkevingates \xe2\x80\x9cI Don\xe2\x80\x99t Get Tired\xe2\x80\x9d to get me through midterm exams like https://t.co/HiZzSpx7e0'
970444450462883840,2018-03-04 23:42:41,b'#GeauxTigers https://t.co/tswfcxYZ1S'
970030248158027776,2018-03-03 20:16:48,"b""Bummed that I'm missing @TEDxLSU today. \n\nBuuuuut to celebrate the power and inspiration of @TEDTalks, here is one\xe2\x80\xa6 https://t.co/faXUnMxK2U"""
969710336818364416,2018-03-02 23:05:35,b'Great advice for prospective PhD students. https://t.co/b6PrnvsXH2'
969692500452696064,2018-03-02 21:54:42,"b""RT @legogradstudent: It's tempting to fixate on specific professors or features of departments, and to get sold by their pitches. And that\xe2\x80\xa6"""
969578318625427457,2018-03-02 14:20:59,"b'New PhD program motto: \n\n""Pain is temporary, but quitting is permanent."" - Bobby Kocol'"
969372597468180480,2018-03-02 00:43:31,"b'RT @carolnotjill: if you are from Amarillo, Texas pls enjoy this pic from 1974 https://t.co/jaMCp1zzAO'"
969282503096848386,2018-03-01 18:45:31,b'Is Giving the Secret to Getting Ahead? https://t.co/omiufOhNEO'
969230271240433664,2018-03-01 15:17:58,"b'RT @AdamMGrant: My #WorkLife podcast with @TEDTalks has launched, and I\xe2\x80\x99m giving away 25 signed copies of Originals. To enter, retweet this\xe2\x80\xa6'"
969223237891698688,2018-03-01 14:50:01,b'@freeblackgirl @NewYorker @dzewde for your reading pleasure'
969202502578196481,2018-03-01 13:27:38,"b'RT @legogradstudent: @anthlittle ""Interesting"" has to be one of the most loaded terms in academia.'"
968524677684580352,2018-02-27 16:34:12,b'RT @HarvardBiz: We Won\xe2\x80\x99t Get Value-Based Health Care Until We Agree on What \xe2\x80\x9cValue\xe2\x80\x9d Means https://t.co/8lcodjf2jJ'
968481199936155653,2018-02-27 13:41:26,b'RT @HarvardBiz: Do Academic Journals Favor Researchers from Their Own Institutions? https://t.co/AY0FUlj1u7'
968308401955573762,2018-02-27 02:14:47,"b'RT @legogradstudent: I just checked out a new coffee shop. At the register, there\'s a sign that says there\'s no wi-fi so that customers ""ma\xe2\x80\xa6'"
968307749846245377,2018-02-27 02:12:12,"b""S: I see you're coloring...\nK: Coloring helps mental stability, n=1. Wait, let me do another interview. K, does col\xe2\x80\xa6 https://t.co/55Al95Mz5r"""
