id,created_at,text
969642995422322689,2018-03-02 18:37:59,b'Our latest paper is out ! Blog post on it coming soon. \nhttps://t.co/BOihrQsFfA'
959556476665810944,2018-02-02 22:37:46,b'My reaction everytime I see someone coughing or sneezing https://t.co/Zkak3398XT'
959100005469577216,2018-02-01 16:23:55,"b""These are great to test a mouse's social skills. Just place mouse 1 inside the cup (upside down) and let mouse 2 in\xe2\x80\xa6 https://t.co/nuXmq3otYb"""
958829720589697024,2018-01-31 22:29:54,b'\xc2\xbfAlguna vez te has preguntado si la luz artificial afecta a las #aves migratorias? https://t.co/Z8U8yNz7Is'
954384377299062785,2018-01-19 16:05:41,b'RT @laurahelmuth: Science writers: This new database can help you find women to be sources for your stories. Also useful for panel organize\xe2\x80\xa6'
952963830539276288,2018-01-15 18:00:57,b'Just submitted my application to @AAASMassMedia! Now the nervous wait begins \xf0\x9f\x98\xac. https://t.co/jkOuQogzbY'
949473309141368834,2018-01-06 02:50:51,b'A new drug for #Alzheimers and #schizophrenia could be on the market soon! https://t.co/tQiNwR3HOr'
925549596100714498,2017-11-01 02:26:34,b'Tricking #Typhoid: Researchers Create New Model to Tackle Old Foe #CornellVetBlog #scicomm @jeongmin_song\xe2\x80\xa6 https://t.co/vTFetiZnZQ'
923588563178020864,2017-10-26 16:34:07,b'#StemCells could rescue your #cats from a mouth infection #CornellVetBlog #scicomm #ThursdayThoughts https://t.co/n4sX21yPjF'
923168795983843330,2017-10-25 12:46:07,b'#canineallergies: Establishing the immune cell profile of #allergicdogs https://t.co/k6i1cfc4FQ'
922930250518028288,2017-10-24 20:58:13,"b'A sustainable, eco-friendly way to farm cattle #CornellVetBlog #scicomm https://t.co/epo1jS59L9 https://t.co/MqAKlp9ViE'"
906229421216079873,2017-09-08 18:55:05,b'RT @iamscicomm: What are some awesome #SciComm hashtags we can use to connect with fellow scientists? Reply below! \xf0\x9f\x91\xa9\xf0\x9f\x8f\xbb\xe2\x80\x8d\xf0\x9f\x94\xac\xf0\x9f\x94\xac\xf0\x9f\x93\x9a https://t.co/CPo6\xe2\x80\xa6'
905854244779163648,2017-09-07 18:04:16,"b'I knew that ""peace"" \xe2\x89\xa0 science funding. I also knew that even if it did, science would be the last thing on the list. https://t.co/rIRf2k2sQw'"
903007218097950723,2017-08-30 21:31:12,b'The 6th #stemcell #symposium: Promoting stem cell #research @Cornell. I wrote this one :)https://t.co/mh7s0L9MmS https://t.co/gEyAuC4sTf'
900868330713698304,2017-08-24 23:52:02,"b""This is #Carolus, the second #Corpseplant in Cornell's Liberty Hyde Bailey Conservatory Collection to bloom. https://t.co/Z32ohO1j4C"""
894635024301076480,2017-08-07 19:03:05,"b'RT @nature: Recommended: A free service that suggests relevant papers, based on what you\xe2\x80\x99ve previously read, from all publishers https://t.\xe2\x80\xa6'"
893581599564017664,2017-08-04 21:17:09,b'RT @ScienceWriters: On Science Blogs: Does it really matter if an important science paper is leaked a few days in advance? https://t.co/aSV\xe2\x80\xa6'
893497031456641028,2017-08-04 15:41:07,b'The Price of #Freedom: How Lead Use is Killing the #BaldEagle (Part 2)  https://t.co/fCu0eyxCB1 https://t.co/9itRuhUohH'
893106109975855104,2017-08-03 13:47:44,b'The price of #freedom: How lead use is killing the #baldeagle (part one). #CornellVetBlog \nhttps://t.co/8tIxfQrFAF https://t.co/EghLoAEd8j'
892492256711725057,2017-08-01 21:08:30,"b""@iamscicomm It's been easier to find time to do #scicomm as a postdoc than before as a grad student. Still challeng\xe2\x80\xa6 https://t.co/SvI9RUTeFL"""
892490663882838017,2017-08-01 21:02:10,b'@iamscicomm I study how parasites found in contaminated water or undercooked meat can enter the brain and cause neurological problems\xf0\x9f\xa4\x93'
888118399942893570,2017-07-20 19:28:21,b'This week on the #CornellVetBlog: #Research During #VetSchool: Advice From Students Who\xe2\x80\x99ve Been There @cornellvet https://t.co/uxKEanG24o'
886263663623118848,2017-07-15 16:38:18,"b""Check out this week's post: What #Cornell researchers are doing to improve detection of bacteria in seafood. https://t.co/Mf7GleCgoc"""
884795886878031872,2017-07-11 15:25:52,b'A web comic about a Syrian scientist who escaped Aleppo/ Una historia ilustrada sobre un cient\xc3\xadfico Siriano que huy\xe2\x80\xa6 https://t.co/SM6pluYVCb'
880499529363148800,2017-06-29 18:53:41,b'This week on the #CornellVetBlog: Predicting outbreaks \xe2\x80\x93 what we can learn from #dog virus epidemics  https://t.co/NCjgDGXb08'
879878584135016448,2017-06-28 01:46:16,b'RT @FromTheLabBench: ICYMI: Top 10 Tips for Breaking into #SciComm https://t.co/KS9TaKOve3'
877590341829799936,2017-06-21 18:13:36,b'This week in the #CornellVetBlog: From Lecture Notes to White Coats \xe2\x80\x93 The Transition to the Clinic Floor.  https://t.co/jGJmVFS4js'
875240645052575744,2017-06-15 06:36:45,b'This week in the #CornellVetBlog: Tracking cells of the immune system to understand how they respond to infections.\nhttps://t.co/ZWzwXs9RHi'
873258701867675648,2017-06-09 19:21:13,b'This week on the #CornellVetBlog: https://t.co/dk8psTbCoL'
872545072876859394,2017-06-07 20:05:31,b'RT @AAASMassMedia: Planning to apply for the 2018 AAAS Mass Media Fellowship? Get application tips (from reviewers) here: https://t.co/gpzi\xe2\x80\xa6'
870663403207000065,2017-06-02 15:28:26,"b'First blog post of the #CornellVetBlog, a science blog by students and trainees of CornellVet https://t.co/jKrxlK4M6e'"
847548522736091136,2017-03-30 20:38:09,b'How you can become a better #dancer according to #science \xf0\x9f\x92\x83https://t.co/xY2MVYIOUO'
840666887906316288,2017-03-11 20:52:59,b'https://t.co/HQCSZBWJ1e Cosumir grasa acelerar\xc3\xada la aparici\xc3\xb3n de s\xc3\xadntomas de #Alzheimer en personas susceptibles'
840631560210698240,2017-03-11 18:32:36,"b'En el #pezcebra (Danio rerio), dos circuitos neuronales opuestos determinan si un animal da la pelea o escapa https://t.co/rggTfbClon'"
827620787465117696,2017-02-03 20:52:26,b'Cosumir grasa acelerar\xc3\xada la aparici\xc3\xb3n de s\xc3\xadntomas de #Alzheimer en personas susceptibles https://t.co/QawC68eW94 #nutricion #vidasaludable'
826622131555467265,2017-02-01 02:44:08,b'Avances en la #impresi\xc3\xb3n3D para recrear partes del cuerpo humano\nhttps://t.co/hFcrGmiLJh'
826535381516550144,2017-01-31 20:59:25,b'La #Ingenier\xc3\xadaMec\xc3\xa1nica explica como nuestros o\xc3\xaddos se limpian solos. https://t.co/6t86obbtnu'
826221037457117184,2017-01-31 00:10:20,b'El #c\xc3\xa1ncer: un escape mortal. https://t.co/5ZGY1qD3iY'
826104269371744257,2017-01-30 16:26:20,b'Comer menos no siempre es lo m\xc3\xa1s aconsejable para tratar la intoxicaci\xc3\xb3n por alimentos\nhttps://t.co/dKzFIxUhZ0'
825794004377821191,2017-01-29 19:53:27,b'\xc2\xbfC\xc3\xb3mo funciona nuestro sistema inmunol\xc3\xb3gico?https://t.co/mZzNwwW5mg'
825793428202074113,2017-01-29 19:51:10,b'Los peces se comunican a trav\xc3\xa9s de la orina\n\nhttps://t.co/Hajfb2NKFc'
825793197330808832,2017-01-29 19:50:15,b'El efecto de la #contaminaci\xc3\xb3n en el #cerebro \n\nhttps://t.co/dZz7tYzABr'
