id,created_at,text
968512122635382788,2018-02-27 15:44:18,b':D :D #phdlife #phdadventure https://t.co/pH2sU8z4Fp'
968229959578857472,2018-02-26 21:03:05,"b'My first contribution to \xc2\xab\xc2\xa0how can risk management be a lever for performance, value creation &amp; innovation for SMEs\xe2\x80\xa6 https://t.co/924Vi9JZHU'"
968148492072964097,2018-02-26 15:39:22,"b'Un article qui m\'a marqu\xc3\xa9 sur la ""psychology of attention"" et son impact sur la prise de d\xc3\xa9cision en entreprise: sa\xe2\x80\xa6 https://t.co/9Q9kcnCaUo'"
966446658165886976,2018-02-21 22:56:53,b'Sometimes when we love what we do\xe2\x80\x94whatever that is\xe2\x80\x94we will naturally go to extreme efforts to blend work and home l\xe2\x80\xa6 https://t.co/34JbnrrbS4'
964438023478956033,2018-02-16 09:55:17,"b""Une belle r\xc3\xa9ussite pour nos \xc3\xa9tudiants-organisateurs. #TEDx pour le partage d'exp\xc3\xa9riences, de nouvelles id\xc3\xa9es, d'\xc3\xa9ch\xe2\x80\xa6 https://t.co/mrFESvRn4U"""
963368773267918849,2018-02-13 11:06:28,"b""Diesel s'amuse \xc3\xa0 faire un pied de nez \xc3\xa0 la contrefa\xc3\xa7on, pas mal !! https://t.co/S7lZIdbrez via @laParisienne"""
963129717858676736,2018-02-12 19:16:33,"b'RT @InterroEU: Like many other industries. Too many people underestimate the impact of #counterfeit. Job losses, tax evasion, organized cri\xe2\x80\xa6'"
952190730507825152,2018-01-13 14:48:55,"b""RT @CartonGuillaume: Le doctorat, enfin un passeport pour l'entreprise\xc2\xa0?\nhttps://t.co/LhO9C85Ejs \nvia @LesEchos"""
951420750124257280,2018-01-11 11:49:18,"b'RT @XerfiCanal: Comprendre le ""design thinking"" en 4 minutes avec Imed Boughzala @ActuFNEGE &gt; https://t.co/mIyp71A3qb https://t.co/AcJ0wN12\xe2\x80\xa6'"
943786025545011200,2017-12-21 10:11:37,"b""Un clin d\xe2\x80\x99\xc5\x93il pour cette belle fin d'ann\xc3\xa9e : contre la dictature des \xc3\xa9crans https://t.co/bVD650iYyO via @ThePOSITIVR"""
933636115311022081,2017-11-23 09:59:30,b'RT @YasmineBENAMOUR: Moi aussi je les aime... https://t.co/hlsZk4VgJT'
933368094818435072,2017-11-22 16:14:29,b'RT @GillesPinte: How to value research that crosses more than one discipline https://t.co/jUEVZBaliv via @ConversationUK'
931468729745014784,2017-11-17 10:27:05,b'le paiement par Bitcoing au Maroc...\nhttps://t.co/6uXTIlqlps'
930952180609290241,2017-11-16 00:14:30,b'RT @chinepi_blog: Comment prot\xc3\xa9ger une #interface #graphique en #Chine ? Premi\xc3\xa8res r\xc3\xa9ponses sur @chinepi_blog : https://t.co/dtR7NWAa8M #gu\xe2\x80\xa6'
928911371198259201,2017-11-10 09:05:03,"b""Des affiches choc qui nous ouvrent les yeux sur le business de la mode : don't worry consume!! https://t.co/E3cwQKQzUh"""
921289329108021248,2017-10-20 08:17:47,b'Avant departir \xc3\xa0 l international bien v\xc3\xa9rifier les connais juridiques des pays cibl\xc3\xa9s et tt l \xc3\xa9cosyst\xc3\xa8me @_Cafes_  @unifab @DGEntreprises'
920032405410516993,2017-10-16 21:03:13,b'Qd il n y a plus de barri\xc3\xa8res entre le monde r\xc3\xa9el et virtuel\xe2\x80\xa6 https://t.co/lL4Pvz3lDR via @culturepub'
915633393865515008,2017-10-04 17:43:07,b'Jobdating : journ\xc3\xa9e r\xc3\xa9ussie organis\xc3\xa9e avec mon \xc3\xa9quipe BAIP.Je remercie l engagement salu\xc3\xa9 de nos \xc3\xa9tudiants. Tjrs de\xe2\x80\xa6 https://t.co/vUKuHyDFzg'
915164487136743425,2017-10-03 10:39:51,b'RT @AccentureStrat: French managers underrate the need for human skills to succeed in the future workforce https://t.co/kM5pVtEklc'
915163053611737090,2017-10-03 10:34:09,"b""RT @mgmt_learning: Japan rethinks work-life balance after overworked woman's suicide https://t.co/deN1xGpeEY"""
914847397909532672,2017-10-02 13:39:51,b'@ManelDardouri  petite pens\xc3\xa9e ;) https://t.co/qNkFJLWc2S'
911465744466169857,2017-09-23 05:42:22,b'Le #greenfriday ou la Conso raisonnable va t il finalement convaincre les accros du #blackfriday !! https://t.co/BfZPALPRvh via @thepositivr'
908433198358630402,2017-09-14 20:52:07,b'Embaucher des dipl\xc3\xb4m\xc3\xa9s surqualifi\xc3\xa9s\xc2\xa0: avantages et d\xc3\xa9savantages....un topic qui reste pol\xc3\xa9mique  | Acfas https://t.co/TkSIIseDBS'
906068427210665984,2017-09-08 08:15:21,b'RT @Remy_Cadoret: Les #PME lyonnaises parmi les plus dynamiques d\xe2\x80\x99#Europe https://t.co/KJGyIu7M3a via @lyonmag #Lyon'
904728831491231744,2017-09-04 15:32:17,"b'@Papis_Lo @ToulouseBS Bon courage amadou, best of luck \xf0\x9f\x98\x84'"
899923312280825856,2017-08-22 09:16:52,b'RT @feukz: Quand un prof de sport fait participer une petite fille handicap\xc3\xa9e au Paraguay https://t.co/lIyKeE1RFp'
887913574244503554,2017-07-20 05:54:27,b'RT @OuiamKad: Comment les enseignant-chercheurs participent \xc3\xa0\xc2\xa0la\xc2\xa0diffusion des\xc2\xa0modes manag\xc3\xa9riales\xc2\xa0? https://t.co/zeb3PuL5II via @FR_Convers\xe2\x80\xa6'
886544137536897024,2017-07-16 11:12:48,"b""RT @GEFeminin: Maryam Mirzakhani, Iranienne, 1\xc3\xa8re femme \xc3\xa0 obtenir la m\xc3\xa9daille #Field vient de d\xc3\xa9c\xc3\xa9der \xc3\xa0 l'\xc3\xa2ge de 40 ans https://t.co/AQgZII\xe2\x80\xa6"""
876040555146473472,2017-06-17 11:35:19,"b""RT @LeGymnase: L'incroyable histoire de Mohed Altrad, entrepreneur mondial de l'ann\xc3\xa9e https://t.co/eFP4dvOYpl via @20minutes"""
875418265358663682,2017-06-15 18:22:33,b'RT @FanchonMayaudon: Tu sais que tu es bien arriv\xc3\xa9 \xc3\xa0 #VivaTech quand un robot fait un selfie avec toi ! \xf0\x9f\x98\x82\xf0\x9f\x93\xb8 https://t.co/J5TgaPfm8B'
873497592512032769,2017-06-10 11:10:29,b'RT @CartonGuillaume: Pourquoi apprendre \xc3\xa0 expliquer son travail de th\xc3\xa8se en trois minutes \nhttps://t.co/gzeBBTkBpC \nvia @FR_Conversation\n#P\xe2\x80\xa6'
873229358718169088,2017-06-09 17:24:37,b'RT @IAE_Lyon: Meilleurs #cas #p\xc3\xa9dagogiques 2017 : l\xe2\x80\x99iaelyon \xc2\xab Top Etablissement \xc2\xbb pour la 4\xc3\xa8me ann\xc3\xa9e cons\xc3\xa9cutive \xf0\x9f\x91\x8f ! https://t.co/6LR2oBd1wB'
872751530264469504,2017-06-08 09:45:54,"b""RT @strategieaims: Merci \xc3\xa0 Isabelle ROYER et aux autres membres de l'organisation pour tout le temps pass\xc3\xa9 \xc3\xa0 organiser la Conf #AIMS2017 ht\xe2\x80\xa6"""
872434535153225728,2017-06-07 12:46:16,b'RT @AlexLasz: Ouverture de la 26eme conf\xc3\xa9rence annuelle de @strategieaims \xc3\xa0 la manufacture des tabacs de @IAE_Lyon ! https://t.co/f29uX8am8o'
872393293031669760,2017-06-07 10:02:23,b'Tout est pr\xc3\xaat \xf0\x9f\x98\x81. #AIMS2017  #universit\xc3\xa9JMLlyon3 https://t.co/Eo80GD058k'
872164363842539524,2017-06-06 18:52:43,b'J -1 #AIMS2017 #universit\xc3\xa9JMLyon3'
870174832436105216,2017-06-01 07:07:01,"b'#Propri\xc3\xa9t\xc3\xa9 intellectuelle, une porte vers le march\xc3\xa9 #international #inpi #OMPI https://t.co/jtXxoTK742'"
870004751668133888,2017-05-31 19:51:11,"b""Petite le\xc3\xa7on sur l'innovation via 26 lettres : tr\xc3\xa8s tr\xc3\xa8s amusant \xf0\x9f\xa4\xa3 https://t.co/4TXMtEqnd0"""
868210368409202688,2017-05-26 21:00:57,"b'@najlaebb Emm, un peu de couleurs maybe \xf0\x9f\x98\x84'"
867343599586902017,2017-05-24 11:36:43,b'RT @ManelDardouri: Brainstorming et restitution passionnante de #doctorialesUDL avec les coachs experts @TMC_Rennes @MF_Viacreatis https://\xe2\x80\xa6'
867296758245675008,2017-05-24 08:30:35,b'Derni\xc3\xa8re restitution....very good job #doctorialesUDL \xf0\x9f\xa4\x97\xf0\x9f\x91\x8f\xf0\x9f\x91\x8f #universitedelyon https://t.co/2OssiBdBwh'
867132646970798080,2017-05-23 21:38:28,"b""RT @MF_Viacreatis: #regardNeuf_doct #doctorialesUDL \nAu travail sur des enjeux d'innovation propos\xc3\xa9s par des organisations du territoire ly\xe2\x80\xa6"""
866628455374487553,2017-05-22 12:14:59,b'Thinking out of the box #doctorialesUDL @UniversiteLyon'
866584689867403264,2017-05-22 09:21:05,b'RT @TMC_Rennes: Restitution des 12 groupes : comment constituer une \xc3\xa9quipe performante ? #doctorialesUDL @universiteLyon #regardNeuf_doct h\xe2\x80\xa6'
864437867636027392,2017-05-16 11:10:22,b'J-7 :D #doctorialesUDL formation-action sur des probl\xc3\xa8matiques \xc3\xa9mergentes aupr\xc3\xa8s des managers @UniversiteLyon'
852124256444002306,2017-04-12 11:40:29,b'RT @julien_jourdan: La recherche en management: pour mieux comprendre \xe2\x80\x93 et am\xc3\xa9liorer \xe2\x80\x93 un monde o\xc3\xb9 tout est (d\xc3\xa9s-)organis\xc3\xa9. @Paris_Dauphine\xe2\x80\xa6'
849537948173389824,2017-04-05 08:23:25,"b""what makes some writing 'world leading' https://t.co/LunijdnbD6 via @ConversationUK"""
827442671258054656,2017-02-03 09:04:40,b'Vers une pluridisciplinarit\xc3\xa9 des ph\xc3\xa9nom\xc3\xa8nes. Une exp\xc3\xa9rience unterculturelle #universit\xc3\xa9Lyon3  #Droit #strategy #contrefa\xc3\xa7on'
820758640055484416,2017-01-15 22:24:43,b'Quelques lois pour mieux g\xc3\xa9rer son temps https://t.co/6crHV7dQYx via @Humanae_conseil'
820428916246671360,2017-01-15 00:34:31,b'The core problem with working longer hours is that time is a finite resource. Energy is a different story. https://t.co/AGMPJZJuSV'
819983807331921925,2017-01-13 19:05:48,b'RT @oef75: #Morocco was the only nation surveyed where women expected to earn more than men https://t.co/5j0YJb4AvT https://t.co/dlEvFa1Tfn'
819983689069248513,2017-01-13 19:05:20,b'The Countries With The Best And Worst Gender Pay Gap Expectations  https://t.co/x649S8gmhI'
819979358752403456,2017-01-13 18:48:08,"b'RT @FightTheFakes: Are #fakemeds really that bad? Yes! Some #fake antibiotics contain paracetamol, flour &amp; factory starch @_IRACM  https://\xe2\x80\xa6'"
817424787114958848,2017-01-06 17:37:10,b'Les incubateurs sont \xc3\xa0 la mode @NrjActive - https://t.co/O5ORc0uf7O'
817418513568645121,2017-01-06 17:12:15,"b'Pour vous orienter, faites un bilan de vos comp\xc3\xa9tences de vie. https://t.co/jTeQIJeZp3'"
816756456519323648,2017-01-04 21:21:28,b'RT @cnac_inpi: Un laboratoire clandestin fabriquant des contrefa\xc3\xa7ons de produits cosm\xc3\xa9tiques d\xc3\xa9couvert en France https://t.co/6cUEEXiOS2 vi\xe2\x80\xa6'
814889536245420033,2016-12-30 17:43:00,b'Pourquoi la contrefa\xc3\xa7on d\xc3\xa9truit nos emplois ! https://t.co/RmzhqsgOIR via @Boursorama'
811209815867396096,2016-12-20 14:01:06,b'RT @TelQuelOfficiel: Afrique - Les trois opportunit\xc3\xa9s \xc3\xa9conomiques pour le Maroc selon McKinsey https://t.co/Au0UtpGfhf https://t.co/9qBYAR9\xe2\x80\xa6'
809870944139440129,2016-12-16 21:20:54,"b'@WassimMimeche Grit est une grande inspiration. Le livre de Sandberg ""lean in"" est une r\xc3\xa9f\xc3\xa9rence int\xc3\xa9ressante pour le leadership f\xc3\xa9minin'"
809055099783970816,2016-12-14 15:19:01,b'RT @_IRACM: #France: father used 500 fake prescriptions to satisfy codeine addiction  https://t.co/rTsJyJAHGX https://t.co/xOOt8DPuaJ'
808764392733077504,2016-12-13 20:03:52,b'RT @cnac_inpi: Partenariat France-Maroc en mati\xc3\xa8re de propri\xc3\xa9t\xc3\xa9 intellectuelle et lutte anti-contrefa\xc3\xa7on  https://t.co/Oh7OWE9vrc'
807417532860821504,2016-12-10 02:51:55,b'RT @Inspire_Us: Imagine the possibilities. https://t.co/kxIS8ufGHT'
806503279568031744,2016-12-07 14:19:00,b'Direct from #Midest2016 #soustraitance industrielle #contrefa\xc3\xa7on https://t.co/xRuHRNuc6C'
804422656548278273,2016-12-01 20:31:21,"b""RT @ActusPI: Amazon va (enfin) s'attaquer \xc3\xa0 la contrefa\xc3\xa7on https://t.co/WfljeCpHFt @LaTribune"""
804422539258855426,2016-12-01 20:30:53,"b'RT @WIPO: WIPO Translate is a world-leading instant #translation tool, specially designed for #patent documents. Try it here: https://t.co/\xe2\x80\xa6'"
804080382350098432,2016-11-30 21:51:16,b'RT @_IRACM: Tip #9 before buying meds online. A legitimate e-pharmacy will never send you unsolicited e-mails. https://t.co/n8GjPeNm3e'
803606473137917952,2016-11-29 14:28:08,"b'Delete the ""Thank you!"" slide - how to end your presentation\nhttps://t.co/3cLwINh3fn'"
802663530210217985,2016-11-27 00:01:13,"b""RT @BCG: It's time to transform our approach to #transformation: https://t.co/oFeW5Lwlhc https://t.co/7ANlYOrvS9"""
802658355667931136,2016-11-26 23:40:39,"b""RT @ICMTL_YUL: Sara's Sarasvathy taking the stage #Effectual #Entrepreurship #virginiaedu https://t.co/Tr7AJiQWOT"""
801893764822339584,2016-11-24 21:02:26,b'Premier emploi : Comment se fixer des objectifs et les atteindre ? https://t.co/hboNsllVAJ via @wizbii'
801375864613203968,2016-11-23 10:44:29,b'RT @NoFakesLA: Amazon files its first-ever lawsuits against alleged sellers of #counterfeit goods - GeekWire #IPLAW #Fakes \nhttps://t.co/yo\xe2\x80\xa6'
801343893082173440,2016-11-23 08:37:27,b'Matinale d \xc3\xa9change : agir contre contrefa\xc3\xa7on #inpi #unifab'
799690195037814786,2016-11-18 19:06:14,"b""FEMME ENTREPRENEURE DE L'ANNEE ! https://t.co/qrlhaMl8nz"""
799681776633479169,2016-11-18 18:32:47,"b""RT @Womenseday: #WEDO2016 is well underway today at the UN! These facts are why a Women's Entrepreneurship Day was needed! #ChooseWOMEN #Wo\xe2\x80\xa6"""
798479092786089984,2016-11-15 10:53:45,b'Les opportunit\xc3\xa9s d\xe2\x80\x99investissement dans l\xe2\x80\x99Hexagone d\xc3\xa9voil\xc3\xa9es \xc3\xa0 Tanger @contrefa\xc3\xa7on  https://t.co/XkQyvNPk3k'
798133983137697792,2016-11-14 12:02:24,b'9 Types of People Who Never Succeed At Work https://t.co/lm9GkD6KnY via @HuffPostBiz'
797945066023071744,2016-11-13 23:31:43,b'https://t.co/1Px2uf80UW via @YahooTech #How far would it be interesting to adopt a technology integration system??'
797938774952931329,2016-11-13 23:06:43,b'RT @Refugees: We are searching for an unsung hero who supports refugees. Nominations are open for the #NansenAward https://t.co/bDJ7jqIjde\xe2\x80\xa6'
797894298423492608,2016-11-13 20:09:59,b'@FunMooc  une exp\xc3\xa9rience int\xc3\xa9ressante de #e-learning vivement de nouvelles th\xc3\xa9matiques'
797881942851121154,2016-11-13 19:20:53,"b""@YasmineBENAMOUR @le processus d apprentissage est plus productive lorsqu'il se base sur des exp\xc3\xa9riences pour donner du sens au textes"""
797561874736943104,2016-11-12 22:09:03,b'@scoop_reardon @Refugees @IlhanMN @NPR amazing. ..when we give people chances. .they really do wonderful work'
796842260331634688,2016-11-10 22:29:34,b'@CNCPI_FR @DGEntreprises @INPIFrance @UNIFAB'
796842097680744450,2016-11-10 22:28:55,"b'@INPIFrance bonjour, pour participer \xc3\xa0 cette journ\xc3\xa9e d \xc3\xa9change, faudrait il demander une invitation svp?'"
778695946397847558,2016-09-21 20:42:35,"b""RT @dhboutin: Vernissage de l'expo sur #contrefacon &amp; #horlogerie authentique @UNIFAB @INPIFrance @douane_france @DelphineSarfati  https://\xe2\x80\xa6"""
778695642201726977,2016-09-21 20:41:23,"b""RT @sup_recherche: L'\xc3\xa9tat de l' #emploiscientifique en France : \xc3\xa9tat des lieux et perspectives https://t.co/KOg9acVLcg https://t.co/7Akjq55\xe2\x80\xa6"""
778695599637999616,2016-09-21 20:41:13,b'@sup_recherche @Observatoire_PI'
