id,created_at,text
969819078314557440,2018-03-03 06:17:41,b'RT @DrHikov: Love this quote from Borlaug! https://t.co/XJuQpMlna8'
969716063343599616,2018-03-02 23:28:20,"b'Suat Irmak, Professor, Biological systems engineering, and Meetpal Kukal, a doctoral student, published a paper in\xe2\x80\xa6 https://t.co/niqsEWLkM5'"
967675058931032064,2018-02-25 08:18:07,b'RT @SoybeanPapers: Climate-Driven Crop Yield and Yield Variability and Climate Change Impacts on the U.S. Great Plains Agricultural Product\xe2\x80\xa6'
967088568517693441,2018-02-23 17:27:37,"b'@SciReports Study quantifies climate impacts on U.S. Great Plains maize, soybean and sorghum.\nhttps://t.co/CZ1SkM9f9b'"
966068322210074624,2018-02-20 21:53:31,b'RT @cadwego: 135 million acres redistributing water through evapotranspiration will alter local atmospheric energetics. Discovered (as per\xe2\x80\xa6'
965949421669232640,2018-02-20 14:01:03,b'RT @Huskerwheat: Science literacy for today. https://t.co/V4H0sQcwmd'
