id,created_at,text
969311912717705216,2018-03-01 20:42:23,"b""RT @RobertMaguire_: The Utah House of Representatives made a rap video about how a bill becomes law, and somehow it's worse than you would\xe2\x80\xa6"""
964380158680481792,2018-02-16 06:05:21,b'RT @BlairReeves: You guys literally held Congressional hearings about rap music. https://t.co/x6qDm3hhYK'
961008476976754688,2018-02-06 22:47:30,b'@Mikey_Glass  https://t.co/8y9RzWtWBu'
960999235247329284,2018-02-06 22:10:46,b'An instructive Wikipedia article about a potential future communications protocol (IPoAC).\n\nhttps://t.co/bFwUZ5yCCJ'
958075198028374017,2018-01-29 20:31:42,b'RT @StuartJRitchie: Is YOUR child expressing an unhealthy interest in the replication crisis? Watch out for the common abbreviations:\n\nSTFU\xe2\x80\xa6'
951892534057472002,2018-01-12 19:04:00,"b'RT @juliagalef: It\'s so hard to answer questions like ""Why did you become interested in topic X?"" The answer my brain keeps wanting to give\xe2\x80\xa6'"
950732302266585088,2018-01-09 14:13:39,"b'The Supreme court rules that the word ""orthogonal"" is cool. https://t.co/0iYz16SoJg'"
950701929293893632,2018-01-09 12:12:57,"b'RT @chris__martin: security warning: it is possible, under certain conditions, to read some bits of information from a LaTeX error message,\xe2\x80\xa6'"
938923344824586242,2017-12-08 00:09:04,b'RT @BobMenery: Video of the year by far! Omg https://t.co/B4Cjds8mOc'
934583908406124545,2017-11-26 00:45:42,"b""@H_L_Thompson @youngvulgarian Just in case you haven't seen this wonderful piece of British television: https://t.co/SeNGPrQwAl"""
930828768037523456,2017-11-15 16:04:06,"b'RT @abhworthington: ""I fit this model using full information maximum likelihood estimation."" https://t.co/kB0tVS5xLJ'"
928609508892512256,2017-11-09 13:05:34,b'RT @chaosprime: there is no possible better use for the remaining fossil fuel reserves on earth than burning them factoring primes so Brad\xe2\x80\xa6'
923564432357289985,2017-10-26 14:58:14,"b""RT @lakens: Perhaps the first description in the scientific literature of p-hacking (or 'Cooking') by (the) Charles Babbage, from 1830 (!),\xe2\x80\xa6"""
904355890748370944,2017-09-03 14:50:21,b'@EdwardTufte polynomials defined piecewise with periodic exponential decay.'
904355615564320768,2017-09-03 14:49:15,"b""@EdwardTufte Looks like a dynamical system with intermittency e.g. a mapping that's tangent to a fixed point. Could\xe2\x80\xa6 https://t.co/Xpf5GzBTe9"""
902532901119647744,2017-08-29 14:06:26,b'RT @TamiCru: genie: please no\nmillipede: more legs'
898262747422617600,2017-08-17 19:18:22,b'RT @jim_savage_: Hilarious piece on the Effective Altruists  https://t.co/TNxjyT8ukv'
896786717746876416,2017-08-13 17:33:09,b'RT @thhamilton: This suggests a level of political stability and control over long-term infrastructure policy which I would not have expect\xe2\x80\xa6'
895083976364359681,2017-08-09 00:47:04,b'RT @kaneandgriffin: 1/ In Defense of Rachel and Joey: A Thread'
889682975193001984,2017-07-25 03:05:25,"b'@BarbarianCap According to some on AoPS, the low scores on P3 are probably more to do with contestants running out\xe2\x80\xa6 https://t.co/Z6C9OJCmbf'"
885181548965892097,2017-07-12 16:58:21,"b""RT @SarahLerner: Reminder about the contents of Hillary Clinton's emails: https://t.co/5G0xvqOUgS"""
884275803760078849,2017-07-10 04:59:15,b'When Will Earth Be Too Hot For Humans? Sooner Than You Think https://t.co/AQSiy8G9GH via @intelligencer'
882297616314146817,2017-07-04 17:58:38,b'RT @FinnTD: right wing: the dress is blue and black\nleft wing: the dress is white and gold\ncentrists: the dress is only possible thanks to\xe2\x80\xa6'
880071649458085889,2017-06-28 14:33:26,b'RT @laura_hudson: This article about scientists going through airport security is a delight https://t.co/72KgV54a88 https://t.co/vVRCjEhke1'
875842046413680641,2017-06-16 22:26:30,b'@Ruralmaestro @PeterMatza @bengoldacre Source? Bottom quintile pays higher % only if you ignore benefits received i\xe2\x80\xa6 https://t.co/Pnuc8SpRsT'
873166653890203648,2017-06-09 13:15:27,"b""RT @Birdyword: The most important and valuable British attitude is that most things should be treated as if they're an extended joke."""
872924518137962497,2017-06-08 21:13:17,b'RT @Samfr: YouGov crying with laughter right now.'
871444600757551104,2017-06-04 19:12:38,b'RT @tef_ebooks: it turns out the two hardest problems in computer science are paying women the same amount of money and showing posts in ch\xe2\x80\xa6'
864415268323414016,2017-05-16 09:40:34,"b'RT @davejorgenson: ""Excuse me, where\'s the lobby?""\n\n""I don\'t know but here is some classified information on ISIS"" https://t.co/CzLOqtVil9'"
863406575792386049,2017-05-13 14:52:23,b'Silicon Valley: A Reality Check https://t.co/pwlxOCC8RX'
855431307639361538,2017-04-21 14:41:31,b'Zing https://t.co/dbGMYlIu47'
854757481830117376,2017-04-19 18:03:58,"b'RT @bryan_caplan: If you want to combat error, critique your in-group. You speak their language and they trust you, so you might persuade s\xe2\x80\xa6'"
849916670508453889,2017-04-06 09:28:19,b'RT @Jamin2g: Half decent anecdote from Blair. https://t.co/7Ff2wllmLJ'
846767558669881344,2017-03-28 16:54:52,"b""@radexp @sentientist a quick google suggests occupational reasons but I'm not sure I believe that."""
846755385885278214,2017-03-28 16:06:30,b'@radexp @sentientist maybe because of the links between IQ and openness to experience?'
837974303085854722,2017-03-04 10:33:37,b'Damn right. https://t.co/MgcRqgHBrj'
837582931900174336,2017-03-03 08:38:27,"b""RT @Mikey_Glass: I'm not writing a series of lengthy tweets about it, but pls check this out friends https://t.co/rZvEOQ6hxQ"""
835700015293165573,2017-02-26 03:56:24,b'@vijaykokate501 @DanielRensch 1. Qxf7! Qxf7 2. Re8 Bxe8 3. Rxe8 etc'
830171045386653696,2017-02-10 21:46:15,b'RT @jessfraz: More often than not it is me who nerd snipes me'
825537810048352256,2017-01-29 02:55:26,"b""RT @nadhimzahawi: I'm a British citizen &amp; so proud to have been welcomed to this country. Sad to hear ill be banned from the USA based on m\xe2\x80\xa6"""
823155626599706624,2017-01-22 13:09:29,b'RT @StuartJRitchie: Oh... Donald... no... https://t.co/tKj2B4wsYo'
819529108224876544,2017-01-12 12:59:00,b'Should Rumors Like The Trump Dossier Be News? https://t.co/vXtxZTytp3'
819169737838051329,2017-01-11 13:10:59,b'RT @SopanDeb: The old days - when Trump was okay spreading unsubstantiated claims on birtherism for years. https://t.co/NrpoistYGd'
818411379010977792,2017-01-09 10:57:32,"b""@jamesrbuk brexit, boy, I don't know."""
816423355360350208,2017-01-03 23:17:50,b'@BBCNewsnight @StephenSmithBBC Can we stop acting like predicting a Trump victory makes someone a soothsayer? Professional contrarians...'
816422250119360513,2017-01-03 23:13:27,b'Did no one tell Pippa Malmgrem that changes in the weight of goods is included in inflation figures? #Newsnight'
815012233306640384,2016-12-31 01:50:33,b'@s8mb @xtophercook @Pete_Spence Goolsbee always has the best answers'
808787861705261056,2016-12-13 21:37:07,b'RT @alanferrier: Who would have believed that the perfect Wikipedia photo caption could have been improved upon? https://t.co/pLedKWbs1o'
808070772136824836,2016-12-11 22:07:39,"b""NO. THAT'S NOT WHAT YOU'RE SHOWING. #R #Ristheworst https://t.co/pDRBAWzL1b"""
805150242354200577,2016-12-03 20:42:31,b'RT @t0nyyates: Rethinking Science https://t.co/ZZC50DI4RC'
804508082525048834,2016-12-02 02:10:48,b'RT @britainelects: Liberal Democrat GAIN Richmond Park from Conservative.'
804503647967125505,2016-12-02 01:53:11,b'RT @faisalislam: Libdems have won. Zac Goldsmith has lost a 23000 majority as Tory Remain voters switched LibDem in sensational by election\xe2\x80\xa6'
803748786409455618,2016-11-29 23:53:38,"b""RT @GiveWell: Announcing: GiveWell's updated top charities for giving season 2016! https://t.co/DCFwY5CSF5"""
803550299344564224,2016-11-29 10:44:55,"b'RT @jpublik: The Murdoch Sun is so phoney, its running a campaign for child refugees, whilst its editorial is calling for the Govt to repea\xe2\x80\xa6'"
803256020176896000,2016-11-28 15:15:33,"b'RT @twlldun: ""Grave news, Jez. It seems the smears have worked. The public see you as a hard left throwback""\n""Hang on Seumas, I have an ide\xe2\x80\xa6'"
802519059543818240,2016-11-26 14:27:08,b'RT @SebastianEPayne: Absolute state of this https://t.co/hTD8re5Cqv'
801963341778485248,2016-11-25 01:38:55,b'RT @Carra23: Sad day for football when a legendary figure like Stevie Gerrard retires from the game. The good news is more nights like this\xe2\x80\xa6'
799041357310476292,2016-11-17 00:07:59,"b'Urghh, Fortran is an abomination of a programming language.'"
797791812719181824,2016-11-13 13:22:45,"b'In tests of extreme math intelligence, boys still outscore girls in the US but the gap is closing fast https://t.co/T5H2zr3rJl via @qz'"
797742973438087168,2016-11-13 10:08:40,"b""RT @MichaelPDeacon: This isn't resentment of the rich. It's resentment of the school swots"""
797121938925690880,2016-11-11 17:00:54,b'The latest @matt_levine is fantastic. https://t.co/e3gfawImkX'
796286002050568192,2016-11-09 09:39:11,b'RT @mrdavidwhitley: Number of non-Trump voters blaming neoliberalism: Fuckloads. Number of Trump voters citing it: zero.'
796209138833457152,2016-11-09 04:33:46,"b'RT @davidfrum: On the bright side, 227 years is a really good run for a republic.'"
796207315531743233,2016-11-09 04:26:31,b'RT @IanDunt: I feel sick to my fucking stomach.'
794851438329479170,2016-11-05 10:38:45,b'RT @3Blue1Brown: New video out: Who cares about topology?  https://t.co/6JRi5pjLBb https://t.co/55YFFsTo0Y'
791033397665816576,2016-10-25 21:47:13,b'FML #chess #stalemate https://t.co/fkhPZRvX1d'
788429079234088960,2016-10-18 17:18:35,b'@Trickyjabs @dinosaurblue only covers the last 5 years but covers from before to after the switch'
788428753831682048,2016-10-18 17:17:17,"b'@Trickyjabs @dinosaurblue sure, on the previous SLC link download the tables. Relevant figures are in Tables 2 and 4Aii'"
788426144173400064,2016-10-18 17:06:55,b'@Trickyjabs @dinosaurblue The HESA data includes those on courses not covered by the \xc2\xa39000 fee structure e.g. open univerity'
788425001137496064,2016-10-18 17:02:23,b'@Trickyjabs @dinosaurblue the SLC has figures for both number of student taking out loans and those ELIGIBLE to so so - both increasing'
788416395130310656,2016-10-18 16:28:11,b'@Trickyjabs @dinosaurblue @AaronPorter funding from the SLC has increased https://t.co/uFq25t8wtC'
788416131396726784,2016-10-18 16:27:08,b'@Trickyjabs @dinosaurblue @AaronPorter HESA measures a broader range of course type. The number of students on courses that are eligible for'
788405946229948416,2016-10-18 15:46:40,b'@dinosaurblue @Trickyjabs @AaronPorter Exactly - redistribution is best done w/ general taxes and transfers'
788394034347802624,2016-10-18 14:59:20,"b""@Trickyjabs @AaronPorter @dinosaurblue aren't putting students off."""
788393966236499970,2016-10-18 14:59:03,"b'@Trickyjabs @AaronPorter @dinosaurblue  roads), in others costs may sub-optimally discourage use (e.g. NHS, Uni).  But evidence shows fees'"
788393780349112320,2016-10-18 14:58:19,"b'@Trickyjabs @AaronPorter @dinosaurblue Sure, it depends on the case ofc. In some there are difficulties in assessing peoples use (e.g. parks'"
788387850484080640,2016-10-18 14:34:45,b'@AaronPorter @Trickyjabs @dinosaurblue (to have non-uni goers subsidizing uni goers via general taxation)'
788387489710997504,2016-10-18 14:33:19,"b""@AaronPorter @Trickyjabs @dinosaurblue similar to paying it back via tax. And if the point is redist'n, then it's a very regressive policy."""
788387123066003456,2016-10-18 14:31:52,b'@AaronPorter @Trickyjabs @dinosaurblue I think the point is that the money still needs to come from somewhere - paying it back as a loan is'
787056198742896640,2016-10-14 22:23:15,b'RT @johnpodesta: 3. I bet the lobster risotto is better than the food at the Ecuadorian Embassy. https://t.co/zyViu1R4UL'
785049697010475008,2016-10-09 09:30:07,b'RT @janemerrick23: Great Observer leader today https://t.co/GLT45nPqC5? https://t.co/NU5i7rXWbp'
783541706520162309,2016-10-05 05:37:54,"b'RT @LucyRigby: Firms to have to list foreign workers, to ""shame"" them. Seriously? When did we become this country? https://t.co/Ty1u9tO7yw'"
782649501685256192,2016-10-02 18:32:36,b'@jamesrbuk great TV choice!'
777783465920126976,2016-09-19 08:16:43,"b""RT @iyad_elbaghdadi: Dogmatic leftists want all of the world's problems to be about imperialism. They're OK with tyrants so long they rant\xe2\x80\xa6"""
771408651491901440,2016-09-01 18:05:29,"b'RT @BrookingsEcon: The recession kept bad drivers off the road, finds new study: https://t.co/6VzF7hArZg https://t.co/h4bZoiGGrQ'"
769949373090463744,2016-08-28 17:26:50,"b""RT @EdwardHarkins: Economic growth with stagnating median incomes: New analysis https://t.co/LONvN01YpB  via @voxeu #inclusivegrowth '#ineq\xe2\x80\xa6"""
769513531817549824,2016-08-27 12:34:57,"b""RT @youngvulgarian: oh my god this extract from Ed Balls's book https://t.co/czTrL8SnYT https://t.co/fJe82b1kdh"""
768542675117244416,2016-08-24 20:17:07,b'RT @robowecop: I get so nervous when anyone goes near the fridge/freezer #GBBO https://t.co/7eNzg4AVMD'
768192223842361344,2016-08-23 21:04:33,b'@Noahpinion have you read Brookings on this? https://t.co/OsFlnXb6kC'
763757681282809856,2016-08-11 15:23:15,"b""@IanDunt would you say it would be productive to call eating disorders a 'personal choice' &amp; a failure of character?"""
763048760347942912,2016-08-09 16:26:15,"b'@JohanSalomon @chess24com so 1. Qxf3, Pxf3, 2.Rg8, KF1, 3. Ba6, Re2, 4. Nd2'"
763047620755460096,2016-08-09 16:21:44,"b'@JohanSalomon @chess24com QxF3? Then after pawn takes, RG8 w/ NxF2  and Ba6 threats?'"
761958032414740480,2016-08-06 16:12:06,b'How The Cures For Cancer Snuck Up On Us https://t.co/F8fI6f6zh1 via @tomchivers @BuzzFeedUK'
761720599123202048,2016-08-06 00:28:37,b'These Olympic facts on BBC are fantastic \xf0\x9f\x91\x8d #OpeningCeremony'
761612672232218624,2016-08-05 17:19:45,b'RT @jodyavirgan: Goddamn this is some good internet. https://t.co/9b4Zqw34jN'
761250789956456448,2016-08-04 17:21:46,b'RT @DavidAllenGreen: Some Brexiteers seem to be offering solutions to the very real problems of the 1850s.\n\n4/n'
759769498576498689,2016-07-31 15:15:38,b'@SilverVVulpes @sknthla good point'
759754157469290497,2016-07-31 14:14:41,"b'@sknthla Worth noting ""some of the tests used in the current research were developed to be as sex neutral as possible."" v interesting though'"
756956615580979200,2016-07-23 20:58:15,b'Is Donald Trump a Racist? https://t.co/04teZvkgaS'
750460494251716609,2016-07-05 22:44:59,b'Why did Tony Blair go to war in Iraq? That\xe2\x80\x99s not even the right question | Steve Richards https://t.co/lmVXBkYkGW'
749710446022852608,2016-07-03 21:04:33,b'RT @ianbremmer: Every Baghdad car bomb in the last decade (ht @rezahakbari) https://t.co/PJSvk6qOvG'
748574818874822657,2016-06-30 17:51:59,b'RT @sarahoconnor_: Mark Carney is the only Grown Up left... https://t.co/b3dltMU8Z8'
747064999647059968,2016-06-26 13:52:30,"b""RT @jonnycherry: A wonderful moment from @faisalislam on @SkyNews that perfectly sums up the mess we're now in. #Brexit https://t.co/0KC7SX\xe2\x80\xa6"""
746438383401078784,2016-06-24 20:22:33,"b""RT @changeist: Well, the BBC planned ahead for today's lineup. https://t.co/mTLkShiQFU"""
746281698170667008,2016-06-24 09:59:56,b'RT @nicoleperlroth: The most articulate take on #Brexit is actually this FT reader comment today. https://t.co/98b4DwsrTV'
746193859684663297,2016-06-24 04:10:54,b'RT @paddyashdown: God help our country.'
734325616779100161,2016-05-22 10:10:44,"b'RT @NickCohen4: ""The West\'s sex tourists got their rocks off in Venezuela and left a wreck behind"" Me in the Observer https://t.co/AWmicx3i\xe2\x80\xa6'"
733883214201262080,2016-05-21 04:52:47,"b'RT @BDStanley: Every time Paul Mason says ""neoliberalism"", just remember he can\'t even define it without resorting to tautology. https://t.\xe2\x80\xa6'"
733346051193769984,2016-05-19 17:18:18,"b""RT @gatesfoundation: Don't have a red nose? That's ok! For every RT we'll donate $10 toward ending child poverty. #RedNose4Kids https://t.c\xe2\x80\xa6"""
725692589316399104,2016-04-28 14:26:10,"b'RT @janinegibson: Just a reminder that so far as we know, Ken Livingstone is STILL locked in a disabled toilet while journalists shout ques\xe2\x80\xa6'"
709482352184070145,2016-03-14 20:52:28,b'RT @FryRsquared: Always good when an actual genius wades in to the debate: https://t.co/f4HNwPq0XW'
700625495994437632,2016-02-19 10:18:29,"b'RT @aronstrandberg: Projection: Global GDP Distribution 1970-2030, with highlighted USA, #China and #India https://t.co/uGnIloxS4O'"
697817173906092032,2016-02-11 16:19:13,b'RT @BBCWorld: .@BBCAmos &amp; @BBCPallab on significance of the discovery of gravitational waves https://t.co/DECIdK9bSt #LIGO  https://t.co/vR\xe2\x80\xa6'
693545959293370368,2016-01-30 21:26:56,b'RT @paddypower: Benteke at the moment: https://t.co/beW68LXUVb'
686166402697433089,2016-01-10 12:43:13,b'RT @iowahawkblog: #ResistCapitalism https://t.co/wsEfAkKii7'
680880940684541953,2015-12-26 22:40:41,b'RT @Noahpinion: YES. THIS. Scott Sumner in defense of exotic utility functions. Your must-read post of the day: https://t.co/Ozkf3ReIkB'
645741363779112960,2015-09-20 23:28:33,"b""RT @corbynjokes: I'm not saying I have sympathy for David Cameron, but I too have been ridiculed for being too friendly with ham ass."""
638216913588498432,2015-08-31 05:09:04,b'RT @DLin71: Fascinating chart showing the strong correlation between the Shanghai Composite Index and a map of Virginia http://t.co/OB48meL\xe2\x80\xa6'
566259439624519680,2015-02-13 15:35:45,b'RT @JordanCadden2: RIP Garlands'
553216194329976832,2015-01-08 15:46:33,"b'RT @OwenJones84: Slow hand clap for TV producers or news editors who give Anjem Choudary a platform at a time like this. Or any time, actua\xe2\x80\xa6'"
551766742478098433,2015-01-04 15:46:57,"b'RT @RelatableQuote: ""Why didn\'t you do any work over the Christmas holiday?"" http://t.co/qvv62MtJdX'"
