id,created_at,text
970685009886670848,2018-03-05 15:38:35,"b'RT @melindagates: When money flows into the hands of women who have the authority to use it, everything changes\xe2\x80\x94for women, their families,\xe2\x80\xa6'"
970413243050156032,2018-03-04 21:38:41,b'ohhhh no\xf0\x9f\x98\xaf\xf0\x9f\x98\xaf https://t.co/hKP56cALYk'
970137324418891776,2018-03-04 03:22:17,"b'@h_palta @DiegoASantos, creo que hace referencia al ""anti-petrismo"", lo que se observ\xc3\xb3 ayer en C\xc3\xbacuta, lo deja m\xc3\xa1s claro que nunca.'"
970062936642342912,2018-03-03 22:26:41,b'RT @xkcdComic: Generations https://t.co/ZKUIP12Vey https://t.co/ID8wkC4LAZ https://t.co/AMi0MYhsV2'
970062726167957504,2018-03-03 22:25:51,b'RT @PHDcomics: Honest acknowledgement https://t.co/pY0fCVIsld https://t.co/doHXfGcaJW'
969758556856692736,2018-03-03 02:17:11,"b'RT @CDCGlobal: One-fourth of the world\xe2\x80\x99s population is infected with TB, and 10 million become sick with the disease each year. Join CDC in\xe2\x80\xa6'"
969758257219801091,2018-03-03 02:16:00,"b'RT @nicolaspetroB: En este video se ve claramente un disparo, se\xc3\xb1ores periodistas no fue una agresi\xc3\xb3n, fue un ATENTADO. #PetroPresidente #P\xe2\x80\xa6'"
969401171235557376,2018-03-02 02:37:04,b'RT @IDEAMColombia: Mar1/2018 #Atenci\xc3\xb3n Esta es la Alerta Roja declarada por el #IDEAM para algunas regiones del pa\xc3\xads. https://t.co/tZJtcZHv\xe2\x80\xa6'
969269478952448002,2018-03-01 17:53:46,"b'RT @NatureNews: The modifications could make the enzyme, called xCas9, a lab staple. https://t.co/RTapBkO7Ji'"
969269418063691782,2018-03-01 17:53:32,b'RT @PLOSCompBiol: New #CancerResearch: Association between random gene sets and survival in multiple cancers https://t.co/gXpkdxywpU (Yisha\xe2\x80\xa6'
969263120861552642,2018-03-01 17:28:30,"b'RT @BillGates: As @KofiAnnan writes, cutting-edge mapping efforts have helped us understand the burden of health and nutrition disparities\xe2\x80\xa6'"
969261771000295424,2018-03-01 17:23:08,"b'@IvanDuque El sistema de salud en Colombia es una verg\xc3\xbcenza, ser\xc3\xada muy recomendable dejar de usar a los pacientes c\xe2\x80\xa6 https://t.co/2nD2pFu26i'"
969260262963466240,2018-03-01 17:17:09,"b'RT @PGN_COL: El medio ambiente es un derecho universal vinculante, exigible, justiciable: @fcarrilloflorez #PactoMundialAmbiente https://t.\xe2\x80\xa6'"
969260040552173569,2018-03-01 17:16:16,b'Congrats https://t.co/jzq1R2G1KR'
969259644412719105,2018-03-01 17:14:41,b'RT @institutpasteur: #LeSaviezVous : Il y 132 ans Louis #Pasteur publiait son c\xc3\xa9l\xc3\xa8bre m\xc3\xa9moire : \xc2\xabR\xc3\xa9sultats de l\xe2\x80\x99application de la m\xc3\xa9thode p\xe2\x80\xa6'
969259418738151424,2018-03-01 17:13:48,"b'Many of these problems are related with sanitation, bad quality of water and waterborne parasites\xf0\x9f\xa7\x90 https://t.co/ZTcX4auLjV'"
969258842604429313,2018-03-01 17:11:30,"b'Desnutrici\xc3\xb3n, pobreza, infecciones transmitidas por el agua....me pregunto, \xc2\xbfpor qu\xc3\xa9, tanto desd\xc3\xa9n con estos graves\xe2\x80\xa6 https://t.co/yhR44AAfge'"
968207538255785985,2018-02-26 19:34:00,"b""RT @Emma_Hollen: Good morning curious people! \xf0\x9f\x98\x8a\nOn commence la semaine avec les incroyables photos d'ailes de papillons de Linden Gledhill,\xe2\x80\xa6"""
968206804365832192,2018-02-26 19:31:05,"b""RT @PLOSBiology: Composition of #microbiome living on the roots of #rice plants (grown in the field) tracks the host plant's life cycle #ba\xe2\x80\xa6"""
967949081439064066,2018-02-26 02:26:59,b'RT @ParasitologyELS: Cryptosporidium \xe2\x80\x94 What is it? https://t.co/Kpn4woMNvF https://t.co/rfoFwBQPyk'
967578199814299648,2018-02-25 01:53:14,b'Water and foods the main causes of transmission https://t.co/ZFsPLKCzDy'
966821820434386944,2018-02-22 23:47:39,b'BIOTECNOLOG\xc3\x8dA para investigaci\xc3\xb3n y adaptaci\xc3\xb3n a cambio clim\xc3\xa1tico\xf0\x9f\x98\x89'
966821085634355200,2018-02-22 23:44:44,b'https://t.co/4uwwezQCPP'
966504493213986816,2018-02-22 02:46:42,"b'Si, qu\xc3\xa9 tristeza!!! \xf0\x9f\xa7\x90 https://t.co/bQgt8s1nTP'"
966502402147995650,2018-02-22 02:38:24,b'RT @eupathdb: #CryptoDB release 36 has two new annotated genomes to explore!  C tyzzeri isolate UGA55 and C hominis isolate 30976.  This se\xe2\x80\xa6'
965997073995837440,2018-02-20 17:10:24,b'Absolutamente de acuerdo\xf0\x9f\x99\x82 https://t.co/U2KJfDjsvu'
965994459996532738,2018-02-20 17:00:01,b'\xf0\x9f\x98\x86\xf0\x9f\x98\x86\xf0\x9f\x98\x89\xf0\x9f\x99\x82 https://t.co/yYGvsJDcVs'
964895937972899840,2018-02-17 16:14:53,"b'RT @ajitjohnson_n: Scientists create a new form of light by linking photons. Photons typically don\xe2\x80\x99t interact, but physicists bound three t\xe2\x80\xa6'"
964542444225351680,2018-02-16 16:50:13,b'total agree https://t.co/yB7QRxMZJr'
964540558499831813,2018-02-16 16:42:44,"b""RT @MarcGozlan: Il est important de se rappeler que corr\xc3\xa9lation n'implique pas causalit\xc3\xa9. Bon, cela dit, on sait tous que c'\xc3\xa9tait Brian. \nM\xe2\x80\xa6"""
963779957536178177,2018-02-14 14:20:22,"b""RT @CommsBio: Happy #ValentinesDay tweeps! We hope you're feeling loads of love today! https://t.co/OcpR7AtN71"""
963777388411731969,2018-02-14 14:10:10,b'@petrogustavo Excelente. \xf0\x9f\xa4\x93'
962871256449249281,2018-02-12 02:09:31,b'RT @NatureBiotech: Linking the scientific and patent literatures https://t.co/dGQ18WJBkQ https://t.co/OJ6XYVAhfU'
962871139180732416,2018-02-12 02:09:03,b'RT @ajitjohnson_n: The only mother-daughter Nobel Laureates: Marie and Ir\xc3\xa8ne Curie. Marie discovered radium and polonium and Ir\xc3\xa8ne discover\xe2\x80\xa6'
962554485045387264,2018-02-11 05:10:47,b'RT @BBCNews: Warning hundreds of fire deaths may be linked to skin creams https://t.co/LoznMWWl8F'
962553718955704320,2018-02-11 05:07:44,b'RT @protistologists: #protists https://t.co/izvZM2fKhT'
962362134331117569,2018-02-10 16:26:27,b'RT @WHO: Vaccine-preventable diseases include:\nCervical cancer\nCholera\nDiphtheria\nHep B\nInfluenza\nJapanese encephalitis\nMeasles\nMumps\nPertu\xe2\x80\xa6'
962170278150332416,2018-02-10 03:44:05,b'Excelent\xf0\x9f\xa4\x93 https://t.co/pBMzDYQbEz'
962169907092885504,2018-02-10 03:42:36,b'RT @MicrobiologyRR: Tips on Becoming a Clinical Microbiology Laboratory Director https://t.co/T3ry41nqRq https://t.co/Tun0Zv3Rsi'
962168475811766272,2018-02-10 03:36:55,b'\xf0\x9f\x98\xae\xf0\x9f\x98\xae https://t.co/OuzZUM0N5f'
962167223346491392,2018-02-10 03:31:56,"b'RT @WomenScienceDay: Today, the Girls in Science panel is taking place as part of the International Day for Women and Girls in Science Conf\xe2\x80\xa6'"
962164784488747008,2018-02-10 03:22:15,b'@GiordanoBrunoFi Tal cual\xf0\x9f\x98\x81'
962164461481152518,2018-02-10 03:20:58,b'RT @mbiojournal: Genomic analysis of hospital plumbing reveals diverse reservoir of bacterial plasmids conferring carbapenem resistance htt\xe2\x80\xa6'
961457291034857472,2018-02-08 04:30:55,"b'Otras metr\xc3\xb3polis que, como Ciudad del Cabo, se podr\xc3\xadan quedar sin agua https://t.co/vyIKc6heaE v\xc3\xada @elespectador'"
961289459919720448,2018-02-07 17:24:01,b'\xf0\x9f\x98\xaf\xf0\x9f\x98\xaf https://t.co/KpuNwsz9xk'
961289249701101570,2018-02-07 17:23:11,"b'Interesting, because low levels of chlorine high load of bacteria, but high charge of parasites...\xf0\x9f\x98\xaf https://t.co/qVU9JeTw1Q'"
961283416082829318,2018-02-07 17:00:00,b'RT @NatureBiotech: miRNA-mediated regulation: Data from massively parallel reporter assay used to develop an algorithm that predicts microR\xe2\x80\xa6'
961283142459056129,2018-02-07 16:58:55,"b'RT @ajitjohnson_n: Scientists have discovered a totally new type of water ice called superionic water, water that is simultaneously a solid\xe2\x80\xa6'"
960711441862086656,2018-02-06 03:07:11,b'RT @PLOSCollections: Check out the latest update to the @PLOS Responding to #ClimateChange featuring content from @PLOSONE @PLOSBiology  an\xe2\x80\xa6'
960709095677485057,2018-02-06 02:57:52,"b'RT @mbiojournal: Metagenomes reveal global distribution of bacterial steroid catabolism in natural, engineered, and host environments https\xe2\x80\xa6'"
960642205399568385,2018-02-05 22:32:04,b'RT @DrFrieden: We\xe2\x80\x99re less safe when CDC recedes from the field. Learn why in my interview with @CNN https://t.co/sxv9thkDLS'
960641819339100162,2018-02-05 22:30:32,b'\xf0\x9f\xa7\x90 https://t.co/Z1zb1EcUFp'
960561622631813121,2018-02-05 17:11:51,"b""RT @FigaroPlume: Mais d'o\xc3\xb9 vient l'expression \xc2\xabdonner sa langue au chat\xc2\xbb ?\nhttps://t.co/dgg9zTO3J4"""
960561526020214784,2018-02-05 17:11:28,"b""RT @recherche_anima: #L\xc3\xa8pre: des \xc3\xa9tudes g\xc3\xa9nomiques r\xc3\xa9v\xc3\xa8lent que la #bact\xc3\xa9rie #Mycobacterium leprae est transmissible de l'homme aux #primat\xe2\x80\xa6"""
960560131925860353,2018-02-05 17:05:56,"b'Science never stop, amazing https://t.co/4nhwzaTimW'"
960371757784928256,2018-02-05 04:37:24,b'RT @MicrobiologyRR: F1000Prime Recommended Article: Molecular basis of bacterial longevity. Total Score (stars): 3 https://t.co/lAwf9FCWPv\xe2\x80\xa6'
960371168447483904,2018-02-05 04:35:04,b'RT @ICR_London: A #WorldCancerDay word cloud derived from the text of our five-year joint research strategy with @royalmarsdenNHS. The stra\xe2\x80\xa6'
960370963673174016,2018-02-05 04:34:15,"b""RT @GenomicsEngland: This month's whole #genome total is 48,955! Huge thanks to @illumina , all the hard working @NHS staff and most of all\xe2\x80\xa6"""
960370321504309250,2018-02-05 04:31:42,b'RT @nresearchnews: Researchers have created a portable nanopore sequencer that not only used DNA fragments hundreds of times longer than is\xe2\x80\xa6'
960322490009518080,2018-02-05 01:21:38,b'La lepra muta y se est\xc3\xa1 volviendo resistente a los antibi\xc3\xb3ticos https://t.co/GA82pLoWyx v\xc3\xada @elespectador'
959995966538633216,2018-02-04 03:44:08,"b""RT @recherche_anima: #Phylog\xc3\xa9n\xc3\xa9tique #\xc3\xa9volution: la comp\xc3\xa9tition interesp\xc3\xa8ce affecte la dynamique de l'\xc3\xa9volution au niveau continental chez\xe2\x80\xa6"""
959992516220276737,2018-02-04 03:30:26,b'RT @MicrobiologyRR: The Liberian Elbow Bump Is Your Good Friend During Flu Season https://t.co/Qh9WwajvNp https://t.co/eBrBRlxux9'
959992413174599680,2018-02-04 03:30:01,"b'RT @RafaelPardo: \xc2\xa1En Colombia se est\xc3\xa1 #ConstruyendoPaz con innovaci\xc3\xb3n! El 13 de febrero, Pasto-Nari\xc3\xb1o, recibir\xc3\xa1 el #LABICxLaPaz, donde m\xc3\xa1s\xe2\x80\xa6'"
959820962748354560,2018-02-03 16:08:44,b'RT @MicrobiologyRR: How Manipulating the Plant Microbiome Could Improve Agriculture | The Scientist Magazine\xc2\xae https://t.co/sy6oLlReL0 https\xe2\x80\xa6'
959819665043312641,2018-02-03 16:03:35,"b""RT @DSirmtCom: La #rougeole, une maladie particuli\xc3\xa8rement dangereuse chez l'adulte https://t.co/etRPB3X752"""
959818862693937155,2018-02-03 16:00:24,b'RT @NRMbirds: Oh YES here we gooooooooo\n\n#ornithology with\n- big biodiversity questions that connect ecology and evolution\xe2\x9c\x85\n- a hyper-diver\xe2\x80\xa6'
959818821451288577,2018-02-03 16:00:14,b'RT @SciReports: #Climate change accelerates growth of urban #trees in metropolises worldwide https://t.co/nMJVjavnqy'
959816856839376897,2018-02-03 15:52:25,"b'RT @MarcGozlan: Carte de condol\xc3\xa9ances pour scientifiques \n@TomGauld, cartoonist via @AcademiaObscura\n#chercheurs #science #recherche https:\xe2\x80\xa6'"
959816668703838208,2018-02-03 15:51:41,"b""RT @MarcGozlan: C'est naturel, holistique, hypoallerg\xc3\xa9nique et les marges de profits sont \xc3\xa9normes. Si on parvient \xc3\xa0 cacher au public que ce\xe2\x80\xa6"""
959814815022747648,2018-02-03 15:44:19,"b'RT @HarvardGH: The CDC is planning to pull back on work that protects the world from pandemics, @edyong209 reports https://t.co/0yQWS11kZh'"
959171279864696832,2018-02-01 21:07:08,"b""RT @PLOSNTDs: The #PLOSNTDs homepage has updated! Take a look at the new research we've published: https://t.co/b4EBhhahwD https://t.co/gfP\xe2\x80\xa6"""
959171230631854080,2018-02-01 21:06:56,b'RT @IDEAMColombia: #Atenci\xc3\xb3n #IDEAM Feb1/18 Las condiciones secas que se han presentado en gran parte del pa\xc3\xads en los \xc3\xbaltimos 12 d\xc3\xadas han i\xe2\x80\xa6'
958864061042655232,2018-02-01 00:46:21,"b""RT @inst_humboldt: En el D\xc3\xada Mundial de los Humedales estaremos participando en el foro 'Humedales Urbanos y Ciudades Resilientes'\n\nSigue l\xe2\x80\xa6"""
958863455796322309,2018-02-01 00:43:57,b'Ese es el rostro que muchos decentes tendremos\xf0\x9f\x99\x82 https://t.co/ru8Xl3p6Y6'
958863092863131648,2018-02-01 00:42:30,b'Es urgente y necesario implementar medidas de adaptaci\xc3\xb3n a cambio clim\xc3\xa1tico.\xf0\x9f\xa7\x90 https://t.co/OZQPFAd5Ag'
958375168883200001,2018-01-30 16:23:40,"b'RT @CDCgov: Is it a cold or #flu? Both are respiratory illnesses, but are caused by different viruses that may require special diagnostic t\xe2\x80\xa6'"
958021973384351745,2018-01-29 17:00:12,b'Science over hands https://t.co/2VqAO8W14f'
958016967327219713,2018-01-29 16:40:18,b'RT @NatureBiotech: Nanopore sequencing and assembly of a human genome with ultra-long reads https://t.co/1diS6CZO4k #DNAsequencing #nextgen\xe2\x80\xa6'
958016874888990722,2018-01-29 16:39:56,b'RT @protistologists: How #Giardia feeds on ready meals from the gut \xe2\x80\x93 Author Q&amp;A with Kevin Tyler https://t.co/eHKcDVuln8 #protists via @Ha\xe2\x80\xa6'
958003842297352192,2018-01-29 15:48:09,"b'""Las desesperadas estrategias de los habitantes de Ciudad del Cabo para no quedarse sin agua"" https://t.co/nrOY4Yk5JB v\xc3\xada @SosSemana'"
957688212859817984,2018-01-28 18:53:57,b'RT @ChemistredPuck: Me ha entusiasmado este #Gift de #WomenInSTEM  https://t.co/2bkKA0h6tG'
957293869556695040,2018-01-27 16:46:58,b'RT @GeneScan: Innovations in #biobanking for #biomarker and drug discovery highlighted at #SLAS2018 https://t.co/WOhMHgphbi #LabAutomation'
957293372963741696,2018-01-27 16:45:00,b'RT @NatureEcoEvo: Introducing the Global Register of Introduced and Invasive Species (GRIIS)  - towards a global system for sustainable mon\xe2\x80\xa6'
957293157900840961,2018-01-27 16:44:09,b'RT @BUrl_EFSA: A reflection on the difficulty that #RiskAssessment has to face when it comes to meeting societal values. Public debate is e\xe2\x80\xa6'
957292488796069889,2018-01-27 16:41:29,b'RT @animalculum: #Plague and human ecto-#parasites: a new model for an old disease https://t.co/K8vCwGjzdf https://t.co/QSW8HVan1H'
956683230933127168,2018-01-26 00:20:31,b'RT @eupathdb: Nice review! #Cryptosporidium and Its Public Health Importance https://t.co/TNHdKwECwM https://t.co/AbIzivjYP2'
956329821566656512,2018-01-25 00:56:11,"b'RT @ajitjohnson_n: #BREAKING: Meet Zhong Zhong and Hua Hua, the first monkey clones produced by somatic cell nuclear transfer, the method t\xe2\x80\xa6'"
956196138939506688,2018-01-24 16:04:59,b'El conocimiento y manejo de esta informaci\xc3\xb3n es urgente en los planes de control de infecciones entre pa\xc3\xadses https://t.co/ffotzQkmuO'
956020388634480640,2018-01-24 04:26:37,b'RT @CDCgov: Do you know about sepsis? #GetAheadofSepsis by knowing what it is and who\xe2\x80\x99s at risk. Most important is that if you suspect seps\xe2\x80\xa6'
955958423933345793,2018-01-24 00:20:23,"b'Bacteria are the best models to adaptation, we should use them as example. \xf0\x9f\x98\xb3\xf0\x9f\x98\xb3\xf0\x9f\xa6\x8b https://t.co/Jvqt3xvZ8G'"
955957162639085569,2018-01-24 00:15:23,b'Very interesting. The biotechnology of cutting edge\xf0\x9f\xa6\x8b https://t.co/qGFHtirlgq'
955314060656107522,2018-01-22 05:39:55,"b'Estos son los problemas que sensibilizan a todo el mundo, excepto a nuestros mandatarios.\xf0\x9f\xa7\x90 https://t.co/nxfl25xfKc'"
955312035495018496,2018-01-22 05:31:52,b'Tristemente as\xc3\xad es. https://t.co/s1JvygwhCM'
955274861298966528,2018-01-22 03:04:09,b'Perfect codes \xf0\x9f\x98\xb3\xf0\x9f\x92\x81\xe2\x80\x8d\xe2\x99\x80\xef\xb8\x8f\xf0\x9f\x8f\xb3\xef\xb8\x8f https://t.co/t4EbZgiAyI'
955273970642759680,2018-01-22 03:00:37,"b'RT @ASTuszynski: Le guide pratique pour concilier #cancer, #maladie et #emploi destin\xc3\xa9 \xc3\xa0 tous les #salari\xc3\xa9s : #malades, #aidants, #managers\xe2\x80\xa6'"
955273770930982913,2018-01-22 02:59:49,b'RT @MicrobiologyRR: Bacteria being used to fight hospital-acquired infections https://t.co/sYVOATTBGp https://t.co/a1hdaj9wF2'
954476490485387265,2018-01-19 22:11:43,b'RT @edyong209: This is fantastic. https://t.co/Pb0BeyCtIT'
953852247800270848,2018-01-18 04:51:12,b'RT @UpbmAsso: Le p\xc3\xa9riplasme des bact\xc3\xa9ries Gram -\n@PLOSBiology \nhttps://t.co/jeMwJOcuvN'
953146790932570112,2018-01-16 06:07:58,b'RT @WHO: #Depression is the leading cause of disability worldwide.\nDepression can be treated. The first step is talking #LetsTalk\nhttps://t\xe2\x80\xa6'
953140702598389760,2018-01-16 05:43:46,b'One new global environmental disaster https://t.co/QcWSwiXYAb'
953138784698359808,2018-01-16 05:36:09,b'RT @Hello_Maestro: Une pirouette pour passer ce #BlueMonday sereinement \xf0\x9f\x98\x89 https://t.co/WEytmBFFI0'
953137518546911232,2018-01-16 05:31:07,b'RT @OxfordJournals: Over the next year we are marking the 70th anniversary of the Universal Declaration on Human Rights. Hover over the dot\xe2\x80\xa6'
953135330265387008,2018-01-16 05:22:25,b'RT @TenzinJjack: https://t.co/aZkIpgdKg3'
953135070998560768,2018-01-16 05:21:23,b'RT @ajitjohnson_n: Catch up on the top stories in #science this week. References to all studies are here: https://t.co/qCTVbVJ6VO https://t\xe2\x80\xa6'
953134489860964353,2018-01-16 05:19:05,b'@embl @kiran_r_patil @biorxivpreprint Very useful to study events associated with climate change'
953133933557960705,2018-01-16 05:16:52,"b'@GustavoBolivar @HOLLMANMORRIS Es verdad. Sobre todo en los departamentos alejados de Bogot\xc3\xa1...a todos como ""ovejitas""'"
953133353947029505,2018-01-16 05:14:34,b'RT @animalculum: A pathway for biological methane production using bacterial iron-only nitrogenase. https://t.co/KXSCLdfYrE\n\nAn active Fe-o\xe2\x80\xa6'
953132958856241153,2018-01-16 05:13:00,b'RT @RICETropicales: Una vez m\xc3\xa1s investigadores espa\xc3\xb1oles de la RICET lideran la gen\xc3\xb3mica de la #Leishmania infantum https://t.co/p9k6YaVpuA\xe2\x80\xa6'
952718925766291457,2018-01-15 01:47:47,b'RT @SciReports: Long non-coding #RNA as prognostic factors for #colorectal cancer https://t.co/U5Kk571v5x'
952718111232479232,2018-01-15 01:44:33,b'RT @alexbernalradio: Acaso Colombia con energ\xc3\xadas sostenibles es una utop\xc3\xada ??\n\nEs real! Y nos toca empezar ya!\nEn Freiburg cada casa produc\xe2\x80\xa6'
950060742488698880,2018-01-07 17:45:06,b'Efficacy and control of vaccine? https://t.co/iHLRtKimIU'
950060462363701248,2018-01-07 17:44:00,"b'RT @alexvespi: Scholarship Applications are open for the 2018 Summer Institute @UW on Statistics and Modeling in Infectious Diseases, July\xe2\x80\xa6'"
949816811096301570,2018-01-07 01:35:49,"b""RT @ParisAMDParis: C'est dur la mont\xc3\xa9e!      Paris https://t.co/IA6GYOhoi1"""
949816477888151553,2018-01-07 01:34:29,"b'Es inhumano y m\xc3\xa1s lo es, que pa\xc3\xadses como Colombia tenga \xc3\xadndices tan altos de mortalidad infantil por desnutrici\xc3\xb3n,\xe2\x80\xa6 https://t.co/4XAOUP5bxY'"
949815840366645248,2018-01-07 01:31:57,b'RT @GiordanoBrunoFi: #ElFuturoConPetro en la presidencia es una #ColombiaHumana que promover\xc3\xada el desarrollo y utilizaci\xc3\xb3n de energ\xc3\xadas limp\xe2\x80\xa6'
949815773417148417,2018-01-07 01:31:41,b'RT @TenzinJjack: https://t.co/LxnY7KufiP'
949814899810631680,2018-01-07 01:28:13,b'RT @IvanCepedaCast: Sin comentarios: https://t.co/wN8dGcIPIH'
946212120424861696,2017-12-28 02:52:03,"b'RT @nature: Create an artificial-intelligence platform for the planet, urges @lucasjoppa https://t.co/H78jTpT2QV'"
946211650327027713,2017-12-28 02:50:11,"b'RT @Lionheart0075: There is an inequitable spread of wealth in #World poor struggle for necessities of life, #Water and basic #Food wealthy\xe2\x80\xa6'"
946211461981929473,2017-12-28 02:49:26,b'RT @GeneScan: Nanowire Device Developed to Capture Cancer Diagnostic miRNAs from Urine https://t.co/UzF7KZQqXx #microfluidics'
946209393808433153,2017-12-28 02:41:13,b'RT @FNAmbiental: \xc2\xbfQu\xc3\xa9 har\xc3\xada si le dijeran que puede ayudar a la conservaci\xc3\xb3n del planeta y de ciertas especies con peque\xc3\xb1as decisiones que\xe2\x80\xa6'
946207516630966272,2017-12-28 02:33:46,"b'RT @PLOSPathogens: New research: Association of #papillomavirus E6 proteins with either MAML1 or E6AP clusters E6 proteins by structure, fu\xe2\x80\xa6'"
946114549135970304,2017-12-27 20:24:21,b'Submitted Publication from uBiome Examines the Use of Vaginal Self-Sampling and Its Potential Positive Impact on Ce\xe2\x80\xa6 https://t.co/uXabO0McvL'
946113944208400385,2017-12-27 20:21:56,b'RT @galaxyproject: More on Galaksio in new #usegalaxy blog post from @KlingstromT: Galaksio: a Galaxy user interface focused on running pre\xe2\x80\xa6'
946113348898193408,2017-12-27 20:19:34,b'RT @equitylist: An effectiveness hierarchy of preventive interventions: neglected paradigm or self-evident truth?@SimonCapewell99 https://t\xe2\x80\xa6'
946113099165138945,2017-12-27 20:18:35,b'RT @evoldir: Other: IQ-TREE software major release 1.6.0 https://t.co/gEkjuVg9gw'
946112956433014784,2017-12-27 20:18:01,"b'RT @SeqComplete: #BioIT #BioInformatics Global Bioinformatics Market Outlook \xe2\x80\x93 Illumina Inc., Thermo Fisher Scientific Inc., QIAGEN NV, Agi\xe2\x80\xa6'"
946112421374042113,2017-12-27 20:15:53,b'RT @SeqComplete: #BioIT #BioInformatics Global Bioinformatics Market and Investment Analysis Report 2017-2022 https://t.co/lnmltHW3Kg'
943956498106978304,2017-12-21 21:29:01,b'RT @CDCGlobal: Improving Public Health Management for Action (IMPACT) works with partner countries to build a public health workforce prepa\xe2\x80\xa6'
943956381203353601,2017-12-21 21:28:33,"b'RT @NTD_SC: As 2017 winds down, the @gatesfoundation takes a look at this year in medicine.  #NTDs lead the way, with a recording-breaking\xe2\x80\xa6'"
940744650255687680,2017-12-13 00:46:17,b'RT @JnlParasitology: In our latest blog - #chagas - imitations of our current understanding of basic parasite biology and host:pathogen int\xe2\x80\xa6'
939930766154313728,2017-12-10 18:52:12,"b'RT @ciliateco: My latest publication, involving climate change and limpets:\nLocalized versus regional adaptation in limpet shell morphology\xe2\x80\xa6'"
939930585556049920,2017-12-10 18:51:29,b'RT @animalculum: Orientia #tsutsugamushi: A neglected but fascinating obligate intracellular bacterial pathogen. By Jeanne Salje. https://t\xe2\x80\xa6'
939892035103883266,2017-12-10 16:18:18,b'La ley alcanza pero no derrota a la \xe2\x80\x98Robin Hood de la ciencia\xe2\x80\x99 https://t.co/enZVM0rnrG v\xc3\xada @el_pais'
939855448857038848,2017-12-10 13:52:55,b'RT @JnlParasitology: Longitudinal study showing environmental stressors modified parasite numbers needed to reveal intensity-dependent host\xe2\x80\xa6'
939605628254908416,2017-12-09 21:20:13,b'@FelicianoValen @HOLLMANMORRIS Muy lamentable'
939524454354432000,2017-12-09 15:57:40,"b'@nature This week, we learn some of this tool. Sound good.'"
939524191975542785,2017-12-09 15:56:37,b'RT @nature: The Bioconductor project gathers genomics tools and data into a handy package that can run in the cloud https://t.co/AHhkv4svHh'
939511823065403392,2017-12-09 15:07:28,b'RT @nature: Enhancing mitochondrial proteostasis (protein-folding quality-control processes) can reduce protein aggregation in animal model\xe2\x80\xa6'
939509796377636865,2017-12-09 14:59:25,"b'RT @nature: DNA can be designed to self-assemble into target shapes, but the size and quantity of objects that can be prepared have been li\xe2\x80\xa6'"
939351185475162112,2017-12-09 04:29:09,"b'RT @insb_cnrs: Les phages, redoutables nanomachines tueuses de bact\xc3\xa9ries : comment \xc3\xa7a marche ? \xe2\x9e\xa1\xef\xb8\x8f https://t.co/jymJFG00pY https://t.co/zXYE\xe2\x80\xa6'"
939349585394307075,2017-12-09 04:22:48,"b'RT @LAHug_: A friend sent me this, and I genuinely do not know what to make of it. Happy Friday, all. https://t.co/5xA5H51dWb'"
939349358188879872,2017-12-09 04:21:53,"b'Nada como una buena tasa de caf\xc3\xa9, siempre hace bien https://t.co/tPpwyV7qWf'"
939349163891920896,2017-12-09 04:21:07,b'RT @JnlParasitology: WASH resource has positive impact on the control of soil-transmitted #helminthiasis among school children in Nigeria\nh\xe2\x80\xa6'
939316940501381120,2017-12-09 02:13:04,"b""RT @MicrobiologyRR: Microbes In Space! (But They're Ours) https://t.co/ZjZzNKG3qD https://t.co/TzYfdAvrY5"""
939186418278055936,2017-12-08 17:34:26,b'Neglected Tropical Diseases and Vaccine Advocacy with Peter Hotez https://t.co/p4lvbwZYp8 via @rightrelevance thanks @aetiology'
939186296383082496,2017-12-08 17:33:56,b'Vibrio cholerae&gt; genomic diversity within and between patients https://t.co/AYqjGAiK08 via @rightrelevance thanks @surt_lab'
939172547505147911,2017-12-08 16:39:18,"b'RT @CDCGlobal: Preventing, detecting and controlling infectious diseases at their source helps to prevent widespread health and economic di\xe2\x80\xa6'"
939172334166044672,2017-12-08 16:38:28,b'RT @FEMSTweets: Interested in #genetics and the evolution of transmissible #diseases? Join the 14th International Meeting on Molecular Epid\xe2\x80\xa6'
939170275928702976,2017-12-08 16:30:17,b'RT @animalculum: Multiplex quantitative SILAC for analysis of archaeal proteomes: a case study of oxidative stress responses. https://t.co/\xe2\x80\xa6'
939169967441891329,2017-12-08 16:29:03,b'RT @CDC_NCEZID: Handwashing is a simple and very effective way to prevent infections that could lead to sepsis. #GetAheadofSepsis. #Nationa\xe2\x80\xa6'
939141207644672001,2017-12-08 14:34:46,b'RT @AmSocParasit: A man in Pittsburgh is claiming he had a serious infection caused by a parasite that got into his eye from the water spla\xe2\x80\xa6'
939104198607757313,2017-12-08 12:07:43,"b'RT @nature: Global warming this century could exceed previous estimates, according to models that accurately account for energy flow at the\xe2\x80\xa6'"
939029155538014208,2017-12-08 07:09:31,b'RT @UNrefugees: UNHCR needs your help to keep up vital interventions in Bangladesh.\n\nDonate to our #JointAppeal before Saturday night and y\xe2\x80\xa6'
939028391298187265,2017-12-08 07:06:29,"b'RT @LeMondeSante: Gastro-ent\xc3\xa9rite : le seuil \xc3\xa9pid\xc3\xa9mique d\xc3\xa9pass\xc3\xa9, trois r\xc3\xa9gions tr\xc3\xa8s touch\xc3\xa9es - Le Progr\xc3\xa8s https://t.co/XToMcq2S8z https://t\xe2\x80\xa6'"
939009814847406080,2017-12-08 05:52:40,"b'RT @Lionheart0075: Like humans, dolphins communicate with their little ones  B4 they come 2 the world #dolphinangels #captivitykills  https\xe2\x80\xa6'"
938977781681217536,2017-12-08 03:45:23,b'RT @CDCgov: Do you know the best way to wash your hands? Find out during #HandwashingAwarenessWeek https://t.co/iL23FE4yGE https://t.co/7jK\xe2\x80\xa6'
938911202146705408,2017-12-07 23:20:49,b'RT @Earthwatch_Eur: NEW STUDY \xf0\x9f\x9a\xa8 How #citizenscience data collected by our @FreshWaterWatch volunteers can support @EnvAgency monitoring: ht\xe2\x80\xa6'
938911105971294209,2017-12-07 23:20:26,b'RT @CDCGlobal: Could economic disruptions associated with infectious outbreaks result in reduced demand for US exports? Health Security exa\xe2\x80\xa6'
938909160976109568,2017-12-07 23:12:42,b'RT @NatureBiotech: #CRISPR #CAS9-based gene activation in vivo https://t.co/xbm3dJrXgU #NBThighlight'
938908534061912064,2017-12-07 23:10:13,b'RT @CDCGlobal: Reductions in #Guineaworm disease worldwide bring goal of eradication closer. Learn more: https://t.co/Gxuvxz2F4N https://t.\xe2\x80\xa6'
938894943556395010,2017-12-07 22:16:13,b'RT @PLOSGenetics: Using #NextGenerationSequencing data to simultaneously estimate local ancestry and admixture time in samples of arbitrary\xe2\x80\xa6'
938884306390405121,2017-12-07 21:33:56,b'RT @striepenlab: Thanks to new grant from @gatesfoundation we are recruiting postdocs and senior staff/coordinator to enable #Cryptosporidi\xe2\x80\xa6'
938883647888793600,2017-12-07 21:31:19,b'Meta-analysis of gut microbiome studies identifies disease-specific and shared.. https://t.co/8o9a872Evy via @rightrelevance thanks @jatetro'
938834082179321856,2017-12-07 18:14:22,b'EVA\nThe European Bioinformatics Institute &lt; EMBL-EBI https://t.co/kKtsBvdmBt via @rightrelevance thanks @emblebi'
938806602508984320,2017-12-07 16:25:10,b'RT @nature: Editorial: Trees and shrubs could be less fussy about the climate than scientists thought. That might be good news as the plane\xe2\x80\xa6'
938805815292649472,2017-12-07 16:22:03,"b'RT @environmentinst: If gene drives successfully eradicated these invasive populations, many would rejoice, but what are the possible conse\xe2\x80\xa6'"
938804591256272896,2017-12-07 16:17:11,b'RT @OxfordJournals: The art of science: how visual images increase student learning in #microbiology @FEMSTweets https://t.co/E5sJRtwPmA'
938802743761924096,2017-12-07 16:09:50,b'RT @CDCGlobal: #Globalhealthsecurity is a smart investment. Estimates indicate pandemics are likely to cost $6 trillion in the next century\xe2\x80\xa6'
938802673075261440,2017-12-07 16:09:34,b'RT @dineshgupt: EuPathDB mini workshop by Dr. Omar Harb @eupathdb  @ICGEBNewDelhi @ICGEB https://t.co/OWktwLrDrW'
938802539910369281,2017-12-07 16:09:02,"b'RT @PasteurLille: #aucoeurdeslabos \xc2\xab\xc2\xa0en comprenant mieux le lien entre vieillissement et #cancer , nous pourrons mieux pr\xc3\xa9venir et combattr\xe2\x80\xa6'"
938802365280477185,2017-12-07 16:08:20,"b'RT @PasteurLille: Place aux 16e ATELIERS DE #NUTRITION \xc3\xa0 l\'IPL &gt;&gt; ""De la fragilit\xc3\xa9 \xc3\xa0 la d\xc3\xa9nutrition en passant par la sarcop\xc3\xa9nie chez les p\xe2\x80\xa6'"
938802320212725760,2017-12-07 16:08:09,b'RT @protistologists: #protists #malaria #parasites #SingleCellSequencing https://t.co/UvoD12aPeT'
938441207851765761,2017-12-06 16:13:14,b'RT @embl: Exploring 3D macromolecules in a flash with new @PDBeurope viewer https://t.co/VVei1RuIgr https://t.co/91s1qAfRUs'
938441089425518593,2017-12-06 16:12:45,b'RT @Rajee_Rajakumar: #PLOSBiology: Evaluation of RNAi and CRISPR technologies by large-scale gene expression profiling in the Conn ... http\xe2\x80\xa6'
938440047304552448,2017-12-06 16:08:37,"b'RT @DrMartinCDC: Disease outbreaks can occur anywhere, anytime, with consequences that can shatter communities. CDC partners with @WHO #GOA\xe2\x80\xa6'"
938419552060411905,2017-12-06 14:47:10,"b'RT @CDCGlobal: Outbreaks, even without crossing borders, can disrupt trade flows by destabilizing economies that serve as export markets.\xe2\x80\xa6'"
938419103295070208,2017-12-06 14:45:23,"b'RT @PLOSMedicine: Submit your research to the Special Issue on the health impacts of #ClimateChange, with  \nGuest Editors @jonathanpatz &amp; @\xe2\x80\xa6'"
938266991953088512,2017-12-06 04:40:57,b'Wonderful https://t.co/Q51bV6GBCX'
938170015353782272,2017-12-05 22:15:36,b'RT @MicrobiologyRR: The Limitations of LB Medium https://t.co/oamFVYsG7U https://t.co/T1jYJGmRTC'
938090196624728064,2017-12-05 16:58:26,b'@protistologists @ERC_Research I am interested in. Thanks'
938073333685506049,2017-12-05 15:51:25,b'RT @IvanCepedaCast: El nuevo mapa de contaminaci\xc3\xb3n en el mundo trae malas noticias para Latinoam\xc3\xa9rica https://t.co/fjbi0QsJ6z'
938035706324312064,2017-12-05 13:21:54,b'Y muchos contradicen esta realidad.....\n\nLos pa\xc3\xadses del Mediterr\xc3\xa1neo se unen para solventar el problema de la escas\xe2\x80\xa6 https://t.co/yg0DZHvSbx'
938032444971810817,2017-12-05 13:08:57,"b'RT @protistologists: Distribution and Evolution of Peroxisomes in Alveolates (Apicomplexa, Dinoflagellates, Ciliates). https://t.co/V7OUFcE\xe2\x80\xa6'"
938031339604979715,2017-12-05 13:04:33,"b'RT @CBD_Climate: New op-ed by @CenterForBioDiv scientist @CFlemingJohn on @PLOSEcology today. ""Balancing Science and Advocacy in the Face o\xe2\x80\xa6'"
938028875224961025,2017-12-05 12:54:46,"b'RT @karlaiberia: El temor a pandemias y desastres supera por mucho el costo de los sistemas de salud.\nTiene un enorme impacto en econom\xc3\xada,\xe2\x80\xa6'"
938022029932007425,2017-12-05 12:27:34,"b'RT @IvanCepedaCast: Cauca y Nari\xc3\xb1o, mayor potencial para el aviturismo en el posconflicto https://t.co/gacrLRB4qq v\xc3\xada @eltiempo'"
938021776583528448,2017-12-05 12:26:33,"b""RT @BBCWorld: India leprosy patient's pension restored after outrage over ID card https://t.co/bYol7GjrRk"""
