id,created_at,text
970408919779762176,2018-03-04 21:21:30,b'@PlanetofFinks Le petit prince'
969591512693604352,2018-03-02 15:13:25,b'RT @FloreyInstitute: The Florey Institute is proud to host the 5th Annual PGR Symposium on the 22nd June! \xf0\x9f\x8e\x89The Hidden Army symposium will t\xe2\x80\xa6'
969247758782812161,2018-03-01 16:27:28,b'RT @lottelydia: This is really horrific by \n@sheffielduni. Shame on you for bullying your staff like this. https://t.co/IVbi5kzcpR https://\xe2\x80\xa6'
964453694669455361,2018-02-16 10:57:34,"b'RT @kayguccione: \xe2\x80\x9cThere are many who are so attracted by the prospect of success that they are willing to obfuscate, mystify and perhaps fa\xe2\x80\xa6'"
956449051423203328,2018-01-25 08:49:58,b'RT @LauraPiddock: Please RT: do you know of a PhD training programme outside the UK or Sweden focusing on antimicrobials and resistance? If\xe2\x80\xa6'
955770610675830784,2018-01-23 11:54:05,b'Excellent The Infinite Monkey Cage episode raising awareness about antibiotics with @CMO_England - go listen #AMR\xe2\x80\xa6 https://t.co/3wP9YPjQa6'
944112472369324033,2017-12-22 07:48:48,b'RT @bugsinblood: Wanna job? Come work with my team in @CMBI_Imperial  2 yr post-doc position on Staph and novel therapeutic targets https:/\xe2\x80\xa6'
941765798024105984,2017-12-15 20:23:58,b'Great work from everyone involved in the organisation of the day and from all the students presenting today at our\xe2\x80\xa6 https://t.co/C1m41Vw0KB'
941384735007309829,2017-12-14 19:09:45,b'@BBSRC white rose DTP management board student reps enjoying our celebratory dinner #Christmas #phdlife #YorkUni\xe2\x80\xa6 https://t.co/fmL78wX4Zi'
924980026877054976,2017-10-30 12:43:18,"b'RT @real_e_coli: If you want an indictment to stay sealed, keep it in a durable cell envelope https://t.co/H2jZhAcPFQ'"
924216233070923776,2017-10-28 10:08:15,b'@arctic_glaciers @StAndrewsGlacio It looks beautiful!'
922924188381224962,2017-10-24 20:34:08,"b'RT @adamsonjon: Seeing a lot about not ""taking"" antibiotics when not necessary. How about we take responsibility for not prescribing antibi\xe2\x80\xa6'"
921323260570193920,2017-10-20 10:32:37,b'RT @wellcomeamr: 10 fully funded PhDs in Antimicrobial Resistance @IMIBirmingham. Apply now https://t.co/ndrFZpvUnu . Deadline 26th Novembe\xe2\x80\xa6'
921015195534839810,2017-10-19 14:08:28,b'@corrigar1 In the current proposal it strips us of a lot of rights that come with PR.'
919124539208097792,2017-10-14 08:55:41,b'RT @dvdhrnby: Great to see @SheffieldMBB @sheffielduni alumni shaping the future of global medicine https://t.co/S6XGdoWov5'
918768892356505601,2017-10-13 09:22:28,"b""RT @SheffieldMBB: We're delighted to announce that Professor Simon Foster is our new Faculty Director of Research and Innovation https://t.\xe2\x80\xa6"""
917134785746735104,2017-10-08 21:09:07,b'RT @Wellcome_AMR: Did you know? Animals in the USA consume MORE THAN TWICE as many medically important antibiotics as humans.\n#StopSuperbug\xe2\x80\xa6'
913432330131447808,2017-09-28 15:56:52,"b'RT @realscientists: You as an undergrad: ""I\'m such a phony, I know nothing.""\n\nYou as a grad student: ""I\'m such a phony, I know a little.""\xe2\x80\xa6'"
912939369438302208,2017-09-27 07:18:01,"b'@RobFagan @sheffielduni @SheffieldMBB No matter what the day ahead looks like, walking into firth court always puts\xe2\x80\xa6 https://t.co/rAxcnpZ7kw'"
912345379999567872,2017-09-25 15:57:43,"b'RT @FloreyInstitute: Florey clinical microbiologist, Dr Emma Boldock, tells The Yorkshire Post why we need to work together to tackle AMR h\xe2\x80\xa6'"
912254823122309120,2017-09-25 09:57:53,"b'RT @MoleculeWorld: Sir Howard Florey, born Sep 24, 1898, carried out first clinical trials of penicillin. https://t.co/HP1wSlu6BJ'"
912007646508716033,2017-09-24 17:35:41,b'@andrewkfenton Nice work Andrew!'
910525077141192704,2017-09-20 15:24:29,b'RT @FloreyInstitute: Thank you everyone at the #TDDW symposium. A fantastic series of talks that highlighted how we can be smarter with our\xe2\x80\xa6'
910495158696906752,2017-09-20 13:25:36,b'Thought provoking talk by Victor Nizet: MIC tests are outdated &amp; leading us to miss out on effective treatment for\xe2\x80\xa6 https://t.co/f7yYvHQLZM'
910486412276969472,2017-09-20 12:50:51,b'@andrewkfenton @FloreyInstitute Best hashtag'
910485464444018688,2017-09-20 12:47:05,b'RT @strepmom: Incredible talk from @jodi_lindsay at @FloreyInstitute #TDDW on prophage and HGT in Staphylococus aureus. Fascinating and ins\xe2\x80\xa6'
910443327606095872,2017-09-20 09:59:39,"b""It wouldn't be a meeting about AMR if this quote didn't make an appearance #TDDR @FloreyInstitute @sheffielduni https://t.co/ckcJZ6ACfP"""
910441124371759105,2017-09-20 09:50:53,"b'Great talk by Dave Partridge at #TDDR about AMR in the clinic, alternative therapies &amp; host susceptibility #scary #AMR @FloreyInstitute'"
910093837527371777,2017-09-19 10:50:54,b'Paul Kubes presenting beautiful live microscopy of immune system and pathogen interaction #microscopy #TDDW\xe2\x80\xa6 https://t.co/Wv8Tcewnz5'
909854423379333124,2017-09-18 18:59:33,"b""RT @FloreyInstitute: Great talk by @ivo_boneca! Bacterial Cell Wall components are sensed by the host and 'trains' the immune system #TDDW\xe2\x80\xa6"""
909854336292925440,2017-09-18 18:59:12,b'RT @SheffieldMBB: 3 days of worldclass microbiology in Sheffield. Continuing tomorrow with the @FloreyInstitute launch symposium https://t.\xe2\x80\xa6'
909854313714999297,2017-09-18 18:59:07,b'RT @andrewkfenton: Beautiful talk by Friedrich Gotz!  Cell Wall O-acetylation contributes to virulence and immune escape. #TDDW https://t.c\xe2\x80\xa6'
908661263957413889,2017-09-15 11:58:22,b'First conference talk of my PhD at #StaphGBI2017 @SheffieldMBB @sheffielduni @SwanseaMedicine https://t.co/Q4EB2N7FXj'
908277338168840192,2017-09-14 10:32:47,b'RT @ithinkwellHugh: Is your PhD affecting your mental health? You are not alone.\nhttps://t.co/30BK2Id98f\nReach out. There is support.\nYou a\xe2\x80\xa6'
908261511675699200,2017-09-14 09:29:53,b'@becky31290 talking at #staphGBI2017 about live imaging of systemic S. aureus in a living host @SwanseaMedicine\xe2\x80\xa6 https://t.co/hVv0fE32Jm'
908258591827787777,2017-09-14 09:18:17,"b""RT @LauraPiddock: Daughter saw a GP for deep seated SSI today- told 'new guidelines, stop taking antibiotic when feel better' - cannot beli\xe2\x80\xa6"""
901021996456267777,2017-08-25 10:02:38,b'@Team_BMC This has made my Friday so much better - thanks BMC!'
899008917585489920,2017-08-19 20:43:23,"b""Thanks to the BMC for their supper of the women's trad festival 2017 #bmctrad2017 @Team_BMC https://t.co/Y47hO2YvmL"""
898491638754004992,2017-08-18 10:27:54,b'@andrewkfenton Sheffield gets the best rainbows \xf0\x9f\x91\x8c'
896005103102164992,2017-08-11 13:47:18,"b""RT @real_e_coli: Remember, humans, if it doesn't kill you, it greatly increases your chance of developing antibiotic resistance."""
895284710523363329,2017-08-09 14:04:43,b'RT @saveantibiotics: #AntibioticResistance poses a fundamental threat to public health &amp; security. We must act now to #saveabx https://t.co\xe2\x80\xa6'
894565570506608641,2017-08-07 14:27:06,"b""RT @PubhDSheffield: We're on the look out for researchers in #Sheffield who want to share their work at our upcoming #PubhD events! Contact\xe2\x80\xa6"""
892676530693910528,2017-08-02 09:20:44,"b""RT @LauraPiddock: No. Only in certain bacterial species. The evidence for 'main' cause is hotly disputed as SO difficult to prove https://t\xe2\x80\xa6"""
892676232768356352,2017-08-02 09:19:33,b'RT @SheffieldAMR: Check out the latest Longitude Prize Discovery Award Winners: Round 2\nhttps://t.co/0hZJE0W14M'
892675239469080577,2017-08-02 09:15:36,"b'RT @SheffieldAMR: Size matters: for bacteria, smaller is better for causing superbug infections https://t.co/ybhSzEJ1HY via @sheffielduni'"
892131607632642050,2017-07-31 21:15:24,b'RT @OneHealthCom: CDC antibiotics report calls for all-out stewardship efforts https://t.co/sRCTsmdnxq Full text https://t.co/wKS7UJ1jf6 #A\xe2\x80\xa6'
891262107550982144,2017-07-29 11:40:19,"b'Great to see the giant E. coli back in Sheffield. Originally commissioned for #krebsfest, it toured the country\xe2\x80\xa6 https://t.co/35YGqH8Atm'"
890979465685327873,2017-07-28 16:57:12,"b'@iamscicomm I try to understand how antibiotics, drugs used to treat people when they are sick, kill bacteria #scicomm #AMR'"
890830882717806593,2017-07-28 07:06:47,b'RT @hollindaze: #Scicomm can reconnect with our motivation to do science https://t.co/jEpgeEHpzn via @chronicle'
890684584161153025,2017-07-27 21:25:27,"b""@RobFagan I've been raging all day. Most major news outlet has had a shameful and irresponsible headline, unravelin\xe2\x80\xa6 https://t.co/0jHNXwm9eC"""
890683454752509952,2017-07-27 21:20:58,b'@Beaorgana \xf0\x9f\x98\xa1'
890605929464344576,2017-07-27 16:12:54,b'RT @LauraPiddock: Read @BSACandJAC @TheUrgentNeed response to to BMJ article \xe2\x80\x98The antibiotic course has had its day\xe2\x80\x99 https://t.co/0s0ljR6PCF'
890604119571824641,2017-07-27 16:05:43,b'Ignored twitter until now. Stop the scaremongering. We need better science communication! #AMR #scicomm\xe2\x80\xa6 https://t.co/qCMFjQCO0q'
