id,created_at,text
968816034131185664,2018-02-28 11:51:56,"b'RT @_BOSC_: For french speakers : here is a presentation article about the Bordeaux Optics Student Chapter (@SPIEtweets, @OpticalSociety )\xe2\x80\xa6'"
968516651535781890,2018-02-27 16:02:18,"b'For french speakers, here is a very great course about numerical simulations : https://t.co/g8lvn3rb8Z'"
968203070533496837,2018-02-26 19:16:15,b'RT @Cellphysics: Applications now https://t.co/DJKuDvBtGv https://t.co/0ILFef9fea'
968071501319680000,2018-02-26 10:33:26,b'RT @the_Node: Crazy amphibians! https://t.co/bFCtujsaDe'
967469857624285196,2018-02-24 18:42:43,"b'RT @PasseurSciences: Alors que le glacial ""Paris-Moscou"" est arriv\xc3\xa9 en France, au p\xc3\xb4le Nord les temp\xc3\xa9ratures devraient passer au dessus de\xe2\x80\xa6'"
967447127013150721,2018-02-24 17:12:24,"b'RT @eLife: For the naked mole rat, age is just a number; these rodents show no increase in mortality risk as they get older https://t.co/Gc\xe2\x80\xa6'"
967065747221512192,2018-02-23 15:56:56,b'... https://t.co/OjGqqabeYg'
962282636759699457,2018-02-10 11:10:33,b'RT @xkcdComic: Scientific Paper Graph Quality https://t.co/3OSoHCgGiG https://t.co/RcFfExBwdP https://t.co/5pYuoGKbn0'
962281240039710720,2018-02-10 11:05:00,"b'RT @jevakallio: At a bank trying to prove my address:\nCLERK: ""We have a discrepancy here... Your name here is Jani Ev\xc3\xa4kallio but this proof\xe2\x80\xa6'"
961510405909700609,2018-02-08 08:01:59,b'@mikko Google what? \xf0\x9f\x98\x85'
959446704499064833,2018-02-02 15:21:34,b'https://t.co/nZYb6GiHnI'
959388560494399488,2018-02-02 11:30:32,b'https://t.co/L2CmbZYoRA'
959386608599527424,2018-02-02 11:22:46,b'https://t.co/RfJmKRXLgp'
959373110058340352,2018-02-02 10:29:08,"b""@Olive_Free Haha! I've found this small sum-up about PDMS curing and it's working pretty well if you are interested\xe2\x80\xa6 https://t.co/1to4FOGoSu"""
959355413346045953,2018-02-02 09:18:49,b'@Olive_Free Oh no the black color is just due to our type of plastic container! I took the picture already in the v\xe2\x80\xa6 https://t.co/qpHu6a4yo3'
959352169026736128,2018-02-02 09:05:55,"b'@Olive_Free No, totally pure, 10:1, 100C, 1h curing! Just trying to remove the air as much as possible, so I mixed\xe2\x80\xa6 https://t.co/GMU8cUyd5g'"
959350024827232256,2018-02-02 08:57:24,"b'Today, PDMS! https://t.co/oBcG6HSFe9'"
959335747093520385,2018-02-02 08:00:40,"b'RT @Karenine2: Ch\xc3\xa8re Aurore Berg\xc3\xa9 et ch\xc3\xa8re autre rombi\xc3\xa8re inconnue, qui avez commis ce #RapportBerg\xc3\xa9.\nPour vous et vos amis de la France 2.\xe2\x80\xa6'"
945598760175964161,2017-12-26 10:14:47,b'@TannerStokes @adafruit New type of night club stuff. Congrats. \xf0\x9f\x99\x82.'
925305471459840000,2017-10-31 10:16:30,"b""RT @HuetSylvestre: Ex-pr\xc3\xa9sident du @CNRS, Alain Fuchs regrette de n'avoir pas convaincu l'Elys\xc3\xa9e l'importance de la recherche  https://t.co\xe2\x80\xa6"""
922895485299576833,2017-10-24 18:40:04,"b'@VeroniquePerrot @brutofficiel @agnesbuzyn @Francois_Ruffin \xc3\x87a m\xe2\x80\x99int\xc3\xa9resse cette histoire, vous auriez un lien?'"
922895082705051649,2017-10-24 18:38:28,b'@EnDebout @brutofficiel @agnesbuzyn C\xe2\x80\x99est quoi \xc2\xab\xc2\xa0l\xe2\x80\x99\xc3\xa9radication de la pauvret\xc3\xa9\xc2\xa0\xc2\xbb? Il y a un vaccin?'
922254622911270912,2017-10-23 00:13:31,b'Do you remember when you joined Twitter? I do! #MyTwitterAnniversary https://t.co/AhnDr3QxQF'
922130840573894656,2017-10-22 16:01:39,b'@lemondefr Encore heureux... Je ne comprend m\xc3\xaame pas qu\xe2\x80\x99ils aient pens\xc3\xa9 \xc3\xa0 lui pour un poste...'
922130690233204739,2017-10-22 16:01:03,b'@CNRS Excellent!'
917348621019963392,2017-10-09 11:18:49,b'@mikko Wtf...'
865845091004559360,2017-05-20 08:22:10,"b""Wow. https://t.co/MET2xdv3oT privacy policies is telling me to buy a paper dictionnary if I'm not happy with their\xe2\x80\xa6 https://t.co/lkr5WhdSXB"""
865284594349871104,2017-05-18 19:14:58,b'RT @couzoulias: Affaire du Cr\xc3\xa9dit lyonnais\xc2\xa0: Bernard Tapie devra rembourser 404\xc2\xa0millions d\xe2\x80\x99euros https://t.co/bz29S3LVLD'
863805917371957251,2017-05-14 17:19:14,"b""RT @leprofdeletre: Une prof de fran\xc3\xa7ais qui devient 1ere dame, vous voyez bien qu'il y a des d\xc3\xa9bouch\xc3\xa9s en L. #passationdepouvoir"""
863804228237746177,2017-05-14 17:12:31,"b""RT @polemix: FLASH - Coup de th\xc3\xa9\xc3\xa2tre sur les Champs-Elys\xc3\xa9es avec l'arriv\xc3\xa9e de F.Fillon en tank, pr\xc3\xaat \xc3\xa0 en d\xc3\xa9coudre #passationdepouvoir http\xe2\x80\xa6"""
863804171484622849,2017-05-14 17:12:17,"b""RT @Flootoutcourt: -l'Elys\xc3\xa9e est propre\n-Merci\n-Par contre si on sonne en se faisant passer pour 1t\xc3\xa9moin de Jehovah n'ouvre pas c'est Valls\xe2\x80\xa6"""
861874465432580096,2017-05-09 09:24:20,"b""RT @bernardpivot1: S'il s'\xc3\xa9tait pr\xc3\xa9sent\xc3\xa9 \xc3\xa0 P\xc3\xb4le Emploi pour le poste \xc3\xa0 l'Elys\xc3\xa9e, Macron aurait \xc3\xa9t\xc3\xa9 recal\xc3\xa9: trop jeune, pas assez d'exp\xc3\xa9rien\xe2\x80\xa6"""
855850719877967872,2017-04-22 18:28:07,b'RT @FlashCordon: La pancarte la plus vraie de cette #MarchePourLesSciences https://t.co/DILZlL5L7n'
854741992655466496,2017-04-19 17:02:26,b'@CosmoloGirl Chrome... \xf0\x9f\x98\xb1'
854378320150003712,2017-04-18 16:57:19,"b""RT @MT180FR: Faites la connaissance d'Ariane Peyret, finaliste #MT180 pour les Universit\xc3\xa9s d'Aquitaine, et de sa th\xc3\xa8se en 180s !  https://t\xe2\x80\xa6"""
848857630374334464,2017-04-03 11:20:04,b'https://t.co/C4LEPRzBAJ'
848811456682487808,2017-04-03 08:16:36,b'Interlab with the Bordeaux SPIE students chapter.\n\nhttps://t.co/nOZ5Hftciu\n\n#optics #lasers #physics #Bordeaux'
845608950171099136,2017-03-25 12:10:59,b'https://t.co/muWRuFUHIs'
841934594471538688,2017-03-15 08:50:24,b'Le programme de Macron. https://t.co/LlC9vUl0Ry'
837230008976429057,2017-03-02 09:16:03,b'Wow. Cette photo. https://t.co/vWHfcCiVsL'
837228072491495424,2017-03-02 09:08:22,"b""Les pr\xc3\xa9sidents d'universit\xc3\xa9 ont de l'argent surtout... https://t.co/B9ul7W3i8m"""
836479618995662848,2017-02-28 07:34:16,"b""RT @arretsurimages: Poutou chez Ruquier : trois fois invit\xc3\xa9, le candidat NPA n'a jamais \xc3\xa9t\xc3\xa9 \xc3\xa9pargn\xc3\xa9\n https://t.co/HJ28Ujducg https://t.co/P\xe2\x80\xa6"""
836467531888078848,2017-02-28 06:46:15,"b""Qui s'en fouuuut? https://t.co/9QUxpri71A"""
836466823226875904,2017-02-28 06:43:26,"b""RT @lemondefr: #SpaceX va envoyer deux touristes autour de la #Lune \xc3\xa0 la fin de l'ann\xc3\xa9e 2018 https://t.co/Rb5ReyKQju"""
836464916139806721,2017-02-28 06:35:51,"b""RT @Antoine_Lvq: S\xc3\xa9quence consternante d'une \xc3\xa9lite hilare sur la question des licenciements et qui ne se cache m\xc3\xaame plus pour humilier Phil\xe2\x80\xa6"""
835622337210957824,2017-02-25 22:47:44,"b'Not everything, but this tweet, yes. https://t.co/XxIBGESwzw'"
835448141373657088,2017-02-25 11:15:33,"b""@CosmoloGirl Des... des... des vacances? Elle avait des vacances ! H\xc3\xa9 les gens! J'ai vu quelqu'un qui avait des vacances! Waaaaah!!!!"""
834364759755599872,2017-02-22 11:30:35,"b'RT @alain_beretz: Le 22 avril, marchons pour les sciences! https://t.co/AHJwsGCnPP'"
834157392233431042,2017-02-21 21:46:34,"b""RT @Maitre_Eolas: L'Azerba\xc3\xafdjan, cette autre Sarthe. https://t.co/LijEV84azd"""
831918543914545153,2017-02-15 17:30:11,b'@Urelya1618 \xc3\x87a doit faire mal.'
831836631334273025,2017-02-15 12:04:42,b'@bartleby_bye Botteriez VOUS en touche?'
831836390853865473,2017-02-15 12:03:45,"b""@bartleby_bye C'est de la politesse."""
831836300659531776,2017-02-15 12:03:23,"b""@bartleby_bye C'est marrant je n'ai jamais dit que \xc3\xa7a devait changer quelque chose... Juste que \xc3\xa7a existait."""
831836000397750272,2017-02-15 12:02:11,b'@bartleby_bye De rien.'
831835955665522688,2017-02-15 12:02:01,"b""@bartleby_bye et les femmes? En toute logique c'est pareil non?"""
831835322841493504,2017-02-15 11:59:30,"b""@bartleby_bye Donc je me r\xc3\xa9p\xc3\xa8te aussi : Ce n'est pas parce que vous vous en foutez que eux ne vous per\xc3\xa7oivent pas. Et je n'ai pas dit juger."""
831834203239116801,2017-02-15 11:55:03,"b""@bartleby_bye Je n'ai jamais tenu ces propos. Dommage."""
831833504468066313,2017-02-15 11:52:16,"b'@bartleby_bye Non, ce sont les trains qui d\xc3\xa9raillent \xf0\x9f\x98\x81'"
831832863389655040,2017-02-15 11:49:43,"b""@bartleby_bye Appr\xc3\xa9cier quelqu'un n'est pas forc\xc3\xa9ment un jugement..."""
831832747568164864,2017-02-15 11:49:16,b'@bartleby_bye euh... Non... Qui a parl\xc3\xa9 de gentillesse?'
831831686543466496,2017-02-15 11:45:03,"b""@bartleby_bye En ce cas, c'est incroyable que la porte-parole des f\xc3\xa9ministes fran\xc3\xa7ais me r\xc3\xa9ponde ici!"""
831831396217925632,2017-02-15 11:43:54,"b'@bartleby_bye Parce que la ""valeur"" de chacun ou chacune est une notion subjective qui n\'est pas pertinente. Valeur calcul\xc3\xa9e sur quoi?'"
831830701825785856,2017-02-15 11:41:08,"b""@bartleby_bye Je me refuse \xc3\xa0 poursuivre une discussion avec quelqu'un d'aussi agressif. Un travail sur l'aigreur serait bienvenu."""
831830066908758016,2017-02-15 11:38:37,"b""@bartleby_bye Euh... Valeur? C'est d\xc3\xa9j\xc3\xa0 r\xc3\xa9ducteur. Et j'appr\xc3\xa9cierais que vous ne me tutoyiez pas, nous ne nous connaissons pas..."""
831785243770310657,2017-02-15 08:40:30,b'RT @lemonde_science: L\xe2\x80\x99Inde met en orbite un record de 104 satellites en une seule mission https://t.co/FAoXLa7K7o'
830208637717069824,2017-02-11 00:15:38,"b'RT @tweetengineer1: All-in-one 3D printed microscopy chamber for multidimensional imaging, the UniverSlide https://t.co/zLmaS6n7b4 https://\xe2\x80\xa6'"
830002509410361344,2017-02-10 10:36:33,b'@epenser S\xc3\xbbrement avec plus de succ\xc3\xa8s que ce pauvre Fred :P'
829305600551026688,2017-02-08 12:27:17,"b""@bernardpivot1 Non, c'est plut\xc3\xb4t une vendue..."""
828867151196983296,2017-02-07 07:25:03,"b'RT @_C_D_A: -Tu veux conna\xc3\xaetre mes conditions pour \xc3\xaatre plan B\n-Vas-y\n-Dis ""la ilaha ila Allah wa Muhammadan rasul ul-Lah""\n-Ptn Alain on av\xe2\x80\xa6'"
827920583472078848,2017-02-04 16:43:43,b'@EnDirectDuLabo Maintenant ? Rien. Pas ou peu de moyens!'
827869077964218368,2017-02-04 13:19:03,b'@EnDirectDuLabo changer la soci\xc3\xa9t\xc3\xa9 en profondeur et ce d\xc3\xa8s le plus jeune \xc3\xa2ge ! On peut toujours r\xc3\xaaver...'
827853837679616001,2017-02-04 12:18:30,"b""RT @laBioauLabo: @laBioauLabo bon et de toute fa\xc3\xa7on je dois nourrir mes cellules.C'est vraiment comme avoir des enfants travailler sur les\xe2\x80\xa6"""
827853344639242240,2017-02-04 12:16:32,"b""@EnDirectDuLabo Mais si c'est une mesure de s\xc3\xa9curit\xc3\xa9 pour \xc3\xa9viter que l'on vous accuse de je ne sais quoi, c'est triste de devoir en \xc3\xaatre l\xc3\xa0!"""
827853021245739012,2017-02-04 12:15:15,"b""@EnDirectDuLabo Je ne suis pas d'accord avec \xc3\xa7a... C'est stigmatisant pour les \xc3\xa9tudiantEs, qui ne sont pas l\xc3\xa0 pour vous sauter dessus..."""
827630763956961280,2017-02-03 21:32:05,"b'RT @PhysicsToday: 100 years ago this month, Einstein published his paper ""Cosmological considerations in the general theory of... https://t\xe2\x80\xa6'"
826775515554013185,2017-02-01 12:53:38,b'@laBioauLabo Du grand classique de th\xc3\xa9sard. RPZ la thesardise.'
826718689697357824,2017-02-01 09:07:49,b'RT @ScienceMarchFR: Voici notre premier appel pour une marche en France ! Inscriptions : https://t.co/PwVylM2qAW #ScienceMarch cc @ScienceM\xe2\x80\xa6'
826332489308311552,2017-01-31 07:33:12,b'Gros tar\xc3\xa9. https://t.co/CfkWoflssj'
825975652738293760,2017-01-30 07:55:16,"b""RT @bernardpivot1: Une Fran\xc3\xa7aise Miss Univers, la France championne du monde de hand: l'effet Hamon a \xc3\xa9t\xc3\xa9 imm\xc3\xa9diat."""
825974971562393600,2017-01-30 07:52:33,"b'RT @Rainmaker1973: Just in case you have this in mind, these days...\nMath for escaping from #Earth https://t.co/TEGZwH74MB'"
825974726271041538,2017-01-30 07:51:35,b'RT @ParisPasRose: Chiffres. https://t.co/2uZ5Rb7Jcs'
825973125523312640,2017-01-30 07:45:13,b'RT @PorcherThomas: Voir sur #France2 successivement #Valls et #Parisot \xc3\xaatre coup\xc3\xa9s pour \xc3\xa9couter #Hamon: un pur plaisir #primaireps'
825785970423451649,2017-01-29 19:21:32,"b""@EnDirectDuLabo Je pense que toutes les personnes qui se pr\xc3\xa9sentent ont le potentiel d'\xc3\xaatre excellentes \xf0\x9f\x98\x81\xf0\x9f\x98\xb1"""
825694152549683200,2017-01-29 13:16:41,"b""@EnDirectDuLabo C'est une super id\xc3\xa9e, mais tu n'as pas peur qu'il y ait des soucis de propri\xc3\xa9t\xc3\xa9 intellectuelle ? Je pense aux techniques etc"""
825693783111192576,2017-01-29 13:15:13,"b'RT @citedessciences: ""Je suis une bricoleuse de haute-technologie"" : quand une chercheuse nous r\xc3\xa9v\xc3\xa8le ses travaux avec toute simplicit\xc3\xa9  \xf0\x9f\x93\xbb\xe2\x80\xa6'"
825693541657669633,2017-01-29 13:14:15,"b""@EnDirectDuLabo Le concours, c'est le jugement sur 1% d'une personne. On ne peut \xc3\xa9valuer un potentiel avec si peu d'\xc3\xa9l\xc3\xa9ments..."""
825693275164119040,2017-01-29 13:13:12,"b""@EnDirectDuLabo L'Or\xc3\xa9al. Je trouve personnellement que cette entreprise est assez opportuniste dans le domaine scientifique."""
824645840790753281,2017-01-26 15:51:04,b'Wow. https://t.co/hpfXCiP3VL'
823639556016734213,2017-01-23 21:12:27,"b""RT @LANDEYves: 24h apr\xc3\xa8s le premier tour, ils sont encore en train de compter. Putain au PS, leur ennemi c'est pas la finance. Leur ennemi\xe2\x80\xa6"""
823638957355388935,2017-01-23 21:10:04,b'@EnDirectDuLabo @AstroTchuu Sympa le Tycho.'
823515025834971136,2017-01-23 12:57:36,"b'RT @Gjpvernant: Lettre de C\xc3\xa9dric Herrou au procureur de Nice, M. Pr\xc3\xaatre. https://t.co/PbYDEhqOq4'"
823513942769143809,2017-01-23 12:53:18,"b""RT @SweetRScience: Cochranella euknemos, une esp\xc3\xa8ce que l'on rencontre jusqu'\xc3\xa0 1 500 m d'altitude au Costa Rica, au Panam\xc3\xa1 et en Colombie.\xe2\x80\xa6"""
821747637393248256,2017-01-18 15:54:38,"b""RT @laBioauLabo: Un Doctorant se doit d'\xc3\xaatre : plombier, \xc3\xa9lectricien, chauffagiste, informaticien, v\xc3\xa9t\xc3\xa9rinaire, ma\xc3\xa7on, artiste et j'en pass\xe2\x80\xa6"""
821059131666743296,2017-01-16 18:18:46,"b'@MsieurLeProf Moi j\'avais une cl\xc3\xa9 USB qui s\'appelait ""Jean Paul II"". Le prof : ""Je peux l\'\xc3\xa9jecter? - Qui \xc3\xa7a? - Jean Paul II!"" ...'"
820267241166012418,2017-01-14 13:52:04,"b""RT @FlashCordon: Raison n\xc2\xb01337 d'\xc3\xa9teindre la t\xc3\xa9l\xc3\xa9 et d'ouvrir un bon livre : https://t.co/EdUxZtx5vf"""
819854734962163713,2017-01-13 10:32:55,"b'RT @AlexLemarie: Pr\xc3\xa8s de 2/3 des parlementaires LR cumulent : 127 d\xc3\xa9put\xc3\xa9s LR sur 199 et 82 s\xc3\xa9nateurs sur 144, selon @ptr4col &gt;&gt; https://t.c\xe2\x80\xa6'"
819805518462009344,2017-01-13 07:17:21,"b'RT @lemondefr: M\xc3\xa9lenchon annonce qu\'il tiendra le 5 f\xc3\xa9vrier un ""double meeting"" \xc3\xa0 Lyon et \xc3\xa0 Paris sous la forme d\'un hologramme https://t.c\xe2\x80\xa6'"
819804142877052928,2017-01-13 07:11:53,b'RT @EnDirectDuLabo: La vie du chercheur (car oui les doctorants/es sont des chercheurs/euses !) est rythm\xc3\xa9e par pas mal de routines... nota\xe2\x80\xa6'
819123110649663491,2017-01-11 10:05:42,b'@EnDirectDuLabo avec la fameuse technique du gnomon et du b\xc3\xa9matiste!'
819122777340989440,2017-01-11 10:04:23,"b""RT @EmmaDeGeekMe: Good morning fabulous people!\nConnaissez-vous l'eucalyptus deglupta, aussi appel\xc3\xa9 eucalyptus arc-en-ciel ?\nhttps://t.co/3\xe2\x80\xa6"""
818721209441484800,2017-01-10 07:28:42,"b""RT @CNRS: Quelle #s\xc3\xa9curit\xc3\xa9 pour les syst\xc3\xa8mes sans contact #RFID ? #ERC Starting Grant de St\xc3\xa9phanie Delaune de l'@irisa_lab https://t.co/fkx\xe2\x80\xa6"""
818720996660224000,2017-01-10 07:27:51,"b'RT @Salome_L: #Onr\xc3\xaave G\xc3\xa9rard Collomb furieux d\'avoir vu ses revenus tomber ""\xc3\xa0 4.000\xe2\x82\xac par mois"" \xc3\xa0 cause de son absent\xc3\xa9isme au S\xc3\xa9nat https://\xe2\x80\xa6'"
818180465068675074,2017-01-08 19:39:58,"b'RT @Maitre_Eolas: ""Je vais plut\xc3\xb4t viser la gr\xc3\xa2ce par Hollande."" https://t.co/pM1eUbbx9b'"
818180023995760641,2017-01-08 19:38:13,"b""RT @vingtcentLC: J'ai dit \xc3\xa0 mon fils de bien travailler \xc3\xa0 l'\xc3\xa9cole, sinon il finira comme Henri Guaino \xc3\xa0 5 100 \xe2\x82\xac par mois et il ne pourra ri\xe2\x80\xa6"""
818179904596545538,2017-01-08 19:37:44,"b'RT @PhysicsNews: Happy birthday to professor Stephen Hawking, who turns 75 today! https://t.co/ZbIlyAJN9e'"
817776518759903232,2017-01-07 16:54:50,b'RT @DevilleSy: Jeune th\xc3\xa9sard d\xc3\xa9couvrant le retour des reviewers du 1er article de sa th\xc3\xa8se #ESRenPeinture https://t.co/lLZXVLMEBA'
817759626993221632,2017-01-07 15:47:42,b'RT @lemondefr: Le parquet fait appel de la relaxe d\xe2\x80\x99un enseignant-chercheur ayant aid\xc3\xa9 des migrants https://t.co/cIViF14AHO'
817696743487840256,2017-01-07 11:37:50,b'@lemondefr Et lui il voulait seulement que ses chaussures brillent...'
817010368635666433,2017-01-05 14:10:25,"b""RT @nrenard75: On vit dans un pays o\xc3\xb9 filer 400 M d'\xe2\x82\xac d'argent public \xc3\xa0 un pote est une negligence mais aider les r\xc3\xa9fugi\xc3\xa9s est un d\xc3\xa9lit..OK\xe2\x80\xa6"""
816751591294431232,2017-01-04 21:02:08,"b""@HK__49_3 Je suis une andouille produite par l'universit\xc3\xa9, un QI de bulot, tout \xc3\xa7a! Accessoirement je cherche un rem\xc3\xa8de au cancer."""
815291485662937088,2016-12-31 20:20:12,b'RT @Xiaoyi_no: Beautiful 1990 Moomin opening: https://t.co/8Fognyq70l'
815290865262493700,2016-12-31 20:17:44,b'RT @mikko: 1024 + 512 + 256 + 128 + 64 + 32 + 16 - 8 - 4 - 2 - 1 = 2017'
814964659358932993,2016-12-30 22:41:30,"b'RT @lemondefr: \xc2\xab\xc2\xa0Il est facile de pirater l\xe2\x80\x99\xc3\xa9lection am\xc3\xa9ricaine\xc2\xa0\xc2\xbb, assurent des sp\xc3\xa9cialistes du vote \xc3\xa9lectronique https://t.co/G3Wbb6Z74e'"
814598962808320000,2016-12-29 22:28:21,b'@mikko @abuse_ch @ICANN Wow this is tricky...'
814597363553751044,2016-12-29 22:22:00,b'RT @SenSanders: Do we really want to live in a country where the NSA gathers data on virtually every single phone call in the United States\xe2\x80\xa6'
814545000134483968,2016-12-29 18:53:56,b'RT @Maitre_Eolas: Jacqueline Sauvage graci\xc3\xa9e le jour des Saints Innocents. Fran\xc3\xa7ois Hollande a le sens du timing.'
813105419820339200,2016-12-25 19:33:33,b'https://t.co/kn4B5KdMBN'
811520059403370496,2016-12-21 10:33:54,"b""Aujourd'hui on joue aux Meccanos \xf0\x9f\x98\x81#optofluidics #thorlabs https://t.co/0CTxE5sWPw"""
811477310356459520,2016-12-21 07:44:01,"b""RT @lamethodeFC: J'esp\xc3\xa8re que vous \xc3\xaates toujours vivant... on se retrouve demain pour d\xc3\xa9couvrir une discipline en plein essor : l'optog\xc3\xa9n\xc3\xa9t\xe2\x80\xa6"""
811476983431499776,2016-12-21 07:42:44,"b'RT @mikko: Yahoo introduced two-factor auth exactly five years ago. 1.5 billion stolen credentials later, here we are. https://t.co/pRdQkDZ\xe2\x80\xa6'"
811476769354162176,2016-12-21 07:41:52,b'RT @SFP_officiel: Il y a exactement 70 ans disparaissait le savant et humaniste Paul Langevin https://t.co/hFfTcoMssg https://t.co/tiFTWqdJ\xe2\x80\xa6'
811476568321228800,2016-12-21 07:41:05,"b""RT @MsieurLeProf: \xc3\x87a ressemble un peu \xc3\xa0 la file d'\xc3\xa9l\xc3\xa8ves que je grille chaque jour pour aller au self(sauf qu'\xc3\xa9trangement ils ne m'applaudi\xe2\x80\xa6"""
811475361536086016,2016-12-21 07:36:17,"b""RT @LindaRegber: Animated map shows location of world's largest city over 4000 years [OC] via /r/dataisbeau\xe2\x80\xa6 https://t.co/DDUGCEyA4N https:\xe2\x80\xa6"""
811118955016421377,2016-12-20 08:00:03,b'https://t.co/fSyfkNWXAi'
811115722365661184,2016-12-20 07:47:12,b'RT @bernardpivot1: La Cour de justice de la R\xc3\xa9publique un jour condamn\xc3\xa9e pour n\xc3\xa9gligence dans son jugement de Christine Lagarde ?'
810757162314174464,2016-12-19 08:02:25,"b'RT @jschauma: This AMA by @mikko is quite good: https://t.co/nfObKFPWAs ""How many of the Fortune 500 are hacked right now? Answer: 500"" Yep.'"
810755162595852288,2016-12-19 07:54:28,b'RT @FlashCordon: Val\xc3\xa9rie P\xc3\xa9cresse coupe les bourses aux \xc3\xa9tudes de genre https://t.co/rDLSVskMnW'
810751429803655168,2016-12-19 07:39:38,"b""RT @bernardpivot1: Le pire dans la vie d'un homme, c'est de s'apercevoir un jour qu'il est plus vieux que le Pape !"""
809361687132438528,2016-12-15 11:37:18,"b'RT @Ligne4_RATP: ""Le vivant comme mod\xc3\xa8le"": le @CNRS s\xe2\x80\x99affiche dans le m\xc3\xa9tro \xc3\xa0 la station Montparnasse en partenariat avec la #RATP ! \nhttps\xe2\x80\xa6'"
809361418285879296,2016-12-15 11:36:13,"b'RT @SweetRScience: La chenille-chat (Megalopyge opercularis) A.K.A ""Trump\'s wig"". Tr\xc3\xa8s urticante. \n\n#DonaldTrump \n\nCr\xc3\xa9dits : Arian Ghousi h\xe2\x80\xa6'"
809316086311174144,2016-12-15 08:36:05,b'@laBioauLabo Les fronti\xc3\xa8res entre les sciences st de + en + poreuses devant la complexit\xc3\xa9 des sujets \xc3\xa9tudi\xc3\xa9s !'
809315274717532160,2016-12-15 08:32:52,b'@gouvernementFR @CNRS @cdf1530 le #fiersdelafrance est peut \xc3\xaatre de trop'
809314761213100032,2016-12-15 08:30:50,"b'RT @mikko: The Yahoo breach IS massive and a billion users is A LOT. But if you assume 50 bytes per user, you could easily fit that on a 64\xe2\x80\xa6'"
809313884016443392,2016-12-15 08:27:20,b'@EnDirectDuLabo Il existe une excellente vid\xc3\xa9o de Data Gueule sur le sujet : https://t.co/Xn6KUs9cfC'
809313332901646336,2016-12-15 08:25:09,b'RT @PorcherThomas: Il a os\xc3\xa9... https://t.co/vproiNvB3F'
809095987662884865,2016-12-14 18:01:30,b'@laBioauLabo Le screening de demain... Du moins on essaye \xf0\x9f\x98\x81'
809095350829154305,2016-12-14 17:58:58,"b""@laBioauLabo couplage de la microfluidique et de l'optique pour detecter traiter et imager samples biologiques en haut debit simultan\xc3\xa9ment"""
809086417989238785,2016-12-14 17:23:28,b'@laBioauLabo IUT Mesures Physiques Licence Physique theorique Master Biophysique et Doctorat optofluidique'
806481720455426048,2016-12-07 12:53:20,"b""RT @Maitre_Eolas: Je suis \xc3\xa0 2m du directeur g\xc3\xa9n\xc3\xa9ral de l'@ofpra. Un message \xc3\xa0 lui transmettre ?"""
806458980784623617,2016-12-07 11:22:58,b'RT @epenser: What ?!! https://t.co/KCLQVJAvK0'
805812553418948608,2016-12-05 16:34:18,"b""RT @LANDEYves: H\xc3\xa2te que le futur ancien premier ministre nous explique qu'une fois au pouvoir il va faire ce qu'il n'a pas fait quand il \xc3\xa9t\xe2\x80\xa6"""
803548257217609728,2016-11-29 10:36:48,"b""RT @bernardpivot1: Cuba n'ayant pas l'usage des urnes, o\xc3\xb9 diable! en a-t-on trouv\xc3\xa9 une pour recueillir les cendres de Castro ?"""
803548163797897216,2016-11-29 10:36:26,"b'@MsieurLeProf Scishow, Veritasium'"
803548067479846912,2016-11-29 10:36:03,"b'RT @TheFantasio974: ""Zone T\xc3\xa9l\xc3\xa9chargement"" Des avocats tr\xc3\xa8s bien pay\xc3\xa9s vont d\xc3\xa9truire la vie de ceux qui ont permis aux jeunes et aux ch\xc3\xb4meur\xe2\x80\xa6'"
803006275110010881,2016-11-27 22:43:09,"b'RT @LANDEYves: ""Qu\'est-ce qu\'on a fait au bon dieu ?"" sur TF1. Victoire de Fran\xc3\xa7ois Fillon. C\'est une soir\xc3\xa9e th\xc3\xa9matique ou quoi ?'"
799606402826153984,2016-11-18 13:33:17,"b'RT @FlashCordon: Pour appuyer sur les boutons du module Soyuz, les astronautes utilisent une canne, parce que le tableau de bord est relou\xe2\x80\xa6'"
799606261973012480,2016-11-18 13:32:43,b'RT @Snowden: The UK has just legalized the most extreme surveillance in the history of western democracy. It goes farther than many autocra\xe2\x80\xa6'
799605616947904512,2016-11-18 13:30:09,"b""RT @Maitre_Eolas: La proc\xc3\xa9dure de changement de pr\xc3\xa9nom est d\xc3\xa9judiciaris\xc3\xa9e : simple demande \xc3\xa0 l'officier de l'\xc3\xa9tat civil. #Justice21"""
797369636446736385,2016-11-12 09:25:10,b'@Negyas De rien! Bonne journ\xc3\xa9e.'
797369444603494406,2016-11-12 09:24:24,"b'@Negyas (...) P&amp;M Curie, les Ngo en chimie... Le couple, la parit\xc3\xa9 est plus productive. Il faut aller par l\xc3\xa0 et on aura nos 50/50 \xf0\x9f\xa4\x97'"
797368839080177664,2016-11-12 09:22:00,"b""@Negyas Ce qu'il faut en tt cas c'est encourager les filles aux sciences d\xc3\xa8s le plus jeune \xc3\xa2ge. Les couples en science ont \xc3\xa9t\xc3\xa9 g\xc3\xa9niaux (...)"""
797368471147479040,2016-11-12 09:20:32,"b'@Negyas Mais il y aura des fois 45/55 ou 60/40, selon les ann\xc3\xa9es. Enfin je r\xc3\xaave s\xc3\xbbrement xD'"
797368256872980480,2016-11-12 09:19:41,"b""@Negyas On atteindra un jour 100% de personnes comp\xc3\xa9tentes le jour o\xc3\xb9 il n'y aura plus de passe droit."""
797367992980008961,2016-11-12 09:18:38,b'@Negyas Je suis un homme btw \xf0\x9f\x98\x81'
797367888709611520,2016-11-12 09:18:13,"b'@Negyas (..) vu dans leur temps, mais qui sont erron\xc3\xa9s. Je pense que si on nommait par comp\xc3\xa9tences et non copinage, on atteindrai 50/50'"
797367409908862976,2016-11-12 09:16:19,"b""@Negyas La moyenne d'\xc3\xa2ge de ce poste est \xc3\xa9lev\xc3\xa9e. Les gens qui nomment sont eux aussi \xc3\xa2g\xc3\xa9s et reproduisent les sch\xc3\xa9mas qu'ils ont (...)"""
797366876598894592,2016-11-12 09:14:12,"b""@Negyas Je pense que c'est li\xc3\xa9 \xc3\xa0 l'histoire. \xc3\x80 des pr\xc3\xa9jug\xc3\xa9s. Je pense que c'est une histoire de cas particuliers pour le coup."""
797366162875187200,2016-11-12 09:11:22,b'@CNRS @lillefrance Youpi! \xf0\x9f\x98\x81Merci!'
797366084215115776,2016-11-12 09:11:03,b'@Negyas La solution id\xc3\xa9ale est tjrs la plus utopiste. Il faut trouver des compromis pour lutter contre les ressentis et les s\xc3\xa9gr\xc3\xa9gations.'
797365040408133632,2016-11-12 09:06:54,"b""@CNRS @lillefrance Hello! Y aura-t-il un livestream/youtube des talks? Lille est loin mais je travaille AVC l'impression 3D all day!"""
797364404295761920,2016-11-12 09:04:22,"b'RT @CNRS: La r\xc3\xa9volution de l\xe2\x80\x99impression 3D, on en discute dans une semaine pour le #ForumCNRS pr\xc3\xa8s de @lillefrance https://t.co/efXfDL5Jtr\xe2\x80\xa6'"
797363751280410624,2016-11-12 09:01:47,b'@Negyas (...) m\xc3\xaame si personnellement et notamment en recherche ces s\xc3\xa9gr\xc3\xa9gations sont infond\xc3\xa9es et v\xc3\xa9tustes et nuisent \xc3\xa0 la science'
797363506890809344,2016-11-12 09:00:48,"b'@Negyas 50/50, car \xc3\xa7a permet de rater le moins de potentiels possibles. Et \xc3\xa7a emp\xc3\xaache de v\xc3\xa9hiculer des s\xc3\xa9gr\xc3\xa9gations, m\xc3\xaame r\xc3\xa9alistes (...)'"
797363086663487488,2016-11-12 08:59:08,"b""@Negyas Il faut des stats fiables \xc3\xa0 l'\xc3\xa9chelle mondiale pour mettre en \xc3\xa9vidence, et \xc3\xa7a n'arrivera pas. Donc la meilleure solution est le(1/2)"""
797362471203905537,2016-11-12 08:56:42,"b""@Negyas On est d'accord que ce probl\xc3\xa8me est li\xc3\xa9 aux stats de toute fa\xc3\xa7on. Personne ne peut juger avec son exp perso, car pas assez d'elem."""
797361906260602880,2016-11-12 08:54:27,"b""@Negyas Oui mais la logique se retrouve tjrs dans l'analyse du grand nombre. Un comportement logique est \xc3\xa9vident sur une population."""
797361584221941760,2016-11-12 08:53:10,"b""@Negyas Avant m\xc3\xaame d'accorder du cr\xc3\xa9dit au propos je regarde les stats. Si c'est un outlayer je regarde m\xc3\xaame pas."""
797361371830779904,2016-11-12 08:52:19,"b""@Negyas Oui, mais du coup, en citant les femmes, \xc3\xa7a rend l'exemple caduque. Au del\xc3\xa0 m\xc3\xaame du fait que ce soit vrai ou faux."""
797361130847031296,2016-11-12 08:51:22,b'RT @chrisdeloire: The unlawful arrest of our French colleague Olivier Bertrand from @Lesjoursfr in Gaziantep is clearly an intimidation #Pr\xe2\x80\xa6'
797360900579753984,2016-11-12 08:50:27,"b""@oplichon @PorcherThomas La maquero-\xc3\xa9con-nomie? Qu'est ce \xc3\xa0 dire que ceci?"""
797360230921162753,2016-11-12 08:47:47,"b""@Negyas Tous. Quelques exemples sur une population de plusieurs millions, c'est un outlayer, pas une preuve."""
797359889672798208,2016-11-12 08:46:26,"b""@EnDirectDuLabo Mais c'est qu'elle cherche ! *ironie*"""
797359644087906304,2016-11-12 08:45:28,"b'@Mathieu_rcg @Negyas @EnDirectDuLabo Vous \xc3\xaates tomb\xc3\xa9 sur la mauvaise communaut\xc3\xa9, ici on \xc3\xa9taye toujours son argumentation par stats...'"
797359484343566336,2016-11-12 08:44:49,"b""@Mathieu_rcg @Negyas @EnDirectDuLabo Ben d\xc3\xa9sol\xc3\xa9 mais le message est vide de sens car il s'applique a une seule exp\xc3\xa9rience..."""
797134023038554112,2016-11-11 17:48:55,b'@PorcherThomas Il faudrait rajouter une note de synth\xc3\xa8se expliquant le marasme climatique dans lequel Trump va nous envoyer... #keystonexl'
797133411051859968,2016-11-11 17:46:29,"b""@EnDirectDuLabo \xc3\xa7a r\xc3\xa9v\xc3\xa8le \xc3\xa9norm\xc3\xa9ment de choses... La diversit\xc3\xa9 en recherche est une n\xc3\xa9cessit\xc3\xa9, pas quelque chose qu'il faut n\xc3\xa9gocier."""
796280809971924992,2016-11-09 09:18:33,b'#ElectionNight https://t.co/znFd3SuGq7'
796273556644564996,2016-11-09 08:49:44,b'RT @le_gorafi: Vladimir Poutine est \xc3\xa9lu 45e Pr\xc3\xa9sident des Etats-Unis https://t.co/DLVJRL3Wr6 #ElectionNight'
796269754730381312,2016-11-09 08:34:38,"b""RT @EleaHeberle: Je pense que l\xc3\xa0, je vais y r\xc3\xa9fl\xc3\xa9chir \xc3\xa0 deux fois pour le post-doc aux Etats-Unis. D'autres id\xc3\xa9es ?"""
794481003364515840,2016-11-04 10:06:46,"b""@EnDirectDuLabo Moi j'ai un probl\xc3\xa8me avec mon cahier de labo. \xc3\x87a devient un bordel sans nom, oc\xc3\xa9an de ratures d\xc3\xa8s que je l'ouvre..."""
794479231229186049,2016-11-04 09:59:44,b'@EnDirectDuLabo De rien cher confr\xc3\xa8re \xf0\x9f\x98\x81'
794458834177785856,2016-11-04 08:38:41,"b""RT @EnDirectDuLabo: J'en appelle aux Dieux de La Biomol. Faites que ma manip' de ce matin fonctionne, \xc3\xa7a fait 2 mois que \xc3\xa7a foire. (biomol\xe2\x80\xa6"""
794458818608590848,2016-11-04 08:38:37,"b""@EnDirectDuLabo Si on RT tous comme des fous, ils t'entendront."""
792486706255650816,2016-10-29 22:02:09,"b'RT @PorcherThomas: ""Pas \xc3\xa9conomiste""? Cad? Un doctorat en \xc3\xa9conomie \xc3\xa0 la #sorbonne ne suffit pas pour vous? #mauvaisePioche https://t.co/9o9E\xe2\x80\xa6'"
789436856064761856,2016-10-21 12:03:08,b'RT @lemondefr: Piratage de LinkedIn\xc2\xa0: arrestation du principal suspect https://t.co/W0d6U4DBVY'
789395905925349376,2016-10-21 09:20:24,"b'RT @alain_beretz: Le paysage des brevets des SATT avec de tr\xc3\xa8s beaux pics, et encore quelques vall\xc3\xa9es \xc3\xa0 combler @INPIFrance #SATT2016 https\xe2\x80\xa6'"
789395695383871488,2016-10-21 09:19:34,b'RT @morganetual: Surveillance hertzienne : le Conseil constitutionnel censure la loi renseignement https://t.co/GY20rNIs5H'
789372726087745540,2016-10-21 07:48:18,"b""J'esp\xc3\xa8re qu'ils enl\xc3\xa8veront les cagoules pour lui faire la bise quand m\xc3\xaame... #Hollande #Police #LOLILOL https://t.co/41dHn7vHUg"""
788670304235184128,2016-10-19 09:17:07,"b""RT @alain_beretz: C'est l'open access week: participez aux \xc3\xa9v\xc3\xa8nement partout en France! #openaccess @OpenAccessEC @Couperin_consor https://\xe2\x80\xa6"""
788669387096133632,2016-10-19 09:13:29,b'@Maitre_Eolas qui est ce type ?\xf0\x9f\x98\x8e'
785725188948299776,2016-10-11 06:14:17,"b'RT @jeroen_claus: Doing some tumour heterogeneity simulation tests. 30k cells, 8 populations. #sciart https://t.co/Y3XqDHqAtd'"
783763686242586625,2016-10-05 20:19:59,"b'RT @GoetzJacky: JP Sauvage nous rappelle que ""la science a pour but premier de faire avancer la connaissance""...""et non pas de trouver une\xe2\x80\xa6'"
783763157953241092,2016-10-05 20:17:53,"b'RT @MsieurLeProf: Pour f\xc3\xaater le retour de @stupeflip , mon mix pr\xc3\xa9f\xc3\xa9r\xc3\xa9 : https://t.co/Gws2zHud8m'"
783223497883615232,2016-10-04 08:33:28,"b""@bernardpivot1 C'est un peu comme adopter un renard pour prot\xc3\xa9ger un tr\xc3\xa8s gros poulailler."""
783223311488520192,2016-10-04 08:32:43,"b'@bernardpivot1 Cahu-qui? D\xc3\xa9sol\xc3\xa9, je n\'encourage personne avec un nom aussi ridicule. Pourquoi n\'avons nous pas un ""Barack"" fran\xc3\xa7ais ?'"
782947284506017792,2016-10-03 14:15:53,b'Pas trop t\xc3\xb4t! https://t.co/RMn9Dk1ZaP'
782877647596576773,2016-10-03 09:39:11,b'@dr_krystal All the details are on https://t.co/loYLKBC6M9...'
782877228396863488,2016-10-03 09:37:31,"b'Actually, the @YouTube live is horrible, laggy and the chat is spammed. Remind me a scene of the famous TV show #SiliconValley #NobelPrize'"
782876684571860992,2016-10-03 09:35:21,b'RT @NobelPrize: BREAKING NEWS The 2016 #NobelPrize #Medicine awarded to Yoshinori Ohsumi @tokyotech_en \xe2\x80\x9dfor his discoveries of mechanisms f\xe2\x80\xa6'
782869797281337344,2016-10-03 09:07:59,"b""Je ne savais pas qu'on pouvais tutoyer une interface #Zimbra ... https://t.co/nT6dZIwUuW"""
782859438365499392,2016-10-03 08:26:49,"b""IT team is sending me an e-mail to tell me to stop using imap, and use Exchange. Exchange doesn't work with their parameters. #geniuses"""
781119087103672324,2016-09-28 13:11:17,b'Premi\xc3\xa8re naissance d\xe2\x80\x99un b\xc3\xa9b\xc3\xa9 \xc2\xab\xc2\xa0\xc3\xa0 trois\xc2\xa0parents\xc2\xa0\xc2\xbb Wow! Nice way to cure Leigh... https://t.co/bsErZJgEhU'
781101668746272769,2016-09-28 12:02:04,"b'RT @bernardpivot1: \xc3\x89loquence, improvisation, \xc3\xa9locution, d\xc3\xa9clamation, rh\xc3\xa9torique, communication. Mais en politique tout se ram\xc3\xa8ne \xc3\xa0 un seul\xe2\x80\xa6'"
779238264683266049,2016-09-23 08:37:34,"b'RT @CNRS: Bladetips Energy: vers des \xc3\xa9oliennes volantes, plus l\xc3\xa9g\xc3\xa8res, plus compactes et plus rentables https://t.co/TdJUCaIRmL #CNRSinnova\xe2\x80\xa6'"
773242170912407552,2016-09-06 19:31:14,b'https://t.co/X9frQRaAoC\n\nWow.'
772761396543193088,2016-09-05 11:40:48,"b'Enfin!\n\n\xc3\x80 la rentr\xc3\xa9e, les enfants apprendront \xc3\xa0 coder d\xc3\xa8s la maternelle\n\nhttps://t.co/4swQVuQKyp'"
755518918635229185,2016-07-19 21:45:21,b'RT @AgentMajeur: Le 1e #robot #biohybride a \xc3\xa9t\xc3\xa9 con\xc3\xa7u avec des cellules de li\xc3\xa8vre de mer imprim\xc3\xa9es en #3D https://t.co/5IwRYdFojq https://t\xe2\x80\xa6'
754970447733817348,2016-07-18 09:25:56,"b""RT @PorcherThomas: Bravo 133 millions d'indiens ne gagnent plus 1,90$/jour (seuil de pauvret\xc3\xa9) mais 2$/j. Il faut applaudir, c'est \xc3\xa7a ? htt\xe2\x80\xa6"""
754970243781562368,2016-07-18 09:25:07,b'RT @spacetimewaster: Went out for a walk in the Pentlands today and spotted this @PhysicsNews plaque for C T R Wilson near Flotterstone htt\xe2\x80\xa6'
754731071711940609,2016-07-17 17:34:44,b'RT @sciencemagazine: A 3D carbon nanotube mesh could help nerves regrow: https://t.co/6ZCyypGlM3 #ScienceAdvances https://t.co/OMGDMFNCeH'
754618099471712256,2016-07-17 10:05:49,b'RT @CNRS: Division cellulaire : l\xe2\x80\x99union des moteurs mol\xc3\xa9culaires fait la force ! https://t.co/QQhczDOuod v/ @insb_cnrs https://t.co/LIGrexb\xe2\x80\xa6'
752837310786441216,2016-07-12 12:09:36,b'@laBioauLabo Excellent! Super int\xc3\xa9ressant.'
752836785735073792,2016-07-12 12:07:31,"b""@laBioauLabo dans ce cas est ce qu'il y a comp\xc3\xa9tition ou coop\xc3\xa9ration?\xf0\x9f\x98\x8f"""
752836053686489088,2016-07-12 12:04:36,"b""@laBioauLabo Coucou! J'ai une question : Est-ce qu'un gammare zombie garde son app\xc3\xa9tit pour les oeufs? Ou bien le parasite est \xc3\xa9go\xc3\xafste? \xf0\x9f\x98\x8a"""
750354401273978880,2016-07-05 15:43:24,"b""#NadineMorano \xc3\xa0 la gare de Strasbourg qui r\xc3\xa2le parce qu'elle a rat\xc3\xa9 son train... #toiaussimonopolisedeuxagentssncf https://t.co/wKp93wdbsX"""
749960250418159617,2016-07-04 13:37:11,b'#Physics of the living matter summer school in #Strasbourg ! https://t.co/jcDxDGuPhE'
746816632685797377,2016-06-25 21:25:35,b'RT @FlorianP123: Le #Brexit r\xc3\xa9sum\xc3\xa9 en une image ! https://t.co/kYVqmbtCdO'
746816584358952960,2016-06-25 21:25:23,b'RT @marclarge: Dessin #Brexit @sudouest du jour https://t.co/nhrux5yNon'
745985988304973824,2016-06-23 14:24:54,"b'RT @GoetzJacky: Congrats to Jack BAUER, our M2 student working on #exosomes with @HyenneV for making it to the Ph.D concours - well done'"
736260932771401728,2016-05-27 18:21:00,"b""@EnDirectDuLabo Pas trop fatiguant la salle blanche? J'en ai pas mal fait aussi, et j'\xc3\xa9tais \xc3\xa9puis\xc3\xa9 par le manque d'uv..."""
736145539998351360,2016-05-27 10:42:28,"b'@Maitre_Eolas Entendu ce matin sur france inter ""16 salari\xc3\xa9s""... Faudrait \xc3\xaatre d\'accord, ils \xc3\xa9taient combien? \xf0\x9f\x98\x85'"
731517490724012032,2016-05-14 16:12:15,b'RT @PorcherThomas: \xc3\x80 m\xc3\xa9diter... #LoiTravail #49al3 https://t.co/sgtIJGDppx'
731517009649934338,2016-05-14 16:10:20,"b'RT @Maitre_Eolas: Ma fille : \n""Tu sais papa, d\xc3\xa9sormais, pour m\'endormir, je ne compterai plus les moutons mais les satellites naturels de S\xe2\x80\xa6'"
713382593975156737,2016-03-25 15:10:39,"b'@LuttiLutti_ https://t.co/vxiBU2S4Yt Funkindustry, feel like DK! (Made in Strasbourg)'"
703996338715947009,2016-02-28 17:33:01,b'@ADS_Strasbourg  https://t.co/qOY7w2jZUM'
697807662432522240,2016-02-11 15:41:26,b'RT @PhysicsToday: The first #LIGO signal paper is available on @APSphysics Physical Review Letters here: https://t.co/hWJrtkwTiw'
697807267719213056,2016-02-11 15:39:51,"b""RT @CNRS: Les #OndesGravitationnelles d\xc3\xa9tect\xc3\xa9es 100 ans apr\xc3\xa8s la pr\xc3\xa9diction d'Einstein https://t.co/NCOiXx3QH8 https://t.co/gfrlsycSct"""
697002874165948416,2016-02-09 10:23:29,b'RT @CNRS: #Toxoplasmose : attraction mortelle du chimpanz\xc3\xa9 parasit\xc3\xa9 pour le l\xc3\xa9opard https://t.co/AyPfqFq8sx https://t.co/WFytR7UCgF'
694775268075016192,2016-02-03 06:51:46,"b""RT @bernardpivot1: La librairie n'encombre pas le cerveau des hommes politiques alors que le cerveau des hommes politiques encombre les lib\xe2\x80\xa6"""
691217427900817408,2016-01-24 11:14:11,b'RT @PhysicsToday: Job Posting: Student Intern - Biology R&amp;D Undergraduate Summer | Sandia National Laboratories https://t.co/wNFCundgn7 #PT\xe2\x80\xa6'
687533048779386880,2016-01-14 07:13:47,"b'@EnDirectDuLabo Immanquable*, non?'"
687377475211493376,2016-01-13 20:55:35,"b'RT @mompontet: LA photo du jour. La t\xc3\xaate de Rajoy premier ministre espagnol, en voyant la d\xc3\xa9gaine de ce d\xc3\xa9put\xc3\xa9 de #Podemos \xf0\x9f\x98\x80 https://t.co/n\xe2\x80\xa6'"
682706440251928576,2015-12-31 23:34:34,b'RT @mikko: 1024 + 512 + 256 + 128 + 64 + 32 = 2016'
682529520302321664,2015-12-31 11:51:33,b'RT @FDardel: #2016 : 63\xc3\xa8me nombre triangulaire (somme des entiers de 1 \xc3\xa0 63). \nBonne ann\xc3\xa9e triangulaire (la prochaine en 2080\xe2\x80\xa6) https://t.c\xe2\x80\xa6'
682529474169159680,2015-12-31 11:51:22,b'@mikko Yes! Actually answering your tweet from a Lumia 640 with W10 mobile! Never been so satisfied of a smartphone.'
680003060257689600,2015-12-24 12:32:18,b'https://t.co/h6WQAhJnug'
679677710487175168,2015-12-23 14:59:28,"b""RT @LANDEYves: Les terroristes, \xc3\xa7a va bien les calmer la d\xc3\xa9ch\xc3\xa9ance de nationalit\xc3\xa9. Ils vont vachement h\xc3\xa9siter \xc3\xa0 se faire exploser s'ils ont\xe2\x80\xa6"""
678520764593782784,2015-12-20 10:22:11,b'@CNRS \xc3\x80 r\xc3\xa9viser pour les examens!'
669907839654232064,2015-11-26 15:57:29,"b'RT @Libroantiguo: #OnThisDay in 1915, Einstein presents the field equations of general relativity to the Prussian Academy of Sciences. http\xe2\x80\xa6'"
666364684082245632,2015-11-16 21:18:15,b'@MlaCoccinelle Source?'
665290976513101824,2015-11-13 22:11:43,"b""@bernardpivot1 Mais l'\xc3\x89quipe ferai tbien d'\xc3\xa9changer un de ses journalistes."""
664642873137209344,2015-11-12 03:16:24,b'https://t.co/xkT2YEaRCw'
664406068404035584,2015-11-11 11:35:25,b'RT @EnDirectDuLabo: \xc3\xa7a permet ensuite de pouvoir suivre les cellules dans le cerveau : https://t.co/Ej9JIKkhMe'
661214774710153217,2015-11-02 16:14:21,"b""@EnDirectDuLabo Strasbourg! \xc3\x87a fait plaisir de voir des doctorants de l'@unistra sur @EnDirectDuLabo ! Qel labo? :)"""
660984103743922176,2015-11-02 00:57:45,b'RT @StationCDRKelly: Day 219. The #sun will come out 16 times tomorrow. #GoodNight from @space_station! #YearInSpace https://t.co/jvQp2fkV4O'
660945944863752192,2015-11-01 22:26:07,b'@mikko wow. Windows is a frantic system.'
660418099502559233,2015-10-31 11:28:39,b'RT @NatureNV: Exosomes released by cancer cells help to target specific organs for metastasis (freeview) https://t.co/H86Kj3dvr1 https://t.\xe2\x80\xa6'
660410935434223616,2015-10-31 11:00:11,"b'@yesweepen @UsulduFutur La question est : ""Est ce que c\'est une bonne chose?"" Et ""Quel genre de m\xc3\xa9thode?""'"
660208363561709568,2015-10-30 21:35:14,"b""@UsulduFutur Incroyable d'entendre \xc3\xa7a de Bill Gates, qui est tout de m\xc3\xaame un embl\xc3\xa8me du secteur priv\xc3\xa9..."""
660156937712046080,2015-10-30 18:10:53,b'A very interesting talk by @mikko !\rhttps://t.co/X04gieyy44'
660062853559418880,2015-10-30 11:57:02,"b""@david__co D'o\xc3\xb9 l'int\xc3\xa9r\xc3\xaat de faire unnombre incroyable d'entretiens pendant la recherche de stage :)."""
660061110364733441,2015-10-30 11:50:06,"b""@david__co Encore une fois, je pense vraiment que \xc3\xa7a d\xc3\xa9pend du domaine, de l'impact du lab, du stage ;)"""
660060877173968897,2015-10-30 11:49:11,"b""@david__co Tout \xc3\xa0 fait d'accord. C'est ce qu'il faut faire, mais parfois ce n'est pas ce que l'on veut que l'on fasse :s."""
660060511803990016,2015-10-30 11:47:44,"b""@david__co \xc3\x87a d\xc3\xa9pend d'avec qui on travaille, n'est pas coll\xc3\xa8gue qui veut haha! :P"""
660060144303255552,2015-10-30 11:46:16,"b""@david__co Je pense que \xc3\xa7a d\xc3\xa9pend du sujet, mais je sais d'exp\xc3\xa9rience que beaucoup ont tendance \xc3\xa0 en faire des caisses avec la biblio."""
660058616754475008,2015-10-30 11:40:12,"b""@david__co Par rapport aux exp\xc3\xa9riences que vous semblez avoir eues, elles ont l'air d'avoir \xc3\xa9t\xc3\xa9 positives! ;)"""
660055437459476481,2015-10-30 11:27:34,"b""@david__co Et moi non plus, je vous rassure. C'est bien la un probl\xc3\xa8me."""
660055220798517248,2015-10-30 11:26:42,"b'@david__co Vous \xc3\xaates chanceux s\xc3\xbbrement, mais vous avez raison. ""Ce que doit"", n\'est pas forc\xc3\xa9ment ce qui est. :s'"
660053314944520192,2015-10-30 11:19:08,"b""@david__co @EnDirectDuLabo Il lit. Beaucoup. Il \xc3\xa9coute son Ma\xc3\xaetre de stage, s'il est l\xc3\xa0. Il participe \xc3\xa0 des exp, mais pas les siennes."""
660049967017512960,2015-10-30 11:05:49,"b'@david__co @EnDirectDuLabo Justement, pas toujours... Et pas assez longtemps!'"
660049318108381184,2015-10-30 11:03:15,b'@al_oner_one La puissance des algorithmes.'
660049101451563008,2015-10-30 11:02:23,b'@LinksTheSun Je pense que Kanye Morano retourne beaucoup trop sa West.'
660048411325038592,2015-10-30 10:59:39,"b'@bernardpivot1 Pi = 3,1415.'"
660047547013193728,2015-10-30 10:56:12,"b""@david__co @EnDirectDuLabo Je ne parlais pas forc\xc3\xa9ment d'expertise, mais plus d'innovation. Et cela d\xc3\xa9pend du sujet, bien entendu."""
660042820414267393,2015-10-30 10:37:26,"b""@EnDirectDuLabo C'est \xc3\xa9galement tr\xc3\xa8s commun en physique, 4 \xc3\xa0 6 mois de stage sont bien trop peu pour approfondir."""
660042338782285824,2015-10-30 10:35:31,"b""@mikko I don't think they are considering the creation process the same as everyone..."""
660041859822170113,2015-10-30 10:33:37,b'@SwiftOnSecurity And what was their final answer? Just that?'
658229138843652096,2015-10-25 10:30:30,b'RT @mikko: #DST sucks\n\nAustralia switched on 4th of Oct\nBrazil on 18th of Oct\nEurope switched today\nUSA will switch on 1st of Nov\nTurkey on\xe2\x80\xa6'
653979983203991556,2015-10-13 17:05:53,"b'RT @GoetzJacky: Merci \xc3\xa0 la @laliguecancer pour le soutien \xc3\xa0 notre \xc3\xa9tudiant, Gautier FOLLAIN @unistra pour effectuer sa th\xc3\xa8se sur la formati\xe2\x80\xa6'"
653457869975744512,2015-10-12 06:31:11,"b'@EnDirectDuLabo Exact, les tweets se sont crois\xc3\xa9s ;)'"
653457430341419008,2015-10-12 06:29:26,"b""@EnDirectDuLabo question : Est ce qu'une maladie peut \xc3\xaatre transmise pr un insecte particulier, ou pr plusieurs esp\xc3\xa8ces, avc le mm r\xc3\xa9sultat?"""
653456153142263808,2015-10-12 06:24:22,"b'@EnDirectDuLabo Le moustique tigre et le palu, \xc3\xa7a rentre en ligne de compte je suppose?'"
652454791780651008,2015-10-09 12:05:19,b'RT @David_S_Bristol: Smart new look for Journal of Cell Science @J_Cell_Sci \nhttp://t.co/Cwe6QnFkkw\n#cellbiology #journals http://t.co/fIr9\xe2\x80\xa6'
650959497620520960,2015-10-05 09:03:33,"b'RT @nextinpact: TrueCrypt pour Windows contient deux failles, dont une critique http://t.co/fv49eWEiJ5'"
650455527592435712,2015-10-03 23:40:57,b'RT @HistoricalPics: 25 Years ago today: Reunification of East &amp; West Germany.\n\nWest German flag raised on Brandenburg Gate to signal this h\xe2\x80\xa6'
648586040958185472,2015-09-28 19:52:16,"b""RT @HistoricalPics: Robert De Niro's taxicab license used during his meticulous preparation for the 1976 thriller, Taxi Driver. http://t.co\xe2\x80\xa6"""
647352294095372288,2015-09-25 10:09:48,"b""@bernardpivot1 MIT. Et je ne vois pas l'int\xc3\xa9r\xc3\xaat de ce tweet."""
647351279606493184,2015-09-25 10:05:46,"b'RT @mikko: Erka Koivunen (@ekoivune) talks about WV, Lenovo, Sony and IKEA as examples of companies that hack their customers: https://t.co\xe2\x80\xa6'"
645293094255075328,2015-09-19 17:47:17,b'RT @mikko: Spotted a newspaper stand at an airport selling these. Apparently my plane was a time machine. http://t.co/eL92Yeq3Mr'
643348908417130496,2015-09-14 09:01:47,b'RT @Zeptheworld: R\xc3\xa9v\xc3\xa9lations:\nhttp://t.co/7cdDdAX73f http://t.co/WO0wgeJhO5'
637282306454122496,2015-08-28 15:15:16,"b""RT @HistoricalPics: A 14th Century woman's accessory from Northern Iraq. Possibly the earliest surviving handbag in the world. http://t.co/\xe2\x80\xa6"""
632310144932708356,2015-08-14 21:57:40,b'RT @inp_cnrs: Premi\xc3\xa8re r\xc3\xa9alisation d\xe2\x80\x99une mer de Fermi de chrome http://t.co/VuxTmv8brO c/@CNRS @univ_paris13 @CNRS_DR05 http://t.co/wQ6U66D\xe2\x80\xa6'
629730325816590337,2015-08-07 19:06:24,"b'RT @HistoricalPics: A 5 megabyte IBM hard disk is loaded into an airplane. It weighed over 1000kg, 1956. http://t.co/skJy57ksbg'"
629599903723954176,2015-08-07 10:28:09,b'@PasseurSciences Bizarre. Vous devez faire partie des quelques personnes ayant rencontr\xc3\xa9 un probl\xc3\xa8me. La maj semble \xc3\xaatre bonne...'
629446428373467137,2015-08-07 00:18:17,b'RT @Wulfenshtein: LOL - so apparently backing up your computer is now illegal in the UK since your OS is copyrighted.\n\nhttps://t.co/2USUgtQ\xe2\x80\xa6'
626722711633567744,2015-07-30 11:55:13,b'https://t.co/sRxNl9bAvR'
625227752313090049,2015-07-26 08:54:46,b'@pourmecoffee Burn them.'
625226359896440832,2015-07-26 08:49:15,"b'@LinksTheSun Il y a une vid\xc3\xa9o amateur de Bj avec une fille qui faisait la promo du 2 qui tourne sur ""certains"" sites.'"
625225715454222336,2015-07-26 08:46:41,b'@Maitre_Eolas Atroce.'
624916929539649536,2015-07-25 12:19:41,b'@LinksTheSun Il y a des gens qui ne connaissent pas la signification du mot plagiat...'
621422901246468096,2015-07-15 20:55:39,"b'@BadAstronomer Hello ! Do you think that the ""rocky ice"" could present some kind of sismic activity ?'"
621410221706072064,2015-07-15 20:05:16,"b'RT @pourmecoffee: Hey, what if the people who sent a machine 9 billion miles to fly by an icy rock are right about climate? http://t.co/ALK\xe2\x80\xa6'"
620903922727813120,2015-07-14 10:33:25,"b'Entendu sur #francemusique \xc3\xa0 propos du #festivaldemontpellier : ""Nous ne sommes pas sectaires"" ... Metal? Hip hop? Musique du monde ?'"
617997041990508544,2015-07-06 10:02:31,"b""@inp_cnrs @FemmesCNRS @FemmesSciences La parit\xc3\xa9 d\xc3\xa9coulera d'un arr\xc3\xaat des pr\xc3\xa9jug\xc3\xa9s sur les sciences dans les \xc3\xa9coles. Pas du recrutement."""
616549880929079296,2015-07-02 10:12:01,"b'RT @mounierjl: ""Th\xc3\xa8ses sans valeur scientifque"": les #Bogdanov demandent 1M d\'\xe2\x82\xac au CNRS, le tribunal les condamne \xc3\xa0 2000\xe2\x82\xac d\'amende http://t\xe2\x80\xa6'"
616357548367736832,2015-07-01 21:27:45,"b'@LinksTheSun C\'est d\xc3\xa9j\xc3\xa0 fait. Elle s\'appelle les ""cons"".'"
615235874989674497,2015-06-28 19:10:37,"b'RT @NASA: If you find debris in the vicinity of today @SpaceX launch mishap, please stay away &amp; call 321-867-2121. @NASA_Kennedy #SpaceX'"
615235327117139968,2015-06-28 19:08:27,b'RT @paulcoxon: There were 30+ student science experiments on that rocket. So sad for them. #Falcon9'
614948878018838528,2015-06-28 00:10:12,b'RT @NASA: .@ISS_Research @NASAJPL &amp; @HoloLens talk about new partnership to aid astronauts in space: https://t.co/bQK07ceqRF http://t.co/1t\xe2\x80\xa6'
614948311129325568,2015-06-28 00:07:57,b'@Maitre_Eolas LaTex est tellement magique. Ravi que ce super language soit utile ailleurs que dans mon domaine (tr\xc3\xa8s scientifique ;)).'
614947109045932032,2015-06-28 00:03:10,"b'RT @HistoricalPics: Freddie Mercury, 1985. http://t.co/KLbVm7oYAQ'"
614946889360908288,2015-06-28 00:02:18,b'RT @JoeMyGod: Holy crap. Look at the White House tonight! http://t.co/RkGgIOvh9V'
614943815305179136,2015-06-27 23:50:05,"b""RT @Zeptheworld: Chez l'ost\xc3\xa9o...\nhttp://t.co/IPCGH3IjVt http://t.co/vGB672R9Qj"""
614939771132096512,2015-06-27 23:34:01,"b""@StationCDRKelly @ISS_Research @Space_Station It's once and for all completely incredible and useful. https://t.co/ZUwiemtBbT"""
608678711681011712,2015-06-10 16:54:48,"b""@intarder J'ai lu que les aides-soignants avaient l'impression qu'il refusait les soins de toilette, traduisant une volont\xc3\xa9 de mourir."""
608663983491551232,2015-06-10 15:56:16,"b""@intarder Je suis assez d'accord avec \xc3\xa7a, apr\xc3\xa8s je sais pas trop comment ils peuvent savoir si il souffre du coup."""
608658982643859456,2015-06-10 15:36:24,"b""@intarder En fait il n'est pas branch\xc3\xa9, il est juste nourri artificiellement. Le plus troublant c'est qu'il n'est pas lucide apparemment."""
608652559939739648,2015-06-10 15:10:53,"b'You can have a Nobel Prize and think like an idiot on other subjects. We need women and men in science, both of them. http://t.co/NGKqFgoxZq'"
607083046362337281,2015-06-06 07:14:11,"b'@mikko I loved MySpace, because you could use Html/css to transform your profile as you wanted to, which is not possible with fb or twitter.'"
604167805341208577,2015-05-29 06:10:04,b'RT @CNRS: Des bact\xc3\xa9ries intelligentes pour d\xc3\xa9tecter les maladies http://t.co/SEPPna74Vk http://t.co/ln6UikDmaf'
603517639625936896,2015-05-27 11:06:32,b'@EnDirectDuLabo Merci beaucoup pour les r\xc3\xa9ponses ;)'
603517583334240256,2015-05-27 11:06:19,"b""@EnDirectDuLabo \xc3\x89tant donn\xc3\xa9 le nombre de facteurs qui peuvent rentrer en jeu, je pense qu'une \xc3\xa9tude statistique serait un fouillis sans nom!"""
603512861093208066,2015-05-27 10:47:33,"b""@EnDirectDuLabo Int\xc3\xa9ressant, est ce qu'on arrive \xc3\xa0 retrouver des origines ext\xc3\xa9rieures \xc3\xa0 ces mutations (climat? ;O)"""
603512456892325888,2015-05-27 10:45:57,"b""@EnDirectDuLabo Et j'imagine que vu que la maladie est rare, c'est dur de faire des statistiques sur une grande population?"""
603508534605705216,2015-05-27 10:30:21,"b""@mikko I'm glad that Google is putting me in a place I left three years ago ;)"""
603500018088173568,2015-05-27 09:56:31,"b""@EnDirectDuLabo Bonjour! Cette maladie est due \xc3\xa0 une mutation, mais que sait on de cette mutation? De sa fr\xc3\xa9quence d'apparition? Merci! :)"""
593560595548495872,2015-04-29 23:40:48,b'https://t.co/n9bon4FAO1'
593043415807459328,2015-04-28 13:25:43,"b'RT @cyrilpetit99: 40.000 euros \n= 1.135 h en taxi, 30.800 km \n= 55 ans de m\xc3\xa9tro \n= 40.000 tours de grande roue \n\nhttp://t.co/GSL6YAITzW htt\xe2\x80\xa6'"
592813361441669120,2015-04-27 22:11:33,"b""#Molieres2015 Quelqu'un sait si Caubere l'a eu?"""
592812205441167360,2015-04-27 22:06:58,"b""#Molieres2015 C'est moi ou il y a un truc vulgaire ou insultant toutes les dix minutes?"""
592808158743142400,2015-04-27 21:50:53,"b'#Molieres2015 Atroce ce truc \xc3\xa0 trois ""Moli\xc3\xa8re"" avec des micros...'"
592807157369851906,2015-04-27 21:46:54,"b""Mon dieu que c'est vulgaire ces #moli\xc3\xa8res"""
577773809031340032,2015-03-17 10:09:45,b'Work environment ;) http://t.co/IckjYuZiKk'
577770176961204224,2015-03-17 09:55:19,"b""@bernardpivot1 L'air de rien, je pense qu'ils sont dans l'air du temps."""
549891941534801921,2014-12-30 11:37:10,"b'@Maitre_Eolas Notifi\xc3\xa9 peu de temps apr\xc3\xa8s, \xc3\xa7a ne veut pas dire ""envoy\xc3\xa9 par la poste ""?'"
549890891784400896,2014-12-30 11:32:59,"b'RT @HistoricalPics: Gene Simmons and a thirteen year old Brooke Shields, 1979 http://t.co/OFgUR2sjkX'"
549888337327443968,2014-12-30 11:22:50,b'RT @HistoricalPics: Afghanistan: 1970s vs 2000s http://t.co/dmxxl648dw'
549283742272212992,2014-12-28 19:20:24,"b""@Maitre_Eolas Insinueriez vous qu'il serait bient\xc3\xb4t probable que ces donn\xc3\xa9es soient utilis\xc3\xa9es ou vendues ?"""
549283175739166721,2014-12-28 19:18:08,b'@Cmdr_Hadfield I would suggest yourself to use your skills and learning-thirst in a completely new domain. Maybe you would do great things!'
549282400585662464,2014-12-28 19:15:04,b'@Astro_Alex @mercredit1 Does 4K mean 4000 frames per sec?'
549281158954250241,2014-12-28 19:10:08,"b""RT @ISS_Research: Here's the #3Dprinted ratchet wrench aboard @Space_Station that you can print, too! http://t.co/0hjQoHI2qD http://t.co/Wb\xe2\x80\xa6"""
549281137206767616,2014-12-28 19:10:02,b'RT @HistoricalPics: Will we have 128 TB chips in 2030? http://t.co/S3OgBrui7A'
549280789318606849,2014-12-28 19:08:39,"b""@Assistance H\xc3\xa9, est ce que \xc3\xa7a c'est normal quand j'essaie d'envoyer ou de lire des messages priv\xc3\xa9s? http://t.co/i9n3CMfMqv"""
549014494031011840,2014-12-28 01:30:30,b'https://t.co/B9PbL8jtuO'
548657877901406208,2014-12-27 01:53:26,b'http://t.co/phRdSBwHl1'
548649031455768577,2014-12-27 01:18:17,b'http://t.co/JAYYfgjr4q'
528353062952665088,2014-11-01 01:09:21,b'RT @HistoricalPics: David Bowie http://t.co/TnqDnQPFKq'
527632646160273408,2014-10-30 01:26:40,"b'RT @ericvalmir: Dans le Dakota du Sud, le photographe Aaron Groen immortalise une pleine lune au bout de la route. #Amazing http://t.co/9IG\xe2\x80\xa6'"
527630784296144896,2014-10-30 01:19:16,"b'RT @itele: \xe2\x96\xbaLes Hongrois en masse dans la rue contre la premi\xc3\xa8re ""taxe internet"" du monde  http://t.co/zIknAfvM5L http://t.co/3d7Cl17N9j'"
527629433482776576,2014-10-30 01:13:54,b'RT @KevinRothrock: Fight the power. http://t.co/u0ovkctW7G'
502119599857741824,2014-08-20 15:46:56,"b""RT @mahmoud_zaqout: This picture is not from a movie, it's Gaza City http://t.co/irfSoCA1NQ"""
501313739694813184,2014-08-18 10:24:44,"b""@PaulMorlet Super ! Je n'ai pas encore la mesure exacte (pe avez vs une fourchette ?), mais je vous dit \xc3\xa0 tr\xc3\xa8s bient\xc3\xb4t rue de Turbigo!"""
500979966004441090,2014-08-17 12:18:26,"b""@PaulMorlet Bonjour, est ce que vos verres corrigent m\xc3\xaame l'astygmatie? Car il para\xc3\xaet que cette correction coute plus cher..."""
500384005930647552,2014-08-15 20:50:18,"b'@lunettesprtous Bonjour, Est-ce que vos verres corrigent tous les probl\xc3\xa8mes de vue? (Presbytie/Myopie/Astygmatie?)'"
498475892591820801,2014-08-10 14:28:08,b'An interesting video about democracy : https://t.co/dH9Lj0ZvPw'
495245330402000897,2014-08-01 16:31:02,b'https://t.co/gpsdbLNzIp'
489922500839866368,2014-07-18 00:00:01,"b'RT @nycjim: Separatist leader boasted of shooting down plane, but he apparently thought it was a #Ukraine military transport. http://t.co/P\xe2\x80\xa6'"
489917490383036417,2014-07-17 23:40:06,"b'RT @ChrisMurphyCT: If this plane went down as a consequence of the #Ukraine conflict, then Russia has blood on its hands no matter who fire\xe2\x80\xa6'"
482221516177014784,2014-06-26 17:59:03,"b""@LinksTheSun Dpstream n'est pas mauvais!"""
458242872425611264,2014-04-21 13:56:29,b'https://t.co/Mi7hAm4Ge7'
458238363825602560,2014-04-21 13:38:34,"b""@Cmdr_Hadfield In the middle of the sea! So I'm not going to dig! :-)"""
457134983992602624,2014-04-18 12:34:08,"b""@nathalielavi @clararomana C'est plut\xc3\xb4t votre comparaison au pedigree qu'est  \xc3\xa9tonnante. A quand des croisements? Bonne journ\xc3\xa9e!"""
457133018235539456,2014-04-18 12:26:19,b'@nathalielavi @clararomana Parce que les enfants ne sont pas des chiens. CQFD.'
457132258567405568,2014-04-18 12:23:18,b'@bernardpivot1 Peut \xc3\xaatre fallait il faire le guet pour se pr\xc3\xa9munir de cette situation.'
457131788599848960,2014-04-18 12:21:26,"b'RT @DiegoU: ""When writers die they become books, which is, after all, not too bad an incarnation."" J.L. Borges'"
456040883860037632,2014-04-15 12:06:34,"b'RT @NASAhistory: ""Here I have kept, / Watching for thy delaying light, / (While others lay and slept.)"" - A. Pike. #NPM14 #eclipse http://t\xe2\x80\xa6'"
445927198822649856,2014-03-18 14:18:23,b'First measurement of a Nickel lattice parameter in the reciprocal space. Done today at CNRS. http://t.co/UDcUTCYo8F'
443331962413932544,2014-03-11 10:25:51,"b'Cristal Au-Saphir, Electronic Transmission Microscopy, atomic scale. Realized today at CNRS. #proud http://t.co/8ht4bYYYcu'"
416158529162997760,2013-12-26 10:48:19,b'http://t.co/eLHlYX1iK7\n#ubuntu Phone!'
416000357244751873,2013-12-26 00:19:48,b'http://t.co/WCM4M5G6os'
414744744271417344,2013-12-22 13:10:27,"b""Pas forc\xc3\xa9ment d'accord avec la critique, mais \xc3\xa7a reste une bonne critique (Du Hobbit) : http://t.co/GHNakmzgcw"""
414737120222121984,2013-12-22 12:40:09,"b""Un site bien pratique pour identifier les produits contenant de l'huile de palme : http://t.co/0rUhjLriPW"""
414538374301499392,2013-12-21 23:30:24,b'@mercredit1 http://t.co/e186D1XsTh\nfundraising'
414537874667622400,2013-12-21 23:28:25,b'@mercredit1 http://t.co/sR8wqykIbw'
411810501505454080,2013-12-14 10:50:49,"b'Very cool, the things we can do with a 3D printer are amazing! https://t.co/A3wBE1rrnm'"
411810310287138816,2013-12-14 10:50:03,"b""Tr\xc3\xa8s chouette! C'est fou ce qu'on peut faire avec une imprimante 3D! https://t.co/A3wBE1rrnm"""
396962482004451328,2013-11-03 11:30:05,"b'Total Solar Eclipse, live from Africa : \n\nhttp://t.co/Iae1KmetBP'"
396962336290111488,2013-11-03 11:29:30,"b""L'eclipse totale de soleil en direct d'Afrique du sud : \n\nhttp://t.co/Iae1KmetBP"""
385469994001510400,2013-10-02 18:23:02,b'@PabloGrIg Hahaha! Me gusta!'
385131221384441856,2013-10-01 19:56:53,"b'@afastronomie Ne voudriez vous pas dire ""fini ou infini"" ?'"
367268927904026627,2013-08-13 12:58:30,b'Have you heard \xe2\x80\x98Production Showcase\xe2\x80\x99 by @dexterbritain on #SoundCloud? https://t.co/GtGqeVDNLc'
364461953164398592,2013-08-05 19:04:35,b'@Cmdr_Hadfield Hi Chris Hadfield! Here are the stars-shadow! (from M31) http://t.co/9XB3HcN4Wl'
364461260869337088,2013-08-05 19:01:50,b'http://t.co/014HRbMc0n'
361744953589768192,2013-07-29 07:08:12,"b'Reading an astronomy book for all publics published in 2012, and read that Pluto is a planet, and that temperature is cooling...'"
361553046410493953,2013-07-28 18:25:38,b'RT @Florent_Bodin: La fiche wikipedia de Nelson Monfort (sans trucage) MOUAHAHAHAHAHA http://t.co/JMsTTAIGlk'
353224373731213312,2013-07-05 18:50:27,b'http://t.co/md9RkIvGrQ\nUn tr\xc3\xa8s bon tutoriel vid\xc3\xa9o pour apprendre le Python! :)'
335293366432571392,2013-05-17 07:19:02,"b'@BianchiniPhD @MyScienceWork ""Derri\xc3\xa8re cet acronyme se cacheNT des conf\xc3\xa9rences am\xc3\xa9ricaines devenus internationaux."", Erreur de pluriel! ;)'"
332108655136763904,2013-05-08 12:24:08,"b""NASA's Many Eyes On the Sun: http://t.co/NALIyFxYB8 (via @NASA)"""
320622596611788802,2013-04-06 19:42:38,b'RT @Cmdr_Hadfield: Morning jet traffic over San Francisco. http://t.co/xgtLVjDD6G'
305360109834498048,2013-02-23 16:54:58,"b'RT @NASAhistory: #Happybirthday to the 1st Canadian in outer space, @MarcGarneau! Veteran of STS-41G, STS 77, &amp; STS-97!\xc2\xa0http://t.co/ ...'"
303910980222603265,2013-02-19 16:56:38,"b""@LinksTheSun Peut \xc3\xaatre que, relativement \xc3\xa0 ton dernier PC sur les fant\xc3\xb4mes, tu peux essayer de t'amuser avec la moiti\xc3\xa9 morte."""
303910656934043648,2013-02-19 16:55:21,b'@C_et_E_Photos Les amateurs sont parfois meilleurs que les pros! Bravo!'
303193542489153536,2013-02-17 17:25:48,"b'RT @Cmdr_Hadfield: The grappling mechanism at the tip of Canadarm2. The cables snare a shaft and pull in, the teeth lock it in place. ht ...'"
300227396542545921,2013-02-09 12:59:23,"b""D\xc3\xa9collage d'Ariane 5, vol 212 http://t.co/x1V5hPrC via @Dailymotion"""
299866921736744960,2013-02-08 13:07:00,"b""RT @9GAG: ME IN CLASS: Wait \xf0\x9f\x98\x90 What happened \xf0\x9f\x98\xa7 What do we do \xf0\x9f\x98\x9f What do we write \xf0\x9f\x98\xae When's the test \xf0\x9f\x98\xa8 What is this \xf0\x9f\x98\xa5 How do you do this \xf0\x9f\x98\xb0 W ..."""
297667449464176640,2013-02-02 11:27:05,b'RT @Cmdr_Hadfield: Group photo - the 6 humans currently not on Earth http://t.co/wWfUythx'
294768659270881280,2013-01-25 11:28:19,b'RT @9GAG: Meaning of life... http://t.co/GuZ9neUK'
294768518107381760,2013-01-25 11:27:45,b'http://t.co/7a20JZ7m'
293398697360904192,2013-01-21 16:44:35,"b""The website of the @unistra is down\xe2\x80\xa6 Can't look on moodle."""
292732057996636161,2013-01-19 20:35:35,b'@Cmdr_Hadfield @NHL @asc_csa Your french is perfect :)'
292731960558755841,2013-01-19 20:35:12,"b""RT @Cmdr_Hadfield: Heureux de voir le hockey @NHL de retour au Montreal, Canada ce soir! Pour ma famille de l'@asc_csa, #GoHabs! http:// ..."""
292714839204302848,2013-01-19 19:27:10,"b""@durand_g Il plante d\xc3\xa9j\xc3\xa0 chez moi, ce nouveau service! Impossible d'acc\xc3\xa9der au site... Victime du succ\xc3\xa8s ou du FBI? #Mega"""
292339348966350849,2013-01-18 18:35:06,"b""RT @AstroSamantha: Thx for watching &amp; for questions! Sorry if you tried to join and couldn't. Something might have been wrong there. ..."""
289271456636993536,2013-01-10 07:24:24,"b""@Cmdr_Hadfield @DiscoveryCanada There is an error on the link, the video don't want to launch :("""
289116962527780864,2013-01-09 21:10:30,"b""@Cmdr_Hadfield I think it's near a desert\xe2\x80\xa6 And mountains (in white)\xe2\x80\xa6 Gobi's desert?"""
288238592701116416,2013-01-07 11:00:10,b'RT @unistra: A la une de la revue Nature les travaux de Rodrigo Ibata Observatoire astronomique @unistra et de son fils de 15 ans http:/ ...'
286800540485160960,2013-01-03 11:45:52,"b'@PabloGrIg Omg, have fun with that stuff :D'"
286615118928834560,2013-01-02 23:29:04,"b""@PabloGrIg @Paulannner Why Quantum Mechanics right now? Don't you have the same lessons as us on next semester? :o"""
286065943472377856,2013-01-01 11:06:50,b'Happy New Year Twitter!'
284747774145204225,2012-12-28 19:48:54,"b'RT @FragileOasis: Aurora, dancing with the stars. Astronauts in the audience.  http://t.co/YO2E1XED'"
284314175969296385,2012-12-27 15:05:56,b'RT @Cmdr_Hadfield: It is a rare day when you get to see people play a game of Scrabble on the ceiling. Easy to lose the little pieces! h ...'
284313412656316417,2012-12-27 15:02:54,"b'RT @NASA: [Image of the Day] Curiosity Self-Portrait, Wide View http://t.co/EdgOJ59I #iotd'"
283187859744256000,2012-12-24 12:30:21,b'RT @HUBBLE_space: Three reasons why astronomers love this spiral galaxy #ESA #spacephoto http://t.co/2NsmkBIJ http://t.co/GltMl9cI'
282531602691661824,2012-12-22 17:02:37,"b""RT @Cmdr_Hadfield: From Chris' Son: The cosmonauts have a stunning number of superstitions and traditions. Here's the signing of the doo ..."""
282531487650304000,2012-12-22 17:02:10,b'RT @Astro_Jeremy: We celebrated launch&amp;docking of @Cmdr_Hadfield with these cool handmade cookies that a guest brought to Moscow. ht ...'
282474861920653312,2012-12-22 13:17:09,b'http://t.co/8g65DKgA'
282455155625062401,2012-12-22 11:58:51,"b""RT @NASA: We made it through 'Doomsday'! Dec. 22 had arrived when this NOAA satellite image was taken at 7pm ET.  http://t.co/y1Euy4Ns"""
282455054840123393,2012-12-22 11:58:27,"b'RT @Cmdr_Hadfield: Space Station! Floating free, buoyed up even more by my smile :) http://t.co/aqrRK983'"
282451940129009664,2012-12-22 11:46:04,"b'My friend Simon Hanot has released his first album with his folk rock band, free listening here : http://t.co/pbZIFmag\nHave fun and share!'"
282277852370595840,2012-12-22 00:14:19,"b'RT @NASAhistory: All of these eBooks, PDFs, and apps - and more - are #free for you to download from NASA. Check it out:\xc2\xa0http://t.co/ynp ...'"
282212134778195969,2012-12-21 19:53:10,"b'RT @Cmdr_Hadfield: Hatch opened, crew inside. Welcome to the ISS, dad.'"
281789905661743104,2012-12-20 15:55:23,"b'RT @DieuOfficiel: C\xe2\x80\x99est marrant comme vous vous int\xc3\xa9ressez \xc3\xa0 la fin du monde, alors que vous vous foutez de la faim du monde.'"
281386831092793344,2012-12-19 13:13:43,b'RT @9GAG: Be nice. Be cool. Be happy. Everyday!  Forever!'
281385930349219840,2012-12-19 13:10:08,b'RT @DCirioni_AVDA: Un anteprima della conferenza di questa sera a Vigevano con @astro_paolo Nespoli http://t.co/CpDOOaaB'
280976841957842945,2012-12-18 10:04:34,"b""La critique de la BD Le Cycle de l'eau : Premi\xc3\xa8re Partie - Okko, tome 1 par Celiwan http://t.co/ywTLK2bG #SensCritique"""
280336315445305345,2012-12-16 15:39:20,"b""RT @Cmdr_Hadfield: Early Christmas - prime &amp; backup crews at the Cosmodrome museum. It's beginning to look a lot like ... spacefligh ..."""
279565222145048576,2012-12-14 12:35:17,"b""RT @Newsring_fr: Maurice Herzog, premier homme \xc3\xa0 avoir gravi l'Annapurna et ancien ministre sous De Gaulle, est mort \xc3\xa0 93 ans. http://t. ..."""
278472822689525760,2012-12-11 12:14:29,b'RT @El_Universo_Hoy: Foto de auroras boreales desde Noruega http://t.co/xE9HJqIK'
278470701659353088,2012-12-11 12:06:03,b'@durand_g Thanks for following ;).'
278467696146931712,2012-12-11 11:54:07,"b""RT @unistra: Emploi d'avenir professeur : candidature jusqu'au 17 d\xc3\xa9cembre http://t.co/lvpUxTbe"""
278215536402395136,2012-12-10 19:12:07,b'@ThinktankPlanet Thank you for following!'
278083372692156417,2012-12-10 10:26:57,"b'RT @Cmdr_Hadfield: This small clown doll will hang in our Soyuz by a string. When it starts floating weightless, we are safely in orbit  ...'"
278083258170896385,2012-12-10 10:26:29,b'RT @Cmdr_Hadfield: Dressed for Success - note the grey soft leather boots. We only wear them as far as the launch pad; very low mileage. ...'
278083173013929984,2012-12-10 10:26:09,"b""RT @astro_luca: You never know whom you're going to meet while running in a desert... It looked more surprised than I was! http://t.co/P ..."""
276994376956268545,2012-12-07 10:19:40,"b""@mercredit1 Attend, c'\xc3\xa9tait pas son dernier souhait? :o"""
276993779288915968,2012-12-07 10:17:17,b'RT @Cmdr_Hadfield: Standing between Velentina Tereshkova (1st woman in space) &amp; Alexei Leonov (1st space walker). I am honoured. htt ...'
274233627380965376,2012-11-29 19:29:26,"b""RT @MarsCuriosity: Turn that frown upside down: We're fewer than four months into a multi-year mission. We've only just begun!"""
273127193960407040,2012-11-26 18:12:52,"b'@Benzaie_tgwtg Dear friend, here is the real difficulty of the game : playing in these conditions!'"
273034265095196674,2012-11-26 12:03:36,b'An interesting Start-Up project from my university : http://t.co/xc8PfuuD @PickTrip How to buy food all around the world without moving!'
272680158849273858,2012-11-25 12:36:30,"b'Did you know that the word ""Planet"" means ""Wanderer"" in Greek? This word was used for describing the irregular move of planets in sky.#Astro'"
272332198894518272,2012-11-24 13:33:50,"b'That guy is really incredible, I would so much like to be in the audience, but it costs 20 000 $\xe2\x80\xa6 http://t.co/KNX5eJrp'"
272308687903789057,2012-11-24 12:00:25,b'I just found the way to solve the Free/Youtube connexion problem for HQ videos by using o proxy server on Safari 6. Goodbye Chrome/Firefox!'
272279302735802368,2012-11-24 10:03:39,"b""@mercredit1 http://t.co/l5SICwgp You're right that's pretty cool stuff than a laptop, indeed ;)."""
272274028348198912,2012-11-24 09:42:41,"b""Incredible curse by Pr. Lewin in MIT. Something to watch even if you're not a physicist :http://t.co/jAv9FovS #MIT"""
270582448360935425,2012-11-19 17:40:57,"b""Good day, so much fog in town, can't see the top of the cathedral over the roofs! Good electronic's test this afternoon."""
269820372755562496,2012-11-17 15:12:44,b'http://t.co/8jKgTzWb'
268438269056925696,2012-11-13 19:40:45,"b""RT @C_et_E_Photos: Suivez l'\xc3\xa9clipse totale de Soleil en direct: 13/11/2012 - David Foss\xc3\xa9 Une \xc3\xa9clipse de Soleil\xe2\x80\xa6 http://t.co/Q9OcjvvC"""
268009710291128321,2012-11-12 15:17:48,b'@mercredit1 Merdi! :D'
267995501566246912,2012-11-12 14:21:21,"b'That awkward moment when you realize that you have wrote ""plus"" instead of ""minus"" in the last equation of your Astrophysics exam! Not grave'"
267960384256868352,2012-11-12 12:01:48,"b""The electronic's class is cancelled today, and tomorrow too! What is the matter with electronic's teachers? Have they been electrocuted? ^-^"""
267376026349355008,2012-11-10 21:19:46,b'RT @esa: #Ariane5 liftoff http://t.co/dobfkQxy &amp; http://t.co/f6mQtoTr'
267335579853795328,2012-11-10 18:39:03,b'Is creating a simple r\xc3\xa9sum\xc3\xa9 about stars and galaxies. Who wants to check it?'
267322976087707648,2012-11-10 17:48:58,"b""@mercredit1 This is showing that our time is nothing compared to immensity of universe's dimensions!"""
267322482980179968,2012-11-10 17:47:01,"b'RT @zOz_photo: J\xe2\x80\x99ai publi\xc3\xa9 36 photos sur Facebook, dans l\xe2\x80\x99album Shaka Ponk (Festival des Rockailles 2010) http://t.co/aorDNzZE'"
267322220370595841,2012-11-10 17:45:58,b'@medicitv Google! :D'
267258322124697600,2012-11-10 13:32:04,"b""@LANDEYves You're not really funny today... :("""
267258045787168769,2012-11-10 13:30:58,b'@AstroSamantha @Astro_Nicole @DCirioni_AVDA Nice pic! :D'
267241956252479490,2012-11-10 12:27:02,b'@mercredit1 You like it? :)'
266999761402490880,2012-11-09 20:24:38,"b""Very nice video! Don't read the comments, it's an idiot's debate about religion and science... http://t.co/lNd5fVgV"""
266621088186900480,2012-11-08 19:19:55,"b""Nice birthday! Tonight : Lemon chicken with roommates and friends! It's gonna be... wait  for it... LEGENDARY! #happybirthday"""
266511311398137856,2012-11-08 12:03:42,"b'Romania, Estonia, United States, Algeria, Morocco, China, USA, Turkey, Maurice Islands... What a chance to talk with such different persons!'"
266510415700324352,2012-11-08 12:00:09,"b'That awkward moment, when you realize that the majority of your classmates went from other countries, and have so much experience of life.'"
263599485349924864,2012-10-31 11:13:09,"b'RT @LANDEYves: ""Franchement Halloween, c\'est trop une f\xc3\xaate am\xc3\xa9ricaine hyper commerciale..."" - Envoy\xc3\xa9 via Twitter for iPhone 5 sous iOS 6 ...'"
263270869638447104,2012-10-30 13:27:21,"b""@RoiLennon Bob! C'est terrible, tu ne peux pas avoir de page wikip\xc3\xa9dia car tu n'as pas d'article de presse \xc3\xa0 ton actif! :'("""
262671140831494144,2012-10-28 21:44:14,b'@SuperHiruma21 @LinksTheSun Duuur! :D'
262194845437816832,2012-10-27 14:11:37,"b'@RoiLennon Essaie ""Transformice"" (jeu par navigateur)'"
262194758838022145,2012-10-27 14:11:16,b'@ZeSadPanda @RoiLennon Il en serait capable.'
262194359569641472,2012-10-27 14:09:41,"b'@RoiLennon Bob, pourquoi tu ne fais pas ta propre cha\xc3\xaene Twitch? :)'"
262175580068384769,2012-10-27 12:55:03,b'@LANDEYves Et la mort va gagner des points...'
251993113512525824,2012-09-29 10:33:34,b'RT @apod: NGC 7023: The Iris Nebula : http://t.co/2QFAyPA2'
251591212031680512,2012-09-28 07:56:33,"b""@LinksTheSun Cher Links, j'adore ta derni\xc3\xa8re vid\xc3\xa9o, mais tu y as fait une erreur. J'sais plus laquelle, alors j'vais la re-re-regarder! ^_^"""
237565700120641536,2012-08-20 15:04:11,b':) http://t.co/NJVhh92Y'
235330334617661442,2012-08-14 11:01:38,"b""Un docu passionnant sur les pirates d'hier et d'aujourd'hui : http://t.co/eg7tUzGf"""
194213437239328768,2012-04-22 23:57:46,b'Discours \xc3\xa9gar\xc3\xa9 par un proche UMPFN : http://t.co/27DsWnwd'
191137648713269248,2012-04-14 12:15:41,b'@mercredit1 http://t.co/NrC4l63u'
189369787707703297,2012-04-09 15:10:50,"b""Super chef, super orchestre, super Pape... Nan, j'd\xc3\xa9conne! :D http://t.co/Mox4zPjk"""
179302081532932096,2012-03-12 20:25:22,"b""RT @NASA: Cassini spacecraft captures new pics of Saturn's icy moon, Rhea!\xc2\xa0http://t.co/Y8dIQ7Wo"""
179244718813757440,2012-03-12 16:37:25,b'@kyank Assez \xc3\xa9trange en effet\xe2\x80\xa6 Des origines cach\xc3\xa9es?'
179244478991826944,2012-03-12 16:36:28,"b""RT @NASA: [Image of the Day] Orion's Rainbow of Infrared Light http://t.co/umA2SlVv #iotd"""
178240448794603520,2012-03-09 22:06:49,"b'Yes, this is Bear http://t.co/QC6Geuu5 via @9GAG'"
177842644142145537,2012-03-08 19:46:05,"b""RT @DiegoU: having spent 1.5 years without seeing a woman, I can scientifically prove the world would suck without you! happy woman's day!"""
176221486552580096,2012-03-04 08:24:11,b'RT @apod: Warped Spiral Galaxy ESO 510-13 : http://t.co/I3orYr0z'
157960986186366976,2012-01-13 23:03:28,b'Hahahaha! http://t.co/qJ973ySx'
157548982959210496,2012-01-12 19:46:20,b'Amusant ;) http://t.co/VsSnDQd2'
156141300662538240,2012-01-08 22:32:41,b'http://t.co/ef0HGcg6'
156139839564169218,2012-01-08 22:26:53,b'http://t.co/NEyiDwc1'
156129912250564608,2012-01-08 21:47:26,"b'@mercredit1 H\xc3\xa9h\xc3\xa9, abracadabra ;)'"
155825965296136193,2012-01-08 01:39:39,b'http://t.co/uhMy18nr'
155626670303350784,2012-01-07 12:27:44,b'Space Launch System / Orion Test Flight Concepts http://t.co/XiiRq59Q'
155413757751857153,2012-01-06 22:21:41,b'http://t.co/2MoLUFfa'
154322535708770305,2012-01-03 22:05:34,b'http://t.co/k5hkgXgE Et encore mieux!'
154320792321138690,2012-01-03 21:58:38,b'Encore mieux : http://t.co/kKBRdrJN'
154320190128136192,2012-01-03 21:56:15,b'Excellent... http://t.co/IJHSwPBT'
154164392710246402,2012-01-03 11:37:10,"b""@kyank J'ai jou\xc3\xa9 \xc3\xa0 celui sur super NES pendant les vacances. Un grand moment."""
153981835871924224,2012-01-02 23:31:45,b'The Truman Show : Bande annonce (ou quand les films am\xc3\xa9ricains avaient encore un sc\xc3\xa9nario valable). http://t.co/p8EmpEQo'
153981295796555777,2012-01-02 23:29:36,b'RT @anonymous__fr: Anonymous France - Le Quotidien est sorti de presse! http://t.co/KFahbmjr'
151018921703653376,2011-12-25 19:18:11,"b""Exercice de capteurs : saviez vous qu'un silo en acier de 10 m de haut et 5 m de diam\xc3\xa8tre pesait plus de 6 tonnes? #capteurs #silo"""
150647718497361920,2011-12-24 18:43:09,b'Merry Christmas!'
143125455418048513,2011-12-04 00:32:22,b'Tellement G\xc3\xa9nial : http://t.co/LBgqh2Yo'
142021335323901952,2011-11-30 23:24:59,b'x) http://t.co/kZITK6ac'
141291291601420288,2011-11-28 23:04:03,"b'@zOz_photo Ils chient un peu dans leur froc, hein? :)'"
141290426442334208,2011-11-28 23:00:37,b'Peter Steele is dead. http://t.co/oQvWPZGy'
140933699372990464,2011-11-27 23:23:07,"b""@zOz_photo Un homme d'un autre temps qui ne veut pas s'avouer vieux. Faut le comprendre, \xc3\xa7a doit \xc3\xaatre dur de partir \xc3\xa0 la retraite..."""
140174161875177473,2011-11-25 21:04:59,"b""RT @Univ_Savoie: Surveillance financi\xc3\xa8re des universit\xc3\xa9s : communiqu\xc3\xa9 de Gilbert Ang\xc3\xa9nieux, pr\xc3\xa9sident de l'Universit\xc3\xa9 de Savoie : http:/ ..."""
138726477561729024,2011-11-21 21:12:24,"b""RT @NASA: The reins of the ISS pass\xc2\xa0from Expedition 29's @astro_aggie to\xc2\xa0Expedition 30 Commander\xc2\xa0@AstroCoastie\xc2\xa0http://t.co/AIJvSbF2"""
137639273695416320,2011-11-18 21:12:14,b'@mercredit1 DAAAAAAAH :D'
136766242370486272,2011-11-16 11:23:07,"b'@mercredit1 No problem, it was really easy. See you soon ;)'"
136765641855213569,2011-11-16 11:20:44,"b'Facebook, victime d\'une attaque ""porno"" http://t.co/jygY378e via @europe1'"
135687282563883008,2011-11-13 11:55:43,"b""TD6 : Diffraction et Instruments d'optique"""
134611258061234180,2011-11-10 12:39:59,"b""C'est toujours aussi cool \xc3\xa7a : http://t.co/5jYLRbCB :D enjoy"""
134295102481899520,2011-11-09 15:43:42,"b""Vient d'envoyer un mail au directeur de la section de physique de l'UNIGE. Sinon, la NASA ne sait toujours pas mettre de photo sur twitter!"""
134289584120020992,2011-11-09 15:21:46,"b""@PoolpOrg Que tu veux avoir le dernier mot par un tweet inutile? :P Stop te monter la t\xc3\xaate, la r\xc3\xa9volution n'existe pas..."""
134288633057394688,2011-11-09 15:17:59,"b""@PoolpOrg Ils feraient mieux d'effectuer des actions en justice, et aussi d'autres actions, qu'on ne nommera pas ici."""
134288424541761538,2011-11-09 15:17:10,"b'@PoolpOrg Perso, j\'appelle pas \xc3\xa7a \xc3\xaatre actif que de se faire frapper par des crs en criant ""vos enfants vous regardent"".'"
134287837058183169,2011-11-09 15:14:49,"b'@IndignAction Parce que les fran\xc3\xa7ais ne sont pas pacifiques, ils veulent d\xc3\xa9truire le pouvoir. Un attentat en r\xc3\xa9jouirait beaucoup.'"
134286596043317248,2011-11-09 15:09:54,b'RT @democratiereell: #occupydefense en 3\xc3\xa8me hashtag France de ces 12 derni\xc3\xa8res heures http://t.co/ueOZ3kOG rt please :) http://t.co/ctqwBZGX'
134286162419384320,2011-11-09 15:08:10,b'RT @MelvinMiami: RT PLIZ : Mise \xc3\xa0 jour de la liste des besoins pour #OccupyDefense \xc3\xa0 partager #Merci et allez #tous\xc3\xa0lad\xc3\xa9fense http://t.c ...'
134285296262070274,2011-11-09 15:04:44,b'RT @NASA: RT\xc2\xa0@Lori_Garver: Astronauts send a letter to Congress encouraging support for commercial space: http://t.co/U2kOnqrL'
134239221635497984,2011-11-09 12:01:39,"b""@PoolpOrg Je ne parlais pas forc\xc3\xa9ment de ne rien faire, mais de s'organiser autrement."""
133992478419329025,2011-11-08 19:41:10,b'@EfilOne1 Merci Anonymous!'
133991473380200449,2011-11-08 19:37:11,"b""@tabtab39000 C'est sur, mais moi aussi, mais \xc3\xa7a ne change rien, cette action, mis \xc3\xa0 part une vid\xc3\xa9o de plus... #occupydefense"""
133991324394332160,2011-11-08 19:36:35,"b""@PoolpOrg Les gens vont voir \xc3\xa7a dans leur cuisine, bien au chaud, et n'en auront rien \xc3\xa0 foutre, tant qu'ils ont un salaire."""
133990951831080961,2011-11-08 19:35:07,"b'@fruncut #occupydefense Si vous vous faites d\xc3\xa9gager, rassemblez vous ailleurs, et recommencez.'"
133990696729313280,2011-11-08 19:34:06,"b""RT @tabtab39000: RT #OccupyDefense - La vid\xc3\xa9o qui fait mal.  http://t.co/pIuE4BZ9 - un flic qui \xc3\xa9crase volontairement la jambe d'un mani ..."""
133990603062120449,2011-11-08 19:33:43,"b'@tabtab39000 Ils vont protester, et puis il ne se passera rien derri\xc3\xa8re. #occupydefense'"
133990204523548672,2011-11-08 19:32:08,"b'@tabtab39000 Ils se battent, ils devraient donner leurs affaires, se faire virer sans se faire toucher, et se rasseoir plus loin.'"
133989919986155520,2011-11-08 19:31:00,"b""@PoolpOrg Vous n'aurez pas de r\xc3\xa9ponse, c'est quasi certain. #occupydefense"""
133989676494233600,2011-11-08 19:30:02,"b'Ou est il, l\'auteur du livre ""Indignez vous?"" #occupydefense'"
133989452103155712,2011-11-08 19:29:09,"b""RT @Julien_Kien: RT #OccupyDefense - La vid\xc3\xa9o qui fait mal.  http://t.co/8RuLLz5M - un flic qui \xc3\xa9crase volontairement la jambe d'un mani ..."""
133988420027564032,2011-11-08 19:25:03,"b'RT @anonymous__fr: PLEASE WATCH THIS WHOLE VIDEO, POLICE BEAT CITIZEN IN FRANCE http://t.co/CTtstmKx via @Mdecrecy'"
133313332865277952,2011-11-06 22:42:30,b'Blabla! http://t.co/xF4QJ8Tx'
132070546623049729,2011-11-03 12:24:06,b'RT @cieletespace: Panorama sur le ciel exceptionnel d\xe2\x80\x99Alma: 03/11/2011 - D\xc3\xa9j\xc3\xa0 une vingtaine de t\xc3\xa9lescopes\xe2\x80\xa6 http://t.co/jqov4jDb'
130635560472674305,2011-10-30 13:21:59,b'RT @NASA: RT @astro_aggie: Enjoy this picture I took #fromspace of the Progress cargo ship burning up after undock on Saturday. http://t ...'
130634267180023808,2011-10-30 13:16:51,b'#Anonymous http://t.co/3XmPc7Le'
130263587947155457,2011-10-29 12:43:54,"b'RT @cieletespace: Jupiter observable au plus pr\xc3\xa8s de la Terre: 28/10/2011 - JL Dauvergne Le 29 octobre, la\xe2\x80\xa6 http://t.co/kmaYlD5r'"
