id,created_at,text
970340140752293890,2018-03-04 16:48:12,"b'RT @MaraiLarasi: For 11 years we\xe2\x80\x99ve marched, chanted, danced, cried &amp; sang. @MillionWomen has called us to come together in solidarity. We\xe2\x80\xa6'"
970339347793932289,2018-03-04 16:45:03,b'RT @NZZStorytelling: Nationaler Trend: #NoBillag wird abgelehnt.\n\nIn Z\xc3\xbcrich zeichnet sich ein wuchtiges Nein ab. https://t.co/38PTR0zbk3 ht\xe2\x80\xa6'
970224428570292224,2018-03-04 09:08:24,"b'RT @womensart1: Artist Sue Austin, British disabled artist, created a series of underwater performances in her specially adapted wheelchair\xe2\x80\xa6'"
969686135256571904,2018-03-02 21:29:25,"b'RT @garyyounge: The fact that Boris Johnson got and remains in his job, clearly illustrates how the privileges of gender, race &amp; class cons\xe2\x80\xa6'"
969335683851718658,2018-03-01 22:16:51,b'RT @TRammerstorfer: Heute im #O\xc3\x96 - weitere K\xc3\xbcrzungen #Haberlander #maiz https://t.co/2sHkFJnSY5'
969125214335455237,2018-03-01 08:20:31,b'RT @neuwirthe: Kann man mit diesem Argument (gefunden auf Facebook) die Koalitionsparteien noch umstimmen? https://t.co/L87TQ5tJme'
968916653982527493,2018-02-28 18:31:46,"b'Right now, I can very much relate to this... https://t.co/LAxQAJ6iUH'"
968381414298308608,2018-02-27 07:04:55,b'RT @LeilaHadjAbdou: Removal of \xe2\x80\x98Nation of Immigrants\xe2\x80\x99 from USCIS Mission Ignores Agency\xe2\x80\x99s Mandate and American History https://t.co/lGXr6mZ\xe2\x80\xa6'
968270974666887168,2018-02-26 23:46:04,b'RT @TheSocReview: https://t.co/OMg4e76Mon'
968270697205202945,2018-02-26 23:44:58,"b'@DerRami_ @sebastiankurz Klingt schon beinahe wie: ""Unsere Antisemiten f\xc3\xbcr unsere Leut""'"
968031639220772864,2018-02-26 07:55:02,"b'RT @Roland_Hindl: \xe2\x80\x9cDas \xc3\xb6ffentlich-rechtliche Informationsangebot verf\xc3\xa4lscht nicht einen funktionierenden privaten Wettbewerb, sondern es ko\xe2\x80\xa6'"
968031517309132801,2018-02-26 07:54:33,b'RT @IndigenousAusRR: AIATSIS map of Indigenous Australia https://t.co/NgjfShY8vg https://t.co/fGM8rwFBta'
967782897364201473,2018-02-25 15:26:37,b'RT @ladstaetter: @ArminWolf @Pbern12 Wenig beachtet bisher: Es geht bei der Abstimmung auch um das Aus f\xc3\xbcr inklusive Medienagebote - Detail\xe2\x80\xa6'
966789720427696128,2018-02-22 21:40:06,"b'#Stormzy : ""Yo, #TheresaMay where\'s the money for #Grenfell "" https://t.co/UIY1XPkdJB'"
966233826103119873,2018-02-21 08:51:10,"b'Why are ""fake news"" so successful and who beliefes in ""fake news""? The Partisan Brain: An Identity-Based Model of P\xe2\x80\xa6 https://t.co/E3sOZwh2NT'"
966229345131008000,2018-02-21 08:33:22,"b'Rethinking #ownership beyond its capitalist meaning: ownership as emotional investment in a person, a thing, a caus\xe2\x80\xa6 https://t.co/fWHqKx1bpb'"
965189738708774913,2018-02-18 11:42:20,b'RT @MaraiLarasi: On January 8th at the @goldenglobes @EmmaWatson and I pledged to bring this home. It\xe2\x80\x99s amazing to be working with a whole\xe2\x80\xa6'
964907061099327488,2018-02-17 16:59:05,"b'RT @bbkpsychosocial: Cannibals on film! Feminism and (post)psychoanalysis screeching + discussion, May\nhttps://t.co/BwzjmRMCE4'"
964641404197785601,2018-02-16 23:23:27,"b'RT @b_mcgeever: Gurminder Bhambra, Bryan Cheyette and Sander Gilman debate Cosmopolitanism at the Pears Institute, Birkbeck. Podcast now on\xe2\x80\xa6'"
964418552219381760,2018-02-16 08:37:55,"b'RT @janboehm: Die schlauen Nazis wissen im Gegensatz zu ihren nicht so schlauen Fans sehr genau, was der Unterschied zwischen Satire und Vo\xe2\x80\xa6'"
963544272640397317,2018-02-13 22:43:51,"b'RT @AyoCaesar: You know what? I understand why so many white people look at POC-only events, and feel annoyed or alienated cos they don\xe2\x80\x99t f\xe2\x80\xa6'"
963543891965247488,2018-02-13 22:42:20,"b'RT @OliverScheiber1: Im Jahr 1960 wurden in \xc3\x96 rd 120.000 Menschen strafgerichtlich verurteilt. 2017, bei h\xc3\xb6herer Bev\xc3\xb6lkerungszahl, waren es\xe2\x80\xa6'"
963542649188831232,2018-02-13 22:37:23,b'RT @MichelleYGordon: Love the Black Power exhibit @SchomburgCenter! https://t.co/Jqrtouofh0'
963329613639372802,2018-02-13 08:30:52,b'RT @JustinKadi: DPD courier who was fined for day off to see doctor dies from diabetes https://t.co/6Z45shIiAr'
962961140895682560,2018-02-12 08:06:41,"b'RT @SianCElliott: \xe2\x80\x9cRacism isn\xe2\x80\x99t about this individual thing, it\xe2\x80\x99s about the structure, the ideology, it\xe2\x80\x99s about the system\xe2\x80\x9d @kehinde_andrew\xe2\x80\xa6'"
962733360924807169,2018-02-11 17:01:34,"b'RT @picturingpe: Instagram-Fotos von PolitikerInnen sind keine harmlosen Schnappsch\xc3\xbcsse. Sie passieren nicht, sondern sind von Profis gemac\xe2\x80\xa6'"
962733234571370496,2018-02-11 17:01:04,b'RT @IRR_News: A review of recent pan-European developments in the #criminalisationofsolidarity by @FrancesWebber5 https://t.co/w0gBqz8pUd #\xe2\x80\xa6'
962636478974189568,2018-02-11 10:36:36,b'RT @raulde: Sexuelle \xc3\x9cbergriffe in Behindertenwerkst\xc3\xa4tten: Wo Frauen besonders viel Schutz brauchen: https://t.co/4yPeYtlF11'
962469199376470016,2018-02-10 23:31:53,"b""RT @bungatuffie: I bought this book of Linton's poems 43 years ago. In April, we will be discussing his work in Oxford of all places.\n\nhttp\xe2\x80\xa6"""
962223357977681920,2018-02-10 07:15:00,"b'RT @brodnig: Interessant:\n\n- Britische Abgeordnete befragen Facebook zu #fakenews, Brexit &amp; russischer Einflussnahme\n\n- Facebook erkl\xc3\xa4rt, m\xe2\x80\xa6'"
962089132431421441,2018-02-09 22:21:38,b'RT @bungatuffie: Crackdown leaves homeless people under Finsbury Park bridge without beds: https://t.co/kWISjFSSNU'
961755579210452993,2018-02-09 00:16:13,"b'@DidiFreiheit @Unparteiisch1 @KURIERat @LisaTrompisch Auch wenn ihnen das fern lag, haben sie von sich aus alles be\xe2\x80\xa6 https://t.co/FtMSPnStII'"
961371260554022912,2018-02-07 22:49:04,"b'RT @chmelar_dieter: Kurz beehrt die Geburtstagsfeier des hetzenden Schleimrevolvers Michael Jeann\xc3\xa9e, aber schw\xc3\xa4nzt das Gedenken an Ute Bock\xe2\x80\xa6'"
961290363808944130,2018-02-07 17:27:37,"b""RT @EmirDiz: Don't mess with ORF https://t.co/f9C7ImSOOF"""
961032329480294402,2018-02-07 00:22:17,"b'RT @tgpb85: *JOBSJOBSJOBSJOBS*\n\nEight (8!) cross-disciplinary postdoc positions available with a very strong cultural, creative and digital\xe2\x80\xa6'"
961004112967077889,2018-02-06 22:30:09,b'RT @phil_aich: Ich habe heute leider keine einfache Schlagzeile f\xc3\xbcr euch. https://t.co/sCie8Y24ye'
960802585430188032,2018-02-06 09:09:21,"b'RT @tagesanzeiger: Trumps politisches \xc3\x9cberleben h\xc3\xa4ngt davon ab, dass die Amerikaner nicht mehr wissen, was richtig ist und was falsch. http\xe2\x80\xa6'"
960313894450409473,2018-02-05 00:47:28,"b'RT @ArminWolf: Unglaublich, der langj\xc3\xa4hrige Vorsitzende der American Nazi Party (!) kandidiert f\xc3\xbcr den Kongress - als offizieller Kandidat\xe2\x80\xa6'"
960309057558065154,2018-02-05 00:28:15,"b""RT @SadiqKhan: No one should be faced with sleeping rough on our streets. As the temperature drops, we're opening emergency cold-weather sh\xe2\x80\xa6"""
960307714302840832,2018-02-05 00:22:55,b'RT @BmruUK: Ten black composers whose works deserve to be heard more often \n\nRead: https://t.co/EnbKhwr1qk https://t.co/FU2GcOEtHk'
960307392566255616,2018-02-05 00:21:38,"b'RT @nicole_schoen: Es ist nur noch zum Abfeiern, wie es einfach unm\xc3\xb6glich zu sein scheint, (als Frau) hier von pers\xc3\xb6nlichen Erfahrungen zu\xe2\x80\xa6'"
960306823311122432,2018-02-05 00:19:22,b'RT @Aaaqilah: Britain\xe2\x80\x99s imperial fantasies have given us Brexit | https://t.co/iIF6afRm0t'
960306754021220352,2018-02-05 00:19:06,"b'RT @MaraiLarasi: I am so grateful for this article. This woman was a warrior, a dreamer, an artist, a leader...she was smart, fierce and re\xe2\x80\xa6'"
960298450045763584,2018-02-04 23:46:06,b'RT @NedadMemic: A 2017 survey of the Int. Republican Institute on #Bosnia-Herzegovina: #Bosniaks (Bosnian #Muslims) are more in favor of a\xe2\x80\xa6'
960225586080776192,2018-02-04 18:56:34,"b'RT @HHumorlos: Der Sprecher von Heinz-Christian Strache zitiert von Metapedia. Ich hab mir die Seite, auf der unter anderem der Holocaust i\xe2\x80\xa6'"
960225503369220096,2018-02-04 18:56:14,b'RT @GerlindeInaktiv: @camarillo17 @HHumorlos Thread ist hier archiviert:\nhttps://t.co/0JWQ3wF769'
960071770819760128,2018-02-04 08:45:22,"b""RT @yokoono: There is no such thing as the 'Other Side'. It's all what you are creating in your head to play the game of life as such. We a\xe2\x80\xa6"""
959710174566068224,2018-02-03 08:48:30,b'RT @KappacherS: @eliasnatmessnig https://t.co/ErxP3RPek5'
959189887747547137,2018-02-01 22:21:04,"b'RT @OMASGEGENRECHTS: Wir werden Verh\xc3\xb6hnungen, Beleidigungen, Herabsetzung aufgrund des Alters, Geschlechts oder des Aussehens/Auftretens au\xe2\x80\xa6'"
959189214977036288,2018-02-01 22:18:24,"b""RT @bbkpsychosocial: One of our graduates, @MaraiLarasi, makes one of the most important contributions to the Observer's 100Women piece htt\xe2\x80\xa6"""
958984565133053952,2018-02-01 08:45:12,b'RT @fbieber: Warum die Balkan Islam Studie des \xc3\x96IF unseri\xc3\xb6s und tendenzi\xc3\xb6s ist: https://t.co/ijkK8Jjfcf in @tagesanzeiger'
958979233006739456,2018-02-01 08:24:00,b'@MelisaErkurt Oder doch ein Schmiss...? #Hysteria #goldenesMatriarchat'
958851610049949701,2018-01-31 23:56:53,"b""RT @SothebysInst: 3,900 pages of Paul #Klee's notebooks, which he used for #Bauhaus lectures, are now available online  https://t.co/QOvGb2\xe2\x80\xa6"""
958843442385309696,2018-01-31 23:24:25,b'RT @Aaaqilah: San Francisco will retroactively apply California\xe2\x80\x99s marijuana legalisation laws to past criminal cases which will dissolve th\xe2\x80\xa6'
958779446189846529,2018-01-31 19:10:07,"b'RT @rachel_humphris: What a line up! @bengidley @AcademicDiary @shamsersinha Ann Phoenix and more on bordering, racism, hostile environment\xe2\x80\xa6'"
958779422466891776,2018-01-31 19:10:02,"b'RT @bbkpsychosocial: ""No place for pleasure?"" Our former MSc student @EditorEmma on her research on reading for pleasure in secondary educa\xe2\x80\xa6'"
958779059651203072,2018-01-31 19:08:35,"b'RT @DerRami_: Followerpower: \nF\xc3\xbcr eine gefl\xc3\xbcchtete Familie, die jetzt endlich eine Wohnung hat, bin ich auf der Suche nach einem ausziehbar\xe2\x80\xa6'"
958612149538050048,2018-01-31 08:05:21,b'RT @ILPAimmigration: Skilled migrants protest against UK visa policies\n\nhttps://t.co/q7p2abRIWL'
958486265422368768,2018-01-30 23:45:08,b'@florianklenk @1roboter Ist \xc3\x96sterreich schon am Weg zu ungarischen Verh\xc3\xa4ltnisse was Medien- und Meinungsvielfalt betrifft? #AskingForAFriend'
958485384668876805,2018-01-30 23:41:38,b'RT @Der_Gregor: Wer schwingt hier die Nazikeule?\n\nDirk Sterman - https://t.co/fnZ5GDCNn8\n#fp\xc3\xb6 #SchwarzBlau #Rechtsextremismus #neonazismus\xe2\x80\xa6'
958474339975909376,2018-01-30 22:57:44,b'RT @BirgitHebein: Wir haben ein Problem! https://t.co/CZZXmqpgQj'
958442531515138048,2018-01-30 20:51:21,"b'RT @nicole_schoen: Nur noch zum Abfeiern, wie die FP\xc3\x96 mitsamt ihrer Schmutzmedien \xc3\xbcbelst gegen Journalistinnen hetzen kann und niemanden, d\xe2\x80\xa6'"
958441425229795328,2018-01-30 20:46:57,"b'RT @MaraiLarasi: This is one not to be missed! Dr Akima Thomas...this Sistah is wise, brilliant, funny and courageous. \xf0\x9f\x96\xa4 So grateful that s\xe2\x80\xa6'"
956673621338083328,2018-01-25 23:42:20,"b'RT @SaskiaSassen: Corporate capture of housing..  @leilanifarha UN raporteur on housing...""In Melbourne, Apple took over part of Federation\xe2\x80\xa6'"
956672912299298816,2018-01-25 23:39:31,b'RT @JustinKadi: Wien: Auffallend markante Segregation nach Bildungsstand #Wien #Stadtentwicklung https://t.co/AXQhkiODPL'
956506375663874048,2018-01-25 12:37:45,"b""RT @bbkpsychosocial: Sociology Annual Lecture Gail Lewis: \xe2\x80\x98Once more with my Sistren: Considering Black Feminism' , @SociologyGold 27 Feb h\xe2\x80\xa6"""
956257091353751552,2018-01-24 20:07:11,"b'The possibility to ignore issues of #gender &amp; race, #racism &amp; gendered violence is often an indicator for the fact\xe2\x80\xa6 https://t.co/kAILhUeJJT'"
955693896075481088,2018-01-23 06:49:15,b'RT @florianaigner: Konsequenz des Impfgegner-Wahnsinns: Masern wurden nun offenbar aus Deutschland nach Guatemala eingeschleppt. (Gab es do\xe2\x80\xa6'
955546417543729152,2018-01-22 21:03:13,"b'RT @FWF_at: Wir haben mit Politikwissenschafter @laurenzennser \xc3\xbcber direkte Demokratie, Wahlverhalten und Forschungspolitik gesprochen http\xe2\x80\xa6'"
955356356361510912,2018-01-22 08:27:59,"b""RT @SPeterWade: I just uploaded 'Estudios afrodescendientes en Latinoam\xc3\xa9rica: racismo y mestizaje' to @academia! https://t.co/ov7IrZZuK6"""
955356189495320577,2018-01-22 08:27:19,"b'RT @yokoono: Every artwork deserves to be called art, when it has been made with the love of an artist.'"
955108155859628033,2018-01-21 16:01:44,b'RT @bbkpsychosocial: The amazing Gail Lewis is giving the @SociologyGold Sociology Annual Lecture next week on black feminism https://t.co/\xe2\x80\xa6'
954786880683462661,2018-01-20 18:45:06,"b'RT @mpeters001: Weinstein, sexual predation, and \xe2\x80\x98Rape Culture\xe2\x80\x99: Public pedagogies and Hashtag Internet activism https://t.co/3rv1WQ9R2u'"
954778579526672384,2018-01-20 18:12:06,"b'RT @pollak_politics: ""FP\xc3\x96-Spitzenkandidat warb f\xc3\xbcr NS-Lieder"", schreiben diverse Medien.\nHier das Bild dazu, erschienen in der neonazinahen\xe2\x80\xa6'"
954438048024023042,2018-01-19 19:38:57,"b""RT @saskiastachow: Beyond the usual scandalizations: Vedran Dzihic @InfoOiip analyzes the Austrian right's relationship with Bosnian Serbs\xe2\x80\xa6"""
954389207346241536,2018-01-19 16:24:53,b'@YvonneWidler Dieser Penetrationssprech ist ein Wahnsinn (und entlarvend!)'
954384432114388993,2018-01-19 16:05:54,b'RT @marteimer: 17-j\xc3\xa4hriger Syrer hat Beziehung mit 14-j\xc3\xa4hrigem M\xc3\xa4chen: BILD rastet  tagelang aus\n\n46-j\xc3\xa4hriger Deutscher hat Beziehung mit s\xe2\x80\xa6'
954278116830130176,2018-01-19 09:03:27,"b'RT @Race_Class: What is Islamophobia? Racism, social movements and the state. Read \nShereen Fernandez\xe2\x80\x99s review here: https://t.co/L4pKW1Vxs\xe2\x80\xa6'"
953769243316772865,2018-01-17 23:21:22,b'RT @yokoono: I like to save my energy for dreaming.'
953638347389489153,2018-01-17 14:41:14,b'RT @bengidley: Really looking forward to reading this by @Anamik1977! https://t.co/GuV6dFdgNh https://t.co/ORFtANXC7N'
953312604562317312,2018-01-16 17:06:51,"b'@tinaheidinger Ich nutze car2go und \xc3\xa4hnliches. Selten, aber doch auch mal ein Taxi... Kommt insgesamt sicher billig\xe2\x80\xa6 https://t.co/SfGkIDlOGh'"
953245110279557120,2018-01-16 12:38:39,"b'RT @mpeters001: Michael A. Peters, Manifesto for the postcolonial university@http://www.tandfonline.com/doi/full/10.1080/00131857.2017.1388\xe2\x80\xa6'"
952622101755768833,2018-01-14 19:23:02,"b'RT @PadraigBelton: If tea spread to your country by sea, you call it \xe2\x80\x98tea\xe2\x80\x99. If by land, you call it chai.\n(*This is because the ports of Fu\xe2\x80\xa6'"
952343896117268481,2018-01-14 00:57:33,"b'RT @SolautSonja: #Hofer meint, #Kickl sei Philosoph.\nIch inskribier jetzt Medizin, dann bin ich \xc3\x84rztin.'"
952118532145385472,2018-01-13 10:02:02,"b'@erzengal @karcsi3000 @KURIERat @SP_Wien Naja, ob der Umgang mit Mitmenschen bei dem Verhalten hier wirklich nahege\xe2\x80\xa6 https://t.co/rE80pyv3SO'"
952117505815916545,2018-01-13 09:57:57,b'RT @vanderbellen: Ein verantwortungsvoller Umgang mit Sprache ist essentiell f\xc3\xbcr unsere Demokratie. Bewusst oder unbedacht gew\xc3\xa4hlte Formuli\xe2\x80\xa6'
951973905652244480,2018-01-13 00:27:20,b'RT @AcademicDiary: Goldsmiths sociology graduate Kareem Shabazz doing great things with his music his album Born on the Street is so beauti\xe2\x80\xa6'
951973803676061697,2018-01-13 00:26:56,"b'RT @Joelle_Moret: ""The problem we\'re facing today, what we call a crisis, is because we invented \xe2\x80\x94 about 400 to 500 years ago \xe2\x80\x94 borders."" I\xe2\x80\xa6'"
951973437513326594,2018-01-13 00:25:28,"b""@karcsi3000 @erzengal @KURIERat @SP_Wien \xc3\x9cber den Hannovermarkt &amp; die Brigittenau herziehen, so weit kommt's noch!\xe2\x80\xa6 https://t.co/B2VU3quCNn"""
951964474205986816,2018-01-12 23:49:51,"b'RT @ismail_kupeli: 2018 bin ich auf jedenfall in: #Bochum, #Wien, #Mainz, #Berlin, #Hamburg, #Frankfurt a.M., #Leipzig, #Dresden, #Berlin,\xe2\x80\xa6'"
951228172523200512,2018-01-10 23:04:03,"b""RT @RunnymedeTrust: Runnymede's director @omaromalleykhan speaking this morning at @APPGAA / @Monitoracismevent 'Understanding Islamophobia\xe2\x80\xa6"""
950433835124129792,2018-01-08 18:27:39,"b'RT @EmmaWatson: Globally, violence against women and girls affects 1 in 3 women in their lifetime. #TimesUp https://t.co/55MnFKwKo3'"
950433765918150656,2018-01-08 18:27:22,b'@EmmaWatson @MaraiLarasi \xe2\x9d\xa4\xef\xb8\x8f \xe2\x9c\x8a#feminismisforeveryone #GoldenGlobes https://t.co/WtsFedbnq0'
950426146209968130,2018-01-08 17:57:05,b'RT @nandosigona: Peeling an onion: the \xe2\x80\x9crefugee crisis\xe2\x80\x9d from a historical perspective  by @leolucassen in @ERSjournal https://t.co/396FKw8U\xe2\x80\xa6'
950326349138415616,2018-01-08 11:20:32,"b""RT @PlutoPress: All of A. Sivanandan's writings for @Race_Class are available to download, let his legacy live on here: https://t.co/yTynR4\xe2\x80\xa6"""
950264153628921856,2018-01-08 07:13:23,"b'RT @KatQuat: Es begann mit dem Beitrag von Efgani D\xc3\xb6nmez in ""Info Direkt"". Und weitete sich aus zu einer umfassenden Recherche \xc3\xbcber Autoren\xe2\x80\xa6'"
949426902711881729,2018-01-05 23:46:27,"b'RT @TRammerstorfer: Erh\xc3\xa4lt der Wochenblick bis zu 850.000 Euro f\xc3\xbcr ""Auftragsrecherchen""?: https://t.co/HHAydNsAtu'"
949332643983822848,2018-01-05 17:31:54,"b""RT @b_mcgeever: Stuart Hall's heavily annotated copy of A. Sivanandan's classic 1985 essay 'RAT and the Degradation of Black Struggle'. Hal\xe2\x80\xa6"""
948977013922070533,2018-01-04 17:58:45,"b""RT @jana_bacevic: You couldn't make it up https://t.co/CjQr3RryXJ"""
948974201796427778,2018-01-04 17:47:35,b'#AsianDubFoundation sampling post colonial activist and scholar A. Sivanandan on their track The Colour Line. He wi\xe2\x80\xa6 https://t.co/clXJ1SBPyY'
948972665393557507,2018-01-04 17:41:29,"b'RT @PukkahPunjabi: Deeply saddened to hear of the death of A. Sivanandan, director of the Instiute of Race Relations and editor of Race &amp; C\xe2\x80\xa6'"
948327993813893120,2018-01-02 22:59:47,"b'RT @DerRami_: Wie fragil muss dieses imaginierte ""christliche Abendland"" sein, wenn ein Neujahrsbaby mit muslimischen Eltern es derart bedr\xe2\x80\xa6'"
947823381600260096,2018-01-01 13:34:38,b'RT @MartinThuer: Das ist richtig toll gemacht. Wie alt sind Grenzen? https://t.co/3Fz2be6Y0s'
947536660593508357,2017-12-31 18:35:18,b'RT @b_mcgeever: 2017 was the 100th anniversary of the Russian Revolution. At Birkbeck we ran 14 public lectures on the history of the revol\xe2\x80\xa6'
947195534544199680,2017-12-30 19:59:48,"b'RT @DrMichaelHein: ""Fr\xc3\xbcher sprach im Fernsehen G\xc3\xbcnter #Gaus mit Hannah #Arendt, heute spricht Anne Will mit Howard Carpendale"". Ein 1964 ei\xe2\x80\xa6'"
947089000250126338,2017-12-30 12:56:28,b'@ArminWolf Na hoffentlich ist jetzt nicht die selbe Doppelg\xc3\xa4ngerin zur 3.NR Pr\xc3\xa4sidentin gew\xc3\xa4hlt worden. Die w\xc3\xa4re da\xe2\x80\xa6 https://t.co/jlaSlpLE4m'
947087305478729728,2017-12-30 12:49:44,"b'RT @ArminWolf: Die 3. Nationalratspr\xc3\xa4sidentin hat eine Doppelg\xc3\xa4ngerin, die Gottfried K\xc3\xbcssen getroffen hat: https://t.co/UR5X0vQRTT'"
946881272923729922,2017-12-29 23:11:02,b'RT @laurenzennser: BLOG: Ministerkabinette sind das Einfallstor f\xc3\xbcr eine politisierte Verwaltung https://t.co/INv4GiuP9F via @politikstanda\xe2\x80\xa6'
946522499965218818,2017-12-28 23:25:24,b'RT @TheVoiceNews: British #reggae legend Dennis Bovell (@DubMaestro1) receives honorary fellowship: https://t.co/zIgN5ucpiB https://t.co/GS\xe2\x80\xa6'
946522290682023936,2017-12-28 23:24:34,"b'RT @kehinde_andrews: \xe2\x80\x9cIn Britain we tend to underestimate the importance of the symbols of nation,\xe2\x80\x9d Some of my comments for this piece in t\xe2\x80\xa6'"
946400054155366400,2017-12-28 15:18:50,b'RT @ECPR: Postdoctoral Position in #PoliticalScience specialising in #ComparativePolitics and/or #InternationalRelations at Lund University\xe2\x80\xa6'
946294002739044353,2017-12-28 08:17:26,"b'RT @GoldsmithsUoL: ""This demonstrates how the media likes diversity when it helps to sell products, but when anyone actually attempts to di\xe2\x80\xa6'"
946155129706774534,2017-12-27 23:05:36,"b'RT @nicole_schoen: ""Licht ins Dunkel gut eingesessen, aber nicht zeitgem\xc3\xa4\xc3\x9f: Menschen mit Behinderungen, die im Dunkeln sitzen, auf die lich\xe2\x80\xa6'"
946153326172876800,2017-12-27 22:58:26,b'RT @AxelMaier1: Weihnachten 2017. https://t.co/UoqGG3Dp4y'
945939564924952576,2017-12-27 08:49:01,"b'RT @Race_Class: Anti-semitism in Poland, yesterday and today by Piotr Zuk. Free access here: https://t.co/UoIEkRmTpD'"
945933497344188416,2017-12-27 08:24:55,b'RT @Race_Class: January 2017 issue of Race &amp; Class: Flying the flag for neoliberalism by Liz Fekete. Download for free here: https://t.co/J\xe2\x80\xa6'
945592567185510400,2017-12-26 09:50:10,"b'Today, we should remind ourselves, that we can not afford not to #love. When loving and caring seem exceptional hum\xe2\x80\xa6 https://t.co/r7BYuj7ws7'"
945575450126012416,2017-12-26 08:42:09,"b""RT @feministabulous: The president won't apologize to women so I did it for him. https://t.co/Y4GGnWu4FU"""
945241590821523457,2017-12-25 10:35:31,"b'RT @GebMoped: Facebook hat unsere Meldung ""Asyl-Chaos in Bethlehem"" gel\xc3\xb6scht, weil sie nicht den Gemeinschaftsstandards entspricht. Recht h\xe2\x80\xa6'"
944884135872647169,2017-12-24 10:55:07,"b'RT @florianklenk: Herbert Kickl w\xc3\xbcnscht mit dieser netten Karte ein Frohes Fest. Wer ist sein neuer Kommunikationschef im Innenministerium,\xe2\x80\xa6'"
944207878193336320,2017-12-22 14:07:55,b'Mending a world out of joint. #mendpiece #21erhaus @yokoono https://t.co/lDO3YuWCvS'
943954519536361473,2017-12-21 21:21:09,"b""RT @BirkbeckNews: #BirkbeckVoices podcast: Birkbeck's #BBKCompassProject is a ground-breaking initiative that is driven to improving access\xe2\x80\xa6"""
943768892303867905,2017-12-21 09:03:32,"b'RT @wlanger: Alleinerzieherinnen haben in \xc3\x96sterreich das gr\xc3\xb6\xc3\x9fte Risiko, in Armut zu leben. Nach diesem Beitrag in #ORFthema bekamen wir bis\xe2\x80\xa6'"
943767238426943488,2017-12-21 08:56:58,"b'RT @barbaratoth: Meine Eltern flohen 1969 aus der CSSR nach \xc3\x96sterreich. Wenn man ihnen in traiskirchen das Bargeld, ihr Adressbuch,  Fotoal\xe2\x80\xa6'"
943543936085385217,2017-12-20 18:09:39,b'RT @sarahas_san: Kurze Unterbrechung meiner Twitter-Pause f\xc3\xbcr eine Herzensangelegenheit: Olivia ist mit 15 Jahren aus Nigeria geflohen und\xe2\x80\xa6'
943538277310783494,2017-12-20 17:47:10,"b'RT @RaimundLoew: \xc3\x96sterreich hat die Fl\xc3\xbcchtlingswelle verkraftet, genauso wie D. Aber jetzt will eines der reichsten L\xc3\xa4nder der Welt die Gre\xe2\x80\xa6'"
943537730042126341,2017-12-20 17:44:59,"b'RT @pollak_politics: Hatte heute kurzes Gespr\xc3\xa4ch mit FP\xc3\x96-Innenminister Herbert Kickl. Im Vorbeigehen rief er mir zu: ""Bleiben Sie wachsam,\xe2\x80\xa6'"
943460295716102144,2017-12-20 12:37:17,"b'RT @stefansengl: Bin bis jetzt noch keinem \xc3\x96VPler begegnet, der das nicht f\xc3\xbcr einen Fehler gehalten h\xc3\xa4tte. Das wird noch ein ordentliches P\xe2\x80\xa6'"
943252408309833728,2017-12-19 22:51:13,"b'RT @DerRami_: Wenn dich eine Bande von Neo-Nazis lobt, dann wei\xc3\x9ft du, wo du im politischen Spektrum zu verorten bist. Unpackbar traurig ist\xe2\x80\xa6'"
943245553361653760,2017-12-19 22:23:59,"b'RT @StSchulmeister: @sebastiankurz Das ist nicht m\xc3\xb6glich: Ca. 40% verdienen weniger als 1.342, bezahlen keinen ALVB und k\xc3\xb6nnen daher nicht\xe2\x80\xa6'"
942682049038692352,2017-12-18 09:04:49,"b'RT @DerRami_: Was uns bl\xc3\xbcht, wenn Arschl\xc3\xb6cher &amp; Nazis sich wohl f\xc3\xbchlen. #schwarzblau https://t.co/5vcDNR3pH4'"
942509869558583296,2017-12-17 21:40:38,b'RT @bengidley: Amsterdam-based Postdocs and PhDs to work on urban diversity and xenophobia: https://t.co/M3oRLoelq4'
941208902271668224,2017-12-14 07:31:03,b'RT @ClaudiaZettel: Unglaublich starker und beklemmender Text von Salma Hayek \xc3\xbcber Harvey Weinstein und ihre Erfahrungen mit ihm. #metoo htt\xe2\x80\xa6'
941204185315463168,2017-12-14 07:12:19,"b""RT @ArminWolf: Wenn's so weiterl\xc3\xa4uft, wird die Bitcoin-Spekulaionsblase im Sommer 2019 so viel Strom verbrauchen wie die gesamten USA heute\xe2\x80\xa6"""
941011877609447424,2017-12-13 18:28:09,b'RT @bengidley: I love this photo from @BmruUK because:\n-I love LKJ\n-I used to live at the end of this road\n-I remember when London was full\xe2\x80\xa6'
940174075393200128,2017-12-11 10:59:01,"b'RT @bbkpsychosocial: There are lots of funded PhDs in @bbkpsychosocial for 2018 start.  For details of deadlines, read this: https://t.co/h\xe2\x80\xa6'"
939834407409586176,2017-12-10 12:29:18,b'RT @NinaHoraczek: Mein Vortrag wurde gezeichnet \xf0\x9f\x98\x80 https://t.co/RatyEyJieD'
939555531185905669,2017-12-09 18:01:09,"b'RT @BenHCarrington: Kareem Abdul-Jabbar: ""If you judge yourself by your enemies I\xe2\x80\x99m doing great. Trump knows he is where he is because of h\xe2\x80\xa6'"
939417782545977344,2017-12-09 08:53:47,b'RT @bene_weihmayr: Soziologe Wilhelm Heitmeyer \xc3\xbcber gruppenbezogene Menschenfeindlichkeit in der deutschen Gesellschaft und die AfD https:/\xe2\x80\xa6'
938700079162150912,2017-12-07 09:21:53,"b'RT @AyoCaesar: Wrote a piece for The Independent on class, race and multiculturalism. Check it here: https://t.co/f8KNfX02CH'"
938685388994039808,2017-12-07 08:23:31,"b'@b_mcgeever @bbkpsychosocial @AyoCaesar Glad to see that, as so often before, @bbkpsychosocial dares to cross the ""\xe2\x80\xa6 https://t.co/0jepJ8H7VK'"
938683254244282370,2017-12-07 08:15:02,"b'RT @b_mcgeever: ""When it comes to racism, antisemitism and Islamophobia, we need to think about shared histories and shared historical expe\xe2\x80\xa6'"
938334780365688833,2017-12-06 09:10:19,b'@BIZEPS Aber wenigstens klingt die Entschuldigung ernst gemeint.'
938334434708869120,2017-12-06 09:08:57,"b'@BIZEPS ... das war wirklich sehr, sehr tief und - ich kann gar nicht aufz\xc3\xa4hlen auf wie vielen Ebenen - verletzend\xe2\x80\xa6 https://t.co/OaPrbYrFSr'"
938318710116372481,2017-12-06 08:06:28,b'RT @tinaheidinger: Ich feier den Hashtag \xf0\x9f\x98\x82 #bumbasti https://t.co/FojEJeC94z'
937464104008241152,2017-12-03 23:30:34,b'RT @sbeigl: Kurz macht den Fayman und kauft sich (rechts) 1 Seite redaktionelle Berichterstattung (links). https://t.co/8kIihC3p06'
937463443963162624,2017-12-03 23:27:56,b'RT @mariannethyssen: Enabling people with disabilities to participate fully in society is one of the major societal challenges we face - th\xe2\x80\xa6'
936253083931340800,2017-11-30 15:18:24,"b'RT @bbkpsychosocial: New chapter:\nThe Shared Story of Europe\xe2\x80\x99s Ideas of the Muslim &amp; Jew\xe2\x80\x94A Diachronic Framework, @bengidley &amp; @RentonJE htt\xe2\x80\xa6'"
936237912366206976,2017-11-30 14:18:07,"b'RT @Race_Class: London event 4th Dec: To mark publication of new IRR report, Humanitarianism: the unacceptable face of solidarity, speakers\xe2\x80\xa6'"
935919019248574464,2017-11-29 17:10:57,"b""RT @BirkbeckNews: #BirkbeckVoices podcast: Birkbeck's #BBKCompassProject is a ground-breaking initiative that is driven to improving access\xe2\x80\xa6"""
935818822807949312,2017-11-29 10:32:48,b'RT @FitzGeraldUCSD: Read the 1st rejection letter for what became the second most cited paper in American sociology - Granovetter\xe2\x80\x99s \xe2\x80\x9cStreng\xe2\x80\xa6'
935504328143630336,2017-11-28 13:43:07,"b'RT @RaimundLoew: Wichtige Geste nach schockierenden CNN-Sklavenmarkt- Bildern: Ruanda bietet 30000 Migranten, die in Libyen festsitzen, Auf\xe2\x80\xa6'"
935417353726242816,2017-11-28 07:57:30,b'RT @MigObs: Always interesting to see our data in action: Prince Harry can bring over his foreign spouse to the UK - unlike a third of Brit\xe2\x80\xa6'
935175988010463232,2017-11-27 15:58:24,"b'RT @DerRami_: Zur abwechslung mal ein ausgeglichenes Podium zu einem frauenspezifischen Thema, mit Leuten vom ""Fach"". https://t.co/5G2frlkr\xe2\x80\xa6'"
934743803344379905,2017-11-26 11:21:04,b'RT @EukeFrank: Ich habe mir Gedanken zu \xc3\x96SV-Pr\xc3\xa4sident Peter Schr\xc3\xb6cksnadel gemacht... @WOMAN  https://t.co/c1aZgVu21i'
934559506813550593,2017-11-25 23:08:44,b'RT @edvulliamy: Never Forget. \n#MladicTrial https://t.co/wnkM3Q3TDR'
934558283515551744,2017-11-25 23:03:52,b'RT @bungatuffie: https://t.co/UsdKmzkrOr'
934557555979902976,2017-11-25 23:00:59,b'RT @LeilaHadjAbdou: Concerns about migration not linked to numbers of migrants #inex #2yearslater great Map by TARKI researchers Simonovits\xe2\x80\xa6'
934409114981228546,2017-11-25 13:11:08,"b'RT @aufstehnat: Schockierend: In der Gratiszeitung ""Heute"" werden AsylwerberInnen mit Krankheiten verglichen. Das ist kein verantwortungsvo\xe2\x80\xa6'"
934408494626869249,2017-11-25 13:08:40,b'RT @RablPeter: Andersrum. Man sollte diesem in einer so ernsten Problematik uns\xc3\xa4glich \xc3\xbcberforderten Pr\xc3\xa4sidenten h\xc3\xb6chstens einen Tag Zeit bi\xe2\x80\xa6'
934346621365735424,2017-11-25 09:02:48,b'Listening to a great talk by @LeilaHadjAbdou on narratives and EU policies legitimatising restricitve measures agai\xe2\x80\xa6 https://t.co/HAx4nI5LId'
933779016426967040,2017-11-23 19:27:20,"b'RT @univienna: Was ist Ihnen Demokratie wert, Saskia Stachowitsch? #uniview sprach mit der Politikwissenschafterin @saskiastachow \xc3\xbcber #Mil\xe2\x80\xa6'"
933253181970063360,2017-11-22 08:37:52,b'RT @bbkpsychosocial: Our amazing former student @MaraiLarasi (@Imkaan) talking about intersectionality at #EU4Women today https://t.co/eIb6\xe2\x80\xa6'
932551478094585856,2017-11-20 10:09:33,"b'Great, inspiring speech by philosopher Patricia #Purtschert at the #EuroLesbianCon on #feminism, #gender and\xe2\x80\xa6 https://t.co/bWJOQ3X1HT'"
932386407569674242,2017-11-19 23:13:37,"b'RT @mat_fal: Hier liegt @HBrandstaetter falsch. Begriff ""Heimatschutz"" hat eine lange Geschichte in \xc3\xb6sterreichischer Geschichte. Vor allem\xe2\x80\xa6'"
932383116681011201,2017-11-19 23:00:32,"b'RT @IRR_News: US empire under Trump: @ArunKundnani talks to journalist Anand Gopal &amp; filmmaker Madiha Tahir about US empire in Iraq, Syria,\xe2\x80\xa6'"
932181057046220800,2017-11-19 09:37:37,"b'RT @UNaue: See how people really live- Dollar Street Project, https://t.co/HheK8jkaOv'"
932024878529679360,2017-11-18 23:17:01,"b""RT @Race_Class: Free article: Refusing refuge by @FrancesWebber5, an important critique of Betts &amp; Collier's book on refugees. Read here: h\xe2\x80\xa6"""
932024674132922373,2017-11-18 23:16:13,"b""Theodor #Adorno's letter of recommendation for #AngelaDavis #sociology #philosophy #letterofrecommendation https://t.co/8CRtnm1Iup"""
931277249374048256,2017-11-16 21:46:13,b'RT @ERSjournal: NEW Memorializing mass deaths at the border: two cases from Canberra (Australia) and Lampedusa (Italy)  https://t.co/Zcfor1\xe2\x80\xa6'
929828205648891904,2017-11-12 21:48:14,b'RT @DerRami_: Wieso retweetet @neos_eu Abgeordneter @GLoacker der islamfeindliches Zitat? Au\xc3\x9ferdem war Autor der Biografie (s. Quelle) fran\xe2\x80\xa6'
929394589722664965,2017-11-11 17:05:12,b'RT @HHumorlos: Laut @facebook verst\xc3\xb6\xc3\x9ft das hier nicht gegen Communitiy Richtlinien. https://t.co/WljitPatqj'
928666186379923462,2017-11-09 16:50:47,b'Neuer Stil? Wohl eher ewiggestrig: FP\xc3\x96 applaudiert Kerns Erinnerung an Pogrome nicht - https://t.co/F4my5sIEqP'
928520726491082752,2017-11-09 07:12:46,"b'Wenn Menschen, insbes. gew\xc3\xa4hlte Politiker_innen, GEGEN Antirassismus und Antifaschismus, GEGEN Zivilcourage und Hum\xe2\x80\xa6 https://t.co/a30yhoPcUw'"
928512804944056320,2017-11-09 06:41:18,b'RT @TheSocReview: Critical Race Theory https://t.co/PHfMxvTGut https://t.co/TV1AjfCW7y'
928021860008198144,2017-11-07 22:10:27,"b'RT @stefansengl: Diese Grafik zeigt recht gut, welche Fl\xc3\xbcchtlinge die gr\xc3\xb6\xc3\x9fte Herausforderung f\xc3\xbcr Europa sind. http://t.co/mq33pAmSbz'"
927682950224900097,2017-11-06 23:43:45,b'@HHumorlos @sigi_maurer @heinischhosek danke f\xc3\xbcrs Durchstehen... \xe2\x9c\x8a #procontra'
927675642061213698,2017-11-06 23:14:43,"b'RT @VickySpielfrau: So lange es solche Diskussionen gibt, wird es erbitterten feministischen Widerstand geben m\xc3\xbcssen. #procontra #metoo'"
927671183973249025,2017-11-06 22:57:00,"b'Zum Fremdsch\xc3\xa4men. Proll, Mucha, Tomanek. Inhaltlich im Keller + Diskussionenstil zum Kotzen #procontra #\xc3\xb6sterreichischeKeller'"
927667083890122752,2017-11-06 22:40:42,b'RT @ClarAkinyosoye: Ein m\xc3\xa4nnlicher Feminist w\xc3\xbcrde der Runde gut tun. Die anwesenden Herren repr\xc3\xa4sentieren den modernen Mann gerade nicht. #\xe2\x80\xa6'
927591845361799168,2017-11-06 17:41:44,"b""RT @bivanderdal: Are dual citizens fully 'nationals' of both, neither or one country of citizenship? Intersections of #nation, #citizenship\xe2\x80\xa6"""
927072325819871232,2017-11-05 07:17:21,"b'RT @rayway82: #Pilz glaubt Vorw\xc3\xbcrfe erst, wenn ihm 1 anderer Mann versichert, dass sie stattgefunden haben... #nuffsaid'"
926513139658690560,2017-11-03 18:15:20,"b'RT @CBCPolitics: .@justintrudeau on Austria\'s new (and young) leader: ""I disagree with him even more than I think I disagree with President\xe2\x80\xa6'"
926513017466032128,2017-11-03 18:14:51,b'RT @Aaaqilah: Interview with Angela Davis on the futures of black radicalisms | https://t.co/WeD6M1WcNU'
926512701874036736,2017-11-03 18:13:36,"b'RT @bbkpsychosocial: New chapter:\nMainstreaming in practice: street-level bureaucrats address diversity, @bengidley et al https://t.co/ccoQ\xe2\x80\xa6'"
926185260659957761,2017-11-02 20:32:28,b'RT @ERSjournal: What do white parents say to their children about Ferguson? New research from @Soc_Seeker provides insight. https://t.co/OD\xe2\x80\xa6'
926098216499798017,2017-11-02 14:46:35,"b'RT @HHumorlos: 2014: ""Wir haben zu wenig Willkommenskultur.""\n2015: ""Es braucht ein Ende der Einladungspolitik."" \nhttps://t.co/pVYlhnY3eJ'"
925861399124946944,2017-11-01 23:05:33,"b'RT @Gawhary: 3 Jahre Knast f\xc3\xbcr Moderatorin #\xc3\x84gypten, weil sie in ihrer Show diskutiert hat, dass Frauen Kinder alleine ohne Vater gro\xc3\x9fziehe\xe2\x80\xa6'"
925333529533276160,2017-10-31 12:07:59,"b'RT @OliverScheiber1: Man kann in \xc3\x96 Texte mit \xe2\x80\x9eHeil Deutsche Burschenschaft"" unterzeichnen und gleichzeitig Gespr\xc3\xa4chspartner in Regierungsve\xe2\x80\xa6'"
925134662116225024,2017-10-30 22:57:46,"b""RT @hrtbps: I wonder why colonialism fan Hannan doesn't mention how many tens of millions of Indians died of famine under British rule. htt\xe2\x80\xa6"""
924782011918835712,2017-10-29 23:36:27,b'RT @BIZEPS: Beliebtester Artikel der letzten  Woche: Assistenzzeit ist Lebenszeit https://t.co/aVDzeC8hqI'
924781669856501762,2017-10-29 23:35:06,b'RT @bengidley: My first ever opinion piece in @haaretzcom https://t.co/eXBWmDj0IX'
923979253439516672,2017-10-27 18:26:35,"b'RT @kehinde_andrews: Audience with Linton Kwesi Johnson, 2nd Nov 6.30-8.30 @MyBCU Part of Black Education for Liberation. FREE tickets at h\xe2\x80\xa6'"
923806146284093442,2017-10-27 06:58:43,"b'RT @ArminWolf: Ganz simple Regel zur Orientierung: Wenn dir in einer Sexismus-Debatte Felix Baumgartner applaudiert, liegst du falsch.\nStim\xe2\x80\xa6'"
923095825030492161,2017-10-25 07:56:09,"b'RT @Joelle_Moret: Very nice contributions by lawyers, psychologists, demographs and economists on the integration of refugees in Switzerlan\xe2\x80\xa6'"
922825622644240384,2017-10-24 14:02:28,"b'RT @bbkpsychosocial: Call for papers: the social life of time, Edinburgh June 2018 via @kingsartshums  \n https://t.co/11gAMKQNsA'"
922112694035144705,2017-10-22 14:49:32,"b'RT @ClaudiaZettel: Frauen, seid lauter, wehrt euch!\n\nFrau wehrt sich.\n\nWieso diese Anschuldigungen? Wieso jetzt? Der hats nicht so gemeint.'"
921724262737727488,2017-10-21 13:06:03,b'What is this #Sweater trying to tell me??? #philosophy #commodification #confusion #naketano https://t.co/4fAFx4DE3o'
921680162088943617,2017-10-21 10:10:49,"b'RT @BenHCarrington: John Kelly, answering a question as to why U.S. Special Forces are in Niger: We are in Africa to ""teach them how to res\xe2\x80\xa6'"
921645160919953408,2017-10-21 07:51:44,"b'RT @pollak_politics: Hab Sebastian Kurz heut an seine Aussage erinnert, wonach er Extremismus ablehnt. Dann darf er keine Extremisten in Re\xe2\x80\xa6'"
921342300105605120,2017-10-20 11:48:16,"b'RT @bbkpsychosocial: Race and the Cultural Industries, by our former teaching colleague @Anamik1977 \nhttps://t.co/BM00TNsyjE https://t.co/u\xe2\x80\xa6'"
921256533966630917,2017-10-20 06:07:28,b'RT @BIZEPS: Assistenzzeit ist Lebenszeit https://t.co/aVDzeCpSPi'
921144877890658304,2017-10-19 22:43:47,"b'RT @NITV: ""We teach five languages across the school, from preschool right up to the senior years"" report by @EllianaLawford https://t.co/G\xe2\x80\xa6'"
921046497973719040,2017-10-19 16:12:51,"b'@DerRami_ heute im 3.bez. t\xc3\xbcrk. Vereinslokal: ""Moslems raus"" auf die Wand gesprayt. Gab\'s fr\xc3\xbcher auch, klar. Aber Z\xe2\x80\xa6 https://t.co/P7uUWtHnfo'"
921044979866374144,2017-10-19 16:06:50,b'@DerRami_ Die Fr\xc3\xbcchte des #feschismus? Der #Falter allein holt uns da sicher nicht raus... #noracism'
920994877583872000,2017-10-19 12:47:44,b'RT @bbkpsychosocial: Veiled threats - Representing the Muslim woman in public policy discourses \nBy our alumna @naazrashid  https://t.co/ZG\xe2\x80\xa6'
920994246894739457,2017-10-19 12:45:14,"b""RT @ERSjournal: Read Karim Murji's @km49 review of Racial theories in social science: a systemic racism critique https://t.co/zfArsgLbbY @E\xe2\x80\xa6"""
920726594326597633,2017-10-18 19:01:41,"b'#Feschismus, ein Wort, das den \xc3\xb6sterreichischen Sprachgebrauch der n\xc3\xa4chsten Jahre pr\xc3\xa4gen wird? #kurz #falter #nrw17 https://t.co/TIfcF2npA6'"
920726204780511233,2017-10-18 19:00:08,b'RT @TheSocReview: Trump Disrupts the Valley https://t.co/06boZAiEj2 https://t.co/PGeFdygyVM'
920725462464245760,2017-10-18 18:57:11,"b'RT @pollak_politics: Van der Bellen hat heute Strache empfangen. \nIch zuvor auch, aber ein bisschen anders. https://t.co/mQZ0mltzc2'"
920714734986555397,2017-10-18 18:14:33,"b'RT @dorabinovici: So schnell wird ein Jude heute wieder als Brunnenvergifter diffamiert. Das ist die Stimmung heute, drei Tage nach dieser\xe2\x80\xa6'"
920606284419862530,2017-10-18 11:03:36,b'@OliverScheiber1 @mauerfallkind ob der wohl auch vom #Jeann\xc3\xa9e war?'
920605600509198337,2017-10-18 11:00:53,"b'RT @Joelle_Moret: Workshop on politics and precarities in academia: anthropological perspectives, 16-17 November 2017, Bern, https://t.co/P\xe2\x80\xa6'"
919639194007416837,2017-10-15 19:00:44,b'RT @a_nnaschneider: das ist doch gest\xc3\xb6rt. #nrw17 https://t.co/gCskP5GgOs'
919262751599493121,2017-10-14 18:04:53,"b'RT @ArminWolf: Das ist das seltsamste Interview, das ich je \xc3\xbcber das Zustandekommen einer wissenschaftlichen Studie gelesen habe: https://t\xe2\x80\xa6'"
918760946595745792,2017-10-13 08:50:54,"b""RT @arunghosh: Alrighty, it's finally here! New album! PRE-ORDER on bandcamp now :-) #butwhereareyoureallyfrom https://t.co/AgDHngnCnX"""
918758610884354048,2017-10-13 08:41:37,"b'RT @FluffSociety: ""The Oregon Zoo staff took the elephant around the zoo, she liked sea lions the best!"" https://t.co/RPbIaKPuP2'"
918757325997068289,2017-10-13 08:36:30,"b""Learning from #JamesBaldwin: Don't have hope, but be hope (for others). #noracism #nofascism #nopasaran https://t.co/Sq0O5UX31I"""
918573183376154624,2017-10-12 20:24:47,b'RT @TheSocReview: Post-truth is a Feminist Issue https://t.co/OZyCqvwjdW https://t.co/AvnsgLKGSv'
918571434221408256,2017-10-12 20:17:50,"b'RT @lawrencehurley: American Sociological Association sends letter to chief justice after his ""gobbledygook"" jab last week during redistric\xe2\x80\xa6'"
918566068758736897,2017-10-12 19:56:31,"b'... man wei\xc3\x9f gar nicht mehr, wor\xc3\xbcber man zuerst tweeten soll #theworldisoutofjoint :-( https://t.co/zV118xQTOi'"
918565196767072257,2017-10-12 19:53:03,b'W\xc3\xa4re ein close-up von Abgeordneten Jarner (online live-stream) w\xc3\xa4hrend ihrer Rede nicht besser verst\xc3\xa4ndlich? @OeParl'
918562600262266888,2017-10-12 19:42:44,b'Diskussion jetzt im Nationalrat live: Verbesserte berufliche Inklusion von Menschen mit Behinderungen:\xe2\x80\xa6 https://t.co/NDWgdbtvoR'
918436345349013504,2017-10-12 11:21:03,"b""RT @bbkpsychosocial: From yesterday: @bengidley &amp; @b_mcgeever on Ben &amp; @RentonJE's new @PalgraveHistory book at @PearsInstitute. Pic: @ltor\xe2\x80\xa6"""
918359794955771904,2017-10-12 06:16:52,"b""RT @gettleman: I've covered conflict for 20 yrs. During this story, I called my wife &amp; said: I just had worst interview of my life. https:/\xe2\x80\xa6"""
918184570922692612,2017-10-11 18:40:35,"b'RT @univienna: Kein Aufenthaltstitel, Abschiebung unm\xc3\xb6glich? @FWF_at Projekt von S. Rosenberger &amp; I. Ata\xc3\xa7 zum ""Deportation-Gap"" https://t.c\xe2\x80\xa6'"
917857444025520128,2017-10-10 21:00:42,b'Cooles Projekt von (und mit!) tollen Menschen! https://t.co/F6TY3ULs4x Zusammen mentale Barrieren in Bezug auf Behinderung abbauen! #bizeps'
917513618090020864,2017-10-09 22:14:27,"b""RT @RunnymedeTrust: 'Race Disparity Audit Website To Reveal How Britain Is Divided On Ethnic Lines' - @HuffPostUK Runnymede mentioned https\xe2\x80\xa6"""
917489203092615168,2017-10-09 20:37:26,b'RT @BirkbeckNews: Birkbeck to partner in major new digitising heritage assets project - Layers of London: mapping the city\xe2\x80\x99s heritage https\xe2\x80\xa6'
917486916269957125,2017-10-09 20:28:21,"b'RT @ArminWolf: Peter Pilz ""will \xc3\x96. Silberstein-frei machen"".\nIch glaube, daf\xc3\xbcr w\xc3\xbcrde sich sogar S. Petzner (""K\xc3\xa4rnten wird tschetschenenfrei\xe2\x80\xa6'"
917485205581189121,2017-10-09 20:21:33,"b'RT @openculture: ""This Machine Kills Fascists"" is a message that Woody Guthrie placed on his guitar in 1941 https://t.co/vxvnuwiT5Y https:/\xe2\x80\xa6'"
917484784988848128,2017-10-09 20:19:53,b'RT @BPrainsack: If you missed it: What if Platforms Like Facebook Are Too Big to Regulate? https://t.co/XodiJpyUwZ https://t.co/J7Axps2kkP'
917484505589583875,2017-10-09 20:18:46,"b""RT @LSEpoliticsblog: We can't go on pretending that poverty is solved by getting a job https://t.co/2AyFqPxLCF"""
917146369240035328,2017-10-08 21:55:08,"b'RT @nytimes: An NYT reader reacts to an article about Richard Spencer and white nationalists returning to Charlottesville, Va. https://t.co\xe2\x80\xa6'"
917136071342936064,2017-10-08 21:14:13,b'RT @hoelschmichel: Das @burgtheater hat ein #Wahlprogramm! #nrw17 #Wien https://t.co/9UYtUhzULg'
917083138999967745,2017-10-08 17:43:53,"b'RT @FSteinin: In Estland, das Kurz grad als Bsp f\xc3\xbcr K\xc3\xbcrzungen nennt, ist jede f\xc3\xbcnfte Familie armutsgef\xc3\xa4hrdet. #pressestunde'"
916717679368638464,2017-10-07 17:31:41,b'RT @Aaaqilah: FBI names \xe2\x80\x98black identity extremists\xe2\x80\x99 as new U.S domestic terror threat | https://t.co/bnbjeuwNYW'
916375532379533312,2017-10-06 18:52:07,"b'@kuebra @JamieAfua #ToniMorrison: ""The very serious function of racism is distraction. It keeps you from doing your\xe2\x80\xa6 https://t.co/NCIqZih1IB'"
916374758228484101,2017-10-06 18:49:02,"b'RT @kuebra: Wichtiger Text von @JamieAfua. ""Vielfalt ist Widerstand"" https://t.co/Vt0nNKxBVN https://t.co/5MnqF0bpTf'"
916373786739527682,2017-10-06 18:45:10,b'Winter (term) is coming #univienna #ziduniwien #winteriscoming #GameofThrones7  #easteregg https://t.co/LnjvF1IgiY'
916290375853264897,2017-10-06 13:13:44,b'RT @bungatuffie: why you should fear a smartphone dystopia https://t.co/4643DXm9Pa'
916065197470769152,2017-10-05 22:18:57,"b""Those days, when your golden eacalator gets stuck and everybody's watching #priceless #FirstWorldProblems\xe2\x80\xa6 https://t.co/1YoEP6AB58"""
916017602820001797,2017-10-05 19:09:49,"b'@neos_eu Wer so argumentiert, selektiert sein ""informiertes Publikum"" auch schon an der T\xc3\xbcr  #nrw17\xe2\x80\xa6 https://t.co/yxumPE0F6X'"
916012384287809537,2017-10-05 18:49:05,"b""#kurz meint wohl klare Standpunkte braucht's hier nicht. Ich denke doch! @BIZEPS #nrw17 https://t.co/7i8tI4jLj7 via @politikstandard"""
916004814256996353,2017-10-05 18:19:00,"b'RT @Aaaqilah: Andrea Major\xe2\x80\x99s \xe2\x80\x98Slavery, Abolitionism and Empire in India\xe2\x80\x99 is definitely worth reading.'"
915976560561278976,2017-10-05 16:26:44,b'RT @Race_Class: The October issue of Race &amp; Class has arrived from the printers and will be available soon @ANaomiPaik https://t.co/r043OJI\xe2\x80\xa6'
915466787738746882,2017-10-04 06:41:05,"b""@EmirDiz @oe1journale Ja, d\xc3\xbcrfen s' den des? Wo komm ma denn da hin... Fragen dr\xc3\xa4ngen sich auf: wo war Silberstein?\xe2\x80\xa6 https://t.co/x6VlMydnNU"""
914604321777561600,2017-10-01 21:33:57,"b'RT @AdamBienkov: Theresa May says Labour would cause a run on the pound.\n\nMarr: ""What\'s happened to the pound under your watch?\n\nMay: ""Um..\xe2\x80\xa6'"
914604139669311489,2017-10-01 21:33:14,b'RT @lou_lorenz: In \xc3\x96sterreich tritt heute das Vermummungsverbot in Kraft.\nIn Deutschland die Ehe f\xc3\xbcr alle.'
914499875999494145,2017-10-01 14:38:55,b'RT @PlutoPress: Does Marxism prioritise class over gender? Tithi Bhattacharrya on social reproduction theory https://t.co/ALVq8koj0h https:\xe2\x80\xa6'
914082296839462912,2017-09-30 10:59:37,b'Boris Johnson caught on camera reciting Kipling in Myanmar temple https://t.co/Xo3w2rl7kX'
914026390764302336,2017-09-30 07:17:28,b'RT @IndigenousAusRR: Indigenous groups renew call for target to reduce incarceration https://t.co/jvL7wkNeKx https://t.co/SwMR9VkjOL'
913767920555188224,2017-09-29 14:10:23,"b'RT @haraldwalser: So sprach Peter Filzmaier - versenkt, w\xc3\xbcrde ich meinen \xe2\x80\xa6 #ZiB2 https://t.co/5aCYsKc0TD'"
913468182916206592,2017-09-28 18:19:20,b'RT @ERSjournal: Nancy P. Appelbaum reviews  Becoming black political subjects by Tianna S. Paschel https://t.co/KZpNWqkwZ8 @PrincetonUPress\xe2\x80\xa6'
913401910786486272,2017-09-28 13:56:00,b'RT @Joelle_Moret: Passionnante No\xc3\xa9mi Michel sur la Suisse postcoloniale https://t.co/oohIrmqPS6'
913401226112520192,2017-09-28 13:53:17,"b""@bbkpsychosocial @Aaaqilah will be on my upcoming course's reading list for #undergrad students!\xe2\x80\xa6 https://t.co/J7rME1AFcn"""
913400158125281281,2017-09-28 13:49:02,"b'Found #DipeshChakrabarty\'s ""The Muddle of #Modernity"", engaging #academicProse challenging #Western notion of M, @bbkpsychosocial @Aaaqilah'"
913314342057185280,2017-09-28 08:08:02,b'@alunprice667 @spearofsolomon @peterboghossian https://t.co/Bg1GBqfJYc'
912790425307684864,2017-09-26 21:26:10,"b'RT @SportyByNature: He \xf0\x9f\x91\x8f\xf0\x9f\x8f\xbd called \xf0\x9f\x91\x8f\xf0\x9f\x8f\xbd everybody \xf0\x9f\x91\x8f\xf0\x9f\x8f\xbd out. ""I\'m even disappointed in one of my best friends, Ray Lewis""  https://t.co/ne8FJClvp9'"
912787938416742400,2017-09-26 21:16:17,"b'RT @Gawhary: Tweet d. Tages von Manal Al-Sharif, der saudischen Protest-Autofahrerin, die auch in meinem Buch ""Frauenpower auf Arabisch"" po\xe2\x80\xa6'"
912752479963615234,2017-09-26 18:55:24,b'RT @simoninou: Taking a knee and Trump: the new era of total protest | US news | The Guardian #TakeAKnee #TakeTheKnee  https://t.co/OnrUc4a\xe2\x80\xa6'
912050761500110850,2017-09-24 20:27:01,"b'RT @ClaudiaZettel: Nein, ein Fl\xc3\xbcchtling muss nichts vorher leisten, damit man ihm hilft. Er ist ein Fl\xc3\xbcchtling. #puls4'"
911373266358607875,2017-09-22 23:34:53,"b'@spearofsolomon @alunprice667 @peterboghossian Making ""the case for C"" isn\'t simply looking for anything good.It\'s\xe2\x80\xa6 https://t.co/fPOVavso2M'"
911271003933822976,2017-09-22 16:48:32,b'RT @bbkpsychosocial: The institutional as usual:\n\nThe amazing @SaraNAhmed is giving the  @CentreRaceLaw/@FLS_journal Lecture 6/10 https://t\xe2\x80\xa6'
911205977302667265,2017-09-22 12:30:09,b'RT @PlutoPress: A charge against Marxism is that it prioritises class over gender. Tithi Bhattacharrya on social reproduction: https://t.co\xe2\x80\xa6'
911179971401535488,2017-09-22 10:46:48,"b""@alunprice667 @spearofsolomon @peterboghossian Who said anything like this? I didn't. People argue for C TODAY. That's the issue here"""
911171912583319553,2017-09-22 10:14:47,b'@alunprice667 @spearofsolomon @peterboghossian Not erasing history would mean learning from people who suffered und\xe2\x80\xa6 https://t.co/F7zBaClT3d'
911166960100151296,2017-09-22 09:55:06,"b""@alunprice667 @spearofsolomon @peterboghossian It's easy. No good outcome legitmises *fill in rape, genocide, col e\xe2\x80\xa6 https://t.co/QNF7XN7stn"""
911126058002518016,2017-09-22 07:12:34,"b""Had a great time yesterday at #brick5 with @Clusterensemble and @philipglass 's #ChangingParts. Awesome piece, awesome ensemble"""
911123171507662849,2017-09-22 07:01:06,b'Ja eh... https://t.co/1xNsOcUwTk'
911122730279473153,2017-09-22 06:59:21,b'RT @misik: Danke \xc3\x96VP dass ihr uns das Tragen von Schals ausdr\xc3\xbccklich erlaubt - wenngleich auch nur bei Frost. Danke. Danke.'
911117849233588224,2017-09-22 06:39:57,"b""@spearofsolomon @peterboghossian There wasn't much of a scientific point to begin with: Ignoring hist&amp;belitteling a\xe2\x80\xa6 https://t.co/dqk2SKfLeh"""
911016014816653313,2017-09-21 23:55:18,"b""@peterboghossian for me that's a legitimate debate. It might be harsh&amp;direct, but that comes with the terrain:\xe2\x80\xa6 https://t.co/sEbDEGx6pk"""
911014959630430209,2017-09-21 23:51:06,"b'@peterboghossian if he would have had a good argument, he could have written an answer to critics. but as it was a\xe2\x80\xa6 https://t.co/5laygwVBDc'"
911012194745225216,2017-09-21 23:40:07,"b'RT @drndawson: #TWQ colonialism article debacle reflects worrying trend for scientific sensationalism, &lt; integrity. Pressure to show impact\xe2\x80\xa6'"
911011543055249408,2017-09-21 23:37:32,"b'@benvwilkie the question is, apology for what? ""for causing pain&amp;anger"" while looking for debate ""on this issue"", s\xe2\x80\xa6 https://t.co/IzeqAYUEWR'"
910884225506844672,2017-09-21 15:11:37,b'RT @EmmaWatson: Modern slavery affects 40m people: 71% are women and girls. New report launched at #UNGA today: https://t.co/m0sEicJrJO htt\xe2\x80\xa6'
910563348995035137,2017-09-20 17:56:34,b'RT @BIZEPS: W\xc3\xa4r halt sch\xc3\xb6n wenn sowas nicht mehr passiert https://t.co/3MrdJea3Ut'
910561181680766976,2017-09-20 17:47:57,"b'Das ist wirklich schon sehr idiotisch..., aber zugegebenerma\xc3\x9fen wusste schon #KurtSowinetz: Die H\xc3\xb6lle, das ist der\xe2\x80\xa6 https://t.co/KDA5OtPbLX'"
910426735925178368,2017-09-20 08:53:43,b'@MartinThuer hm... also viel Sinn macht das mit den grauen W\xc3\xb6lfen nicht...'
910425421509996544,2017-09-20 08:48:30,b'RT @MartinThuer: Seltsames Handzeichen. https://t.co/SuihgA4b30 https://t.co/0JoIUxklqg'
909871487787597824,2017-09-18 20:07:21,b'RT @PolSciUIBK: We are hiring! Post-Doc (4 years) in European Integration. Application deadline 29/9/2017: https://t.co/0K3bIpLopU\n@ECPR @E\xe2\x80\xa6'
909871271860568066,2017-09-18 20:06:30,"b'RT @EmirDiz: Ob du in \xc3\x96st. eine pr\xc3\xa4ventive HIV-Therapie machen darfst, h\xc3\xa4ngt vom Gutwillen Einzelner ab. Ein H\xc3\xbcrdenlauf.\n\nhttps://t.co/14Wx\xe2\x80\xa6'"
907330304767086592,2017-09-11 19:49:36,b'RT @chunkymark: The absolutely incredible McStrikers Tyrone and Georgina taking on McDonalds #TUC17 https://t.co/voHECckGE1'
907329510965641216,2017-09-11 19:46:27,b'RT @WarOnWant: #TUC17 #McStrike workers demand #MondayMotivation EndPrecariousContracts https://t.co/XdNLJy5OkV'
907329431680819205,2017-09-11 19:46:08,b'RT @Classthinktank: .@sd_ashe - Racism in workplace is  worse since Brexit. The British labour market strongly discriminates against BAME w\xe2\x80\xa6'
907292388397383681,2017-09-11 17:18:56,"b'RT @J_Kohlenberger: Sehr unterschiedliche Herkunftsl\xc3\xa4nder v. Asylwerbenden in EU zeigen auch, dass  Sozialsysteme kaum Pull Faktor sind: ht\xe2\x80\xa6'"
906942245529702406,2017-09-10 18:07:36,b'RT @bbkinstitutes: BBK PhD Student? Interested in social research/humanities? Apply for one of our paid internships. Deadline: 2 Oct. https\xe2\x80\xa6'
906941902196559873,2017-09-10 18:06:14,b'RT @bellhooks: We need to challenge patriarchy to engage the struggle to end domination.'
905140327778062336,2017-09-05 18:47:25,b'RT @Aaaqilah: Suicide is at record level among students at UK universities | https://t.co/duogkl0jN9 v. @newhealthpsych'
905139450489040896,2017-09-05 18:43:56,"b'""Die Partei"" kapert 31 Facebook-Gruppen von AfD-Fans https://t.co/5XCeCDywG8 via @webStandardat'"
903399078175887360,2017-08-31 23:28:19,b'RT @nandosigona: Violent evictions of refugees in Rome reveal inhumanity of modern democracy https://t.co/oOLoxWb3o1 via @ConversationUK'
903348739003359232,2017-08-31 20:08:17,b'RT @davsow: Abwesenheit im Ministerrat von Mai 2016 - Mai 2017:\n\nSebastian Kurz: 18\nReinhold Mitterlehner: 1 https://t.co/FY0nWQ8Uwf'
902958193453793280,2017-08-30 18:16:24,"b""RT @IRiS_Birmingham: Europe's migrant crisis isn't going away, but it is changing @CNNI https://t.co/XpUvubrTyc ft @nandosigona @unibirming\xe2\x80\xa6"""
902091044141064193,2017-08-28 08:50:39,"b'@WoodysWorldTV You see how mcg is moving bckwrds, standing on right foot only (weight pulling him bckwrds as well).\xe2\x80\xa6 https://t.co/YWjQ6X4Zh4'"
901313284422463490,2017-08-26 05:20:07,b'RT @TobiasSpoeri: Der Bereich Osteuropaforschung bei uns am Institut sucht eine/n neue/n Studienassistentin/en:  https://t.co/J3hoV6VIdG'
900840300721172481,2017-08-24 22:00:39,b'RT @maggieoneill9: Lectureship in Sociology @York. Please share https://t.co/jNKZa3FEH0'
900803592986165249,2017-08-24 19:34:47,"b'RT @bbkpsychosocial: NEW by @silviaposocco, @JoanPujol_UAB and Marisela Montenegro: Bordering, exclusions and necropolitics https://t.co/iR\xe2\x80\xa6'"
900726976486494208,2017-08-24 14:30:20,"b'@Olivensuppe @ConnyDuck Nach der Logik k\xc3\xb6nnen nur ""M\xc3\xa4nner"" Frauen w\xc3\xa4hlen?! Das verwirrt mein progressives ich ganz sch\xc3\xb6n...'"
900084264397672448,2017-08-22 19:56:26,b'RT @Gawhary: Vor 40 Tagen wurde hier in der Altstadt #Mossul noch gek\xc3\xa4mpft https://t.co/qCoEN7OEhp'
900083670316351488,2017-08-22 19:54:04,"b'RT @Gawhary: Wir haben #Mossul eine Schule mit M\xc3\xa4dchen besucht, die erstmal nach der IS-Herrschaft wieder in den Unterricht gehen. Bericht\xe2\x80\xa6'"
899957272092323840,2017-08-22 11:31:48,b'Exciting... https://t.co/UG3iJqGuHX'
899288791197900800,2017-08-20 15:15:30,b'RT @AcademicDiary: Fish out of Water: A Working Class Student in an Elite Institution | Blog | CLASS https://t.co/F2uGxRHX1r'
898518702026522625,2017-08-18 12:15:26,b'RT @nytimes: Jimmy Kimmel says Trump Tower is now its own monument to racism. Late-night roundup: https://t.co/0sngeaeRQi'
898518500565807104,2017-08-18 12:14:38,b'RT @CleverTitleTK: Boom. \xf0\x9f\x91\x87\xf0\x9f\x91\x87\xf0\x9f\x91\x87 https://t.co/j7W0jjcveQ'
898484570248679429,2017-08-18 09:59:49,"b'RT @drawingdata: ich hab mich an der mandatsvergabe versucht, hier zum selberdurchklicken und etwas ausf\xc3\xbchrlicher: https://t.co/DRiubww5CC\xe2\x80\xa6'"
898307532308963328,2017-08-17 22:16:20,b'RT @PatrickGruska: 12 Jahre lang wurden seine Sparvorschl\xc3\xa4ge gr\xc3\xb6\xc3\x9ftenteils ignoriert. https://t.co/YHVEuM525E'
897724356129935360,2017-08-16 07:39:00,b'READ THIS #ToniMorrison on #WhiteSupremacy and on the nutrient from which #intolerance and #hate grow today.\xe2\x80\xa6 https://t.co/9Zei9LTWYb'
897588026116907008,2017-08-15 22:37:16,"b'Remaining silent to hate means being complicit. @potus is complicit, we r not. #Charlotteville #BLM #Antifa\xe2\x80\xa6 https://t.co/SbZM6e4rXA'"
897519588426043393,2017-08-15 18:05:19,b'Kein Platz dem Hass! Kein Platz dem #Faschismus: #AfD #Wendt #bundestagswahl2017 #CDU #CSU #NieWieder https://t.co/1bDzOoHIyh'
897503297912717312,2017-08-15 17:00:35,"b'RT @RobbieShilliam: Check our ""Kilombo: International Relations and Colonial Questions"" book series, growing nicely.. https://t.co/VdkoShC7\xe2\x80\xa6'"
897181958324854788,2017-08-14 19:43:42,b'RT @tagesspiegel: #Libyens K\xc3\xbcstenwache bedroht Seenotretter im #Mittelmeer. Ist das legal \xe2\x80\x93 und welche Folgen hat es?\nhttps://t.co/ZdBekirh\xe2\x80\xa6'
897181534461014016,2017-08-14 19:42:01,b'RT @fr: #SeaWatch \xc3\xbcbt scharfe Kritik an den Gewaltdrohungen aus #Libyen. #Fl\xc3\xbcchtlinge #Mittelmeer https://t.co/UM0lCyw66m'
896991535518167040,2017-08-14 07:07:02,"b'RT @lisamariejaly: Toxische Maskulinit\xc3\xa4t ist \xc3\xbcbrigens auch, wenn 5 Teenie-Jungs einander im Zug mit Essen beschmei\xc3\x9fen &amp; dabei: ""Du Schwucht\xe2\x80\xa6'"
896837068990631942,2017-08-13 20:53:14,"b""RT @djrothkopf: If you don't see the direct connection between Trump in the WH and Neo-nazis w/torches in the streets you are not paying at\xe2\x80\xa6"""
896836997427449856,2017-08-13 20:52:57,b'RT @IndigenousAusRR: Being black and queer in Australia right now https://t.co/n9LcmqkLTa https://t.co/E7AIqcXCtG'
896835855746301952,2017-08-13 20:48:25,b'#Charlotteville ist das Resultat des Rassismus den wir zulassen: #nsu #pegida #AfD #identitaerebewegung\xe2\x80\xa6 https://t.co/SRLsRcJPOQ'
895912424792043520,2017-08-11 07:39:01,b'RT @bbkpsychosocial: This interview with @RentonJE (in German) mentions the new book on antisemitism and Islamophobia he edited with @bengi\xe2\x80\xa6'
895589701087764480,2017-08-10 10:16:38,b'#ToniMorrison in quotes and pictures by #JillKrementz @NYSOCIALDIARY https://t.co/BhLWKhvtb2'
895282230116929536,2017-08-09 13:54:51,b'RT @Aaaqilah: Stuart Hall and the rise of Cultural Studies | https://t.co/GNmDnETFUz'
895248728579354624,2017-08-09 11:41:44,b'Steve Vertovec on understanding #UrbanDiversity today. @bungatuffie @bengidley @Aaaqilah https://t.co/I2DIa0UQfh https://t.co/jBIeaGBjSu'
895185597375139840,2017-08-09 07:30:52,b'RT @BirkbeckNews: Delighted to be among best for teaching and overall satisfaction #NSS https://t.co/U5va4x5gjI https://t.co/oQ9Tz3LSCc'
895174994740867072,2017-08-09 06:48:44,"b'Patriarchy attacks us all. Still, for some P is deadlier than f others. #fightpatriarchy #BellHooks @tinaheidinger https://t.co/yGOD1mWceS'"
894682900964290560,2017-08-07 22:13:20,b'RT @ChetanBhatt1962: Opinion | The Policies of White Resentment https://t.co/4hqPOC3ki1'
894682243683291136,2017-08-07 22:10:43,"b'RT @IRR_News: New full-time job at IRR working on @Race_Class (a journal on racism, empire and globalisation) https://t.co/OOPWYMehlu'"
894682234367737857,2017-08-07 22:10:41,"b'RT @Race_Class: New full-time job at IRR working on @Race_Class (a journal on racism, empire and globalisation) https://t.co/23xrEe8t2s'"
894682225001852929,2017-08-07 22:10:39,"b'RT @Race_Class: New full-time job at IRR working on @Race_Class (a journal on racism, empire and globalisation) https://t.co/07jRPn6U77'"
894468631547047936,2017-08-07 08:01:54,b'@matstrolz Klingt in der Theorie gut. Warum ist Realisieung vergleichbarer Potentiale aber nicht in EU m\xc3\xb6glich?'
894454894341566464,2017-08-07 07:07:19,"b'@matstrolz Wie bringt man Menschen, die nach EU wollen dazu, dort zu bleiben; wie die lokale Bev\xc3\xb6lkerung so einen E\xe2\x80\xa6 https://t.co/oltESvmbdn'"
894325911243415555,2017-08-06 22:34:47,b'@msulzbacher War nur eine Frage der Zeit #GodwinsLaw #Nazivergleich #StupidIsWhatStupidDoes https://t.co/XtWBNhfkhH'
894320183145267200,2017-08-06 22:12:01,b'@tinaheidinger Wie lief denn die Diskussion?'
894319929759068162,2017-08-06 22:11:01,b'@tinaheidinger Man k\xc3\xb6nnte noch fortsetzen mit Legitimation von #Kolonialismus #Sklaverei usw. Wo solche Aussagen he\xe2\x80\xa6 https://t.co/D9Z3lUas0E'
894318267812261889,2017-08-06 22:04:25,"b'@tinaheidinger Ja, das zeigt wie weit diese ""Logik"" greift, trotz der unheilvollen Geschichte #Eugenik\xe2\x80\xa6 https://t.co/wVyQmMUC5O'"
894196813984608257,2017-08-06 14:01:48,"b'@tinaheidinger Verstehe deinen \xc3\x84rger sehr gut. So ein #Biologismus reduziert Sexismus, Rassismus, usw. zu Naturgesetzen...'"
893097338159472642,2017-08-03 13:12:53,"b'RT @GoldsmithsUoL: ""Racial division and segregation was very stark."" @SociologyGold\'s Prof Les Back explores historic sites around New Cros\xe2\x80\xa6'"
892730085308084225,2017-08-02 12:53:33,b'RT @Aaaqilah: Histories of Violence: Violence to Thought - Interview with David Theo Goldberg | https://t.co/aK0HmmSJv6'
892159983978246144,2017-07-31 23:08:10,b'RT @ERSjournal: class aspirations of migrant entrepreneurs shape whether children participate in business activities https://t.co/yJXmdgCtV\xe2\x80\xa6'
892145588728410112,2017-07-31 22:10:58,b'@SociologyGold @bbkpsychosocial @StudentsAtGold @BBKHistSoc #futureresearch #dissertationtopic\xe2\x80\xa6 https://t.co/Bv2BHsBV60'
892143866987642880,2017-07-31 22:04:07,b'RT @johnvanreenen: Large refugee waves have little effect on native outcomes https://t.co/VVpzhGCoLa @voxeu Hunt argues Borjas revisions ar\xe2\x80\xa6'
892005894627655681,2017-07-31 12:55:52,"b'RT @LewishamHistory: Come see our exhibition commemorating the 40th Anniversary of the #BattleofLewisham at Lewisham Library, open from 11.\xe2\x80\xa6'"
891994299839238145,2017-07-31 12:09:48,b'Kein Platz f\xc3\xbcr (Neo-)Kolonialismus in K\xc3\xb6pfen und Politik! #matstrolz #imperialeLebensweise #postkolonialeSchweiz https://t.co/6Z1rs4CSVW'
891902434062348290,2017-07-31 06:04:45,"b""Science at history's pulse. Alt-right and meme culture, Trump and Pepe the frog. Disturbing to read b crucial for p\xe2\x80\xa6 https://t.co/haoerGSjQV"""
891059115765755906,2017-07-28 22:13:42,b'RT @YesWeCrann: Reporter: Sam is the first US player to reach a major semifinal since 2009\xe2\x80\xa6\n\nAndy Murray: Male player.\n\n\xf0\x9f\x92\xaa\xf0\x9f\x8f\xbd\xf0\x9f\x91\x8c\xf0\x9f\x8f\xbd https://t.co/3\xe2\x80\xa6'
890976606038233088,2017-07-28 16:45:51,"b'RT @BIZEPS: Danke, Franz-Joseph Huainigg! https://t.co/cIVEqLzAv2'"
890944401626849280,2017-07-28 14:37:52,b'@MartinThuer Dass in Wien mehr Menschen ohne Wahlrecht leben ist auch Effekt versch\xc3\xa4rfter Einb\xc3\xbcrgerungsbestimmungen\xe2\x80\xa6 https://t.co/ds8g5tI54z'
890674841480818688,2017-07-27 20:46:44,b'RT @repjohnlewis: I fought too long to end discrimination based on race and color to allow discrimination based on gender identity to be co\xe2\x80\xa6'
890669877538635776,2017-07-27 20:27:01,b'RT @HHumorlos: Der festgenommene Kapit\xc3\xa4n des Schiffs der Identit\xc3\xa4ren ist also der ehemalige Mitarbeiter von Christian H\xc3\xb6bart. \xf0\x9f\x99\x8a\nhttps://t.c\xe2\x80\xa6'
890554501953974272,2017-07-27 12:48:33,b'RT @LSEImpactBlog: Researchers agree interdisciplinary work makes an impact\xe2\x80\x94but will collaboration flourish in the current environment? htt\xe2\x80\xa6'
890103808516390912,2017-07-26 06:57:39,"b'""The soul of feminist politics is the commitment to ending patriarchal domination of women &amp; men."" (hooks) #Feminism https://t.co/9xry54PoBk'"
889866542695026688,2017-07-25 15:14:51,b'@DIEZEIT Jetzt mit notwendiger Klarstellung von Alfred Dorfer'
889866489758703616,2017-07-25 15:14:38,b'@UNaue Jetzt mit notwendiger Klarstellung von Alfred Dorfer!'
889864654398386176,2017-07-25 15:07:21,"b'@tinaheidinger @ConnyDuck True. Als linke_r wei\xc3\x9f man Grad nicht so recht, nicht Mal taktisch w\xc3\xa4hlen ist diesmal leicht... Kein gutes Zeichen'"
889761038140403712,2017-07-25 08:15:37,b'RT @nicole_schoen: Antwort im Heft: Afghanen.\nAntwort von mir: tendenzi\xc3\xb6se Medien wie die ganze Woche. https://t.co/N1OqARncgJ'
889760913154338817,2017-07-25 08:15:07,b'RT @BIZEPS: Sozialpolitik im R\xc3\xbcckw\xc3\xa4rtsgang \xe2\x80\x93 das Beispiel Ober\xc3\xb6sterreich https://t.co/bdPBXFha2C'
889544041804779520,2017-07-24 17:53:21,"b'The language of resistance is resourceful, creative and deep.\xc2\xa0 #GrenfellTower   https://t.co/izOddqEgAs'"
889542886022418433,2017-07-24 17:48:45,"b'RT @UniteWomenOrg: ""The soul of feminist politics is the commitment to ending patriarchal domination of women &amp; men""- @bellhooks https://t.\xe2\x80\xa6'"
889376128334520320,2017-07-24 06:46:07,b'Colonial justice: chasing&amp;killing Indig youth on motorbike w Nissan navara not ruled murder but dang driving #racism https://t.co/HUA0BuQo2B'
888312391930445824,2017-07-21 08:19:12,b'@MelisaErkurt Ist der Islam noch zu retten? Wohl eher: Der Islam rettet #ServusTV / #Talkimhangar7 die Quote. #PoliticsOfFear'
888309209896538113,2017-07-21 08:06:34,"b'Wichtiger Einwand von #BIZEPS gegen\xc3\xbcber Spendenaufruf, der Menschen mit Einschr\xc3\xa4nkungen pathologisiert\xe2\x80\xa6 https://t.co/26PFj2BNPb'"
888156196049473536,2017-07-20 21:58:32,"b'@sebastiankurz ...das geht auch auf Ihr Konto, Herr Kurz #DieIchRiefDieGeister... https://t.co/rCGOSpPyNv'"
888127069535653888,2017-07-20 20:02:48,"b""RT @ERSjournal: JUSTPUBLISHED Identities: Vol 24, No 4 papers include 'Your momma is day-glow white' and 'Races without racism'\nhttps://t.c\xe2\x80\xa6"""
888122994509455360,2017-07-20 19:46:37,b'@IndigenousAusRR Ethnic&amp;Racial Studies Journal article makes case for #TransitionalJustice for Indig Australians\xe2\x80\xa6 https://t.co/wIwT6wwxOT'
888113298096365570,2017-07-20 19:08:05,b'RT @womensmarch: 6 months ago today. The night before the inauguration of a new era of resistance. #6MonthsSinceWomensMarch\n\n\xf0\x9f\x93\xb7: @KishaBari\xe2\x80\xa6'
887358426820595713,2017-07-18 17:08:29,b'Ethnic and Racial Studies Journal focusing on #BlackLivesMatter https://t.co/njezuBpkG5'
887198276541456385,2017-07-18 06:32:07,"b""RT @JaMoEberl: Gave an interview about perceived media bias and my thesis to @andererfellner from @derStandardat. It's now online!\nhttps://\xe2\x80\xa6"""
886909061706522625,2017-07-17 11:22:52,"b'Alfred Dorfer versteht einfache Sprache nicht, schreibt trotzdem Kolumne dar\xc3\xbcber f\xc3\xbcr @DIEZEIT. Wars notwendig? Wia\xe2\x80\xa6 https://t.co/qD7q0pUGaa'"
886902915545411586,2017-07-17 10:58:27,"b'RT @NazShahBfd: ""People are either your brothers &amp; sisters in faith or your equal in humanity"" @mehdirhasan quoting Imam Ali  #Unity https:\xe2\x80\xa6'"
886882041652031488,2017-07-17 09:35:30,"b'RT @mayer_michl: hey @KURIERat: das foto wurde nicht in wien aufgenommen, sondern ist aus der sheikh zayed moschee in abu dhabi (via omar a\xe2\x80\xa6'"
886504422251126784,2017-07-16 08:34:59,b'RT @ERSjournal: 1st presentation from @SPeterWade https://t.co/7yB9Q14KMV'
886349016665124864,2017-07-15 22:17:27,b'RT @IRR_News: New (free to download) R&amp;C collection: Prison resistance and black self-defence https://t.co/92xEMvCyD0 https://t.co/OXId1th2\xe2\x80\xa6'
886348752600129536,2017-07-15 22:16:24,b'RT @CNN: New Senate health care bill could still hurt the sick and the poor https://t.co/78OTU8qxxW'
886348457283375105,2017-07-15 22:15:14,b'RT @sefa_nie: I need feminism because: https://t.co/nkwVoZshyY'
886142095131639810,2017-07-15 08:35:13,b'Looking forward to reading this piece on #BlackEurope #racism and #immigration by Stephen A. Small https://t.co/4nOZ21qEBW'
885840972772495361,2017-07-14 12:38:40,"b'RT @bbkpsychosocial: Come work with us!\nAssociate Lecturer A \xe2\x80\x93 MA Culture, Diaspora, Ethnicity, closes 27/07 \n\nhttps://t.co/RU68hI7x0l'"
885800167760437248,2017-07-14 09:56:32,"b'RT @pollak_politics: Warum ich an pers\xc3\xb6nl Verantwortung von Kurz bei Studienmanipulation glaube? Weil jemand, der so \xc3\xbcber Studien denkt, ke\xe2\x80\xa6'"
885800006313267200,2017-07-14 09:55:53,b'RT @DerRami_: Punkt. https://t.co/anuv1MRFjB'
885746563183783936,2017-07-14 06:23:31,"b'Literally: ""One of the things with the wall is you need transparency. You have to be able to see through it.""\xe2\x80\xa6 https://t.co/AQh47iEr6t'"
885743514818105344,2017-07-14 06:11:24,"b'RT @openculture: Word of the day: Kakistocracy:  a state or country run by the worst, least qualified, or most unscrupulous citizens. https\xe2\x80\xa6'"
885633792492306432,2017-07-13 22:55:25,b'RT @SUNYPress: The \xe2\x80\x98Father of Black History\xe2\x80\x99 Was Afro-Puerto Rican - a fun interview with @valdes23 from @LatinoUSA ! Listen now: https://t\xe2\x80\xa6'
885628012384968704,2017-07-13 22:32:26,"b'Watch great #JamesBaldwin documentary ""I AM NOT YOUR NEGRO"" now here: https://t.co/hplDjvtcb2 #whiteprivilege #fightracism #mustwatch'"
885050478719008768,2017-07-12 08:17:32,"b""RT @Madoutje: I'm researching #Burmese #refugee #identity for my MA at @bbkpsychosocial &amp; looking for interviewees- if you can help, please\xe2\x80\xa6"""
884757804329914370,2017-07-11 12:54:33,b'RT @moas_eu: The number of #migrants arriving on #Spain coast has more than doubled in 2017 as they avoid passing through #Libya https://t.\xe2\x80\xa6'
884756745456930817,2017-07-11 12:50:20,"b'RT @NedadMemic: Today is the #Srebrenica #Genocide Memorial Day. 71 victims, 5 of them minors, will be buried at the Memorial Center today.\xe2\x80\xa6'"
884756508310990848,2017-07-11 12:49:24,"b'RT @EmporersNewC: 1. Hello, United Kingdom, it\xe2\x80\x99s the United States of America here, and we need to talk.'"
884486006568869889,2017-07-10 18:54:31,b'RT @univienna: Politologin Barbara Prainsack @BPrainsack lehrt u. forscht ab Oktober an der Uni Wien #presse #news @DiePressecom https://t.\xe2\x80\xa6'
884374133571768324,2017-07-10 11:29:58,b'RT @openculture: Women of Jazz: Stream a Playlist of 91 Recordings by Great Female Jazz Musicians https://t.co/hH48AdnXfS https://t.co/vV3G\xe2\x80\xa6'
884182591846395908,2017-07-09 22:48:51,"b""#ToniMorrison once said, racism distracts us from what we should actually be doing. Let's learn from #DrMayaAngelou. Gr8 doc now on #Netflix"""
884163869484216320,2017-07-09 21:34:28,"b""@tonimorrison once said, racism distracts us from what we should actually be doing. Let's learn from @DrMayaAngelou. Gr8 doc now on #Netflix"""
884097541385711616,2017-07-09 17:10:54,b'RT @HubertSickinger: Sehr lesenswert. Kindergarten-Studie: Islamwissenschafter Ednan Aslan unter Kritik | PROFIL.at https://t.co/p584L5hgoC\xe2\x80\xa6'
884022802256408576,2017-07-09 12:13:55,b'RT @bbkpsychosocial: Poorer students aren\xe2\x80\x99t applying to university because of fears of high debts | Claire Callender for @ConversationUK ht\xe2\x80\xa6'
883681943832989697,2017-07-08 13:39:28,"b""RT @PlutoPress: 'Capitalism cannot reform itself; it is doomed to self-destruction' @publicbooks on W.E.B. DuBois https://t.co/JS7HgJruqD h\xe2\x80\xa6"""
883678335842349056,2017-07-08 13:25:07,"b""Disability and the language of the coloniser, Aboriginal Australiens' struggle for approp. social services @UNaue\xe2\x80\xa6 https://t.co/pPkUnz7kpO"""
883646180982489088,2017-07-08 11:17:21,b'RT @misik: Genau das ist das eigentlich verbrecherische an dieser Fake Study https://t.co/EowkHPNX3B'
883480824292806656,2017-07-08 00:20:17,b'RT @ERSjournal: Violent borders: refugees and the right to move - book review by Cristina Blanco https://t.co/xb0HtVlShe @VersoBooks https:\xe2\x80\xa6'
883325839223517184,2017-07-07 14:04:26,b'RT @DerRami_: Meine Stellungnahme \xc3\xbcber die Zeit am Institut f\xc3\xbcr islamische Studien (mit Aslan als Chef) und #kurzleaks https://t.co/lAHtdY3\xe2\x80\xa6'
883063569675431936,2017-07-06 20:42:16,"b'Andrea Schaffar: ""Diese Studie w\xc3\xa4re als Diplomarbeit ein F\xc3\xbcnfer."" I rest my case. #kurzleaks #aslan #univienna #kurz https://t.co/7WxS8ocEBI'"
882729099663376386,2017-07-05 22:33:12,b'RT @EmirDiz: Ehem. Mitarbeiter Aslans berichtet \xc3\xbcber dessen fragw\xc3\xbcrdige Arbeitsweise. Long read. Worth it. #KurzLeaks \n\nhttps://t.co/HH1zBm\xe2\x80\xa6'
882726840825204737,2017-07-05 22:24:13,b'RT @EmirDiz: Uni Wien richtet eine Untersuchungskommission ein.@AlevKorun stellt morgen 1 parlamentarische Anfrage. Was macht die Regierung\xe2\x80\xa6'
882715138020790272,2017-07-05 21:37:43,"b""RT @florianklenk: ,Formale \xc3\x84nderungen' der Studie von Professor Aslan durch Beamte von @sebastiankurz . #kurzleaks https://t.co/Jyq2c5Vo8F"""
882710496109096960,2017-07-05 21:19:16,b'RT @calgary76: Sheep travelling even further #ruthwodak  #gegenrechts https://t.co/Tl9Ub5WEmA'
882708858933841921,2017-07-05 21:12:46,b'Tyrolean gov G\xc3\xbcnther #Platter is playing a dangerous game called politics of fear. #PolitikderAngst #zib2\xe2\x80\xa6 https://t.co/KCCYstVwxa'
882666266229690368,2017-07-05 18:23:31,"b'RT @dieLinkeEP: ""Mehr Waffen &amp; mehr Milit\xc3\xa4r bringen nicht mehr #Sicherheit. Hier geht es doch haupts\xc3\xa4chlich um Zugang zu Rohstoffen"" @ S. L\xe2\x80\xa6'"
882608290060005377,2017-07-05 14:33:09,b'RT @bbkpsychosocial: How colonial spatial politics shaped the racialising violence of #GrenfellTower | @NadineElEnany for @VersoBooks\nhttps\xe2\x80\xa6'
882275457437224960,2017-07-04 16:30:35,b'RT @florianklenk: Falter: Beamte von Sebastian Kurz haben Islamkindergartenstudie zugespitzt.Falter bringt geleakte Word-Docs im Korrekturm\xe2\x80\xa6'
881796408948477952,2017-07-03 08:47:01,b'RT @PlutoPress: \xe2\x80\x98Women of colour are not passive objects at the mercy of Britain\xe2\x80\x99s austerity regime\xe2\x80\x99 - @AkwugoEmejulu &amp; @LeahBassel https:/\xe2\x80\xa6'
880801824927879168,2017-06-30 14:54:54,b'RT @bengidley: Former @bbkpsychosocial student Christoph Novak in urban Muslim politics of belonging at #IMISCOE2017 https://t.co/U6l0LRQF1I'
880796156141416450,2017-06-30 14:32:22,"b'RT @koenleurs: #IMISCOE2017 @SaskiaSassen speaking about the extractive logics, land grabs and expelled subjects https://t.co/czkFXBk0vf'"
880793662447333376,2017-06-30 14:22:28,"b'RT @bengidley: #IMISCOE2017 @rachel_humphris (@IRiS_Birmingham) on ethnographies of ""home encounters"" in a super-diverse small town. https:\xe2\x80\xa6'"
880793524454776832,2017-06-30 14:21:55,b'RT @rachel_humphris: The problems with the turn to neighbourhoods in urban diversity research @bengidley #IMISCOE2017 https://t.co/gQPRKgdM\xe2\x80\xa6'
880303933343838208,2017-06-29 05:56:27,b'RT @IndigenousAusRR: Timeline: From the beginning of NAIDOC Week till now https://t.co/jUQVxySJ2c https://t.co/fGkVcvu7a2'
880166034711482368,2017-06-28 20:48:30,"b'RT @AkwugoEmejulu: We did it, @leahbassel! Thank you for being such an amazing colleague, co-author and friend! \xf0\x9f\x99\x8c\xf0\x9f\x8f\xbe\xf0\x9f\x8e\x89\xf0\x9f\x92\xa5\xe2\x9d\xa4\xef\xb8\x8fhttps://t.co/7Bcl5E45\xe2\x80\xa6'"
880094929334173698,2017-06-28 16:05:57,"b'Which place could be better for a topic like Migration, Diversity and the City, than #superdiverse #Rotterdam\xe2\x80\xa6 https://t.co/MCYfyvWhAa'"
878040493644365824,2017-06-23 00:02:21,"b'RT @chakrabortty: From Grenfell to benefit sanctions, Britain is still a country that murders its poor. My col today \n https://t.co/AVkFhrf\xe2\x80\xa6'"
878024571848466432,2017-06-22 22:59:05,b'A militarisation of the EU will help to adress which problems exactly? Worrying news in #dangeroustimes https://t.co/D2cObWpJWk'
877922127244017664,2017-06-22 16:12:00,b'RT @RunnymedeTrust: .@omaromalleykhan on #LBC: Humanity demands justice for those who died in #GrenfellTower we need to know who was in the\xe2\x80\xa6'
877775179123875841,2017-06-22 06:28:05,"b'Not to miss today @RobbieShilliam @univienna: De-/Postcolonial perspectives on IR &amp; genealogy of ""White Working Class"" in brexitUK'"
877098490685526016,2017-06-20 09:39:10,b'@ResearchLion discusses impact of bio-spatial profiling in post 9/11 policing and surveilance in NY https://t.co/Jmpx2sUlDv @Aaaqilah'
876862690001637378,2017-06-19 18:02:11,"b'Brexit: a Colonial Genealogy of the ""White Working Class"" Talk by Robbie Shilliam @univienna  this thursday. https://t.co/0aZR1VwniV'"
876796126434914304,2017-06-19 13:37:41,"b'In times of rising anti-Muslim &amp; racist violence in UK &amp; beyond, worth reading: https://t.co/7HfALO0UlB #FinsburyParkTerrorAttack'"
876335894843850753,2017-06-18 07:08:53,"b'RT @IRR_News: IRR meeting with @CAJNi  26 June: Neither hard nor soft but racist? Brexit, ethnic profiling and the Irish border https://t.c\xe2\x80\xa6'"
874274524505804801,2017-06-12 14:37:44,b'RT @bungatuffie: An infusion of history from David Hearst; The Guardian never gets a political result right. https://t.co/tWN7N5zkMm'
867241594583486465,2017-05-24 04:51:23,b'RT @bbkpsychosocial: Have we mentioned that the amazing Shirley Tate is coming to Birkbeck on Wednesday? https://t.co/gHfhiktcpz'
860541596332433408,2017-05-05 17:07:59,b'RT @bbkpsychosocial: We have two amazing events tomorrow:\n\nTHE POLITICS OF RACISM https://t.co/9ezrz553Ai\n\nTHE NON-HUMAN CHILD https://t.co\xe2\x80\xa6'
839117098924322816,2017-03-07 14:14:41,"b'RT @rshotton: How we phrase a question has a huge effect on the results - my favourite example, from @Gerald_Ashley https://t.co/fL06yeo9G9'"
750746692505460737,2016-07-06 17:42:14,b'RT @bungatuffie: W. E. B. Du Bois\xe2\x80\x99s  data visualizations of Black life https://t.co/x9DMuxa9NZ via @hyperallergic'
719505190852820992,2016-04-11 12:39:39,b'RT @MSF_Sea: UPDATE: Even our staff are affected. Tear gas is being fired directly into the camp which is home to1000s. https://t.co/DCOpz9\xe2\x80\xa6'
697691972744716288,2016-02-11 08:01:43,"b'Remembering Stuart Hall, a remarkable person, activist, academic.#StuartHall #BlackLivesMatter https://t.co/KXBf8CGGGH'"
437531453295849472,2014-02-23 10:16:42,b'Better know your enemy?! Blockupy Polizei: Polizei\xc3\xbcbung gegen Blockupy  - Frankfurter Rundschau http://t.co/TjlJhA6qAw via @FRonline'
423911545551085568,2014-01-16 20:16:03,"b'@Aaaqilah while researching possible PhD supervisors in Switzerland, I found this; surely will interest you: http://t.co/89xQq1lWNF'"
402491267872878593,2013-11-18 17:39:30,b'@LSEpublicevents will there be a podcast of this event?'
390256877558194176,2013-10-15 23:24:24,"b'attending event at the Institute of Race Relations on Thursday: ""Footprints: poems by Peter Blackman""; @bbkpsychosocial @IRR_News'"
388988748996018176,2013-10-12 11:25:19,b'RT @GQRResearch: Check out this map of the racial makeup of the US: http://t.co/cqjKbAgT9f'
