id,created_at,text
969545583823212545,2018-03-02 12:10:55,"b'""Life is short. Work somewhere awesome."" #scientistatwork\n#lifegoals @hku_science @hku\n\nAlso, can we take a second\xe2\x80\xa6 https://t.co/0s8tE4BWbB'"
968659773179621376,2018-02-28 01:31:01,b'RT @AAthalassophile: @kartik_shanker shares findings of his team\xe2\x80\x99s work on #herpetofauna in #india \xe2\x80\x99s western ghats to #HKU students and fa\xe2\x80\xa6'
968384923798208514,2018-02-27 07:18:52,b'RT @EcographyJourna: Ecophysiological variation across a forest-ecotone gradient produces divergent #climatechange vulnerability within spe\xe2\x80\xa6'
968130985920405504,2018-02-26 14:29:48,"b'""Globally, around 380 million metric tons of plastic are being created annually. Meanwhile, an estimated 8 million\xe2\x80\xa6 https://t.co/N4MbnRaxg1'"
967754182923964417,2018-02-25 13:32:31,b'RT @wc_ratcliff: I teach a class on how to give a great scientific talk. The core idea is that humans absorb information effortlessly if it\xe2\x80\xa6'
967060444576759808,2018-02-23 15:35:51,"b""RT @AAthalassophile: I'm excited to share my PhD story with you! Do watch and share in support of our world's reefs. https://t.co/3xBFbCtEk\xe2\x80\xa6"""
967041920244445184,2018-02-23 14:22:15,b'RT @tillroethig: Connecting marine science globally? Tara is coming to Hong Kong. Come and learn more! @TaraExpeditions @SWIMSHKU @hku_scie\xe2\x80\xa6'
966467673730170880,2018-02-22 00:20:24,b'RT @thedmbaker: Our work @hku_science @SWIMSHKU with @wwfhk in @SCMP_News Hong Kong supermarkets need to do better with seafood labelling h\xe2\x80\xa6'
962360184612864000,2018-02-10 16:18:42,"b'RT @TRAFFIC_WLTrade: New TRAFFIC report exposes thriving illegal trade, with criminal networks poaching and smuggling wild #abalone from #S\xe2\x80\xa6'"
960384769698816000,2018-02-05 05:29:06,"b""RT @WildAidHK: Pls RT! Here's our Open Letter to Maxim's on #Shark Fin, signed by many scientists, local &amp; international conservation NGOs\xe2\x80\xa6"""
959903818057240581,2018-02-03 21:37:59,"b'RT @UFExplore: Burmese pythons may be big and scary, but they are hard to find. Now, researchers can enlist the aid of mosquitoes to find t\xe2\x80\xa6'"
959804149633306625,2018-02-03 15:01:56,b'Great opportunity to build a PhD or a postdoc project in a new team led by Assistant Prof. Louise Ashton\xe2\x80\xa6 https://t.co/wFejvNIPJk'
959713151330799616,2018-02-03 09:00:20,b'#fieldwork with lizards surely takes you to (very different) places... #herpetology #SouthAfrica https://t.co/JmAK1u3M2W'
959692008234381314,2018-02-03 07:36:19,b'RT @DrJenGunter: Happy Retraction Day! https://t.co/ECUQTdVD8E'
959676883947413504,2018-02-03 06:36:13,"b'RT @AA_Andersson: Live reef fish trade volumes imported into #HongKong are being underestimated by as much as 50%, due to inadequate monito\xe2\x80\xa6'"
959580650683674624,2018-02-03 00:13:49,"b""RT @CraigAWelch: 4 million people in one of Africa's wealthiest cities may stand in line surrounded by armed guards to get ... drinking wat\xe2\x80\xa6"""
958955709370191872,2018-02-01 06:50:32,b'RT @lauracentore: The escalating trend in the trade of #lion products requires detailed investigation #wildlifecrime https://t.co/0oL6GRRdX\xe2\x80\xa6'
958813595428679680,2018-01-31 21:25:49,"b'Hello lizards from #SouthAfrica, nice to finally meet you. So thrilled to know we are gonna spend a lot of time tog\xe2\x80\xa6 https://t.co/LQdgT2t5UZ'"
958566048017547265,2018-01-31 05:02:09,b'RT @ShannonXing: Our @NatGeo study on butterfly color came out https://t.co/d10TMcWnYL'
958047833151721472,2018-01-29 18:42:57,b'RT @WildAidHK: Calling All Hong Kong Elephant Lovers! (and media): WE NEED YOU! Please come to LegCo at 1:30pm on Wednesday 31 January to s\xe2\x80\xa6'
957610313049833472,2018-01-28 13:44:24,b'#HERpers * https://t.co/fxIseOR9hh'
957606870520393729,2018-01-28 13:30:44,"b""When you are a proud #SnakeFilledHeads, it's important to learn how to handle them too! Many thanks to the amazing\xe2\x80\xa6 https://t.co/vP46m1TE4a"""
956565856376557568,2018-01-25 16:34:06,"b'Came for the lizards, stayed for the #tortoise company. My first wild reptile in #SouthAfrica! Hopefully a good sta\xe2\x80\xa6 https://t.co/qSbGlDJhn9'"
955151481530998784,2018-01-21 18:53:53,"b""RT @Yiing: Nuggets of wisdom for a postgrad:\n1) Go to the field \n2) Read papers\n3) Go to seminars \n\nFrom @bonebraking's seminar today! http\xe2\x80\xa6"""
954262137567760386,2018-01-19 07:59:57,"b""RT @bonebraking: If you're near HKU tomorrow and want to see cat pics (and maybe learn something about climate change impacts on tropical b\xe2\x80\xa6"""
954045140212924416,2018-01-18 17:37:41,"b""RT @ericsteig: Let's be clear.\n\nThe warmest five years\n\n*since 1880 have (virtually certain).\n*in the last 400 years (very very likely).\n*i\xe2\x80\xa6"""
952905284002791425,2018-01-15 14:08:18,b'RT @Cshepherd7R: Tokay Gecko trade is completely out of control. This is a species that would benefit from a CITES II listing!! @CITES #CIT\xe2\x80\xa6'
952766217370025984,2018-01-15 04:55:42,"b""even if you haven't received your letter for #Hogwarts as a child, you can still be a witch inside, and work for ta\xe2\x80\xa6 https://t.co/kCK6v6T35A"""
952714562704261120,2018-01-15 01:30:26,"b""RT @BD_Stew: Only a few decades ago plastic bottled water didn't exist - because it's totally unnecessary! Now we spend $75 billion per yea\xe2\x80\xa6"""
952714391815794688,2018-01-15 01:29:46,b'RT @bonebraking: Why Chinese demand for \xe2\x80\x98red ivory\xe2\x80\x99 dooms helmeted hornbill bird to extinction unless poaching can be stopped https://t.co/\xe2\x80\xa6'
950903288983007232,2018-01-10 01:33:05,"b""RT @CraigAWelch: Females at the world's largest green sea turtle nest site outnumber males 116 to 1, thanks to climate change.\n\nWhat's next\xe2\x80\xa6"""
949196953652359168,2018-01-05 08:32:43,"b""RT @Cshepherd7R: Failure to close the Tiger farms illustrates Lao PDR's lack of commitment towards implementing and enforcing CITES. #tiger\xe2\x80\xa6"""
948493692800610304,2018-01-03 09:58:13,"b'First paper of the year 2018 from @wang__da , @ShannonXing, and @bonebraking investigating the importance of\xe2\x80\xa6 https://t.co/lk0R0cIMV0'"
948048663862960128,2018-01-02 04:29:50,b'RT @MiotSquito: Hanging out with my bugs @ Siam Insect zoo #chiangmai #Thailand \nSurprisingly there was no live mosquito activities... #AGo\xe2\x80\xa6'
946795894615154688,2017-12-29 17:31:46,b'RT @WildAid: Congratulations to China on Banning #Ivory \nhttps://t.co/gmtnzIM57l https://t.co/cm1HbCGmhN'
946786739573596160,2017-12-29 16:55:23,"b'Small lives matter too! in #Thailand, collecting certains species of insects within #NationalParks is punishable by\xe2\x80\xa6 https://t.co/V19yWdoZgS'"
943725454552317952,2017-12-21 06:10:56,b'RT @Hannah_B_Tilley: Sentence length keeps #scientific #paper readers interested- change it up! @hkuwise @Zoe_Doubleday #research https://t\xe2\x80\xa6'
943509404422254593,2017-12-20 15:52:26,b'RT @ClimateHome: Do protected areas work in the tropics? Via @ShreyaDasgupta @Mongabay https://t.co/HOcsnzjNLQ https://t.co/ZAoxIVpwuJ'
943508559383240705,2017-12-20 15:49:04,"b'RT @AA_Andersson: Talking to @Reuters about #hippo #ivory trade discrepancies between HK-Uganda, and how this compromises @CITES - the very\xe2\x80\xa6'"
943508242243584000,2017-12-20 15:47:49,"b'There is no such as ""over-warning"" people about #climatechange. This is real, and this is happening NOW! It is not\xe2\x80\xa6 https://t.co/KYfpKr9byu'"
943499927090376705,2017-12-20 15:14:46,"b'It looks like I changed my mind... Show me what you got, Twitter! #myfirstTweet'"
