id,created_at,text
969389674102861824,2018-03-02 01:51:23,"b'@Rene_l_jacobs @PHDcomics I thought the same thing, haha'"
969387849500934145,2018-03-02 01:44:08,"b'Hey @Rene_l_jacobs, do you think my little one could pursue a career by drawing comics? https://t.co/BLAFm392jq'"
967237763912339456,2018-02-24 03:20:27,b'RT @UAlberta_FoMD: #UAlberta Peds researcher Richard Lehner is working on new way to target fatty liver without increasing the risk of card\xe2\x80\xa6'
964586244662468608,2018-02-16 19:44:16,"b'RT @AlbertaDiabetes: New research suggests fructose can cause long-term liver damage and #T2 #diabetes when consumed in large quantities, o\xe2\x80\xa6'"
964586209405165568,2018-02-16 19:44:08,"b'RT @AlbertaDiabetes: The excess of sugar in our diets increases the risks of health conditions such as obesity, insulin resistance, diabete\xe2\x80\xa6'"
963047841261236225,2018-02-12 13:51:12,b'RT @jbiolchem: Essential amino acids for glucose transporter 5 (GLUT5)-mediated fructose transport. https://t.co/bZhuPGH26m https://t.co/2E\xe2\x80\xa6'
963045886090657793,2018-02-12 13:43:26,b'RT @CIHR_IRSC: Today is the International Day of Women and Girls in Science. #ChooseScience #WomenInScience https://t.co/QjJ2VBs8vB'
960940318492258304,2018-02-06 18:16:39,b'Here is the complete video\n@Rene_l_jacobs https://t.co/pSdZc7Bkmx'
960774965422206976,2018-02-06 07:19:36,b'On the news @Rene_l_jacobs https://t.co/6cKs34IhbE'
958791797207158786,2018-01-31 19:59:12,b'RT @NatRevMCB: https://t.co/rehIXvQgIy A Review on the molecular and cellular changes associated with #ageing: epigenetics; DNA repair and\xe2\x80\xa6'
956977274036899840,2018-01-26 19:48:56,b'Congrats @Robin_Clugston for the amazing news \xf0\x9f\x8e\x89\xf0\x9f\x8e\x87\xf0\x9f\x8e\x86\xf0\x9f\x8e\x8a'
943582176376844288,2017-12-20 20:41:36,b'RT @UofAResearch: Young scientists face too many funding obstacles via @globeandmail  https://t.co/XWZHV31fNr #CDNsci #CDNpse'
943272241927770113,2017-12-20 00:10:02,b'RT @jpkennelly1: IL-10 Signaling Remodels Adipose Chromatin Architecture to Limit Thermogenesis and Energy Expenditure https://t.co/GgYi6D3\xe2\x80\xa6'
925061478163668992,2017-10-30 18:06:57,"b'ADI seminar, a little bit of choline\n@Rene_l_jacobs @AlbertaDiabetes @UAlberta https://t.co/Lw7bGsLz2c'"
924448962043613184,2017-10-29 01:33:02,"b'The best way of thinking about our life, actions, and knowing ourselves is to be ""ensimismado(a)"" https://t.co/Ff2mqQjLD5'"
923316639298392064,2017-10-25 22:33:35,b'The best figure that explains how the immune system works https://t.co/ncxdX5RDuJ'
922170857291526144,2017-10-22 18:40:40,b'@Rene_l_jacobs @jpkennelly1 @UofAALES @AlbertaDiabetes @UofAnutrition A great year for our lab!!!!!'
920655618343518209,2017-10-18 14:19:39,"b'RT @WHO: ""Noncommunicable diseases affect us all. We all know someone whose life was cut short by heart disease &amp; cancer""-@DrTedros #BeatNC\xe2\x80\xa6'"
920073414244626433,2017-10-16 23:46:10,"b'RT @AlbertaDiabetes: ADI member Cathy Chan shares focus and key goals of Diabetes, Obesity &amp; Nutrition Strategic Clinical Network @ahs_scn\xe2\x80\xa6'"
918591562749239296,2017-10-12 21:37:49,b'RT @UAlberta: Notice: Suspicious behaviour in women\xe2\x80\x99s washrooms on North Campus. https://t.co/GUjEgcc6pp #UAlberta https://t.co/netHO9Mora'
918591430490247178,2017-10-12 21:37:18,b'RT @CNS_SCN: 2017 #Nutrition Report Card on #FoodEnvironments: Is Alberta making the grade? https://t.co/jzwPLHV3gv https://t.co/kFLggaztoe'
916733163296059392,2017-10-07 18:33:12,"b'RT @NASA: Mercury has almost no atmosphere, but it does have a strange weather pattern: morning micro-meteor showers. Details: https://t.co\xe2\x80\xa6'"
916162411270307840,2017-10-06 04:45:14,b'RT @JKCorden: Here it is! All of Julia Roberts movies in one take!  https://t.co/7wFMz3h3z5'
916063003161882625,2017-10-05 22:10:14,"b""RT @AlbertaDiabetes: One of many interesting presentations at this year's ADI Research Day - @FuClaude on insulin secretion and exocytosis\xe2\x80\xa6"""
916062934991867905,2017-10-05 22:09:57,b'RT @AlbertaDiabetes: Great to see so many passionate trainees showcasing their research at ADI Research Day! #ADItrainees @UAlberta https:/\xe2\x80\xa6'
916025860817272832,2017-10-05 19:42:38,b'RT @AlbertaDiabetes: ADI 2017 RESEARCH DAY welcomes keynote speaker Megan Levings @UBC @BCCHresearch https://t.co/YxCNOg46BD'
916025046631636992,2017-10-05 19:39:24,b'Great opportunity to talk about our work at poster session @AlbertaDiabetes @UAlberta https://t.co/JLgmpcTIK1'
915826692198977536,2017-10-05 06:31:13,"b'RT @PharmaLauren: ""If you can\'t explain it to a 6yr old, you don\'t understand it yourself"" -Einstein. Practice pitching lay investors on re\xe2\x80\xa6'"
915343179506966528,2017-10-03 22:29:54,b'RT @CellPressNews: #Cancer #Nanomedicine: Lessons for #ImmunoOncology @trendscancer https://t.co/ilSAY7TpSo'
915278233460813824,2017-10-03 18:11:50,b'RT @UAlberta: A statement regarding an alleged incident in CCIS and UAlberta emergency responses. https://t.co/wHGWxqseMD #UAlberta https:/\xe2\x80\xa6'
913128315074023424,2017-09-27 19:48:50,b'RT @AlbertaDiabetes: ADI 2017 RESEARCH DAY on Oct 5 in Lister Centre with keynote speaker Megan Levings @UBC @BCCHresearch REGISTER: https:\xe2\x80\xa6'
912381322764673024,2017-09-25 18:20:33,b'RT @DiabetologiaJnl: GLP-1/glucagon receptor co-agonism for treatment of #obesity https://t.co/S6Xf5fWR4W https://t.co/DDugFZO1GZ'
911253752589553665,2017-09-22 15:39:59,b'RT @CellPressNews: Immune Response to Cancer Therapy: Mounting an Effective Antitumor Response &amp; Mechanisms of Resistance @trendscancer htt\xe2\x80\xa6'
910645251479502849,2017-09-20 23:22:01,"b'RT @metrotoronto: ""The Mexican people also need our help"": Torontonians collecting donations for Mexico earthquake victims https://t.co/nMt\xe2\x80\xa6'"
910339603550412803,2017-09-20 03:07:29,"b'RT @KOsnp: #choline metabolism by #gutmicrobes in mom affects bioavailability for developing fetal brain, affecting behavior https://t.co/v\xe2\x80\xa6'"
909421570858168320,2017-09-17 14:19:33,b'RT @CellPressNews: Micronutrients: A Double-Edged Sword in #Microbe-Induced Gastric #Carcinogenesis @trendscancer https://t.co/ODOPvc6PW3'
906227667413950464,2017-09-08 18:48:07,"b'RT @AlbertaDiabetes: Sept 18 @UAlberta_FoMD Dean\'s Lecture Series: Dr. Errol B. Marliss ""Convergence of insulin resistance of glucose and p\xe2\x80\xa6'"
906227496697438210,2017-09-08 18:47:26,b'RT @DiabetologiaJnl: The mechanisms of action of metformin https://t.co/46EUoSfNKj https://t.co/2WjwvysFNL'
903008572342239233,2017-08-30 21:36:35,b'As always the best boss @Rene_l_jacobs  giving a great talk https://t.co/o52JSiST27'
902729214402719748,2017-08-30 03:06:31,b'RT @DeanALES_UofA: Are you interested in #food? Come see #FoodEvolution sponsored by @UofAALES. @UAlberta #yeg #yegfood  https://t.co/7Nfoz\xe2\x80\xa6'
901461795990151168,2017-08-26 15:10:15,"b'RT @UAlbertaFGSR: In hierarchical cultures, soft skills are not as important as in non-hierarchical cultures.- Lionel Laroche. #UAlberta ht\xe2\x80\xa6'"
901461707104559104,2017-08-26 15:09:53,b'It was a very helpful talk https://t.co/YJxy27Z1Cd'
899363523670749185,2017-08-20 20:12:28,b'RT @NASA: Don\xe2\x80\x99t fall for #FakeEclipseFacts\xe2\x80\xa6get the real facts right here from #NASA! Here are some #Eclipse2017 misconceptions https://t.co\xe2\x80\xa6'
897886790194929664,2017-08-16 18:24:27,"b'A Bite of Nutrition: Fresh News and Events | August 16, 2017: https://t.co/DhIR2TwLFD'"
897525307887964162,2017-08-15 18:28:03,"b'RT @DiabetologiaJnl: With age, hyperphagia causes insulin resistance and hyperinsulinemia, partly due to impaired insulin clearance https:/\xe2\x80\xa6'"
897525201868439553,2017-08-15 18:27:37,b'RT @VernDolinsky: Important summary about preparing manuscripts. @stephkereliuk @CONSNP_UofM @brittany_moyce @gabrielb_91 @TaylorMorriseau\xe2\x80\xa6'
889704091286331392,2017-07-25 04:29:19,b'RT @wef: These countries have the most positive influence on the world https://t.co/Zwo1MhNPKF https://t.co/0lvzVvB1Uw'
885626943160205312,2017-07-13 22:28:12,b'RT @Rene_l_jacobs: Amen! https://t.co/Ps5ZfBnsFF'
884483417810665474,2017-07-10 18:44:14,"b'RT @AHAlivehealthy: Take a minute to breathe for #MindfulMonday! With every exhale, you can breathe out tension and negativity that may be\xe2\x80\xa6'"
882688227307642880,2017-07-05 19:50:47,b'RT @jbiolchem: Why activation of Farnesoid X receptor may be an effective therapy for managing hepatic steatosis and diabetes. https://t.co\xe2\x80\xa6'
880211870333915136,2017-06-28 23:50:38,b'RT @jbiolchem: Lack of liver glycogen causes hepatic insulin resistance and steatosis in mice. https://t.co/DS1dFfp4Js @IUMedSchool https:/\xe2\x80\xa6'
872347703421927424,2017-06-07 07:01:14,b'RT @DiabetologiaJnl: The gut microbiome as a target for prevention and treatment of hyperglycaemia in type 2 diabetes https://t.co/SNpxxRnT\xe2\x80\xa6'
872347040403120128,2017-06-07 06:58:36,b'Hahaha best Mary Poppins ever https://t.co/1hTVQMkzui'
870880313861263360,2017-06-03 05:50:21,"b'RT @NASA: On 3rd attempt, a rocket studying aurora is set to light up mid-Atlantic coastal skies Saturday. Watch at 3:45am ET: https://t.co\xe2\x80\xa6'"
870291543281647616,2017-06-01 14:50:47,b'RT @DiabetologiaJnl: Paracrine GABA and insulin regulate pancreatic alpha cell proliferation in a mouse model of type 1 diabetes https://t.\xe2\x80\xa6'
870290404591026177,2017-06-01 14:46:16,"b""RT @NASA: Did you know our Lucy mission's name has inspiration from @TheBeatles' \xe2\x80\x9cLucy In The Sky With Diamonds\xe2\x80\x9d? https://t.co/mq3E5WsEUr #\xe2\x80\xa6"""
870033339935105024,2017-05-31 21:44:47,"b'Pero no, el cambio climatico no existe, puff https://t.co/osDBChyqzC'"
870031597436772352,2017-05-31 21:37:51,b'RT @CellPressNews: #Epigenetics &amp; #Cancer #StemCells. Scaffidi et al. @TheCrick @trendscancer  https://t.co/Eb5vKgNUgj https://t.co/ItBetPF\xe2\x80\xa6'
869779320176205826,2017-05-31 04:55:24,"b""RT @WHOSEARO: It's #WorldNoTobaccoDay\xf0\x9f\x9a\xad\nEvery year tobacco cuts short over 1.3 million lives across the Region\xe2\x9d\x97\xef\xb8\x8f\nhttps://t.co/eqPGPe8r1H\nSay\xe2\x80\xa6"""
869624830072455168,2017-05-30 18:41:30,b'RT @viracabrera: As\xc3\xad qued\xc3\xb3 mi cartel para \xc3\xa9sta semana :3 https://t.co/M2E6QgJlJD'
868685617856688128,2017-05-28 04:29:25,"b'RT @CNS_SCN: Congratulations to Dr. Jacobs, Young Investigator Winner #CNSSCN2017 https://t.co/kJnNmFL1gh'"
868685516228702210,2017-05-28 04:29:01,b'RT @CNS_SCN: Talent Galore at CNS! #CNSSCN2017 https://t.co/ZI1EPsQjRM'
868625884223287296,2017-05-28 00:32:03,"b'RT @DylanMacKayPhD: Congrats @PaulinaAldana for your #CNSSCN2017 award, @Rene_l_jacobs must be proud!! @UofAALES @UofAnutrition https://t.c\xe2\x80\xa6'"
868625730279792641,2017-05-28 00:31:27,"b'RT @Rene_l_jacobs: Congrats Paulina for your CNS award, Very proud supervisor! @UofAALES @UofAnutrition https://t.co/gpxwkgRmp1'"
868451475009261569,2017-05-27 12:59:01,b'As always very inspiring talk @Rene_l_jacobs https://t.co/5kU8lFXQtz'
868158945382322176,2017-05-26 17:36:36,"b'RT @CNS_SCN: Paulina Aldana Hernandez, University of Alberta\nMohammed Moghadasian Award for Student Research in the Application of Nutritio\xe2\x80\xa6'"
807970132517494785,2016-12-11 15:27:45,b'Platelet Adhesion and Aggregation https://t.co/YUgepD7SMY v\xc3\xada @YouTube'
791247729875750912,2016-10-26 11:58:54,b'RT @AlbertaDiabetes: Novel Mediators of Insulin Action presented by Dr Sudha Biddinger @harvardmed Division of Endocrinology #ualberta Nov\xe2\x80\xa6'
785180341879369729,2016-10-09 18:09:16,b'@LgYorsh now on twitter'
785131768169033728,2016-10-09 14:56:15,"b'@Rene_l_jacobs this is the International Fair of Egg in Tepatitlan, Jalisco\nhttps://t.co/sSuzu7oDI7'"
757805925583302660,2016-07-26 05:13:06,"b""RT @UAlberta: We will be launching Alberta's first satellite in December. It doesn't get much cooler than that. https://t.co/cpt2hFu8u9"""
753567152729427973,2016-07-14 12:29:44,b'Interesant https://t.co/eMh51My1pj'
752321613861941249,2016-07-11 02:00:24,b'Just love it https://t.co/gKfzzRMTlI'
18091509832,2010-07-09 04:32:17,b'ayudando a Elvira con su ingles jeje'
17917694810,2010-07-07 03:09:52,"b'@evainilla Wow, que padre que est\xc3\xa9s desarroll\xc3\xa1ndote en lo que te gusta, Lista para ser otra vez t\xc3\xada?'"
17917572395,2010-07-07 03:08:02,"b'@ElviraCabrera Muy bonito comiendo chile, y las agruras que eh!!!  C\xc3\xb3mo va la peque\xc3\xb1a Luna'"
17917338058,2010-07-07 03:04:33,b'Creo que los dientes de Lucy no tardan en salir'
14474702314,2010-05-22 04:44:32,"b'Almendra Luc\xc3\xada con infecci\xc3\xb3n estomacal, kiero llorar con ella c/8 hrs, hay que darle medicamento'"
13901754407,2010-05-13 08:02:56,b'Making pizza'
