id,created_at,text
968523873393233921,2018-02-27 16:31:00,"b'Haloat, Arthant ""Closest to Home, Yet Worlds Apart: Principle of Subsidiarity in the Galactic Republic"" Galactic Go\xe2\x80\xa6 https://t.co/VZsiEfCX1A'"
967125167880093696,2018-02-23 19:53:02,"b'Marisel, Kel. A Force More Powerful: History of Non-violent Resistance in Republic and Empire. Muunilinst. 25 ABY. Muunilist Freedom Press'"
967048284626759681,2018-02-23 14:47:32,"b'Lithal, Molan and Koibito Lurechia. 34ABY. Capes, Colors, and Class: Agony and Ecstasy in the Theology of the Knigh\xe2\x80\xa6 https://t.co/t6cjvxPvSS'"
966790519308406784,2018-02-22 21:43:16,"b'Andron, Garm ""Do multi-species militaries outperform clone troopers in combat effectiveness?"" New Galactical Securi\xe2\x80\xa6 https://t.co/u2CVE0A9Yq'"
966465465190092805,2018-02-22 00:11:37,"b'Gowplun, Davnat ""Droids, Troopers and Lush Forests: Terraforming as a Counter-rebel Strategy in Desert and Arctic P\xe2\x80\xa6 https://t.co/O88x6P8jXX'"
966415752113762304,2018-02-21 20:54:05,"b'Douley, Desicas ""Beyond Counting Midi-chlorians: What do We Know About Force Sensitivity After Millennia of Researc\xe2\x80\xa6 https://t.co/0NpraxabdL'"
966398715190697984,2018-02-21 19:46:23,"b'Khathosh, Korluaskhul ""Beyond Breasts and Legs: De-anthropomorphizing Sexuality in Republic Media"" , Postspecies Studies, Vol 13, 7'"
966384452203986944,2018-02-21 18:49:42,"b'Bane, Darth. ""The rule of two: maximizing efficiency and minimizing turnover in for-profit political and philosophi\xe2\x80\xa6 https://t.co/2gXVCKMeok'"
966378392311316480,2018-02-21 18:25:37,"b'Lansford, Vosca. ""More than caretakers: Ahch-To women and forced service in the modern Jedi zeitgeist."" Journal of\xe2\x80\xa6 https://t.co/tGBGD8DVlY'"
966378197603397633,2018-02-21 18:24:51,"b'Quizan, Nolan ""Does orbital bombardment reduce rebel activity? New evidence from 34 worlds"" Journal of Imperial Sec\xe2\x80\xa6 https://t.co/2SF7Pw8n5L'"
