id,created_at,text
967426603604209665,2018-02-24 15:50:50,b'...We all love research but we also know that there is a part of the academia that is flawed and needs to be fixed.\xe2\x80\xa6 https://t.co/SKDJEVZHaK'
967426602186485760,2018-02-24 15:50:50,"b'...but we also complain about everything: How busy we all are, how unfair the system is and how mean the reviewers\xe2\x80\xa6 https://t.co/DzhLBj4wGj'"
967426600781434883,2018-02-24 15:50:50,"b'If you voluntarily choose to be a researcher, you must like academia. We also like it. A lot. Running experiments,\xe2\x80\xa6 https://t.co/oXPcW6a0No'"
967385474108096512,2018-02-24 13:07:24,"b'Hello Twitter, we are two PhD candidates who try to survive in academia. One tweet at a time.'"
