id,created_at,text
970262904120496128,2018-03-04 11:41:17,"b""RT @TheEconomist: China's most watched television broadcast has sparked a social-media backlash for being racist. As China pushes out into\xe2\x80\xa6"""
969952442904449025,2018-03-03 15:07:37,b'Delving into the world of R programming. Great was to spend a snowy Saturday #snowday #saturdayscience'
969694609088696320,2018-03-02 22:03:05,"b'RT @garyyounge: The fact that Boris Johnson got and remains in his job, clearly illustrates how the privileges of gender, race &amp; class cons\xe2\x80\xa6'"
969693991980630016,2018-03-02 22:00:38,"b""great to hear @MaarjaLuh and @ChiOnwurah speak at today's @NU_Women talk about women in politics #ncluni #nuwomen https://t.co/Vv7nNoQMOS"""
968830623669473282,2018-02-28 12:49:55,b'RT @team_kenya: Save the date! https://t.co/05HjyLovAO'
965630549292470274,2018-02-19 16:53:58,b'In love with the work of the Singh Twins that I got to see this weekend @walkergallery. Political and historical co\xe2\x80\xa6 https://t.co/yqADfY7lF6'
965622234227363845,2018-02-19 16:20:55,"b'RT @DevilleSy: Roses are red, \nLilies are blue, \nThis poem was short,\nBut reviewer 3 required a number of modifications, so we had to cite\xe2\x80\xa6'"
961652172034314240,2018-02-08 17:25:19,"b""Ready for NU public lecture by Jane Robinson about women's suffrage #Suffragette #Votes100 #TheFutureIsFemale https://t.co/p241HkFNQC"""
961271303264260096,2018-02-07 16:11:52,"b""Museum of London marks 100 years of women's suffrage @AJENews  https://t.co/tigQ9kBb5W"""
961271114340192262,2018-02-07 16:11:07,b'RT @KularRandeep: With thanks to all those who 100 years ago had to fight for #women to have the right to vote #vote100 The campaign contin\xe2\x80\xa6'
960135259798065153,2018-02-04 12:57:39,b'RT @EKOearth_: Happy #PlasticFreebruary \xf0\x9f\x99\x8c\xf0\x9f\x92\x99\xf0\x9f\x98\x8a \n\n #PlasticFreeParliament #PassOnPlastic #plasticfree #toxicfree #eco #zerowaste #noexcuseforsi\xe2\x80\xa6'
960127874618535936,2018-02-04 12:28:18,b'RT @AMWardell1: We stand on the shoulders of giants. #Suffragette100  #Suffragette  https://t.co/zzLpR9qfOD'
959710411120631808,2018-02-03 08:49:27,"b""RT @ACSCevents: Interested in mitochondrial diseases and the molecular mechanisms involved? Join us at this year's meeting on Mitochondrial\xe2\x80\xa6"""
959351182589333505,2018-02-02 09:02:00,b'https://t.co/G3sm75BUVb'
958247082451718144,2018-01-30 07:54:42,b'RT @mitomedicineman: https://t.co/xv589vlni0 Preferential amplification of a human mitochondrial DNA deletion in vitro and in vivo'
954012143908683776,2018-01-18 15:26:34,b'RT @fawcettsociety: We\xe2\x80\x99re looking for 100 committed people to raise \xc2\xa31000 over 2018 for our Future Fawcett Education Outreach work - sign u\xe2\x80\xa6'
918218554725593090,2017-10-11 20:55:37,b'RT @MitoResearch: Thank you to all of our researchers who hosted researcher tables at this years patient day. You were fantastic! https://t\xe2\x80\xa6'
918218448202878976,2017-10-11 20:55:12,b'RT @MitoResearch: There could be only one winning table for the patient choice award....well done to the treatment group! https://t.co/jqmp\xe2\x80\xa6'
918061833596088320,2017-10-11 10:32:52,b'RT @LeighNetwork: @MitoResearch thanks for an informative day on Sat #mitochondrialpatientday I left feeling hopeful'
917775227203084288,2017-10-10 15:34:00,b'@NovartisScience @uclachem @mitomedicineman @UCLA Back in the lab Stephen!'
917775178238701570,2017-10-10 15:33:48,b'RT @NovartisScience: Our scientists and @UCLAchem explore what natural product stendomycin does in yeast and human cells  https://t.co/UxXv\xe2\x80\xa6'
916779391832780802,2017-10-07 21:36:54,b'Team treatment at the Newcastle  patient information day! @MitoResearch #PhD #outreach #mitochondria https://t.co/cbfOrcrbBN'
916217002192228352,2017-10-06 08:22:10,b'RT @UniofNewcastle: At Valence @FineArtNCL with amazing creations inspired by mitochondria https://t.co/CeAYeiOoBU'
915985903214088192,2017-10-05 17:03:52,"b'RT @StudentsNCL: Many thanks for your inspiring talk, do come back and visit us any time \xf0\x9f\x98\x8a https://t.co/AVX304KPPF'"
915843841852354560,2017-10-05 07:39:22,"b'What is cryo-electron microscopy, the Nobel prize-winning technique? https://t.co/PJtOigCN7k'"
915256784226578432,2017-10-03 16:46:36,b'RT @FineArtNCL: .@FineArtNCL &amp; @MitoResearch exhibition VALENCE is top of this week\xe2\x80\x99s @an_artnews listings https://t.co/hlOrClg0uB'
913895692355153920,2017-09-29 22:38:07,b'RT @MitoResearch: Prof Sir Doug Turnbull from @MitoResearch is speaking tomorrow at @newscilive event in London. For details see https://t.\xe2\x80\xa6'
913532248602923008,2017-09-28 22:33:55,b'RT @an_artnews: NOW SHOWING: @valence_art is an art/science collaboration @VaneGallery featuring  @FineArtNCL @MitoResearch https://t.co/Bj\xe2\x80\xa6'
913350916912369664,2017-09-28 10:33:22,b'RT @VaneGallery: Great symposium for \xe2\x80\x98Valence\xe2\x80\x99 this afternoon. Reception tonight Wednesday 27 Sept 5-8pm. @valence_art @FineArtNCL @MitoRes\xe2\x80\xa6'
912375665193832454,2017-09-25 17:58:04,b'RT @VaneGallery: Current show \xe2\x80\x98Valence\xe2\x80\x99 ends 30 Sept. Evening reception Wednesday 27 Sept 5-8pm. @valence_art @FineArtNCL @MitoResearch @Un\xe2\x80\xa6'
910834040764338182,2017-09-21 11:52:12,b'RT @4Lilyfoundation: Incredible effort from the Research team at Newcastle. We really appreciate the time &amp; effort put into this &amp; most of\xe2\x80\xa6'
910605522314911746,2017-09-20 20:44:09,b'RT @4Lilyfoundation: Another of our fabulous patrons getting his socks off for Global Mitochondrial Disease Awareness week! X https://t.co/\xe2\x80\xa6'
910598436369596416,2017-09-20 20:15:59,b'RT @AmyV91: @jodcast Thanks! Hope you enjoyed your postcard! @MitoResearch  @4Lilyfoundation #mitoaware'
910598399807848449,2017-09-20 20:15:51,"b""RT @jodcast: It's #MitoAwarenessWeek. You'll hear about these diseases from @AmyV91 in our Bluedot Special II next month, but for now, here\xe2\x80\xa6"""
910598087034441728,2017-09-20 20:14:36,b'@ruth_glasgow @MitoResearch @4Lilyfoundation Amazing Ruth!'
910597303186153479,2017-09-20 20:11:29,"b'RT @SpaceChilli: Surprise postcard from @JedButtress and @MitoResearch for #MitoAwarenessWeek, complete with the prettiest prostate print I\xe2\x80\xa6'"
910597233493626880,2017-09-20 20:11:13,b'@4Lilyfoundation @MitoResearch  Got my feet out today to raise awareness of mito disease #mitoaware2017\xe2\x80\xa6 https://t.co/cbgOxFgiwf'
910596552351256577,2017-09-20 20:08:30,b'RT @MitoResearch: Great work with @AshwinUrol @pkrai191 @JedButtress to raise awareness of Mito and prostate research @TUF_tweets @Rosetree\xe2\x80\xa6'
909506169026351104,2017-09-17 19:55:43,b'RT @EmmanueleDiLeo: #LightUpForMito: dopo #Roma con il Colosseo siamo certi che anche #Napoli con il Sindaco @demagistris @sindacoxnapoli a\xe2\x80\xa6'
909422593605881856,2017-09-17 14:23:37,"b'RT @WinterFestival: In honour and support of the 55th Anniversary of the 1st diagnosis of Mitochondrial Disease, the Falls will be illumina\xe2\x80\xa6'"
909422535787376640,2017-09-17 14:23:23,b'RT @MitoResearch: Newcastle Gateshead Millenium Bridge lighting up for mito! #lightupformito #mitoaware Thanks @DruDodd https://t.co/oTIkex\xe2\x80\xa6'
908715171656404992,2017-09-15 15:32:34,"b'@LeighNetwork Hi Faye, its Pav, researcher from Lily weekend. Pls let me know about your lovely poem.'"
907689527656972289,2017-09-12 19:37:02,b'RT @MitoAging: #Phosphatidic Acid and #Cardiolipin Coordinate #Mitochondrial #Dynamics https://t.co/Hg0P7wrBrB'
907179924267642881,2017-09-11 09:52:03,"b'RT @CellPressNews: #TOR, the Gateway to Cellular #Metabolism, Cell Growth, and #Disease @CellCellPress @LaskerFND #Lasker2017 https://t.co/\xe2\x80\xa6'"
907178128908460032,2017-09-11 09:44:55,b'RT @4Lilyfoundation: The beautiful Charlotte x https://t.co/lNyDDIAF1D'
906851754247106560,2017-09-10 12:08:01,b'Team mito at the Lily family day @4Lilyfoundation @MitoResearch #newcastle #mitochondria https://t.co/gjDCBbxVDX'
906851426332274688,2017-09-10 12:06:43,b'Having fun at the Lily foundation family day. @4Lilyfoundation https://t.co/s0p8vLieq5'
906851252902002688,2017-09-10 12:06:01,b'Dr Schaefer demonstrating his skills @4Lilyfoundation @MitoResearch https://t.co/LuMOAoGi6W'
892987093336641536,2017-08-03 05:54:48,b'@BBCR1 Women conserve energy better than men. Fat distribution is different so extremeties are colder. https://t.co/zZV91bd7Xy'
884882521296691200,2017-07-11 21:10:08,"b'RT @baltic39: WOON WINNER: Joy Labinjo\xe2\x80\x99s paintings explore the complex relationship between identity, race &amp; culture. Grad @UniofNewcastle\xe2\x80\xa6'"
883745312900354048,2017-07-08 17:51:16,b'RT @AmyV91: Science prints are coming along nicely at the @MitoResearch stall here @bluedotfestival #mitoaware come and see us! https://t.c\xe2\x80\xa6'
883745239101566976,2017-07-08 17:50:58,"b'RT @AmyV91: Open until 8pm, Come and find out about mitochondria in the south star field  @MitoResearch @bluedotfestival #mitoaware https:/\xe2\x80\xa6'"
883262237565218816,2017-07-07 09:51:42,b'The @MitoResearch  team are @bluedotfestival this weeknd with scientists and artists working together to talk about mitos! #jodrellbank'
882895164443955201,2017-07-06 09:33:05,b'RT @AmyV91: Researchers from @MitoResearch will be @bluedotfestival along with a couple of artists this weekend with science related art #c\xe2\x80\xa6'
880718600566439937,2017-06-30 09:24:11,b'@SophiaFrentz serious science conversations occuring in this picture #Euromit17 https://t.co/M8fLIVpqdY'
879807012787376130,2017-06-27 21:01:52,b'@SophiaFrentz Research is love \xf0\x9f\x98\x9a'
876753907904589824,2017-06-19 10:49:55,b'https://t.co/otcqeYwvRu'
876456799695720448,2017-06-18 15:09:19,b'RT @StudentsNCL: Today is your last chance to check out the free  @FineArtNCL @NCLDegreeShow before it heads of to #london https://t.co/4ks\xe2\x80\xa6'
875719265307037697,2017-06-16 14:18:37,"b'RT @4Lilyfoundation: Exciting news to report-Euromit, the largest conference on MD is coming to Newcastle in 2020! #research #findacure htt\xe2\x80\xa6'"
875463293657370624,2017-06-15 21:21:29,b'@mitomedicineman Thanks! We got some good responses \xf0\x9f\x91\x8d'
875019425673510912,2017-06-14 15:57:42,b'@LeighNetwork currently @Euromit2017 and heard your poem. Beautiful. Thank you for sharing your experience. We are working hard for you!'
875007025931067393,2017-06-14 15:08:26,"b""@SophiaFrentz @Euromit2017 Didn't get to say bye. Meet for a drink at the party?"""
874908399477063680,2017-06-14 08:36:32,b'RT @4Lilyfoundation: LilyFunded researcher Kyle Thompson discussing his research findings @Euromit2017 Importance of research: https://t.co\xe2\x80\xa6'
874908248754835456,2017-06-14 08:35:56,"b""RT @the_Crack: The Newcastle University Fine Art Degree Show (@FineArtNCL) is AMAZING this year and runs until Sunday. Don't miss! https://\xe2\x80\xa6"""
874908084895973378,2017-06-14 08:35:17,b'RT @EmboMolMed: Inspiring @EMBOcomm keynote on past achievements &amp; future directions in mito disease research by Anu Suomalainen @AWartiova\xe2\x80\xa6'
874891955364298758,2017-06-14 07:31:11,b'RT @mitomedicineman: Pyruvate kinase activation protects against mitochondrial dysfunction https://t.co/OCNGWSPsxW #mitochondria'
874883247683096576,2017-06-14 06:56:35,b'Presenting @Euromit2017 today. Please come for a chat this afternoon. C87 #Euromit2017 #PhD https://t.co/7Tgo2ZtVRc'
874623507342254082,2017-06-13 13:44:28,b'https://t.co/18Hn7RZYSQ great paper for mito evolutionists.'
874556889153011712,2017-06-13 09:19:45,b'This morning we heard Eric Shoubridge give an insightful talk regarding mito ER interactions. #Euromit17'
874168479036956676,2017-06-12 07:36:21,b'RT @AmyV91: An excellent one up for session 2 on disease and diagnosis @MitoResearch #Euromit2017'
874168364222074880,2017-06-12 07:35:53,b'Day 1 of diagnostic and clinical talks kicked off by David Thorburn and Doug Turnbull.  @Euromit2017'
873908014293581824,2017-06-11 14:21:21,b'Looking foward to listening to the first set of talks for #Euromit2017 https://t.co/A0E1ZyKPY8'
830085481987710977,2017-02-10 16:06:15,b'RT @mitomedicineman: Congratulations Sir Doug - !!!\xf0\x9f\x98\x80 https://t.co/LdCLdgqrCs'
823225737037672448,2017-01-22 17:48:05,b'RT @KaurLifeOnline: Love seeing #Sikhs in the #WomensMarchonWashington! Photo by Sehej #Kaur. https://t.co/LAff6EZhuV'
823123555558846464,2017-01-22 11:02:03,b'RT @preetkaurvirdi: This is what democracy looks like @WomensMarchNYC https://t.co/sJAwhwi4t5'
822838452337131522,2017-01-21 16:09:09,b'RT @WM_Global: .@womensmarch and #womensmarchglobal have surpassed ONE MILLION march participants! Find your march at https://t.co/8mNN6Idd\xe2\x80\xa6'
746800025200631808,2016-06-25 20:19:35,b'RT @MitoResearch: Pav and Hannah from @MitoResearch with their science placemats. #adventureland https://t.co/QEMi7CZi5p'
735558930118627329,2016-05-25 19:51:29,"b'RT @EWSommerville: ""Will AI wipe us out and how will we make our comeback?"" asks @pkrai191, some light interval entertainment #pint16'"
734809790816387072,2016-05-23 18:14:40,b'All ready for the Newcastle pint of science at the Core. @NeurosciNCLUni @pintofscience #pint16 https://t.co/iJUPc1e4zU'
734733572985217025,2016-05-23 13:11:49,b'RT @NeurosciNCLUni: Does fish make u brainy? Does stress age ur brain? Last few tickets @TheCoreUK tomo. Pint of Science!  #pint16 https://\xe2\x80\xa6'
734729615793639424,2016-05-23 12:56:05,"b""Precision engineered southern blots. Let's hope this one works! https://t.co/0rB5VaZQTT"""
731140409263575040,2016-05-13 15:13:52,b'Looking forward to the 5th Baddiley lecture from Nobel laureate Venki Ramakrishnan @MitoResearch @NeurosciNCLUni https://t.co/78GU0OIUef'
730724441810972672,2016-05-12 11:40:57,b'Scientific research can often be demoralising and unrewarding work. But once in a while that one experiment works and makes it all worth it'
729299288191275008,2016-05-08 13:17:54,b'Excited to be at my first Team Kenya AGM and find out about all the amazing work the charity is doing! #TKAGM16 https://t.co/GJjdHdERFk'
728544907179208705,2016-05-06 11:20:16,b'RT @4Lilyfoundation: #mitomed16 thanks for allowing The Lily Foundation to represent all our families at this inspirational event #mitoawar\xe2\x80\xa6'
728524031218098176,2016-05-06 09:57:19,b'RT @AmyV91: Patrick Chinnery pays tribute to the late Lord Walton and his life achievements @ Prof Turnbulls request #mitomed16 https://t.c\xe2\x80\xa6'
728235317086531584,2016-05-05 14:50:04,b'@MitoResearch  Yi Ng presenting information on adult mitochondrial disease at #mitomed16 https://t.co/Xyz65UcDNa'
727801457458688000,2016-05-04 10:06:04,"b'RT @EWSommerville: En route to #mitomed16 w @AmyV91 and @pkrai191, looking forward to hearing updates on mito disease treatments #mitoaware\xe2\x80\xa6'"
727801361627222016,2016-05-04 10:05:41,b'Enroute to the Well come Genome Campus #mitomed16'
641950629846482944,2015-09-10 12:25:31,b'In what world r people justifying the lewd words of an old man sent to a professional woman  on a business website?!  #charlotteproudman'
641948978196709376,2015-09-10 12:18:57,b'@uniofNewcastle Tom Smulders on BBC News - The chicken that lived for 18 months without a head. http://t.co/Hj5ldylpFK'
