id,created_at,text
970726638940930051,2018-03-05 18:24:00,b'Completed the survey yet? #SocialMedia #youngadults #socialemotionalwellbeing #SuicidePrevention #Mentalhealth\xe2\x80\xa6 https://t.co/umPLqGrOWq'
970419061325639680,2018-03-04 22:01:48,b'@jennicampbell9 @janeburns @ian_hickie @JasonTrethowan @GunnJane Thanks for the support @jennicampbell9'
969734879687487488,2018-03-03 00:43:06,"b""RT @SFreedenthal: The 3-day rule doesn't say wait 3 days and then kill yourself if you still feel bad. No, it asks that you reset the clock\xe2\x80\xa6"""
969677280401276929,2018-03-02 20:54:14,"b'@SMandYoungAdult Thanks for the support Rich @WriteNThrive , very much appreciated, Paul'"
969485331195031553,2018-03-02 08:11:29,"b'RT @SelfHarmNotts: It is #selfharmawarenessday Starting today, I have pledged to walk 1000 miles by the end of the year to raise money for\xe2\x80\xa6'"
969289783888375808,2018-03-01 19:14:27,b'RT @kbleakney95: Today is #UniMentalHealthDay \n\nResearch is being carried out at @UofGlasgow to assess Mental Wellbeing and Physical Activi\xe2\x80\xa6'
969142649306271746,2018-03-01 09:29:48,b'Please retweet\n#socialmedia #wellbeing #socialandemotional https://t.co/l3YqntjIFH'
969001046151282689,2018-03-01 00:07:07,"b'RT @PRDodem: 1 week in and going strong, thank you to all for completing retweeting. Great insight and #livedexperience coming in #SocialMe\xe2\x80\xa6'"
968955544072470528,2018-02-28 21:06:18,"b'1 week in and going strong, thank you to all for completing retweeting. Great insight and #livedexperience coming i\xe2\x80\xa6 https://t.co/E7qzeyEpxD'"
968574983533297664,2018-02-27 19:54:05,"b""We're so excited about the interest and number of completed surveys so far. It would be great if you could complete\xe2\x80\xa6 https://t.co/VrGN1t9eTA"""
968316280334774272,2018-02-27 02:46:06,b'RT @AASuicidology: An average of 1 person dies by #suicide every 11.7 minutes in the US Learn more about these important 2016 statistics an\xe2\x80\xa6'
968316183362637826,2018-02-27 02:45:43,"b""RT @lttphoto: Get these flapjacks while they're hot! https://t.co/k13Do92lvn"""
968316139066535936,2018-02-27 02:45:32,b'RT @deseraestage: #Suicide attempt survivors can be anyone and everyone. Learn more about Live Through This (@lttphoto) here: https://t.co/\xe2\x80\xa6'
968209309392777217,2018-02-26 19:41:02,"b'@JPBrown5 Thanks Jordan, very impressive'"
968193435285962752,2018-02-26 18:37:57,b'RT @OntheLineAus: This stock image account wants to break down the #stigma of mental illness by showing people without the usual cliches. #\xe2\x80\xa6'
968193301256970240,2018-02-26 18:37:25,b'RT @OntheLineAus: Fill your office with #plants to help keep your staff #happy and #healthy!\nhttps://t.co/2cyybMj7eK @danicalea @Conversati\xe2\x80\xa6'
968055627535736833,2018-02-26 09:30:21,b'@urpowerofreason Thank you @urpowerofreason for supporting this.'
967937414525214720,2018-02-26 01:40:37,b'I am so pleased to see that people are contributing to this survey on #socialmedia #YoungAdults  and #wellbeing.\xe2\x80\xa6 https://t.co/QcJvt7McBn'
967630897330573312,2018-02-25 05:22:38,b'@emilykblackman Thanks for RT @emilykblackman !'
967630408031465472,2018-02-25 05:20:41,b'@marshman503 @mommaoncall Thanks for the support!'
967630342063403008,2018-02-25 05:20:25,b'RT @marshman503: @PRDodem @mommaoncall Horns up! Did it!'
967629549214117888,2018-02-25 05:17:16,"b'@marshman503 @mommaoncall And thank you too @mommaoncall , sometimes I get a bit confused between the title names and @ handles'"
967622781436178434,2018-02-25 04:50:23,b'@marshman503 @mommaoncall Thanks @marshman503 thats great. \nIf you open the original tweet and click the redcap sur\xe2\x80\xa6 https://t.co/j5DfEpIohE'
967532165876432896,2018-02-24 22:50:18,b'#turnitup #grieving @lcdsoundsystem\n\nhttps://t.co/gh7rNKicEP via @youtube'
967530590470680577,2018-02-24 22:44:03,"b'RT @SuckItSuicide: ""it was found that metal identities were helping participants to survive the stress of challenging environments... https\xe2\x80\xa6'"
967529567316459520,2018-02-24 22:39:59,"b'Thanks for your support @zortea_tiago , and the work you are doing with this important research too. https://t.co/AdXT2RQgp7'"
967346694223364096,2018-02-24 10:33:18,"b'Such a privilege to read this raw and inspiring #livedexperience of #suicidebereavement from @XCharlotteFoxX , Than\xe2\x80\xa6 https://t.co/Isq2hw8b9B'"
967332108015321088,2018-02-24 09:35:21,b'Great to get contributions coming in for this research survey looking at #socialmedia #youngadults and #Wellbeing .\xe2\x80\xa6 https://t.co/evlLHhZn5u'
967328932688048128,2018-02-24 09:22:44,"b'RT @alexdaviespbts: Music can be such an awesome therapist! In episode 10 of our #podcast, I discuss how music affects me, some of my favou\xe2\x80\xa6'"
967328895560163328,2018-02-24 09:22:35,"b'RT @alexdaviespbts: In episode 10 of the #podcast, Cheryl and I discuss music and how important it can be as a therapy tool. Why not take a\xe2\x80\xa6'"
967324625964220416,2018-02-24 09:05:37,"b'RT @PostventionAus: After suicide we are in shock, often lost and confused. Taking a day at a time helps us through the dark times. The peo\xe2\x80\xa6'"
967317972359421952,2018-02-24 08:39:11,b'@ChristianKerrSW Thank you @ChristianKerrSW for the support!'
967313594034438145,2018-02-24 08:21:47,b'Great #livedexperience perspective and importance of #peersupport in #SuicidePrevention https://t.co/SunaeqgnYO'
967302141592260609,2018-02-24 07:36:16,"b""RT @imwtclothing: Whatever you may be doing for the weekend... make sure there's music involved!\n\nBecause everything is better with music :\xe2\x80\xa6"""
967270569845563397,2018-02-24 05:30:49,"b'A humbling and insightful read, thank you\nNo handle. https://t.co/1WMWTps94i via @NotThatBigIan'"
967264215651164161,2018-02-24 05:05:34,"b'RT @AgainstSuicide: There is nothing in nature that blooms all year long, so dont expect yourself to do so.'"
967191222660972544,2018-02-24 00:15:31,b'RT @IASPinfo: 2018 IASP Asia Pacific Conference.  Be sure to register for the Optional 1/2 day Post Conference Workshops https://t.co/BZaML\xe2\x80\xa6'
967190703490007040,2018-02-24 00:13:27,b'RT @IASP_ECG: Just 7 days left to submit your abstract for the @esssb17 at https://t.co/MOcB6c5XcA https://t.co/4xiKuH4nW0'
967183742883123200,2018-02-23 23:45:48,b'Good advice for #socialworkers and others in helping professions\nSocial Work - top tips https://t.co/4Ju1a6tVrb via @YouTube'
967163757871874049,2018-02-23 22:26:23,"b'Thank you @sasha_bailey10  for your support of this research, and your ongoing work in the #SocialMedia space https://t.co/l3YqntjIFH'"
966971188311334913,2018-02-23 09:41:11,"b""@deseraestage Well I still think you're amazing for everything you do, including for putting up this tweet. Thank you"""
966970221650063361,2018-02-23 09:37:20,b'RT @deseraestage: STAY shirts are walking activism. #Suicide prevention is up to all of us. Shirts available until TONIGHT at MIDNIGHT EST!\xe2\x80\xa6'
966970183175757824,2018-02-23 09:37:11,b'@deseraestage @lttphoto Looking forward to wearing mine over here is Australia!!'
966962742518210560,2018-02-23 09:07:37,"b""RT @allevin18: Know someone suffering w/#depression? Don't forget to ask their spouse/partner how THEY are doing. Can be quite challenging\xe2\x80\xa6"""
966958165412667393,2018-02-23 08:49:26,"b""The Unseen Battle: One young footballer's struggle off the pitch by Ruth Fo... https://t.co/jBBdpAOaMi via @AmazonUK"""
966957311662026753,2018-02-23 08:46:02,b'Thanks for the support @Mensmovementcom \nI appreciate you spreading the word https://t.co/l3YqntjIFH'
966867885158146050,2018-02-23 02:50:42,"b""RT @allevin18: Please Retweet!--#Mindfulness helps to fend off neg thoughts https://t.co/zPJw4VjZFz  -- Mindfulness in the shower???? It's\xe2\x80\xa6"""
966676949849354240,2018-02-22 14:11:59,"b'RT @PRDodem: Call for Participants: \nSocial Media, Young Adults and Wellbeing\n\nIs social media important to you?  Do you use it frequently?\xe2\x80\xa6'"
966676908099305472,2018-02-22 14:11:49,b'RT @PRDodem: This survey is a part of my PhD work\nI would be grateful if you could RT this post\nAnd complete this survey if you are 18-34 y\xe2\x80\xa6'
966392815981772800,2018-02-21 19:22:56,b'Thank you @owjbeer'
966392500993671168,2018-02-21 19:21:41,b'This survey is a part of my PhD work\nI would be grateful if you could RT this post\nAnd complete this survey if you\xe2\x80\xa6 https://t.co/iwqRVuQTgo'
966389228992172034,2018-02-21 19:08:41,"b'Call for Participants: \nSocial Media, Young Adults and Wellbeing\n\nIs social media important to you?  Do you use it\xe2\x80\xa6 https://t.co/PNlRRgEM52'"
966010311781203970,2018-02-20 18:03:00,b'RT @AdultPSWNetwork: Not that long until #WSWDay18 This year we wanted to try something different. We want SWs to write a short story or ar\xe2\x80\xa6'
965518544820609025,2018-02-19 09:28:54,b'RT @BarwonHealth: Your chance to have a say on parking around our hospital precinct. https://t.co/NnquLrJvU6'
965518497655660544,2018-02-19 09:28:42,"b'RT @SFreedenthal: I once heard a prominent suicidologist say, ""Suicide is a White male problem."" I found this to be offensive, not to menti\xe2\x80\xa6'"
964612093449199616,2018-02-16 21:26:59,b'RT @SJMcDonn: BIG THANK YOU  to the 31 people who completed the national suicide bereavement survey yesterday (15.02.18).  Your contributio\xe2\x80\xa6'
964001007641358336,2018-02-15 04:58:45,b'Indulging myself with a moment of home home town pride\n\nhttps://t.co/lNMvr9tdad'
963886558389522432,2018-02-14 21:23:58,"b'RT @Lenaschatz: \xf0\x9f\x93\x9d Interested in submitting a piece about surviving #sibling #suicideloss for a book project? DM me, comment below, or email\xe2\x80\xa6'"
963576225523367936,2018-02-14 00:50:49,"b'RT @BarwonHealth: ""All humans respond to words. Healthcare workers put their heart and soul into their work and a simple \xe2\x80\x9cthank you\xe2\x80\x9d means\xe2\x80\xa6'"
963497133176340480,2018-02-13 19:36:32,"b""RT @AllanJClarke: I've spent the better part of a year working on this program. These amazing family's have opened up their homes to me and\xe2\x80\xa6"""
963479730878992384,2018-02-13 18:27:23,"b'RT @AASW_: We are seeking contributions for the next edition of Social Work Focus, the theme being The First Australians: Aboriginal and To\xe2\x80\xa6'"
963139416196751360,2018-02-12 19:55:05,b'For those in the UK https://t.co/E8cOkcRbFF'
963139205248434176,2018-02-12 19:54:15,"b""RT @FoxInTheBox05: Depression has no face. Just because someone appears to be happy, smiley and confident, it doesn't mean they're not stru\xe2\x80\xa6"""
963138987979284480,2018-02-12 19:53:23,b'RT @lttphoto: STAY shirts are back! Get yours now. (@JessStohlmann &amp; Nicky Cage not included) https://t.co/3eRBHJWrbF #suicide #suicideprev\xe2\x80\xa6'
962997351169236992,2018-02-12 10:30:34,"b'RT @jackie_krychiw: Research opportunity for Lived Experience participants: 18+ years of age, have made at least one suicide attempt, are w\xe2\x80\xa6'"
962468766708776960,2018-02-10 23:30:10,b'RT @VoiceDepression: Thank you for participating in our survey. These results  make clear that shared stories and an understanding communit\xe2\x80\xa6'
962209760882774016,2018-02-10 06:20:58,b'RT @SelfHarmNotts: Last week or so to take part. Please help if you can #research https://t.co/mAQeen6GAY'
961822966123081728,2018-02-09 04:43:59,"b""RT @merollim: Hi all. We're currently running a study called IT&amp;Me, investigating how people managing chronic illness use tech to support t\xe2\x80\xa6"""
960579959256264704,2018-02-05 18:24:43,"b""RT @johannhari101: This is what the World Health Organisation says about mental health. It's based on sound science - and it requires a rev\xe2\x80\xa6"""
960468309689868288,2018-02-05 11:01:04,b'We must listen to Indigenous voices. Social media is a good place to start | Tristan Kennedy https://t.co/vl86lbcMZM'
960466925632409600,2018-02-05 10:55:34,"b'RT @OntheLineAus: ""People in cities access on average 40% more Medicare-funded mental health services than those in rural and remote areas""\xe2\x80\xa6'"
960304205280849921,2018-02-05 00:08:58,"b'RT @SFreedenthal: If you\'ve read my book ""Helping the Suicidal Person"" ... &amp; especially if you liked it ;) ... I\'d be honored &amp; grateful if\xe2\x80\xa6'"
959729546516774912,2018-02-03 10:05:29,"b'RT @suicidemediabot: If you think the information shared here is valuable, PLEASE RT. Trying to connect with journalists everywhere.'"
959540685496987648,2018-02-02 21:35:01,b'UN cautions Australia over welfare policies https://t.co/qs7NMfrLO0 via @RadioNational'
958816809368543232,2018-01-31 21:38:35,b'A Social Media-Based Acute Alcohol Consumption Behavior (NekNomination): Case Series in Italian Emergency Departmen\xe2\x80\xa6 https://t.co/AynYIy7FGW'
958789422526287872,2018-01-31 19:49:46,b'RT @Liz_Samaritans: NEW RESEARCH ROLE: Want to come and work with us!? We have an exciting new research/policy role in our team ... details\xe2\x80\xa6'
958657312922546181,2018-01-31 11:04:49,b'RT @BarwonHealth: All welcome...#Apology10 https://t.co/1PifMeWVTo'
958657134077517824,2018-01-31 11:04:06,"b'RT @Deakin: An over-the-counter nutritional supplement could hold the key to smokers quitting for good, according to a group of #Deakin and\xe2\x80\xa6'"
958297056816214016,2018-01-30 11:13:17,"b'NDIS failing people with severe mental health issues, new report warns https://t.co/nixmcdI1Cu'"
958067551849730049,2018-01-29 20:01:19,"b'RT @RecordingAcad: ""1-800-273-8255"" is more than a song\xe2\x80\x94it\xe2\x80\x99s a message of hope. @Logic301 teamed up with @madebygoogle and leant his song a\xe2\x80\xa6'"
958053377090269184,2018-01-29 19:04:59,b'A humbling read\n#livedexperience #cancer\n\nWhat to Say When You Meet the Angel of Death at a Party https://t.co/K3jq1VSAcU'
958043342331244544,2018-01-29 18:25:07,"b'RT @TimetoChange: The more open we are about mental health, the better life can be for all of us. So change a life this #TimeToTalk Day and\xe2\x80\xa6'"
957910713485242368,2018-01-29 09:38:05,"b'RT @SuckItSuicide: ""The Lifeline\xe2\x80\x99s hotline number is actually the inspiration for Cara, Khalid and Logic\xe2\x80\x99s suicide prevention... https://t.\xe2\x80\xa6'"
957910569348079617,2018-01-29 09:37:31,"b'RT @SFreedenthal: If we understand that feelings of inadequacy are common, we can feel less inadequate. \n#SuicidePrevention https://t.co/IE\xe2\x80\xa6'"
957910325784862720,2018-01-29 09:36:33,b'Great privilege to hear and learn from #livedexperience #abi https://t.co/lJP8H8Csgz'
957394107227238400,2018-01-27 23:25:17,b'Codeine medications: Pain and gain when products pulled from shelves this week https://t.co/4AgYXWHg1f: ABC News-Fa\xe2\x80\xa6 https://t.co/TKrZpIXlg8'
957059729963929600,2018-01-27 01:16:35,"b'Worth considering, SM and well-being, Facebook research https://t.co/Y510WROzxA'"
956992040897671169,2018-01-26 20:47:37,"b""RT @icsw2019: We're going to be launching a new website very soon with news about the conference. Watch this space for updates."""
956839447605030912,2018-01-26 10:41:16,"b""RT @SFreedenthal: Many people are too scared to tell a therapist they're thinking of #suicide, because they think they will be committed to\xe2\x80\xa6"""
956651609269846016,2018-01-25 22:14:52,b'RT @Briggs: Lest we forget. https://t.co/Z4448jqYmN'
956651407397896192,2018-01-25 22:14:03,b'RT @SelfHarmNotts: NEWS FLASH! ESRC funded PhD with .@mariamichail2 Jon Arcelus &amp; me - pls RT .@notts_psych .@UoNScience https://t.co/mq33e\xe2\x80\xa6'
954667889327456256,2018-01-20 10:52:16,b'Challenging https://t.co/VNh6QpKP1n'
954592267850805248,2018-01-20 05:51:46,"b'RT @vasilios_: Finally, our new book on \xe2\x80\x98Global #SocialWork In a Political Context\xe2\x80\x99 is out! https://t.co/OwMEsnFCo5'"
954179895050956800,2018-01-19 02:33:09,b'Very interesting.\nA new blood test can detect eight different cancers in their early stages https://t.co/elhGyor1Gj via @ConversationEDU'
953710348724445184,2018-01-17 19:27:20,"b'RT @theCALMzone: \xf0\x9f\x8e\xa5 WATCH: As part of @Heads_together, The Duke of Cambridge joined @RioFerdy5, @LoyleCarner, @RomanKemp &amp; more to share sto\xe2\x80\xa6'"
953708003542224896,2018-01-17 19:18:01,"b'RT @SFreedenthal: This piece speaks about grief in a language that everyone can understand -- and laugh at, despite the tears. https://t.co\xe2\x80\xa6'"
953239584434892801,2018-01-16 12:16:41,b'RT @BarwonHealth: A warm welcome to the new grad nurses &amp; midwives who have embarked on their first week of our 12-month Grad Nurse program\xe2\x80\xa6'
952118544786866176,2018-01-13 10:02:05,b'RT @BronwynCarlson: I\xe2\x80\x99m interested to hear from any Indigenous peeps who have experienced racism using dating apps or sites @IndigStudiesMQ\xe2\x80\xa6'
952118264766726145,2018-01-13 10:00:58,"b'RT @HM_Christensen: This new trial came about from the efforts of the family, the coroner, chief psychiatrist, the Minister @TanyaDaviesMP\xe2\x80\xa6'"
951896161471754240,2018-01-12 19:18:24,"b'RT @SFreedenthal: Need help dealing with #suicidal thoughts, helping a suicidal friend or family member, recovering after a suicide attempt\xe2\x80\xa6'"
951895871595020288,2018-01-12 19:17:15,b'RT @Mark_HollowayHF: This looks very good https://t.co/wK7tyKHYt8'
948778610785075200,2018-01-04 04:50:22,"b'RT @sfreedenthal: For some people, suicidal thoughts do not go away.  Here are tips for understanding and helping people with chronic suici\xe2\x80\xa6'"
948266952937447425,2018-01-02 18:57:14,"b'RT @Mark_HollowayHF: Had a stroke or ABI, family member or professional? What do you think about technology as a way to help people live po\xe2\x80\xa6'"
948264896193445888,2018-01-02 18:49:03,b'RT @oursidesuicide: #2018IsHere and our theme for the year is learning to turn #guilt into #Gratitude. We are wishing you all a #Peaceful y\xe2\x80\xa6'
945239010372304896,2017-12-25 10:25:16,"b'RT @suicideresearch: 10 years ago today..I didn\xe2\x80\x99t realise would be the last Xmas with a really close friend \xf0\x9f\x98\xaa  Cherish, Connect, Chat #join\xe2\x80\xa6'"
943897297871560704,2017-12-21 17:33:47,b'RT @lttphoto: A lot of people ask me what to say to a suicidal person. Dr. Stacey Freedenthal has the answers. https://t.co/sREhrM7AQX'
943561915724283904,2017-12-20 19:21:05,b'RT @NowMattersNow: It is official! @NowMattersNow.com - strategies for surviving suicidal thoughts - is live. #wspd #suicide #prevention ht\xe2\x80\xa6'
940881454464163840,2017-12-13 09:49:54,b'RT @suicidemediabot: Papageno Effect: stories of overcoming #suicidal thoughts linked to potential decrease in #suicide deaths. https://t.c\xe2\x80\xa6'
940162542487273472,2017-12-11 10:13:12,b'RT @InsidersABC: .@farrm51 says it was quite bold of Malcolm Turnbull to go on a media blitz and claim credit for securing #marriageequalit\xe2\x80\xa6'
938852042767863808,2017-12-07 19:25:44,b'RT @OntheLineAus: New smartwatch technology claims to track your heart rate to monitor for risk of mental illness. \nhttps://t.co/R0IFNuKhHO\xe2\x80\xa6'
938708319459467265,2017-12-07 09:54:38,"b'RT @joewilliams_tew: #MarriageEquality passed, now for @IndigenousX equality &amp; our voice to be heard #Treaty\n\nTime for #NonIndigenous mob t\xe2\x80\xa6'"
937160503553548289,2017-12-03 03:24:10,"b'RT @Mensmovementcom: We are open to discussing sex, gender and men, and masculinity with people from all positions. We are neither feminist\xe2\x80\xa6'"
937160410007977984,2017-12-03 03:23:48,"b""RT @sfreedenthal: If you've ever thought of killing yourself, you are vulnerable to having #suicidal thoughts again. Take care of yourself,\xe2\x80\xa6"""
934512638934913024,2017-11-25 20:02:30,b'RT @socworkpodcast: New article! Suicide Risk Monitoring: the Missing Piece in #Suicide Risk Assessment \nhttps://t.co/66yyyQdvgd #spsm cc:\xe2\x80\xa6'
934157893191921664,2017-11-24 20:32:52,"b'RT @MindfulOnline: New research is exploring how phubbing\xe2\x80\x94ignoring someone in favor of our mobile phone\xe2\x80\x94hurts our relationships, and what w\xe2\x80\xa6'"
933781652655955969,2017-11-23 19:37:49,"b""Weekly Dose: Champix's effectiveness is questionable and safety record is concerning https://t.co/bifj03V7Zo via @ConversationEDU"""
933407686821003264,2017-11-22 18:51:49,b'RT @joewilliams_tew: The recommendations from the #NTRC need to be implemented NOW - let\xe2\x80\x99s not be back here in 20yrs doing the same thing -\xe2\x80\xa6'
933167126579310594,2017-11-22 02:55:55,"b'RT @MATESConstruct: Big ups to MIC Field Officer, Kieran, &amp; MIC Lived Experience Panel Member, Mark, for telling their story in the hope of\xe2\x80\xa6'"
932028089898475520,2017-11-18 23:29:47,"b""RT @DrChrisBarton: It is time to replace publish or perish with 'get visible or vanish'\nThe role of digital and social media in knowledge t\xe2\x80\xa6"""
931724798404595713,2017-11-18 03:24:37,b'RT @UBittic: A4. Social media is becoming the preferred source of communication for youth.  Signs/symptoms of trauma may be communicated vi\xe2\x80\xa6'
931724080750919680,2017-11-18 03:21:46,"b""RT @sfreedenthal: This Buddhist writing applies to #suicidal thoughts, too. You can't control if suicidal thoughts come to you. You can onl\xe2\x80\xa6"""
931703674341953536,2017-11-18 02:00:40,b'Victorian Government To Invest $62 Million For Palliative Care and Assisted Dying https://t.co/lvV7F6LX1c'
931654533247246336,2017-11-17 22:45:24,b'#respect \nThe long way: fire and smoke for Mungo Man and the ancestors on their road home https://t.co/oGKZfgwNrF via @theage'
931651839874834432,2017-11-17 22:34:42,"b'RT @deirdreirish: ""childcare social work is emotional work and social workers need supportive, reflective supervision"" Anthony Douglas CAFC\xe2\x80\xa6'"
931639985064648704,2017-11-17 21:47:36,b'Hahaha\n*tears welling in my eyes https://t.co/qUJXihFkFv'
931639615441616901,2017-11-17 21:46:08,b'RT @OntheLineAus: What do you think of this agency-driven outline on the review for how we consider wellness?\nhttps://t.co/oYKUxTwE4Z'
931637681380933632,2017-11-17 21:38:26,b'RT @BarwonHealth: \xe2\x80\x9cIn the blink of an eye your life can change - get an advanced care plan\xe2\x80\x9d heartfelt advice from Justine Martin #BDRW17 #V\xe2\x80\xa6'
930590469284704256,2017-11-15 00:17:12,b'YES #MarriageEqaulity https://t.co/nNKBIeajv8'
930590233472614400,2017-11-15 00:16:15,b'YES indeed https://t.co/lj8Z3lGbzC'
930535044984184832,2017-11-14 20:36:57,b'#humbling #livedexperience\n#SuicidePrevention https://t.co/rhPTjSdb0g'
930532302043488256,2017-11-14 20:26:03,"b""RT @DebbyCordeiro: It's #ThinkDigitalHealth week. I want access to my data, I want online appointments, I want to email my doc. It's all po\xe2\x80\xa6"""
930521324044263424,2017-11-14 19:42:26,b'RT @johanna_nic: Media setting up for a big day. Full coverage of SSM survey results on @abcnews @BreakfastNews #SSM #abcnews https://t.co/\xe2\x80\xa6'
929923509165236225,2017-11-13 04:06:56,b'10 Things to Say to a Suicidal Person https://t.co/9jjCQZptZj'
927828843393458176,2017-11-07 09:23:29,"b""RT @zortea_tiago: It's extremely important to involve people with lived experience in the process of planning research and intervention. Th\xe2\x80\xa6"""
924096758480756736,2017-10-28 02:13:30,"b'RT @suicidemediabot: When we talk and write about #suicide, we LOVE to use the word ""stigma."" BUT: is it stigma, or is it actually prejudic\xe2\x80\xa6'"
924039956078530560,2017-10-27 22:27:48,b'@Briggs Enter the void'
923484596838076416,2017-10-26 09:41:00,b'A great book #practical https://t.co/lbVrz1jXCu'
923324361284624384,2017-10-25 23:04:16,b'Day 2 #HRT1721 lots of great innovations being presented #humbled #Inspiration'
922974868831735808,2017-10-24 23:55:31,"b'Great listening to Prof. Bill Runciman at #HRT1721 valuing #consumers &amp; #carers wisdom, #alliedhealth'"
920934439558905856,2017-10-19 08:47:35,b'RT @sfreedenthal: I\xe2\x80\x99m honored @socworkpodcast interviewed me about my book \xe2\x80\x9cHelping the #Suicidal Person.\xe2\x80\x9d Bonus: We took a selfie w/our bo\xe2\x80\xa6'
920391805794783233,2017-10-17 20:51:21,"b'RT @sfreedenthal: If you have #suicidal thoughts, lost someone to #suicide, or just want to learn more about suicide, check this out. https\xe2\x80\xa6'"
920391767043686400,2017-10-17 20:51:11,b'RT @OntheLineAus: Research suggests interventions such as sending caring postcards following an emergency visit more effective. https://t.c\xe2\x80\xa6'
920391689126100992,2017-10-17 20:50:53,b'RT @lttphoto: One of the important things about suicide attempt survivors and folks with lived experience finally being able to... https://\xe2\x80\xa6'
920391375366918144,2017-10-17 20:49:38,"b'RT @BarwonHealth: Join us on Oct 27 at the Barwon Month of Action launch, raising awareness of violence against women: https://t.co/QehYDyq\xe2\x80\xa6'"
919387826784841728,2017-10-15 02:21:53,"b'RT @BarwonHealth: Our annual Research Week is fast approaching, with plenty of free events &amp; workshops on offer. Details: https://t.co/b8Wb\xe2\x80\xa6'"
918389455462924288,2017-10-12 08:14:43,b'Got my copy!  #SuicidePrevention #socialwork https://t.co/sYq63pSNKL'
918388591570534400,2017-10-12 08:11:17,"b'RT @sfreedenthal: Thanks,@TonyPisani. Indeed I covered assessment but far more is on what to do after that to help the person want to live\xe2\x80\xa6'"
918386928881242112,2017-10-12 08:04:41,"b'RT @sfreedenthal: Helping a #suicidal person goes beyond risk assessment &amp; safety, to helping improve lives. #suicideprevention #psychother\xe2\x80\xa6'"
917324639507853314,2017-10-09 09:43:31,"b'RT @SuicideLine: Take time to notice someone you work with may be struggling, and learn how to support them. #MentalHealthWeek https://t.co\xe2\x80\xa6'"
916410843620810752,2017-10-06 21:12:25,"b'America\xe2\x80\x99s unique gun violence problem, explained in 17 maps and charts https://t.co/5anbnfOpYZ via @voxdotcom'"
915846989329317888,2017-10-05 07:51:52,b'RT @BarwonHealth: An exciting opportunity for Grade 2 nurses wanting to transition to mental health: https://t.co/sbDabup9Fl #WorkingatBarw\xe2\x80\xa6'
915846727290126336,2017-10-05 07:50:50,b'RT @OntheLineAus: Researchers may have developed an algorithm for Instagram pics which determined user #depression 70% of the time. https:/\xe2\x80\xa6'
915397886514388994,2017-10-04 02:07:18,b'Your Instagram photos may reveal whether or not you have depression https://t.co/cQgxaaHW0B impressive use of  #socialmedia #mentalhealth'
914559965037191169,2017-10-01 18:37:42,"b""RT @wwos: 'Same Love' by @Macklemore. \xf0\x9f\x8e\xa4 #NRLGF #9WWOS https://t.co/w7TVsGUyTN"""
914557078261293056,2017-10-01 18:26:13,b'Some important ethical questions to consider in #socialwork. Certainly a space to watch https://t.co/xJvirhYKQ6'
911720520013324293,2017-09-23 22:34:45,b'https://t.co/i2VlkSSM6a via @abcnews'
909334274607742976,2017-09-17 08:32:40,"b'RT @unsuicide: Coping with Suicidal Thoughts - a good, practical guide (PDF) https://t.co/0nXbmPg0ga #suicidepreventionmonth'"
906039256509849600,2017-09-08 06:19:26,b'take a minute #WSPD Sunday 10th September https://t.co/BWXzq2Sn6O'
906038098139668481,2017-09-08 06:14:50,"b'RT @karenzgoda: A4: Your message must be delivered to audience where they are, not where you want them to be. Social media shifts frequentl\xe2\x80\xa6'"
902627804533055488,2017-08-29 20:23:33,"b'RT @BC2M: ""If there is anyone out there who is watching this tonight, who feels like there is no hope... You are not alone."" https://t.co/2\xe2\x80\xa6'"
901687553203421184,2017-08-27 06:07:19,b'RT @marcialangton: Just a few of the massacres: @AlanJones wants to run #StanGrant out if his own country for discussing this history https\xe2\x80\xa6'
900294058865709057,2017-08-23 09:50:04,"b""RT @missmirandatap: It's not antagonistic for Aboriginal and Torres Strait Islanders to want a day that doesn't celebrate the beginning of\xe2\x80\xa6"""
900293952988782592,2017-08-23 09:49:39,"b""RT @ACOSS: There is no \xe2\x80\x98welfare blowout\xe2\x80\x99 yet govt continues their attack on people on the lowest incomes. Newstart only makes up 7% of 'wel\xe2\x80\xa6"""
900292115837493250,2017-08-23 09:42:21,"b'RT @SuckItSuicide: ""The words on the screen will never change again. But suicidal individuals\xe2\x80\x99 lives often do change."" (AL) https://t.co/0g\xe2\x80\xa6'"
896588514434859008,2017-08-13 04:25:34,"b""RT @InsidersABC: WATCH: 'A Political Barflies Wedding' by @rabbitandcoffee. #samesexmarriage #postalvote #plebiscite #Insiders #auspol http\xe2\x80\xa6"""
892841705778462720,2017-08-02 20:17:05,b'Absolutely amazing\nThank you for sharing https://t.co/0WIvybPo2O'
892327323566981128,2017-08-01 10:13:07,"b'RT @MaddelineMooney: ""Who are you making invisible by failing to acknowledge the differences between us?"" Important question asked in the c\xe2\x80\xa6'"
889965955639525376,2017-07-25 21:49:53,b'A great opportunity https://t.co/zyfRZM7Cdr'
885241701064818688,2017-07-12 20:57:23,"b""RT @OntheLineAus: Loneliness is a significant contributor to men's mental health and suicide rates. https://t.co/X1HVnWU94Y"""
885241411464974336,2017-07-12 20:56:14,"b'RT @SocialWorkMelb: Students question effectiveness of $300,000 VicHealth app to reduce binge drinking - via @... https://t.co/RqCFmyPakr h\xe2\x80\xa6'"
885240641831157760,2017-07-12 20:53:10,b'RT @ANZSWWER: 2017 ANZSWWER Awards - Nominations now open -  https://t.co/s5RtrwlvaL'
885240555872976896,2017-07-12 20:52:50,b'RT @goldingays: Know a social worker who is doing exceptional work?  Nominate for an @ANZSWWER award!  Closing 11 August 2017. https://t.co\xe2\x80\xa6'
882140264713682944,2017-07-04 07:33:23,b'RT @unimelb: Happy #NaidocWeek2017! Did you know @unimelb has the largest cohort of Indigenous students in Aus? https://t.co/0zDiEPT1qW #Un\xe2\x80\xa6'
881618298474971137,2017-07-02 20:59:16,b'RT @indigenous_gov: Congratulations NBA super star @Patty_Mills - National #NAIDOCAwards Person of the Year. #NAIDOC2017 https://t.co/4clyF\xe2\x80\xa6'
881308900821057536,2017-07-02 00:29:50,b'RT @indigenous_gov: Congratulations to all the recipients of 2017 National NAIDOC Awards.\n\n#NAIDOC2017\n#NAIDOCAwards https://t.co/plNmhfoywe'
880657300226269184,2017-06-30 05:20:36,b'RT @SaferCareVic: Join us on July 20 to discuss how we can improve the quality &amp; safety of health care across Victoria. Register via https:\xe2\x80\xa6'
880534313191710720,2017-06-29 21:11:54,b'Forcing ourselves to feel happy can make us feel a whole lot worse https://t.co/w2G6nZlHf7 via @DailyLifeAU #acceptance'
880019135618404352,2017-06-28 11:04:46,b'Great article! So many great points!! https://t.co/j6PtkEEbZ8'
880016868710297600,2017-06-28 10:55:46,"b""RT @MensLine_Aus: Post-natal depression isn't just something that mother's experience. \nhttps://t.co/vhAoIYv585"""
877131982076952576,2017-06-20 11:52:15,b'Michael Flood nailed it #HackLive'
877127706508275713,2017-06-20 11:35:16,b'#HackLive what rights have men lost?'
874557971186896896,2017-06-13 09:24:03,b'Could you pass the proposed English test for Australian citizenship? https://t.co/ibkDzRqf8k via @ConversationEDU'
874510364590751744,2017-06-13 06:14:53,"b'About that ""grief stuff"" I share on Facebook... - Our Side of Suicide https://t.co/wY7k4tKfxs'"
873680299695026176,2017-06-10 23:16:30,"b""RT @SocialWorkMelb: Why Jenny Valentish is lifting the veil on women's addiction - via @abcnews https://t.co/qkWYxkAwl1 https://t.co/e2b2bV\xe2\x80\xa6"""
873679390630068224,2017-06-10 23:12:53,b'RT @lttphoto: The good folks at philosophy interviewed me about LTT and my plans for the next year/what I hope to achieve with... https://t\xe2\x80\xa6'
872549371631489025,2017-06-07 20:22:36,b'Preventing Suicide: Breaking the Silence Digital Documentary | NBC 10 Philadelphia https://t.co/KvZ7VCopTU via @nbcphiladelphia'
870746730735706113,2017-06-02 20:59:32,"b""RT @Mark_HollowayHF: Research of children's resilience following parental ABI, families required: https://t.co/D8w4ZfgWUS can you help and\xe2\x80\xa6"""
870746730454597633,2017-06-02 20:59:32,"b'RT @suicidemediabot: #Journos: Consider #reporting on #suicide without marrying it to ""mental illness."" Not all who die by suicide live w/\xe2\x80\xa6'"
870541759326978048,2017-06-02 07:25:03,b'RT @BarwonHealth: National Reconciliation Week celebrated this morning with keynote speaker Eleanor Bourke and the Deadly Duo #nrw2017 http\xe2\x80\xa6'
870541543551008769,2017-06-02 07:24:12,b'RT @mgoat73: We have an exciting opportunity for a social worker to join our @ThinkAheadMH team @spsw as an Associate Lecturer: https://t.c\xe2\x80\xa6'
870014184762638337,2017-05-31 20:28:40,b'RT @OntheLineAus: .@auspost enables eligible customers free mail redirection in special circumstances  inc domestic &amp; family violence. http\xe2\x80\xa6'
868760628818714625,2017-05-28 09:27:29,b'RT @SBSNews: Abuse victim advocate Anthony Foster to get state funeral https://t.co/QL99qmlLja'
868759321810567168,2017-05-28 09:22:17,"b'RT @SuicideLine: Most of us spend too much time online, so set time limits on your screen time to make sure you give yourself a break. http\xe2\x80\xa6'"
867900491501416448,2017-05-26 00:29:36,b'RT @AASW_: #SorryDay is an important day to reflect on the devastating impacts that government policies have had on Indigenous Australians.\xe2\x80\xa6'
867898865109811202,2017-05-26 00:23:08,b'RT @SNAICC: Bringing Them Home anniversary an opportunity to acknowledge the past and respond to the needs of the present https://t.co/ewOO\xe2\x80\xa6'
867671923504824320,2017-05-25 09:21:21,"b'RT @uniofbedsTGC: @djcwestlake on Practice Research: ""the point of research is not just to observe the world but to change it"" #icpr2017 ht\xe2\x80\xa6'"
867530607114371072,2017-05-24 23:59:49,b'RT @unimelb: Breakthrough! Cannabidiol significantly reduces convulsive seizures in children w/severe epilepsy:\nhttps://t.co/am9nCdleeY #Un\xe2\x80\xa6'
867134295214669824,2017-05-23 21:45:01,b'RT @nasw: It\xe2\x80\x99s also important social workers advocate for isolated people #alonenotalone'
867132675009597440,2017-05-23 21:38:34,"b""RT @CrisisTextLine: This hit us right in the feelings. Thank you for sharing your story; we're glad you're here. https://t.co/iTy7XgSHsd"""
866628072157593601,2017-05-22 12:13:28,"b'RT @abcnews: Facebook should hide suicide live stream videos, mental health advocates say https://t.co/pqWhHE7ijR'"
866626145147437056,2017-05-22 12:05:48,"b'RT @suicidemediabot: VOCABULARY LESSON: People don\'t ""commit #suicide,"" they ""die by suicide."" https://t.co/ZZZkVdQ0bp.'"
866598415982919680,2017-05-22 10:15:37,"b'Facebook will let users livestream self-harm, leaked documents show https://t.co/Z3lNnB2t6E'"
866545882354679808,2017-05-22 06:46:52,b'Great listening to Bruce Thyer at #ICPR2017 about publishing. Thank you'
866536041150242816,2017-05-22 06:07:46,b'RT @LenaDominelli: Now presenting in Hong Kong includes Lens Dominelli https://t.co/Kn1l6hwULo'
866511624915505152,2017-05-22 04:30:45,b'#ICPC2017 underway\n@HongKongPolyU #socialwork #practiceresearch'
866269238264160257,2017-05-21 12:27:35,"b""RT @goldingays: Can't wait for the next @ANZSWWER conference - this time in Auckland in September! https://t.co/ULyQiQvZY6"""
866251662817505280,2017-05-21 11:17:45,b'RT @ANZSWWER: e-Professionalism and the Ethical Use of Technology in Social Work https://t.co/yF3KXtCBC4 #australiansocialwork #SWEducation'
865302064045334528,2017-05-18 20:24:23,b'#icpr2017 starts Monday! Its going to get busy #socialwork #practiceresearch #hongkong here i come'
865300616058241024,2017-05-18 20:18:38,"b""RT @lttphoto: Guidelines for #writing/reporting on #suicide for those writing articles about Chris Cornell's death: https://t.co/fgL2hLF3ov\xe2\x80\xa6"""
865300396574507008,2017-05-18 20:17:45,b'RT @AASuicidology: For Immediate Release: @AASuicidology  responds to suicide loss of @soundgarden frontman @chriscornell #AAS17 #SPSM  htt\xe2\x80\xa6'
864811672824717312,2017-05-17 11:55:44,b'A Suicide Therapist\xe2\x80\x99s Secret Past https://t.co/tAeaAAS9xA'
864750970722426880,2017-05-17 07:54:32,b'Why I Came Out of the (Suicide) Closet https://t.co/LNzxI3avtl\n@SuicideLine #speakingofsuicide'
864581690806501376,2017-05-16 20:41:52,b'7 Ways to Actively Support Suicide Attempt Survivors - Everyday Feminism https://t.co/USrvqxDnWJ'
864223616375726080,2017-05-15 20:59:01,b'RT @australian: Families\xe2\x80\x99 NDIS support slashed in crackdown https://t.co/0SZ864uA2w'
862767803715039233,2017-05-11 20:34:08,b'4th International Conference on Practice Research https://t.co/UtqVWVGrWF #international #socialwork #practiceresearch #HongKong'
859346100314034176,2017-05-02 09:57:30,"b'For Aboriginal and Torres Strait Islander people, what are the health impacts of social media? https://t.co/seedpVpiNK via @CroakeyNews'"
859345162278903808,2017-05-02 09:53:47,"b""RT @lttphoto: I'm the voice for May 23. What do y'all want me to talk about? https://t.co/BXPjGMILXO"""
858122824761790464,2017-04-29 00:56:39,"b""Why we shouldn't ignore what 13 Reasons Why is trying to tell us https://t.co/qzZBw79KnC via @ConversationEDU #balancedperspective"""
857337616743645184,2017-04-26 20:56:31,b'How virtual reality spiders are helping people face their arachnophobia https://t.co/bAQq62AVo2 via @ConversationEDU #therapeutic #VR @spsw'
856662576167505920,2017-04-25 00:14:08,"b'RT @NACCHOAustralia: Lest we forget.  \n\nAt the going down of the Sun, and in the morning, we will remember them @IndigenousX #anzacday2017\xe2\x80\xa6'"
856662097882619904,2017-04-25 00:12:14,b'RT @AASuicidology: Campbell: Thru research we found ppl experienced what is now known as Post-Traumatic Growth. They found purpose in their\xe2\x80\xa6'
856661234267045888,2017-04-25 00:08:48,b'RT @AUMentalHealth: #MHANews Medicare to cover rural Skype counselling.\nhttps://t.co/fIBU8KJLFq'
855701588937064448,2017-04-22 08:35:31,b'RT @pwoodsy: Newcastle LifeSpan Lived Experience of Suicide Community Engagement Forum is on May 3rd @HPC_AU from 6-8pm. Info 4924 6900. Pl\xe2\x80\xa6'
855158289486696448,2017-04-20 20:36:38,"b'RT @AASW_: Federal and state governments need to employ more school social workers, schools are a main place for early support https://t.co\xe2\x80\xa6'"
855156746502852609,2017-04-20 20:30:31,b'Privileged + humbling to hear perspectives of those with #livedexperience of #suicide attempt #YouCantAskThat\xe2\x80\xa6 https://t.co/PZ6kFQgMrI'
854758232690114560,2017-04-19 18:06:57,"b'RT @lttphoto: ""Many suicide prevention activists find the plot flawed and unhelpful... But this criticism hasn\xe2\x80\x99t translated to... https://t\xe2\x80\xa6'"
853853016000151552,2017-04-17 06:09:57,"b'RT @melaniesage: It would be great if ppl like #socialworkers were involved in health tech (apps, wearables) to help address #ethics data u\xe2\x80\xa6'"
853746438097977344,2017-04-16 23:06:27,b'RT @PatMcGorry: None have terminal illness so expert help and support should ensure nearly all survive @JoRobinson_Aus https://t.co/JFNBLsj\xe2\x80\xa6'
853745500981411840,2017-04-16 23:02:43,b'RT @SBSNews: US man showed alleged shooting murder live on Facebook https://t.co/haZFnx3CDt'
853456776439578624,2017-04-16 03:55:26,"b'RT @ProjSemicolon: April 16th is World Semicolon Day! This year\'s theme is ""A Story Worth Sharing"" @ProjSemicolon #projectsemicolon #semico\xe2\x80\xa6'"
852062794853658624,2017-04-12 07:36:15,"b'RT @lttphoto: Proud of my good friend, Chris, for sharing his story.\n\n""Suicide is such a uniquely shared human experience \xe2\x80\x93 not... https://\xe2\x80\xa6'"
848326258714791936,2017-04-02 00:08:35,b'RT @KarenEHealy: #Insiders Brandis complaining of criticism of white privilege further evidence of lack of insight into true experience of\xe2\x80\xa6'
847537424599097344,2017-03-30 19:54:03,"b'#VAHRC is finally here, looking forward to presenting about #suicidalideation #socialmedia #alliedhealth #socialwork #suicide'"
847536074276524032,2017-03-30 19:48:41,b'When a Suicide Prevention Hero Dies by Suicide https://t.co/CBUgw6d5Cs.'
846978191428374528,2017-03-29 06:51:51,b'RT @merollim: The changing health services model for health professions of the future @HillerJanet #digitalhealth #digitalhealthshow via @a\xe2\x80\xa6'
846643379425296384,2017-03-28 08:41:26,b'RT @CheckPointOrg: We\xe2\x80\x99ve had hundreds of responses so far - let\xe2\x80\x99s aim for thousands! Help us explore how and why games are good for you htt\xe2\x80\xa6'
845181301929881601,2017-03-24 07:51:39,b'RT @K8_Armstrong: Totally deadly animation for every Aussie kid #BigCuz &amp; #LittleJ https://t.co/JZTqY1QtmU @OnTopicAus @ahmrc https://t.co/\xe2\x80\xa6'
844270671643369472,2017-03-21 19:33:08,b'https://t.co/GtA4Pykhpx'
844269035684450304,2017-03-21 19:26:38,b'RT @JuliaGillard: Delighted to take over the reins as @beyondblue Chair from @jeff_kennett \xe2\x80\x93 thank you Jeff &amp; the board for your trust and\xe2\x80\xa6'
844027573919076354,2017-03-21 03:27:09,b'RT @AASW_: AASW National President Professor Karen Healy AM would like to wish you a happy World Social Work Day. https://t.co/P2SdPHIWjZ h\xe2\x80\xa6'
843198151431352320,2017-03-18 20:31:19,"b'RT @lttphoto: DATA donors save lives, too. Please consider donating your data for #suicideprevention #spsm https://t.co/TPldmm3pDO https://\xe2\x80\xa6'"
842827129335173120,2017-03-17 19:57:01,b'RT @lttphoto: The first rule of having suicidal thoughts is that we don\xe2\x80\x99t talk about them. But I am... https://t.co/f9s0hST5sP'
842652574872363009,2017-03-17 08:23:24,b'ePoster uploaded to #VAHRC 2017 conference website https://t.co/XFFHkuB1RJ #ingoodcompany #victoria #alliedhealth #socialwork @merollim'
842640456181727232,2017-03-17 07:35:14,b'RT @suicidemediabot: True stories of real #suicide attempt survivors at https://t.co/E3XU5S7c6s.'
842312976849813504,2017-03-16 09:53:57,b'RT @theage: COMMENT: Spending time away from social media is the best thing I ever did for my mental health https://t.co/6ZVfYUaVpq'
841954184366854144,2017-03-15 10:08:14,"b'RT @Pall_Care_Aus: Russell Armstrong, spiritual care worker @BarwonHealth shares his vision for the end of his life #dyingtotalk https://t.\xe2\x80\xa6'"
841823115432755200,2017-03-15 01:27:25,"b'Sad and frustrating life story, presented with an amazingly powerful insight https://t.co/kiTM2NlDUV'"
841732969106567168,2017-03-14 19:29:13,"b'RT @lttphoto: Feeling suicidal? Talk to someone. In Britain, contact @samaritans. In Australia, contact @LifelineAust or @SuicideCallBack.'"
841036331782365184,2017-03-12 21:21:01,b'RT @lttphoto: Sometimes our hardest moments will reveal themselves to be the most rewarding &amp; important experiences of all. https://t.co/R9\xe2\x80\xa6'
840142691434340359,2017-03-10 10:10:01,b'RT @lttphoto: 31 people describe what being suicidal feels like: https://t.co/gBy3JPpqqo via @themightysite'
840141811591004160,2017-03-10 10:06:31,"b'RT @BarwonHealth: Doctors and high achievers at high risk of burnout, writes @CorkeCharlie in @theMJA: https://t.co/ZMS9hykX5w'"
839565931034484737,2017-03-08 19:58:10,"b'If You Are Suicidal, Envision Your Future Selves https://t.co/E6MH6Xwl9Z'"
837023800789090304,2017-03-01 19:36:39,b'RT @JohnDraper13: We at @800273TALK are proud to continue our long collaboration with @facebook on #suicide prevention tools. https://t.co/\xe2\x80\xa6'
837022016376975360,2017-03-01 19:29:34,b'RT @DrNJonesTSU: Our time has arrived!! #SocialWorkMonth #swtech #socialwork  #SocialWorkMonth \xf0\x9f\xa4\x93\xf0\x9f\xa4\x93#SocialworkROCKS https://t.co/s3kdohNBjA'
836894768785461248,2017-03-01 11:03:56,"b""Headspace Has A New LGBTQ Online Support Service 'Safe Space' https://t.co/ZhK00pV3Ym"""
835692602905128960,2017-02-26 03:26:57,"b'RT @NASA: On Sunday, the moon will pass in front of the sun, transforming rays of sunlight across parts of South America, southern Africa &amp;\xe2\x80\xa6'"
834126225064931328,2017-02-21 19:42:44,"b'RT @suicidemediabot: Consider new angles when reporting on #suicide, like stories of people who have overcome suicidality. https://t.co/ZZZ\xe2\x80\xa6'"
832396594729213953,2017-02-17 01:09:48,b'Outside the House: How 1 Documentary Sheds Light on Mental Health in the Black Community https://t.co/dOdKdgZLKr via @TheRoot'
831587296281456640,2017-02-14 19:33:56,"b""RT @ProjSemicolon: It's official! #ProjectSemicolon \nClick here to read more: ---&gt; https://t.co/LxZBr0rCP7 https://t.co/R44W9U0Fbd"""
829575377148186624,2017-02-09 06:19:17,b'RT @SBSNews: Man in court over 1990s Bowraville murders https://t.co/TS9oX0WcJL'
826504706562273280,2017-01-31 18:57:32,"b'RT @LaurenAbdill: Utah has seen a 20% reduction in youth #suicide attempts -- partially thanks to the @uofutah ""SafeUT"" app https://t.co/yu\xe2\x80\xa6'"
826154356294639616,2017-01-30 19:45:22,"b""31 People Describe What It's Like to Be Suicidal https://t.co/Ut3CICfUEC via @themightysite #livingwithsuicidalthoughts"""
825790895140139008,2017-01-29 19:41:06,b'RT @lttphoto: How one photographer is changing the way we think about suicide\xe2\x80\x94one photo at a time: https://t.co/tCjrm6qZZl @lttphoto on @mi\xe2\x80\xa6'
824408677796831232,2017-01-26 00:08:40,b'How to show solidarity with Indigenous Australians this Invasion Day https://t.co/hn6wuvoPSS via @DailyLifeAU #respect #aboriginalpeople'
824088343256252416,2017-01-25 02:55:46,"b'RT @BarwonHealth: Hosted by A/Prof @petermartinsept, this free event in Feb will teach u how 2 be ur own health guru: https://t.co/B3M1og4h\xe2\x80\xa6'"
824088240185446400,2017-01-25 02:55:21,"b""RT @BarwonHealth: We're seeking expressions of interest 4 membership on our Human #Research &amp; Ethics Committee. More here: https://t.co/GHT\xe2\x80\xa6"""
823980992385777664,2017-01-24 19:49:12,b'10 things you should know about January 26 | NITV https://t.co/NdZCJDKioP'
823481739125239808,2017-01-23 10:45:20,"b""RT @AASW_: Abstracts are now being sought for the AASW's next National Rural Social Work Conference on 20 &amp; 21 July https://t.co/humJQErJuy"""
822361601277726720,2017-01-20 08:34:19,"b'RT @abcnews: After today, you may like to have a look back at our guide to coping with traumatic news #BourkeSt https://t.co/Y0SfECmtoZ htt\xe2\x80\xa6'"
818753613031821312,2017-01-10 09:37:27,b'RT @thinkasklisten: Do you have lived experience of #suicide #bereavement? We are seeking study participants https://t.co/8XN9Sn1gur #lifes\xe2\x80\xa6'
817087841456951296,2017-01-05 19:18:16,b'RT @AASW_: A deeply concerning article highlighting serious issues for the NDIS.\nhttps://t.co/f0yfSeGz64'
817087800407392256,2017-01-05 19:18:07,"b""RT @AASW_: Continued evidence of this government's absolute contempt for those in need of welfare support. https://t.co/4lKmkqhmfG"""
810438330223472640,2016-12-18 10:55:29,b'How to be a healthy user of social media https://t.co/kyt2gMJtPE via @ConversationEDU'
809527275376869376,2016-12-15 22:35:17,"b""Headspace only provides 'small' benefit for youth mental health, report shows https://t.co/5CLShOslii via @abcnews"""
803691863932710912,2016-11-29 20:07:26,"b'Suicide rates for young Australians highest in 10 years, researchers call for new prevention strategies https://t.co/vMflMn3Gor via @abcnews'"
802334670859837440,2016-11-26 02:14:26,b'RT @lttphoto: #Suicide attempt survivors cannot be stereotyped. We are anyone and everyone. Proof at https://t.co/hz2t7M0OAw. https://t.co/\xe2\x80\xa6'
797717561735417856,2016-11-13 08:27:42,b'Headphones that listen to you https://t.co/652R8y0UMx'
796934089215328256,2016-11-11 04:34:27,"b'RT @SuicidePrevAU: Thinking of those who lost their lives to suicide, those who struggle each day to live well, their colleagues and carers\xe2\x80\xa6'"
795402489101099008,2016-11-06 23:08:25,"b'I am loving the @unimelb Baillieu library extension, very comfortable computer desk chairs - now to get some writing done'"
795081781028339712,2016-11-06 01:54:03,b'@karenzgoda @socialworksage reflective opportunities for Australian Social Workers @AASW_'
795080707299119104,2016-11-06 01:49:47,"b'#socialwork, social media and technology https://t.co/Mp8Lc8zxBj'"
795046981420793856,2016-11-05 23:35:46,b'Great work leading the way with #livedexperience of #suicide and #suicidalthoughts https://t.co/aDSTSm8JRL'
795045500244213760,2016-11-05 23:29:53,b'RT @socworkpodcast: #APM16 by the numbers: 279 people tweeting out the conference (go #SWTech!). Nearly 5 million impressions. https://t.co\xe2\x80\xa6'
794605494979526656,2016-11-04 18:21:27,"b'RT @BarwonHealth: Research Week is fast approaching, with a diverse array of forums, workshops, lectures &amp; more! See full calendar: https:/\xe2\x80\xa6'"
794456145964318720,2016-11-04 08:28:00,b'5 apps to help anyone better manage their mental health https://t.co/iWgzzMYZKd via @mashable'
793772306711523328,2016-11-02 11:10:40,b'RT @BarwonHealth: Can you donate your old mobile phone &amp; charger to help a woman in need? #MobilesForMinerva #MonthofAction https://t.co/oi\xe2\x80\xa6'
793533183727763456,2016-11-01 19:20:28,"b'People who use Facebook live longer, study finds https://t.co/2ZpPKnOWC0'"
792981272326909952,2016-10-31 06:47:22,b'Sharing loss of a loved one on social media impacts grieving process https://t.co/e9gXbF6rzM via @abcnews #SocialMedia #Mentalhealth'
792601338433503232,2016-10-30 05:37:39,b'RT @lttphoto: .@nowmattersnow is a resource for surviving suicidal thoughts and hacking suffering based on DBT methods. https://t.co/4VYMcL\xe2\x80\xa6'
791904792767442944,2016-10-28 07:29:50,b'RT @andreathomson01: Victorian Allied Health Research Conference 2017 - Call for Papers - Your QUALITY PROJECT is needed!: https://t.co/Qam\xe2\x80\xa6'
791723242306187264,2016-10-27 19:28:25,"b'RT @lttphoto: Don\xe2\x80\x99t Change the Subject, a film about seeing suicide through a different lens: https://t.co/cdko1F7tT3 #SPSM'"
791717916605579266,2016-10-27 19:07:15,"b'Thought provoking: \nSexual assault in virtual reality is real, and it needs to be taken seriously https://t.co/89pUoBpx8X via @DailyLifeAU'"
789931350379814912,2016-10-22 20:48:04,"b""When You're in the Gray Area of Being Suicidal https://t.co/TFnovsxDw4 via @themightysite\nGreat insight"""
788514652279799810,2016-10-18 22:58:37,b'Suicidal women may risk their lives but not their social relationships https://t.co/ua9o4Xf6Gj'
785618537683398656,2016-10-10 23:10:30,b'Mental Health Week more than just a hashtag: experts https://t.co/scFRocFZJA via @ABCNews'
785615624919580672,2016-10-10 22:58:55,b'RT @AASW_: #WorldMentalHealthDay We need to reduce the discrimination and isolation that people experience and invest more in mental health\xe2\x80\xa6'
785615195389308928,2016-10-10 22:57:13,b'Beyond Magic: How Do We Detect Suicidal Thoughts? https://t.co/NutTXpw93A via @sharethis'
783157259664658432,2016-10-04 04:10:15,b'RT @beyondblue: .@MovemberAUS Global Director Therese Fitzpatrick proudly supports The Way Back Service (NSW) for #suicideprevention https:\xe2\x80\xa6'
783023904130334720,2016-10-03 19:20:21,b'https://t.co/icFCvdNcvN via @abcnews'
782328543787089920,2016-10-01 21:17:14,b'RT @SharleneNippere: Launch Doing critical social work: transformative practice for social justice @rmit @deakin @UTAS_ #anzswwer2016 https\xe2\x80\xa6'
782328468973297664,2016-10-01 21:16:56,"b'Great slides and quotes, so many opportunities in social media https://t.co/HF7xRlxgwM'"
782020083178627072,2016-10-01 00:51:31,b'RT @LenaDominelli: @aaswnp Social workers need to take seriously the impact of climate change on their work with individuals and communitie\xe2\x80\xa6'
781976021486579712,2016-09-30 21:56:26,"b'Great to see #socialwork #research  ans #socialmedia, undoubtedly many opportunities ahead, thankyou for setting th\xe2\x80\xa6 https://t.co/4hijX3LvQ1'"
781640610109284352,2016-09-29 23:43:38,b'RT @JMedInternetRes: JMIR: Exploring the Relationship Between Online Social Network Site Usage and the Impact on Quality of Life f... https\xe2\x80\xa6'
781411793386168320,2016-09-29 08:34:24,b'icpr2017 - MICEapps https://t.co/UtqVWVGrWF'
781049655366852608,2016-09-28 08:35:23,"b'Shocking stats to reflect on, we need to support #innovation, lets understand survival better from those living wit\xe2\x80\xa6 https://t.co/cWk4xpF31a'"
779142387155120128,2016-09-23 02:16:35,"b""RT @diginutrition: ICYMI: Not all screentime if created equal. Consider the 'nutritional' content of kids' online activities: https://t.co/\xe2\x80\xa6"""
778737676300062723,2016-09-21 23:28:24,b'RT @unimelb: UoM retains place as no.1 university in Australia &amp; 33 in world in latest @timeshighered World University Rankings! https://t.\xe2\x80\xa6'
778718038333935616,2016-09-21 22:10:22,b'Informative day ahead @AASW_ HSWDG VIC Research Symposium hosted by @BarwonHealth #practiceresearch #socialwork'
778326017689522177,2016-09-20 20:12:37,b'RT @JMedInternetRes: The latest The #digitalhealth Daily! https://t.co/2NN0TLyUlq Thanks to @emhprac_central @DrSueIshaq @HermanDeVriesNL'
777319499905118209,2016-09-18 01:33:05,b'RT @JMedInternetRes: The latest The #digitalhealth Daily! https://t.co/7ipL4MSE2W Thanks to @DrEstebanLopez @davidkaplanmd @srmarcon'
776944747390697473,2016-09-17 00:43:57,b'RT @AuDigitalHealth: Apply now! Join the Agency Advisory Committees &amp; help drive the #digital transformation of #Australian #healthcare - h\xe2\x80\xa6'
772569398431191040,2016-09-04 22:57:52,b'Small Mental Shifts Make Self-Care Possible for Social Workers - https://t.co/8om4faCFyB https://t.co/Is6rtHsm4q'
770452110852751361,2016-08-30 02:44:32,b'RT @beyondblue: #Dadvice \xe2\x80\x93 our web series that follows 12 new dads on their journey into fatherhood https://t.co/bh4ipjOzhZ https://t.co/qF\xe2\x80\xa6'
769325981483999233,2016-08-27 00:09:42,b'https://t.co/pD3mtFPUUt'
764654401231257600,2016-08-14 02:46:30,"b""Military suicide rate 'a national shame' as 41 take own lives in 12 months https://t.co/NKVHnfehSe"""
764590129927204864,2016-08-13 22:31:07,b'Dying online: live broadcasts of Chinese emerging adult suicides and crisis response behaviors https://t.co/znGYUsy8y1 #bmcpublichealth'
764259182509907968,2016-08-13 00:36:03,b'The talking dead: how personality drives smartphone addiction https://t.co/I2qPX8QINM via @ConversationEDU'
760929157672873984,2016-08-03 20:03:43,"b'RT @merollim: Rego for Melb ""Social Media for #Physio"" course: 20th Aug closes this Friday. Don\'t miss out https://t.co/QtKpoLMcua https://\xe2\x80\xa6'"
760928948473651200,2016-08-03 20:02:53,"b""RT @BarwonHealth: On August 23, our #Trauma Team is hosting an 'ABI &amp; Parenting Forum' 4 service providers relating to #ABI. https://t.co/J\xe2\x80\xa6"""
756765042222116864,2016-07-23 08:17:00,b'RT @unimelb: Why are we so likely to trust e-strangers when it comes to our health? https://t.co/GIHeUdKZ4L https://t.co/OfbT8oItbD'
756606468808253440,2016-07-22 21:46:53,b'RT @SANEAustralia: Researchers develop world-first online #mentalhealth program targeted at farmers via @ABCRural  https://t.co/bsAuiaCSH9'
756215315390881792,2016-07-21 19:52:35,"b'RT @ruokday: Help researchers from #RUOK\xe2\x80\x99s partner, The Brain and Mind Centre, by trying out this online tool for mental health https://t.c\xe2\x80\xa6'"
754562255560204288,2016-07-17 06:23:55,b'RT @NACCHOAustralia: Please sign our PETITION Royal Commission needed Aboriginal #suicide rates and/ or share https://t.co/xnvBD5pXRt https\xe2\x80\xa6'
753308455759257600,2016-07-13 19:21:46,b'RT @afspnational: Did you know? #WednesdayWisdom #StopSuicide https://t.co/JqxHYwgD77'
753195617170489350,2016-07-13 11:53:23,"b'RT @lttphoto: ""Please stay. You are so deeply valued, so incomprehensibly loved  \xe2\x80\x94  even when you can\xe2\x80\x99t feel it  \xe2\x80\x94  and you are... https://\xe2\x80\xa6'"
752007136180264961,2016-07-10 05:10:47,"b'RT @LifelineAust: Rates of suicide among Aboriginal and Torres Strait Islander peoples are more than double the national rate, we need to d\xe2\x80\xa6'"
751599210928025600,2016-07-09 02:09:50,"b'RT @GlynDavisVC: Carlton Connect - giant startup precinct will be a ""melting pot"" of innovation in Melbourne - https://t.co/6K8WdhlfzO @uni\xe2\x80\xa6'"
749762059911385088,2016-07-04 00:29:39,b'RT @congressmob: Today is the start of #NAIDOC2016. Big shout out to all Aboriginal &amp; Torres Strait Islander ppl &amp; nations! https://t.co/jC\xe2\x80\xa6'
749035557905240064,2016-07-02 00:22:48,b'RT @profmattwray: Doctors have the highest siucide rates? Think again: https://t.co/3iyqRF3jxF via @CDCgov'
748252407377723392,2016-06-29 20:30:50,"b'RT @lttphoto: ""Each word you use shows a tiny fraction of a bit of a clue in terms of who you are."" https://t.co/aTzPaC5WIs'"
748085309745729536,2016-06-29 09:26:51,b'RT @NACCHOAustralia: .@Matt_Cooke86 Today Google celebrates  Edward Koiki Mabo\xe2\x80\x99s 80th birthday - #MaboDay2016 via @OriginalAussie https://t\xe2\x80\xa6'
748083701137833984,2016-06-29 09:20:27,b'RT @SWinHealth: #swsd2016 people are suiciding because of harshness of disability system in #Korea'
748063452061523969,2016-06-29 07:59:59,"b""RT @SPSMChat: Reddit's Role in #Suicide Prevention https://t.co/Js9brrXley via @WNYC #spsm #HITsm #HCSM #CLPsych"""
748061666454077440,2016-06-29 07:52:54,"b'RT @StuckonSW: We continue to delude ourselves thinking of Suicide as a ""mental health"" prob. HT @AlysColeKing #ZeroSuicide #hcldr https://\xe2\x80\xa6'"
747200723780198401,2016-06-26 22:51:49,"b'Indigenous suicide rates in remote WA communities among worst in world, report finds https://t.co/EIczVC9TyB via @abcnews'"
747183833884164097,2016-06-26 21:44:42,b'RT @JMedInternetRes: The latest The #digitalhealth Daily! https://t.co/qeO2F4sPne Thanks to @usansomdaly @mHealthOTT @RamParagi'
746865101429342208,2016-06-26 00:38:10,b'RT @mgoat73: This is the beginning of the end for the UK. Political and economic turmoil for decades. Nationalism breeds conflict. Not a go\xe2\x80\xa6'
746865057582055424,2016-06-26 00:38:00,b'RT @icsw2019: Thank you to our social work friends around the world for our first 100 followers.'
746651322569494528,2016-06-25 10:28:42,b'Real World Clinical Blog: Deciphering Trauma - https://t.co/8om4faCFyB https://t.co/vJThCWJ8ts'
745819228226256896,2016-06-23 03:22:15,b'#humbled https://t.co/bYgzlgTxXt'
745796114499067904,2016-06-23 01:50:24,"b'#icswsg2016 closing ceremony about to begin, what a week its been #singapore #socialwork #practice #research #respect + some #Beethoven'"
745783606115598337,2016-06-23 01:00:42,"b'RT @AgnesZeon: well done to the organising committee for the most amazing #icswsg2016 amazing speakers,  amazing venue and amazing everythi\xe2\x80\xa6'"
745780921962364930,2016-06-23 00:50:02,"b'Bitter sweet farewell #icswsg2016 #singapore 2day. Closing ceremony, followed by some shopping. Big thanku2 organisers+all in purple shirts!'"
745741656750587904,2016-06-22 22:14:00,b'RT @icsw2019: Very excited &amp; slightly nervous about our big day tomorrow at @ICSW2016SPORE where we receive the baton for 2019! #icswsg2016'
745558988310208513,2016-06-22 10:08:09,b'RT @LisaMBrophy: @katekarban - ta! anyone else interested for more info on our SDM project see https://t.co/grdUHw7uZd #icswsg2016  https:/\xe2\x80\xa6'
745557871262203904,2016-06-22 10:03:42,b'RT @AgnesZeon: #icswsg2016 listening to dr tim s talk again. so many different ways of interventions other than psychotherapy :D https://t.\xe2\x80\xa6'
745544095498571776,2016-06-22 09:08:58,b'Finishing up after another amazing day #icswsg2016 #socialwork #networking great to be around the great energy + enthusiastic colleagues'
745521923963052032,2016-06-22 07:40:52,b'@CreateSW great to connect at #icswsg2016 will keep in contact'
745494085155250176,2016-06-22 05:50:15,"b""#icswsg2016 I'm really appreciating the diversity + scope of #socialwork #research internationally, what a fantastic conference! @icsw2019"""
745462159845449728,2016-06-22 03:43:23,b'Absolutely we need good partnerships between academia and #socialwork practitioners #icswsg2016'
745459152265195520,2016-06-22 03:31:26,b'RT @LisaMBrophy: Martin Webber - connecting people intervention - participatory research  having an impact #icswsg2016 https://t.co/UNvW5Cm\xe2\x80\xa6'
745458601813118976,2016-06-22 03:29:15,b'RT @ICSW2016SPORE: Some of the Day 4 morning conference speakers - Prof Lynette Barbara Joubert and Prof John Gai #icswsg2016 https://t.co/\xe2\x80\xa6'
745458565549219840,2016-06-22 03:29:06,b'RT @mgoat73: There are few evidence-informed practice guidelines for psychosocial interventions for women with gynaecological cancer #icsws\xe2\x80\xa6'
745458358174375936,2016-06-22 03:28:17,"b'Great presentation this morning #icswsg2016 research efficacy/effectiveness + need to better articulate evidence based #socialwork, thankyou'"
745456928352935936,2016-06-22 03:22:36,b'Thought provoking https://t.co/z808bgARkE'
745432235105353732,2016-06-22 01:44:28,b'Feeling inspired that #socialwork is negotiating+creating change #icswsg2016 + looking forward to Shaping the future @icsw2019 @BarwonHealth'
745421875086385152,2016-06-22 01:03:18,b'RT @ICSW2016SPORE: #icswsg2016 https://t.co/it1WV2lfUt'
745383359291883520,2016-06-21 22:30:16,b'RT @JMedInternetRes: JMIR: How Health Care Professionals Use Social Media to Create Virtual Communities: An Integrative Review: Ba... https\xe2\x80\xa6'
745382812253990913,2016-06-21 22:28:05,b'RT @JMedInternetRes: JMIR: Do Web-based Mental Health Literacy Interventions Improve the Mental Health Literacy of Adult Consumers... https\xe2\x80\xa6'
745381692907487232,2016-06-21 22:23:38,"b'RT @nasw: NASW, other groups seek public input on draft Technology Standards in Social Work Practice https://t.co/qXsvoo5Fvm. https://t.co/\xe2\x80\xa6'"
745215391555719169,2016-06-21 11:22:49,"b'RT @courtbembridge: ""1 in 19 Aboriginal people from WA will commit suicide."" More calls for Royal Commission, via @anthonystewart\nhttps://t\xe2\x80\xa6'"
745207083704823808,2016-06-21 10:49:48,"b'RT @ICSW2016SPORE: Ans for the above fun facts, we have received 406 abstracts in total. We have a total of 830 participants from 30 nation\xe2\x80\xa6'"
745172787573071872,2016-06-21 08:33:31,b'#socialwork and impact of #socialmedia in practice being discussed in workshop this afternoon! #icswsg2016 @icsw2019'
745163837595279360,2016-06-21 07:57:58,b'Fascinating research being done by The Alfred Hospital with @unimelb into #socialwork service delivery in burns unit #icswsg2016'
745159913463123969,2016-06-21 07:42:22,b'Such a passionate and motivated group of amazing #socialworkers  i am privileged to meet and hear from #icswsg2016'
745103996738625537,2016-06-21 04:00:10,"b""Challenge for SW collaborative practice is to 'make social work obvious' #socialjustice #icswsg2016. Great session #humility #respect"""
745096214895439878,2016-06-21 03:29:15,b'Amazing #collaborative #socialwork being presented today.\n#respect #selfhelpgroup #Survivors #icswsg2016'
745074823177527296,2016-06-21 02:04:15,b'EXCLUSIVE: \xe2\x80\x98Sons and daughters need our help as much as their mothers\xe2\x80\x99 says PRINCE WILLIAM https://t.co/42Lr6T6EPu'
745034116328894465,2016-06-20 23:22:30,b'#innovative #methodology i hope 2C more #socialmedia #research 4 #socialwork in the future #icswsg2016 @icsw2019 https://t.co/V2SsKPVdfn'
745029978933256192,2016-06-20 23:06:03,b'RT @ICSW2016SPORE: -  #icswsg2016 https://t.co/QFrahjhjui'
744892456202702849,2016-06-20 13:59:35,b'RT @icsw2019: Come on #icswsg2016 delegates. Help us get our first 100 followers this week at @ICSW2016SPORE !'
744810738951163904,2016-06-20 08:34:52,b'Privileged to hear research projects undertaken in Psychosocial &amp; Spiritual Care Workshop #icswsg2016 #socialwork #enhancinghumancondition'
744773181479673856,2016-06-20 06:05:38,"b'Prof Kenneth Doka speaking of our support systems in bereavement Doers, Listeners and Respite #bereavement #icswsg2016 #socialwork'"
744763772053532672,2016-06-20 05:28:14,"b""Assoc prof amy chow, great use of metaphor 'letting go of shrimps' i love it, what a connection #bereavement #icswsg2016 #socialwork"""
744757989706338304,2016-06-20 05:05:16,"b""Full house in 'Survivorship &amp; End of Life Care' #icswsg2016"""
744734622995472384,2016-06-20 03:32:25,b'Ms Zsin Woon Teoh pres impressive+heartwarming examples #singapore building communities of care #icswsg2016 #ageingpopulation #socialwork'
744733420874403844,2016-06-20 03:27:38,"b'RT @SWinHealth: #ZsinWoomTeoh We are a Ministry for Health, not a ministry for hospitals #Singapore #icswsg2016'"
744727317939814401,2016-06-20 03:03:23,"b'Dr Peter Havmond pres re systems approach+group model building, great thought provoking practice examples #icswsg2016 #socialwork #systems'"
744720756571930624,2016-06-20 02:37:19,b'Thank you Prof Young Kyung Do. Coevolution of health and social care. Thinking of opportunities for #socialwork going forward  #icswsg2016'
744644477873119232,2016-06-19 21:34:13,"b""Packed programme today at #icswsg2016 #social work 'Enhancing the human condition: Negotiating &amp; creating change'"""
744642810033233920,2016-06-19 21:27:35,b'Reflecting on last nights keynotes; eco social work &amp; #singapore supporting ageing population #icswsg2016'
744514939973308416,2016-06-19 12:59:28,"b'RT @SWinHealth: Keynote #PaulCheung - others can build roads, we want to build an inclusive society #icswsg2016'"
744508242475155456,2016-06-19 12:32:51,b'RT @MICEapps: #icswsg2016 opening ceremony https://t.co/bXzcOCQdyj'
744436549991825409,2016-06-19 07:47:59,"b'Poster is up, registered, ready for opening, the place is buzzing #icswsg2016 #socialwork #socialmedia https://t.co/Fqpg6B7wkG'"
744324672611717120,2016-06-19 00:23:25,b'8th International Conf on Social Work in Health &amp; Mental Health kicks off today #singapore #icswsg2016 #socialwork'
743536592690634752,2016-06-16 20:11:52,b'RT @ruokday: #RUOK interviewed @bridianne from @blackdoginst about using Twitter to map emotions across the world. Read more: https://t.co/\xe2\x80\xa6'
736356010458112000,2016-05-28 00:38:48,b'RT @yawcrc: Read: Suicide Rates Across Federal Electorates Revealed https://t.co/tpNhVsziK5 #AA4SP #auspol #SuicidePrevention https://t.co/\xe2\x80\xa6'
735618961597816836,2016-05-25 23:50:02,b'Effectiveness of Social Media Interventions for People With Schizophrenia @scoopit #health #socialmedia'
735615352952885248,2016-05-25 23:35:41,b'RT @TheLancetPsych: New research. Suicide in children and young people in England: a consecutive case series. https://t.co/LbDjjXWukM'
735381201830195200,2016-05-25 08:05:15,"b""Suicide rates: experts warn job losses and uncertainty contributing to 'national disaster' https://t.co/QIS8IXjHUz"""
735346205245513728,2016-05-25 05:46:12,b'Social workers cannot ignore the role of social media in the profession https://t.co/qgPjE7Dj63'
735062679090405376,2016-05-24 10:59:34,"b'""Sleepwalking into national disaster"": suicide rates jump https://t.co/RHFuBB9T6j'"
733948012280451074,2016-05-21 09:10:16,"b'@merollim haha yeah ive had it set up a while just very inactive, now seeing it with fresh eyes'"
