id,created_at,text
969971680373362688,2018-03-03 16:24:04,b'Went for a lovely walk in the snow last night \xe2\x9b\x84\xef\xb8\x8f very very lucky to call Cardiff my home. https://t.co/ohLwSqscFX'
968945693544075264,2018-02-28 20:27:10,b'@sandbergrlaw Shame they didn\xe2\x80\x99t have a line about the baguettes'
968894993720111104,2018-02-28 17:05:42,"b""@sandbergrlaw How Masterchef-esque! 'Russell has made a pure liqourice tea, served with a baguette garnish.'"""
968889528772714497,2018-02-28 16:43:59,b'RT @JonemarshUK: The School of Law &amp; Politics at Cardiff University out again in strength today for picketing &amp; the #ucustrike rally.\nYou a\xe2\x80\xa6'
968889251646537729,2018-02-28 16:42:53,b'@sandbergrlaw Why do the two people on the box have baguettes in their baskets? How has the woman not fallen off wh\xe2\x80\xa6 https://t.co/RlmrthPun6'
968839958478905346,2018-02-28 13:27:00,b'RT @LizzyWill_: Solidarity to the women in #yarlswood from cardiff picket line #HungerforFreedom #ucustrike #usstrike #helloColin @DrDaniel\xe2\x80\xa6'
968839887582564361,2018-02-28 13:26:44,b'RT @LizzyWill_: Sending solidarity &amp; strength to the women in #YarlsWood fromour strike to yours #hungerforfreedom #UCUStrike #usstrike #he\xe2\x80\xa6'
967094938952437761,2018-02-23 17:52:55,b'RT @SJBurgum: #HendrixHound says: \xe2\x80\x98Secure Pensions = Secure Kibble\xe2\x80\x99. / \xe2\x80\x98Their Pension Conditions Are Our Kibble Conditions\xe2\x80\x99.\n@DogsOnDemos @\xe2\x80\xa6'
967039001264836609,2018-02-23 14:10:39,b'@sandbergrlaw Thanks to all of you for striking and standing at the picket line despite the cold!'
966808435172966400,2018-02-22 22:54:28,b'@DrDanielNewman We\xe2\x80\x99ve made it!'
966712351666987013,2018-02-22 16:32:39,b'RT @JonemarshUK: Law and Politics staff at Cardiff University this morning on the first day of strike action against the proposed devastati\xe2\x80\xa6'
966674405316231168,2018-02-22 14:01:52,b'Thank you to all the staff and students supporting the #USSstrike #ucustrike. This is a strike not just about pensi\xe2\x80\xa6 https://t.co/3CNT2yzuc6'
966260043543928832,2018-02-21 10:35:21,b'RT @UKSupremeCourt: Judgment has been given this morning in Barton (Appellant) v Wright Hassall LLP (Respondent) https://t.co/bk6CUX9Oek ht\xe2\x80\xa6'
965858861952524289,2018-02-20 08:01:12,b'@DrSharonThomp The best kind of distraction!'
965629627774402560,2018-02-19 16:50:18,"b""I've finally set up a twitter! What better way to start than a picture of Harley, my favourite study buddy? https://t.co/ZG0FVS3doN"""
