id,created_at,text
966626182954471424,2018-02-22 10:50:15,b'Nice (and important) initiative of some friends at UMN https://t.co/FQlu2FWXbp'
961608728003923968,2018-02-08 14:32:41,b'RT @AgBioWorld: Dear US Congress: We have terrific ideas to develop useful GM crops but can\xe2\x80\x99t afford $30M regulatory costs unlike #Monsanto\xe2\x80\xa6'
960110433200951296,2018-02-04 11:18:59,b'RT @2blades: Excellent video series form @undarkmag on the grave threat posed by wheat stem rust. 2Blades &amp; partners @UMNPlantPath @CSIROne\xe2\x80\xa6'
953391700231176192,2018-01-16 22:21:09,"b'@Woah_Ninters I am glad that you liked, Noah!'"
953295483664941057,2018-01-16 15:58:49,b'The deadly stem rust is threatening global wheat production. Come to my talk at #PAGXXVI at 10:55am and see an alte\xe2\x80\xa6 https://t.co/u3Y1jtN1dO'
952924266210590720,2018-01-15 15:23:44,b'Let\xe2\x80\x99s discuss gene evolution in plants today! Visit me at poster 401 4:30pm #PAGXXVI'
941352120636395524,2017-12-14 17:00:09,b'@Jeffinerca @Firestone_Lab @BanfieldLab @Lab_Sullivan @BruceHungate @Livermore_Lab Awesome! I will talk to my siste\xe2\x80\xa6 https://t.co/XfcmBvDN4Q'
941349444284506113,2017-12-14 16:49:31,b'@Jeffinerca @Firestone_Lab @BanfieldLab @Lab_Sullivan @BruceHungate @Livermore_Lab Greetings! Do you accept interna\xe2\x80\xa6 https://t.co/rC15ovSkBZ'
699063251493998592,2016-02-15 02:50:41,"b""@dielelobo so many social media, it's a constant learning process.. Thanks for the help! Haha"""
