id,created_at,text
970647010914299904,2018-03-05 13:07:35,b'A review of Anna Quindlen\xe2\x80\x99s soon-to-be-released book: https://t.co/LKGKw3nFuZ'
970366102587965441,2018-03-04 18:31:22,"b'Oh, @Marvel...Please Cast These Characters https://t.co/l05XPEYro6'"
970334704997142531,2018-03-04 16:26:36,"b""RT @HillaryClinton: Saw Black Panther with Bill this afternoon &amp; loved it. Beautiful film, lots of action, and a great message. Don't miss\xe2\x80\xa6"""
970333255282167808,2018-03-04 16:20:50,b'A Review of Alternate Side by Anna Quindlen  https://t.co/Zg5Q0lbMgm @randomhouse'
970331822470115328,2018-03-04 16:15:09,"b'A plethora of books, coming Tuesday, March 20: https://t.co/RA30hwM3rz'"
970307805046542336,2018-03-04 14:39:42,b'A review of Tarnished City by Vic James https://t.co/B0mwYkIX3V'
970307619423510528,2018-03-04 14:38:58,"b'A note on Casino Royale, a graphic novel https://t.co/8FBUFaB0f1'"
970130365628248064,2018-03-04 02:54:37,b'RT @flickeringmyth: Game Night directors close their deal for Flashpoint https://t.co/1K4Jw1RVnk https://t.co/xB0QSuKSuU'
970130288797016064,2018-03-04 02:54:19,b'RT @flickeringmyth: The Hunger Games writer to pen Logan\xe2\x80\x99s Run for X-Men: Dark Phoenix director https://t.co/iJjsBfgt7i https://t.co/1Oai0g\xe2\x80\xa6'
969997206836121600,2018-03-03 18:05:30,b'A Review of James Bond: Kill Chain by Andy Diggle https://t.co/N1YlEEbbiB'
969992130063106048,2018-03-03 17:45:20,b'A Review of Sirens by Joseph Knox https://t.co/UHHJMmxzEV @josephknox__ @CrownPublishing'
969936955868884998,2018-03-03 14:06:05,b'RT @chrisricewriter: Just a reminder that this is happening tomorrow and @EricShawQuinn will be roasting me and we\xe2\x80\x99ll also be live streamin\xe2\x80\xa6'
969936824369115137,2018-03-03 14:05:34,b'RT @AGrayhurst: When I met an angel  she was on a subway\xc2\xa0car https://t.co/zaLd4IV7yO https://t.co/Bt1znUId94'
969936777262845952,2018-03-03 14:05:22,b'RT @ncte: Studying Reasons Writers Write: Purpose Studies in the Writing Classroom https://t.co/FuSutcfejk via @writerswhocare https://t.co\xe2\x80\xa6'
969625079519866882,2018-03-02 17:26:48,b'A Note on Nightlights by Lorena Alvarez https://t.co/zXG3l6uQiA @ArtichokeKid'
969623839192862720,2018-03-02 17:21:52,"b'RT @VintageAnchor: Congrats to novelist, incredible person, and now PRESIDENT of @PENamerican, Jennifer Egan!\nhttps://t.co/kJpVi5vWnB https\xe2\x80\xa6'"
969623758733324288,2018-03-02 17:21:33,b'A Review of The Shadow: Leviathan https://t.co/cd7v0NzXB9'
968840766066970625,2018-02-28 13:30:13,"b'RT @AnneRiceAuthor: Good Morning, People of the Page.  ""Blood Communion"" is getting a welcome to the world.  Hope this day is good... https\xe2\x80\xa6'"
968840740905373696,2018-02-28 13:30:07,"b""@AnneRiceAuthor I really want to read this book!  And I'm curious about the two others and their direction.  Vampir\xe2\x80\xa6 https://t.co/BSUHFoiKM7"""
968840367918534657,2018-02-28 13:28:38,b'A note on Why Should the Devil Have All the Good Music by Gregory Alan Thornbury https://t.co/50cCM7jsqg'
968839238027378688,2018-02-28 13:24:09,b'I just reviewed Water at the Roots by Philip Britts. #WaterAtTheRoots #NetGalley https://t.co/JmySTiPmHL'
968839190090797056,2018-02-28 13:23:57,b'I just reviewed Unicorn of Many Hats  (Phoebe and Her Unicorn Series Book 7) by Dana Simpson. #UnicornOfManyHats(ph\xe2\x80\xa6 https://t.co/QIQXvTGBak'
968293897339367424,2018-02-27 01:17:09,b'RT @flickeringmyth: New trailer for Fahrenheit 451 starring Michael B. Jordan and Michael Shannon https://t.co/hkxrxzfHBB https://t.co/tu4d\xe2\x80\xa6'
968293546120892417,2018-02-27 01:15:46,b'RT @dreamingbigpub: Got the Monday blues? Go an adventure with any of our Piers Anthony books! All books are available in paperback and dig\xe2\x80\xa6'
968293527061975040,2018-02-27 01:15:41,"b'RT @_DavidMorrell: In my novel, THE SHIMMER, the disappearance of police officer Dan Page\xe2\x80\x99s wife leads him to a remote Texas town where he\xe2\x80\xa6'"
968192728986210304,2018-02-26 18:35:09,b'A note on Knockout by KA Holt https://t.co/mkOoUQKuee'
968100006791086080,2018-02-26 12:26:42,"b'RT @JKyleMcNeal: For the rest of this week, get Birthrights for just $0.99.\n\nhttps://t.co/MtpQj3tyf8'"
967899412432392194,2018-02-25 23:09:37,b'A review of Earth Woman Tree Woman Quartet https://t.co/0BhWwpJtIR'
967899156999221248,2018-02-25 23:08:36,b'A review of New Boy by @Tracy_Chevalier https://t.co/yFKtC01J08'
967761398402043904,2018-02-25 14:01:12,"b'RT @ncte: Check out these ideas on how to incorporate books by @coebooth, Christopher Paul Curtis, @angiecthomas, and @JasonReynolds83 into\xe2\x80\xa6'"
967583790339186688,2018-02-25 02:15:27,b'RT @spraguemw: Hey @MitchGerads @TomKingTK just stopped by my LCS and I\xe2\x80\x99m finally caught up on every print! https://t.co/mDriNM7MQN'
967583630599049221,2018-02-25 02:14:49,b'RT @historycomics: How can you not love comics in the classroom? https://t.co/zHbsjCzqqf'
967162861125500930,2018-02-23 22:22:49,b'RT @01FirstSecond: Setting up at ComicsPro! https://t.co/3bxDC46BCD'
967045520643502081,2018-02-23 14:36:33,b'Reviews and interviews at https://t.co/I3kOV159Ty'
967045468508303361,2018-02-23 14:36:21,b'Some words about City of Endless Night by Douglas Preston and Lincoln Child https://t.co/MebKrdELCV'
967016255914938368,2018-02-23 12:40:16,b'RT @CourtPeppernell: Pillow Thoughts \xf0\x9f\x92\xad https://t.co/6AVYfcwSb5 https://t.co/ipaZ5XtkyK'
966719008165781504,2018-02-22 16:59:06,b'RT @silasdhouse: Proud to see that #Southernmost (out June 5) is a already a staff pick at @BookTowne .  Thanks so much for your kind words\xe2\x80\xa6'
966718983075483659,2018-02-22 16:59:00,b'RT @ChelsDingman: \xe2\x80\x9cViolence your wake. One nation under the weapon. / One human city under the banner of murder.\xe2\x80\x9d\n\n\xe2\x80\x9cIf love doesn\xe2\x80\x99t prevail\xe2\x80\xa6'
966718964029181954,2018-02-22 16:58:56,b'RT @marinaomi: Please share + help get the word out about the Cartoonists of Color and Queer Cartoonists databases! \xf0\x9f\x92\x95 https://t.co/VL3B7ui9\xe2\x80\xa6'
966718922811691014,2018-02-22 16:58:46,"b""RT @_DavidMorrell: Here's a fun 15-minute conversation from \xe2\x80\x9cBooks in Three Bytes,\xe2\x80\x9d a podcast presented by the AuthorBytes Cafe. Host Jorda\xe2\x80\xa6"""
966513480563032065,2018-02-22 03:22:25,b'A Review of New Boy by @Tracy_Chevalier https://t.co/WSHU6JYUtP'
966059164538691585,2018-02-20 21:17:07,b'A Note on Collected Stories by Bruno Schulz  https://t.co/qW3Z5MX2UE @NorthwesternUP'
965577586297528321,2018-02-19 13:23:30,"b'RT @ChelsDingman: \xe2\x80\x9cHere, the dead / stay dead.\xe2\x80\x9d\n\n-Nancy Reddy, from Double Jinx https://t.co/VKnutFdpOt'"
965577094892871680,2018-02-19 13:21:33,b'I just reviewed Brazen by P\xc3\xa9n\xc3\xa9lope Bagieu. #NetGalley https://t.co/LvAVIcXGpt'
965577023149215744,2018-02-19 13:21:16,b'I just reviewed Gun Love by Jennifer Clement. #GunLove #NetGalley https://t.co/bMrix5HFr9'
965576922825707520,2018-02-19 13:20:52,b'I just reviewed Cucumber Quest: The Ripple Kingdom by Gigi D.G.. #NetGalley https://t.co/M5UYTk7fBX'
965405201652961282,2018-02-19 01:58:31,"b""RT @LAGreenberg1: A1: My middle grade novel tells the story of a friendship in peril, a grandmother who's a hoarder, and the danger of tryi\xe2\x80\xa6"""
965369202566729730,2018-02-18 23:35:28,"b""RT @01FirstSecond: We agree with @halseanderson about @TillieWalden's incredible graphic novel SPINNING: \xe2\x80\x9cThis beautiful story about sorrow\xe2\x80\xa6"""
965290315669295105,2018-02-18 18:22:00,"b""RT @MeerkatPress: In case you missed it: Take A Weird Road Trip In @Keith_Rosson 's Latest Novel, #SmokeCity https://t.co/Tv1fCivPix"""
965273303853256704,2018-02-18 17:14:24,"b'RT @ncte: Making Connections to African American Read-In Books, Week 1 by @fink_girl https://t.co/3NpSLaaz47 featuring books by @sharonmdra\xe2\x80\xa6'"
965273281082331137,2018-02-18 17:14:18,b'RT @TomKingTK: Very cool. https://t.co/n7WMzoVuD2'
965257334049136646,2018-02-18 16:10:56,"b'RT @benshapiro: Just saw #BlackPantherMovie with true wife. Happy to report it is an excellent film. Really, really good.'"
965253778093084673,2018-02-18 15:56:48,b'I just reviewed Stinky Cecil in Mudslide Mayhem! by Paige Braddock. #StinkyCecilInMudslideMayhem! #NetGalley https://t.co/35AO0QKN9j'
965244950605594624,2018-02-18 15:21:44,b'RT @flickeringmyth: Netflix\xe2\x80\x99s The Umbrella Academy casts Colm Feore and more https://t.co/pedCvQDJPh https://t.co/9dJ8k2IfSG'
965227951280226307,2018-02-18 14:14:11,"b'A note on The Tangled Lands, well done science fiction https://t.co/WqV5woTvx2'"
964928299477688320,2018-02-17 18:23:28,b'Reviews &amp; Interviews at https://t.co/KtZHE4qrPY'
964928183958155264,2018-02-17 18:23:01,b'A note on the witch doesn\xe2\x80\x99t burn in this one by Amanda Lovelace https://t.co/KlOe0BFsxN'
964683496483639296,2018-02-17 02:10:43,b'RT @_DavidMorrell: Rambo\xe2\x80\x99s creator and gun owner wonders about members of Congress who received $3 million in NRA campaign contributions an\xe2\x80\xa6'
964485459064885249,2018-02-16 13:03:47,b'RT @silasdhouse: Publication date is still seven months away but I can finally reveal the beautiful cover of my new novel from @AlgonquinBo\xe2\x80\xa6'
963938246286864385,2018-02-15 00:49:21,"b""RT @01FirstSecond: Congratulations to our YALSA Top Ten Great Graphic Novels, @nidhiart's PASHMINA and @ScottWesterfeld and Alex Puvilland'\xe2\x80\xa6"""
963919910530420736,2018-02-14 23:36:30,b'RT @flickeringmyth: Annihilation - Natalie Portman Interview https://t.co/naEeefS1GJ'
963919316981833728,2018-02-14 23:34:08,b'RT @_DavidMorrell: Need a thrilling #ValentinesDay gift for the book lover in your life? Take a look at my Victorian mystery/thriller serie\xe2\x80\xa6'
963825400588709889,2018-02-14 17:20:57,b'A Note on Santa In Two Worlds by Mr. Ben https://t.co/s0pJpldPI3'
963823423322578944,2018-02-14 17:13:05,b'A Note on The Redhead by H.M. Howington https://t.co/AlvjzRO2pI @synchchaos @smallandlarge'
963821551429746690,2018-02-14 17:05:39,"b""A Note on A Night's Tale by Coulter https://t.co/wJOGN4rFHM @synchchaos @smallandlarge"""
963764444445757441,2018-02-14 13:18:44,b'@gabrielhardman @TomKingTK I am writing a review of this book...coming soon!'
963764368243556353,2018-02-14 13:18:25,b'RT @gabrielhardman: Got our comps of GREEN LANTERN: EARTH ONE! In stores March 20th. https://t.co/pAwxIaQyfM'
963764328972345345,2018-02-14 13:18:16,b'RT @Sean_G_Murphy: Staging. https://t.co/UoC2l3HPIe'
963764230573973505,2018-02-14 13:17:53,b'A Note on Destination Unknown by @Ladykanddj https://t.co/MqaX3x1RWa'
963763811756003329,2018-02-14 13:16:13,b'A note on Poured Out Thoughts by Chimenzie Ihekuna https://t.co/C6A02CpkmP'
963763669527080960,2018-02-14 13:15:39,b'Three questions with author Warren Ellis https://t.co/KLjKb9Uzzh'
963763527076012032,2018-02-14 13:15:05,b'A note on The Truth About Snails by JD DeHart https://t.co/2BV9Sg0L6a @RedDashboard @EAkinStelling @bobstelling'
963757878854213633,2018-02-14 12:52:38,b'RT @MillieThom: Shadow of the Raven: Sons of Kings Bk 1 #Vikings\nTwo kingdoms threatened; two sons of kings learning to survive.\nhttps://t.\xe2\x80\xa6'
963757849611505665,2018-02-14 12:52:31,b'RT @LiamBrownWriter: Uh-oh. Last week Amazon patented a real version of the OptimiZer band I invented for Broadcast (https://t.co/JuZyW9pK8\xe2\x80\xa6'
963757817965490177,2018-02-14 12:52:24,b'RT @csboustead: Want a great #fantasy #read then look no further get this book and if you do please leave a #review! https://t.co/udTvvuublC'
963757752718905344,2018-02-14 12:52:08,"b'RT @AlgonquinBooks: \xe2\x80\x9cThe novel redefines the traditional American love story,\xe2\x80\x9d @Oprah says of #AnAmericanMarriage by @tayari #OprahsBookClu\xe2\x80\xa6'"
963757736889602048,2018-02-14 12:52:04,b'RT @rmennies: benedictions for Valentine\xe2\x80\x99s Day from Ocean Vuong: https://t.co/v2CQd0TxGO'
963726356734410752,2018-02-14 10:47:23,b'RT @csboustead: Here are what people think about my #book on#netgaley why not join them get it and leave a review thank you! https://t.co/l\xe2\x80\xa6'
963726326267088896,2018-02-14 10:47:16,b'RT @thegourmez: Their wings are red\nYour blood is too\nWill the Seer find them\nbefore they eat you? #ValentinesYourBook https://t.co/zw60JGx\xe2\x80\xa6'
963726268792557568,2018-02-14 10:47:02,b'RT @MaggieThom2: Reading... the place you find yourself. https://t.co/6udvzdxNvE #fiction #quote https://t.co/R3xTGgztyZ'
963726236144099328,2018-02-14 10:46:54,b'@MargaretAtwood @SafeCatSafeBird @NatureCanada Loved this book.'
963726171736338432,2018-02-14 10:46:39,b'RT @MargaretAtwood: #Angel Catbird audio play now here:  #AudibleApp https://t.co/hKvS4gzngS  Like old-time radio show: theme song and all!\xe2\x80\xa6'
963625968559673344,2018-02-14 04:08:28,b'Less than two weeks...a review of Zero Day by @ezekiel_boone https://t.co/ENv3cd3jtD @AtriaMysteryBus'
963621466905473025,2018-02-14 03:50:35,b'Reviews &amp; interviews at https://t.co/I3kOV159Ty'
959848314224201728,2018-02-03 17:57:25,b'@visual_verse My pleasure!'
957283315844894722,2018-01-27 16:05:02,b'@EunoiaReview Really nice work.'
954188423400771584,2018-01-19 03:07:02,b'@JessEvans915 Thank you!  I\xe2\x80\x99m glad it resonates.'
952571171702300673,2018-01-14 16:00:39,b'@iamjonjackson My pleasure!'
952562723052752896,2018-01-14 15:27:05,"b'@danecobain Thanks for getting in touch, Dane.  There is a contact form on the site.'"
936592723775287301,2017-12-01 13:48:01,"b'@annyyy73 Hi, you have been randomly selected to win a free copy of Foreigner by CJ Cherryh since you participated\xe2\x80\xa6 https://t.co/2wjpMRysyt'"
926390429230256128,2017-11-03 10:07:44,b'@Jilliard08 My pleasure!'
925870499657404417,2017-11-01 23:41:43,b'@AHerdofDeer My pleasure!'
925719800994844672,2017-11-01 13:42:54,b'@RudyFrancisco My pleasure!'
924672343317901312,2017-10-29 16:20:40,"b'@LyssadeHart My pleasure!  As I said, this is not the kind of thing I usually read and review, but I really liked w\xe2\x80\xa6 https://t.co/jCeyxdkgu9'"
922998301254868992,2017-10-25 01:28:38,"b'@HECTORLASSITER @jasonshiga @ItsAndyHirsch Absolutely, glad to read it!'"
922998194186764290,2017-10-25 01:28:12,b'@ItsAndyHirsch @jasonshiga @HECTORLASSITER My pleasure!  Great book!'
922257776835026945,2017-10-23 00:26:03,b'@keith_rosson @MeerkatPress My pleasure!'
920296024769466368,2017-10-17 14:30:45,b'@VanessaKEccles One of my favorite theologians!'
919409131794116608,2017-10-15 03:46:33,"b'@orionnichole It was a pleasure to read and review, @orionnichole!'"
918471415057219584,2017-10-12 13:40:24,"b'@danecobain @danebookpromo Yes, sir...you can find it here: https://t.co/hdOkvNZ4Ec'"
915370332902641669,2017-10-04 00:17:48,"b'@falinincryngout Hi, Bonnie.  I am not much of a resource for getting movies produced or books published, but I rec\xe2\x80\xa6 https://t.co/aEAlDujtEj'"
915369821293961216,2017-10-04 00:15:46,b'@EAkinStelling @bobstelling @RedDashboard @EditingHeifer I am glad he is pleased!  I do have his second book in the\xe2\x80\xa6 https://t.co/2J5MRtpdx5'
912256402202210305,2017-09-25 10:04:09,b'@jenifrost_ @JessEvans915 My pleasure!'
912256263165235200,2017-09-25 10:03:36,"b'@danebookpromo @danecobain Trying to catch up, Dane.  Looking forward to the next read.  And I would recommend Sleeping Beauties.'"
912124143566573568,2017-09-25 01:18:36,"b'@JessEvans915 My pleasure, @JessEvans915, and thank you!'"
911597820842520578,2017-09-23 14:27:11,"b'@Ladykanddj Yes, Kathleen, all reviews are mine.'"
911576504668164097,2017-09-23 13:02:29,"b'@danecobain @danebookpromo Thanks, Dane.  The review should be on Amazon and at Goodreads.  Looking forward to reading your other titles.'"
907738239133523969,2017-09-12 22:50:35,"b'@mlworthingham My pleasure!  Thank you, @mlworthingham!'"
904163409264029696,2017-09-03 02:05:29,b'@mj_engels Fantastic!  I will get in touch with some questions.'
900873704795754497,2017-08-25 00:13:23,"b'@PoetryLifeTimes Yes, message received.  Thank you, I look forward to reading it!'"
898905595205611521,2017-08-19 13:52:49,"b'@Jo_Furniss I was glad to read it.  A very engaging, well-written book!'"
898722871979245570,2017-08-19 01:46:44,"b'@shawnsmucker Thank you, very enjoyable read!'"
898657846614777857,2017-08-18 21:28:21,"b'@RoydenLepp This was my introduction, @RoydenLepp...but I will definitely check them out.'"
898527458844135424,2017-08-18 12:50:14,"b'@LiamBrownWriter @Legend_Press My pleasure, @LiamBrownWriter...I enjoyed the book a great deal!'"
898004666532974592,2017-08-17 02:12:51,b'@cpkelly @JacksonLanzing @marcusto @kniivila Thank you!  I am sure I will!'
897545527797075968,2017-08-15 19:48:24,b'@RichardChizmar @StephenKing @CemeteryDance Thank you!  I enjoyed the book!'
897459565377314816,2017-08-15 14:06:49,b'@RickCelis This art takes me back...excellent stuff you have here!'
897108136024264704,2017-08-14 14:50:21,b'@guernica_ed My pleasure!'
896785395211546624,2017-08-13 17:27:54,b'@EAkinStelling @RedDashboard I updated that just now.  Thanks for catching it!'
896746755223638017,2017-08-13 14:54:21,"b'@MrWillHenry Thanks, @MrWillHenry.  I reviewed it through Netgalley.  I really enjoyed what you did with your book!\xe2\x80\xa6 https://t.co/Cw5hoYdx8K'"
896450833168072705,2017-08-12 19:18:28,b'@Peposed @JorgeSantiagoJr Absolutely!  Will be glad to do so.'
896430524327243776,2017-08-12 17:57:46,b'@SpencerAndLocke @Peposed @JorgeSantiagoJr My pleasure!  And thank you!'
896395693228687360,2017-08-12 15:39:22,"b'@VanessaKEccles Thank you, @VanessaKEccles...I look forward to it!'"
896370922592116736,2017-08-12 14:00:56,b'@JorgeSantiagoJr @Peposed Thank you!  Great read!'
896370600826085376,2017-08-12 13:59:39,b'@GuyAdamsAuthor My pleasure!'
896173539174297600,2017-08-12 00:56:36,"b'@guyfarmer Thanks, @guyfarmer, I appreciate that!'"
896001991285116928,2017-08-11 13:34:56,"b""@EAkinStelling Thank you, @EAkinStelling!  I'll get in touch with you about this!  Thanks for checking out the blog!"""
895986428039049216,2017-08-11 12:33:05,b'@melwestcott0125 @StephenKing I love this book @melwestcott0125 ...one of my favorites for writers!  Also check out\xe2\x80\xa6 https://t.co/yqNFX5iczg'
895697860355817478,2017-08-10 17:26:25,b'@thegourmez My pleasure.  Thank you for a lovely book!'
895693284626092033,2017-08-10 17:08:14,"b'@Emmavieceli @AnthonyHorowitz @AntonyJohnston @autojoy My pleasure, great read.'"
895346098721755136,2017-08-09 18:08:39,"b'@RyanCelticBhoy @GreggHurwitz @RyanCelticBhoy...@GreggHurwitz is much more successful than I am, but I would start\xe2\x80\xa6 https://t.co/d7VD7Xkgde'"
895088355909804032,2017-08-09 01:04:28,b'@ChelsDingman @UGAPress A pleasure to read your work @ChelsDingman !  Thank you for a beautiful collection.'
893073394853441536,2017-08-03 11:37:44,b'@jconnollybooks was kind enough to respond to 3 questions about reading and writing at https://t.co/g9GxOUr9PH'
