id,created_at,text
964005688090357760,2018-02-15 05:17:21,b'@IbHamid Koojigam\xf0\x9f\xa4\x9e'
962578223262347264,2018-02-11 06:45:06,"b'Read our recent #review #article: "" A review on #modeling and #control of #olefin #polymerization in #fluidized bed\xe2\x80\xa6 https://t.co/4zmZcsGxmJ'"
958782242620231680,2018-01-31 19:21:14,b'RT @mostafatajzade: \xdb\xb1. \xd9\x86\xd9\x87 \xd8\xa2\xdb\x8c\xd9\x87\xe2\x80\x8c\xd8\xa7\xdb\x8c \xd8\xaf\xd8\xb1\xd8\xa8\xd8\xa7\xd8\xb1\xd9\x87 \xd8\xa7\xd8\xac\xd8\xa8\xd8\xa7\xd8\xb1\xdb\x8c \xd8\xa8\xd9\x88\xd8\xaf\xd9\x86 \xd8\xad\xd8\xac\xd8\xa7\xd8\xa8 \xd8\xaf\xd8\xa7\xd8\xb1\xdb\x8c\xd9\x85 \xd9\x88 \xd9\x86\xd9\x87 \xd8\xad\xd8\xaf\xdb\x8c\xd8\xab\xdb\x8c. \xd9\x81\xd9\x82\xd9\x87\xd8\xa7 \xd9\x86\xdb\x8c\xd8\xb2 \xd8\xa8\xd8\xb1\xd8\xa7\xdb\x8c \xd8\xb9\xd8\xaf\xd9\x85 \xd8\xb1\xd8\xb9\xd8\xa7\xdb\x8c\xd8\xaa \xd8\xad\xd8\xac\xd8\xa7\xd8\xa8 \xd9\x85\xd8\xac\xd8\xa7\xd8\xb2\xd8\xa7\xd8\xaa \xd8\xaa\xd8\xb9\xdb\x8c\xdb\x8c\xd9\x86 \xd9\x86\xda\xa9\xd8\xb1\xd8\xaf\xd9\x87\xe2\x80\x8c\xd8\xa7\xd9\x86\xd8\xaf. \xd9\xbe\xd8\xb3 \xd8\xa7\xd9\x84\xd8\xb2\xd8\xa7\xd9\x85 \xd8\xa8\xd9\x87\xe2\x80\xa6'
949713520316174336,2018-01-06 18:45:22,b'@TohidBorhani \xd8\xae\xdb\x8c\xd9\x84\xdb\x8c \xd9\xbe\xdb\x8c\xda\x86\xdb\x8c\xd8\xaf\xd9\x87 \xd8\xa7\xd8\xb3\xd8\xaa \xd8\xaf\xd9\x84\xdb\x8c\xd9\x84\xd8\xb4. \xd9\x88\xd9\x84\xdb\x8c \xd8\xa7\xd9\x88\xd9\x84\xdb\x8c\xd9\x86 \xda\x86\xdb\x8c\xd8\xb2\xdb\x8c \xd8\xa8\xd9\x87 \xd8\xb0\xd9\x87\xd9\x86 \xd9\x85\xd9\x86 \xd9\x85\xdb\x8c\xd8\xa7\xd8\xaf \xd8\xa7\xdb\x8c\xd9\x86 \xd8\xad\xd8\xb3 \xda\xa9\xd8\xa7\xd8\xb0\xd8\xa8 \xd9\x88\xd8\xb7\xd9\x86 \xd9\xbe\xd8\xb1\xd8\xb3\xd8\xaa\xdb\x8c \xd9\x88 \xd8\xae\xd9\x88\xd8\xaf \xd8\xa8\xd8\xb1\xd8\xaa\xd8\xb1 \xd8\xa8\xdb\x8c\xd9\x86\xdb\x8c\xd9\x87. \xd8\xa7\xdb\x8c\xd9\x86\xda\xa9\xd9\x87 \xd9\x87\xd9\x85\xe2\x80\xa6 https://t.co/baDA3fkibL'
949710888893689856,2018-01-06 18:34:55,b'@TohidBorhani \xd8\xaa\xd9\x88\xd8\xad\xdb\x8c\xd8\xaf \xd8\xac\xd9\x88\xd9\x86 \xd8\xa7\xda\xaf\xd8\xb1 \xd8\xa8\xd9\x88\xd8\xaf\xdb\x8c \xd8\xa8\xd8\xba\xd9\x84\xd8\xaa \xd9\x85\xdb\x8c\xda\xa9\xd8\xb1\xd8\xaf\xd9\x85 \xd9\x88 \xd9\x87\xd8\xa7\xdb\x8c \xd9\x87\xd8\xa7\xdb\x8c \xda\xaf\xd8\xb1\xdb\x8c\xd9\x87 \xf0\x9f\x98\xa2. \xd8\xa7\xda\xa9\xd8\xab\xd8\xb1\xdb\x8c\xd8\xaa \xd8\xa8\xd8\xa7\xd9\x88\xd8\xb1 \xd9\x85\xdb\x8c\xda\xa9\xd9\x86\xd9\x86 \xd8\xa7\xdb\x8c\xd9\x86 \xd9\x85\xd9\x87\xd9\x85\xd9\x84\xd8\xa7\xd8\xaa \xd8\xb1\xd9\x88'
919106474072195072,2017-10-14 07:43:54,b'Totally useful for the king of dummies @realDonaldTrump \n#PersianGulf #Iran #DonaldTrump https://t.co/5NQwQftu5j'
901385886360756225,2017-08-26 10:08:36,b'#Yazdani  the greatest https://t.co/S4CQr7RCya'
880675205290569728,2017-06-30 06:31:45,b'Read my #publication: Dynamic modeling and Molecular Weight Distribution of #ethylene copolymerization in an indus.. https://t.co/0UbZpOtqh3'
768139441412026368,2016-08-23 17:34:48,b'@PSRIChicago Do you offer free admissions or special prices for non-sponsored post graduate students? O am eager to join and present my work'
748088922626895873,2016-06-29 09:41:12,b'@ISA_Interchange  glad to be hearing from you hereafter'
404451595603034113,2013-11-24 03:29:09,"b""RT @WilliamJHague: Tonight's agreement with #Iran good for the whole world, including Middle Eastern countries and the people of Iran thems\xe2\x80\xa6"""
404433121346461696,2013-11-24 02:15:44,b'RT @JZarif: We have reached an agreement.'
