id,created_at,text
970076086171328513,2018-03-03 23:18:56,"b""RT @Satirony: PSA: Just because you don't eat, breathe, and shit science doesn't mean you don't love it. And it doesn't mean you're not cur\xe2\x80\xa6"""
969736044257206274,2018-03-03 00:47:44,"b""#writingproblems : when it's after midnight and you're very ready for bed but a nice paragraph pops into your head\xe2\x80\xa6 https://t.co/hPMUBzIgiI"""
969161407790026754,2018-03-01 10:44:20,"b'RT @SusanCalman: @caitlinmoran ""We\'ve already got one lesbian doing a show"".  That was my favourite comment ever.'"
969161374881517570,2018-03-01 10:44:12,"b'RT @caitlinmoran: My favourite comment I got, when pitching a sit-com: ""We\'ve already got a female comedy this year."" ALREADY. GOT. THE. ON\xe2\x80\xa6'"
968883428623110144,2018-02-28 16:19:45,"b""I hope the university's open tomorrow, or I'm going to have to eat all these hamantaschen by myself... https://t.co/cbSMmVY33j"""
968827327642783744,2018-02-28 12:36:49,"b'RT @bengoldacre: It could be that.\n\nAlternatively: the electorate has lurched towards far-right racist parties, the government has followed\xe2\x80\xa6'"
968506022724886529,2018-02-27 15:20:04,b'Survived my final year talk - even with the distracting view of waves of snow rolling across the city!'
968085029107699713,2018-02-26 11:27:11,b'RT @StuartJRitchie: -Left: when you just read the Abstract.\n-Right: when you read the whole paper.\n(via Reddit) https://t.co/TjNHo9fBIP'
968079069165309952,2018-02-26 11:03:30,"b'RT @doctor_oxford: Without wishing to diminish the extraordinary contribution of people like James, I find it quite extraordinary that you\xe2\x80\xa6'"
967810730786476034,2018-02-25 17:17:13,"b""Needless destruction of healthy mature trees, but Sheffield's not a city to take it without a fight. https://t.co/g9yRgVNKjz"""
967434506755039232,2018-02-24 16:22:15,b'RT @PHDcomics: Winter Olympics https://t.co/3rZpU2C7jf https://t.co/LwcBGOHMIZ'
967434213027926016,2018-02-24 16:21:05,"b'RT @jimalkhalili: My passion for science comes from the thrill of learning something new about the world, far more than the smugness of alr\xe2\x80\xa6'"
967173824331608067,2018-02-23 23:06:23,"b""RT @mrdrleland: Hi, I'm a teacher. I don't want a gun. I could use some more dry erase markers. Thanks for your time."""
966379489319178242,2018-02-21 18:29:59,b'Sometimes you just gotta bribe yourself to do boring work. https://t.co/WWpSYRVrOu'
966359234362466304,2018-02-21 17:09:30,"b""Oh no, won't somebody think of the poor oil billionaires. https://t.co/yWlvkzgfb9"""
966261242859008000,2018-02-21 10:40:07,"b""RT @ffish: GOP: An AR-15 isn't even an automatic weapon. You can't regulate from a position of ignorance.\n\nME: [pulls out paper and pencil]\xe2\x80\xa6"""
965849190646431744,2018-02-20 07:22:46,"b""RT @dascruggs: Seeking diversity and inclusion doesn't mean you're also not seeking the most talented person for the job. And if you think\xe2\x80\xa6"""
965638965205389315,2018-02-19 17:27:24,b'This month is A Lot but my walk home is always soothing #ducksdonthavethesisworries https://t.co/DBWR55G35R'
965630123587366912,2018-02-19 16:52:16,"b""RT @ManuSaunders: New blog: the constant relocation problem in academia. Let's talk solutions instead of justifying it #phdchat #ecrchat ht\xe2\x80\xa6"""
965595611960627200,2018-02-19 14:35:08,"b""RT @royalsociety: To mark #LGBTHM18, we'll be celebrating inspiring LGBT+ scientists from across the globe #LGBTscience https://t.co/drBcVt\xe2\x80\xa6"""
965547491969167360,2018-02-19 11:23:55,b'https://t.co/RXOKYPGmAj'
965333684353224704,2018-02-18 21:14:20,b'RT @royalsociety: \xe2\x80\x9cWhat is marvellous about the Origin of Species is that anybody can read any page &amp; it makes sense to them. It\xe2\x80\x99s not full\xe2\x80\xa6'
965264171414716416,2018-02-18 16:38:06,b'RT @MRC_IGMM: The @MRC_IGMM celebrated our international diversity prior to #1DayWithoutUs.\n36% of staff in CRUK Edinburgh Centre are inter\xe2\x80\xa6'
