id,created_at,text
968248321692155904,2018-02-26 22:16:03,"b'RT @IntOrgJournal: Free access for February 2018! ""Authoritarian Public Opinion and the Democratic Peace"" - @mark_s_bell and Kai Quek @CUP_\xe2\x80\xa6'"
965441404892725248,2018-02-19 04:22:22,b'RT @LDsquidtastic: This woman won today. I love this https://t.co/cSrvAAM5RD'
964185880826060800,2018-02-15 17:13:22,"b""RT @rabiasquared: Hello 911? I'd like to report an emotionally disturbed young man with behavioral issues who owns an entire arsenal of sem\xe2\x80\xa6"""
962536125557456896,2018-02-11 03:57:50,"b'""North Korea\'s army of beauties can be found chanting their own songs, NO MATTER what kind of music is playing""\xe2\x80\xa6 https://t.co/ZO0V3zbejD'"
