id,created_at,text
969562057849925634,2018-03-02 13:16:22,b'@BBCFarnaz \xf0\x9f\x98\x82\xf0\x9f\x98\x82\xf0\x9f\x98\x82'
964135471021543424,2018-02-15 13:53:03,b'@Haataari \xd8\xa7\xd8\xaa\xd9\x81\xd8\xa7\xd9\x82\xd8\xa7 \xd8\xae\xdb\x8c\xd9\x84\xdb\x8c \xd9\x82\xd8\xa7\xd8\xa8\xd9\x84 \xd8\xaa\xd8\xa7\xd9\x85\xd9\x84 \xd9\x87\xd8\xb3\xd8\xaa\xd8\xb4\xd8\x8c \xd8\xa7\xd8\xb3\xda\xa9\xd9\x86\xd8\xa7\xd8\xb3 \xd8\xaa\xd9\x88\xd9\x84\xdb\x8c\xd8\xaf\xdb\x8c \xda\xa9\xd8\xb4\xd9\x88\xd8\xb1 \xd8\xa8\xd9\x87 \xd9\x82\xd8\xaf\xd8\xb1\xdb\x8c \xda\xa9\xd9\x85 \xd8\xa7\xd8\xb1\xd8\xb2\xd8\xb4 \xd8\xb4\xd8\xaf\xd9\x87 \xda\xa9\xd9\x87 \xd8\xa7\xd8\xb3\xda\xa9\xd9\x86\xd8\xa7\xd8\xb3 \xd8\xaa\xd9\x82\xd9\x84\xd8\xa8\xdb\x8c \xd9\x87\xd8\xb2\xdb\x8c\xd9\x86\xd9\x87 \xd8\xaa\xd9\x88\xd9\x84\xdb\x8c\xd8\xaf\xd8\xb4 \xd8\xa8\xdb\x8c\xd8\xb4\xd8\xaa\xd8\xb1 \xd8\xb4\xd8\xaf\xd9\x87\xe2\x80\xa6 https://t.co/FK6deCptkX'
963537254852517889,2018-02-13 22:15:57,b'@HosseinNikPayam @Haataari \xd8\xa7\xdb\x8c\xd9\x86\xd8\xa7 \xd8\xb1\xd9\x88 \xd8\xaf\xdb\x8c\xda\xaf\xd9\x87 \xd9\x85\xd8\xa7 \xd8\xa7\xd9\x84\xd8\xa7\xd9\x86 \xd9\x86\xd9\x85\xdb\x8c\xd9\x81\xd9\x87\xd9\x85\xdb\x8c\xd9\x85\xd8\x8c \xd8\xa7\xdb\x8c\xd8\xb4\xd8\xa7\xd9\x84\xd8\xa7 6 \xd9\x85\xd8\xa7\xd9\x87 \xd8\xaf\xdb\x8c\xda\xaf\xd9\x87'
963532296824524801,2018-02-13 21:56:15,b'@Haataari \xd9\x85\xd8\xa8\xd8\xa7\xd8\xb1\xda\xa9\xd9\x87!'
961959574453604353,2018-02-09 13:46:49,b'@saharsafii @1hoseim @Fidibobooks \xd9\x85\xd9\x86 \xd9\x88\xd9\x84\xdb\x8c \xd9\x81\xda\xa9\xd8\xb1 \xd9\x85\xdb\x8c\xda\xa9\xd9\x86\xd9\x85 \xd9\x85\xd8\xb4\xda\xa9\xd9\x84 \xd8\xa7\xdb\x8c\xd9\x86\xd9\x87 \xda\xa9\xd9\x87 \xd8\xaa\xd9\x85\xd8\xa7\xd9\x85 \xda\xa9\xd8\xaa\xd8\xa7\xd8\xa8\xd9\x87\xd8\xa7\xdb\x8c \xda\xa9\xdb\x8c\xd9\x86\xd8\xaf\xd9\x84 \xd8\xa7\xd9\x86\xd8\xad\xd8\xb5\xd8\xa7\xd8\xb1\xd8\xa7 \xd8\xa8\xd8\xa7\xdb\x8c\xd8\xaf \xd8\xa7\xd8\xb2 \xd8\xa2\xd9\x85\xd8\xa7\xd8\xb2\xd9\x88\xd9\x86 \xd8\xae\xd8\xb1\xdb\x8c\xd8\xaf\xd8\xa7\xd8\xb1\xdb\x8c \xd8\xa8\xe2\x80\xa6 https://t.co/MbZwWlU28j'
961817260179406848,2018-02-09 04:21:19,b'@1hoseim @Fidibobooks \xd8\xb4\xd9\x85\xd8\xa7 \xda\xa9\xd9\x87 \xd9\x87\xd9\x85\xda\xa9\xd8\xa7\xd8\xb1\xdb\x8c \xd9\x85\xdb\x8c\xda\xa9\xd9\x86\xdb\x8c\xd8\xaf \xd9\x84\xd8\xb7\xd9\x81\xd8\xa7 \xd8\xa8\xd9\x87\xd8\xb4\xd9\x88\xd9\x86 \xd8\xa8\xd8\xb1\xd8\xb3\xd9\x88\xd9\x86\xdb\x8c\xd8\xaf \xdb\x8c\xd8\xac\xd9\x88\xd8\xb1\xd8\xa7\xdb\x8c\xdb\x8c \xda\xa9\xd9\x87 \xd8\xae\xdb\x8c\xd9\x84\xdb\x8c \xd8\xae\xd9\x88\xd8\xa8 \xd9\x85\xdb\x8c\xd8\xb4\xd8\xaf \xd8\xa7\xda\xaf\xd9\x87 \xd9\x85\xdb\x8c\xd8\xb4\xd8\xaf \xda\xa9\xd8\xaa\xd8\xa7\xd8\xa8\xd8\xa7\xd8\xb4\xd9\x88\xd9\x86 \xd8\xb1\xd9\x88 \xd8\xa8\xd8\xa7 \xda\xa9\xdb\x8c\xd9\x86\xd8\xaf\xe2\x80\xa6 https://t.co/FkhsQzsVK5'
959244603772858369,2018-02-02 01:58:30,b'@AriaRezaei  https://t.co/j1daSXigPU'
957982574839762945,2018-01-29 14:23:38,b'I am so proud of you the girls of my land\n#\xd8\xaf\xd8\xae\xd8\xaa\xd8\xb1\xd8\xa7\xd9\x86_\xd8\xae\xdb\x8c\xd8\xa7\xd8\xa8\xd8\xa7\xd9\x86_\xd8\xa7\xd9\x86\xd9\x82\xd9\x84\xd8\xa7\xd8\xa8 https://t.co/TwABmAac8Y'
957253491076009985,2018-01-27 14:06:31,b'@Haataari \xd9\x85\xd8\xab\xd9\x84 \xd9\x85\xd9\x86'
956709649692184576,2018-01-26 02:05:29,b'@Haataari \xd8\xb2\xd9\x84\xd9\x81 \xd8\xa2\xd8\xb4\xd9\x81\xd8\xaa\xd9\x87 \xd9\x88 \xd8\xae\xd9\x88\xdb\x8c \xda\xa9\xd8\xb1\xd8\xaf\xd9\x87 \xd9\x88 \xd8\xae\xd9\x86\xd8\xaf\xd8\xa7\xd9\x86 \xd9\x84\xd8\xa8 \xd9\x88 \xd9\x85\xd8\xb3\xd8\xaa\n\xd9\xbe\xdb\x8c\xd8\xb1\xd9\x87\xd9\x86 \xda\x86\xd8\xa7\xda\xa9 \xd9\x88 \xd8\xba\xd8\xb2\xd9\x84 \xd8\xae\xd9\x88\xd8\xa7\xd9\x86 \xd9\x88 \xd8\xb5\xd8\xb1\xd8\xa7\xd8\xad\xdb\x8c \xd8\xaf\xd8\xb1 \xd8\xaf\xd8\xb3\xd8\xaa\n\xd9\x86\xd8\xb1\xda\xaf\xd8\xb3\xd8\xb4 \xd8\xb9\xd8\xb1\xd8\xa8\xd8\xaf\xd9\x87 \xd8\xac\xd9\x88\xdb\x8c \xd9\x88 \xd9\x84\xd8\xa8\xd8\xb4 \xd8\xa7\xd9\x81\xd8\xb3\xd9\x88\xd8\xb3 \xda\xa9\xd9\x86\xd8\xa7\xe2\x80\xa6 https://t.co/dycFPik29m'
956524542238785537,2018-01-25 13:49:56,b'@AnneliRezasefat @meysamsharifiii \xd9\x85\xdb\x8c\xd8\xab\xd9\x85 \xd8\xae\xdb\x8c\xd9\x84\xdb\x8c \xd9\x82\xd8\xb4\xd9\x86\xda\xaf\xd9\x86 \xd8\xa7\xdb\x8c\xd9\x86\xd8\xa7 \xd8\xaf\xd8\xb1 \xd9\x86\xd8\xb8\xd8\xb1 \xd8\xa8\xda\xaf\xdb\x8c\xd8\xb1'
956523915874131968,2018-01-25 13:47:27,b'@Hkh_hossein @shahabeddin90 \xd8\xb4\xd8\xa7\xdb\x8c\xd8\xaf \xd9\x87\xd9\x85\xe2\x80\x8c \xd8\xaf\xd8\xb1\xe2\x80\x8c\xd8\xad\xd8\xa7\xd9\x84 \xd8\xb3\xd8\xa7\xd8\xb2\xd9\x85\xd8\xa7\xd9\x86\xd8\xaf\xd9\x87\xdb\x8c \xd9\x85\xdb\x8c\xd8\xaf\xd8\xa7\xd9\x86\xdb\x8c \xd8\xa8\xd9\x88\xd8\xaf\xdb\x8c! \xd9\x87\xd9\x88 \xd9\x86\xd9\x88\xd8\xb2!'
956199144342937601,2018-01-24 16:16:55,b'@SheikhKhadijeh \xf0\x9f\x98\x82'
955196787077386242,2018-01-21 21:53:55,b'@HosseinNikPayam @Haataari \xf0\x9f\x98\x82\n\xd9\x85\xd9\x87\xd8\xb1 \xd8\xa8\xd8\xb1 \xd8\xaf\xd9\x87\xd8\xa7\xd9\x86\xd8\xb4 \xd8\xb2\xd8\xaf\xd9\x86\xd8\xaf \xd9\x88 \xd8\xb9\xd8\xa7\xd8\xb4\xd9\x82 \xd8\xaf\xd8\xae\xd8\xaa\xd8\xb1\xdb\x8c \xd8\xa7\xd9\x81\xd8\xba\xd8\xa7\xd9\x86\xdb\x8c \xd8\xb4\xd8\xaf\xd9\x87'
954335757501595649,2018-01-19 12:52:29,b'@Behzaadsh \xdb\x8c\xd9\x87 \xda\xa9\xd9\x88\xda\x86\xd9\x88\xd9\x84\xd9\x88 \xd8\xa8\xdb\x8c\xd8\xb4\xd8\xaa\xd8\xb1 \xd8\xb3\xd8\xb1\xe2\x80\x8c\xd8\xa8\xda\x86\xd8\xb1\xd8\xae\xd9\x88\xd9\x86\xdb\x8c \xd8\xad\xd8\xaa\xd9\x85\xd8\xa7 \xdb\x8c\xd9\x87 \xda\xa9\xd8\xb1\xd8\xa7\xd8\xb4 \xd8\xaf\xdb\x8c\xda\xaf\xd9\x87 \xd9\xbe\xdb\x8c\xd8\xaf\xd8\xa7 \xd9\x85\xdb\x8c\xda\xa9\xd9\x86\xdb\x8c'
953026392547094528,2018-01-15 22:09:33,b'@Haataari \xd9\x85\xd8\xa7\xd8\xb4\xd8\xa7\xd9\x84\xd9\x84\xd9\x87 \xd9\x85\xd8\xa7\xd8\xb4\xd8\xa7\xd9\x84\xd9\x84\xd9\x87'
953025645495365632,2018-01-15 22:06:34,b'Awesome picture taken for praying for rain in #Birjand #iran https://t.co/846ZBRQUD6'
953023764152897539,2018-01-15 21:59:06,"b""RT @HadiNili: In northern shore of the Persian Gulf, #Iran'ians have this ancient tradition to play songs w/ cymbal &amp; dammam drums to call\xe2\x80\xa6"""
951950567244554245,2018-01-12 22:54:36,b'@Haataari \xd8\xa7\xdb\x8c\xd9\x86\xd9\x85 \xd8\xa7\xd8\xb2 \xd8\xaa\xdb\x8c\xd8\xaa\xd8\xb1\xd8\xa7\xda\x98 https://t.co/MCHqrivIpu'
951943345802305536,2018-01-12 22:25:54,b'@Haataari \xd9\xbe\xd8\xb3 \xda\x86\xd8\xb1\xd8\xa7 \xd8\xaa\xd9\x88\xd8\xaa\xdb\x8c\xd8\xaa\xd8\xb1\xd8\xa7\xda\x98 \xd9\x85\xdb\x8c\xd8\xb2\xd8\xaf\xd9\x86 \xd8\xb1\xd8\xb6\xd8\xa7 \xd8\xb9\xd8\xb7\xd8\xa7\xd8\xb1\xd8\xa7\xd9\x86!'
950725264794902530,2018-01-09 13:45:41,b'RT @ajplus: Who knew Islamic art could be so ... fun? https://t.co/vnRr1eDXVb'
949682265558274048,2018-01-06 16:41:11,b'@Haataari \xda\xa9\xdb\x8c\xd8\x9f'
949681831263244288,2018-01-06 16:39:27,b'@Haataari  https://t.co/dRlOoZchme'
948848980246622208,2018-01-04 09:30:00,b'@Ammir  https://t.co/n1MAR2ntX8'
948848491845111808,2018-01-04 09:28:03,b'@Ammir \xd9\x85\xd9\x86 NYU \xd8\xaf\xd8\xb1\xd8\xb3 \xd9\x85\xdb\x8c\xd8\xae\xd9\x88\xd9\x86\xd9\x85 \xd9\x88\xd9\x84\xdb\x8c \xd9\x87\xd8\xb1\xd9\x88\xd9\x82\xd8\xaa \xda\xa9\xd9\x87 \xd8\xa7\xdb\x8c\xd8\xb1\xd8\xa7\xd9\x86 \xd9\x85\xdb\x8c\xd8\xa7\xd9\x85 \xd9\x86\xd9\x85\xdb\x8c\xd8\xaa\xd9\x88\xd9\x86\xd9\x85 \xd8\xa8\xd9\x87 \xd8\xa7\xdb\x8c\xd9\x85\xdb\x8c\xd9\x84 \xd8\xaf\xd8\xa7\xd9\x86\xd8\xb4\xda\xaf\xd8\xa7\xd9\x87 \xd9\x88\xd8\xb5\xd9\x84 \xd8\xa8\xd8\xb4\xd9\x85 \xda\x86\xd9\x88\xd9\x86 \xd8\xaa\xd8\xae\xd8\xaa \xda\xaf\xd9\x88\xda\xaf\xd9\x84 \xd8\xb3\xd8\xb1\xd9\x88\xdb\x8c\xd8\xb3 \xd9\x87\xd8\xb3\xd8\xaa\xd8\xb4. \xd9\x88 \xd8\xa8\xd9\x85\xd8\xa7\xd9\x86\xd8\xaf\xe2\x80\xa6 https://t.co/v2MmQYh1gf'
945311676517273600,2017-12-25 15:14:01,b'@Haataari @HosseinNikPayam \xd8\xad\xd8\xa7\xd9\x85\xd8\xaf \xd8\xac\xd8\xb1\xdb\x8c\xd8\xa7\xd9\x86 \xd8\xa7\xdb\x8c\xd9\x86 \xd8\xb4\xd8\xb9\xd8\xb1 \xd8\xb1\xd9\x88 \xd9\x86\xda\xaf\xd9\x88 \xd8\xa8\xd9\x87\xd8\xb4!'
942064646588071936,2017-12-16 16:11:29,b'@Haataari \xd8\xaf\xd8\xb1 \xd8\xb2\xd9\x85\xd8\xb3\xd8\xaa\xd8\xa7\xd9\x86\xe2\x80\x8c\xd9\x90 \xd8\xb9\xd8\xaf\xd9\x85\xe2\x80\x8c\xd9\x90 \xd8\xad\xd8\xb6\xd9\x88\xd8\xb1 \xd8\xaf\xd9\x88\xd8\xb3\xd8\xaa\xd8\xa7\xd9\x86 \xd8\xb5\xd9\x81 \xd8\xb4\xda\xa9\xd9\x86'
940278605971587072,2017-12-11 17:54:23,b'@bbckalbasi \xd8\xa2\xd9\x82\xd8\xa7\xdb\x8c \xda\xa9\xd9\x84\xd8\xa8\xd8\xa7\xd8\xb3\xdb\x8c \xd8\xa7\xd8\xb3\xd8\xaa\xd8\xaf\xd9\x84\xd8\xa7\xd9\x84 \xd8\xa7\xdb\x8c\xd9\x86 \xd8\xb4\xda\xa9\xd9\x84\xdb\x8c \xd9\x85\xd8\xab\xd9\x84 \xd8\xa7\xdb\x8c\xd9\x86\xd9\x87 \xda\xa9\xd9\x87 \xd8\xa8\xda\xaf\xdb\x8c\xd9\x85 \xd8\xa7\xdb\x8c\xd9\x86 \xd9\x82\xd8\xa7\xd9\x86\xd9\x88\xd9\x86 \xd8\xa7\xd8\xb4\xda\xa9\xd8\xa7\xd9\x84\xdb\x8c \xd9\x86\xd8\xaf\xd8\xa7\xd8\xb1\xd9\x87 \xd9\x81\xd9\x82\xd8\xb7 \xda\xa9\xd8\xb4\xd9\x88\xd8\xb1\xd9\x87\xd8\xa7\xdb\x8c \xd9\x85\xd9\x88\xd8\xb1\xd8\xaf \xd9\x87\xd8\xaf\xd9\x81\xd8\xb4 \xd9\x85\xd8\xb4\xda\xa9\xd9\x84 \xd8\xaf\xd8\xa7\xd8\xb1\xd9\x86\xd8\xaf\xd8\x8c\xe2\x80\xa6 https://t.co/RRsiEgyoI2'
940213551016312832,2017-12-11 13:35:53,b'@Behzaadsh \xd8\xaa\xd9\x88\xd8\xb5\xdb\x8c\xd9\x87 \xd9\x85\xd9\x86 \xd8\xa7\xdb\x8c\xd9\x86\xd9\x87 \xda\xa9\xd9\x87 \xd8\xa8\xd8\xb9\xd8\xaf \xd8\xa7\xd8\xb2 \xd9\x86\xd9\x88\xd8\xb4\xd8\xaa\xd9\x86 \xd9\x88 \xd9\x82\xd8\xa8\xd9\x84 \xd8\xa7\xd8\xb2 \xd8\xa7\xd8\xb1\xd8\xb3\xd8\xa7\xd9\x84 \xdb\x8c\xda\xa9 \xd8\xaf\xd9\x88\xd8\xb1 \xd8\xa8\xd8\xae\xd9\x88\xd9\x86\xdb\x8c \xd9\x86\xd9\x88\xd8\xb4\xd8\xaa\xd8\xaa \xd8\xb1\xd9\x88\xd8\x8c \xd9\x88 \xd8\xaa\xd9\x88\xd8\xb5\xdb\x8c\xd9\x87 \xd8\xaf\xdb\x8c\xda\xaf\xd8\xb1 \xd8\xa7\xdb\x8c\xd9\x86\xd9\x87 \xd9\x86\xd9\x86\xd9\x88\xd8\xb4\xd8\xaa\xd9\x86 \xd8\xa8\xd9\x87\xd8\xaa\xd8\xb1 \xd8\xa7\xd8\xb2 \xd8\xba\xd9\x84\xd8\xb7 \xd9\x86\xd9\x88\xd8\xb4\xd8\xaa\xd9\x86 \xd8\xa7\xd8\xb3\xd8\xaa'
939856814149177345,2017-12-10 13:58:20,b'@SadraMohaqeq \xd8\xae\xd8\xb1\xd9\x88\xd8\xac \xd8\xaf\xd8\xa7\xd9\x86\xd8\xb4\xd8\xac\xd9\x88\xdb\x8c\xdb\x8c \xd9\x85\xd8\xb9\xd8\xa7\xd9\x81 \xd8\xa7\xd8\xb2 \xd8\xb9\xd9\x88\xd8\xa7\xd8\xb1\xd8\xb6 \xd8\xae\xd8\xb1\xd9\x88\xd8\xac\xd9\x87'
939136134466211840,2017-12-08 14:14:37,b'@Footballcast1 \xd8\xa8\xd8\xb3\xdb\x8c\xd8\xa7\xd8\xb1 \xd9\x85\xd9\x86\xdb\x8c \xda\xa9\xd8\xb1\xd8\xaf \xd9\x88\xe2\x80\x8c \xd8\xb2 \xd8\xaa\xd9\x82\xd8\xaf\xdb\x8c\xd8\xb1 \xd9\x86\xd8\xaa\xd8\xb1\xd8\xb3\xdb\x8c\xd8\xaf//\xd8\xa8\xd9\x86\xda\xaf\xd8\xb1\xe2\x80\x8c \xda\xa9\xd9\x87 \xd8\xa7\xd8\xb2\xdb\x8c\xd9\x86 \xda\x86\xd8\xb1\xd8\xae \xd8\xac\xd9\x81\xd8\xa7\xda\xa9\xd8\xa7\xd8\xb1 \xda\x86\xd9\x87 \xd9\x87\xd8\xa7 \xd8\xae\xd9\x88\xd8\xa7\xd8\xb3\xd8\xaa'
938890176788619265,2017-12-07 21:57:16,b'@Hkh_hossein \xd9\x85\xd9\x86\xd9\x85 \xda\xaf\xd9\x84\xd9\x88\xd9\x85 \xd8\xa7\xd8\xb2 \xd8\xaf\xdb\x8c\xd8\xb4\xd8\xa8 \xd8\xaf\xd8\xb1\xd8\xaf \xd9\x85\xdb\x8c\xda\xa9\xd9\x86\xd9\x87'
938558619284582400,2017-12-06 23:59:47,"b'@rezahakbari @AlirezaEshraghi @IranHistoryPics It was not suicide prevention, he was hiding in mosque waitingfor fo\xe2\x80\xa6 https://t.co/xLhfpuT92P'"
938409392487190529,2017-12-06 14:06:48,b'@Hkh_hossein \xf0\x9f\x98\x82'
937865441908846598,2017-12-05 02:05:20,b'@OnlyOneGender Just really please for a moment put yourself in my shoe. What would you do if you were born in middl\xe2\x80\xa6 https://t.co/c6ANeh8hs2'
937864962650750976,2017-12-05 02:03:26,b'@OnlyOneGender My gf is Greek. before coming here i had no idea that i can fall in love with a Greek girl. but this\xe2\x80\xa6 https://t.co/z6vDT7r97O'
937864545346957312,2017-12-05 02:01:46,b'@OnlyOneGender Why westerns migrated from Europe to here many yrs ago? because the life at that time was too hard a\xe2\x80\xa6 https://t.co/HJWs6eeHXm'
937863134781558785,2017-12-05 01:56:10,b'@OnlyOneGender I completely agree with that and I am very impressed with the things that you western gave to humani\xe2\x80\xa6 https://t.co/BbgeCdkmoV'
937862346621497345,2017-12-05 01:53:02,b'@OnlyOneGender And this is the list of terrorists in 911 (the biggest terrorist attack in the history). non of them\xe2\x80\xa6 https://t.co/8aSveYIOgK'
937861232698314752,2017-12-05 01:48:37,"b""@OnlyOneGender First of all no I don't want! Second, I think this country was inhabited by Indians 500 yrs ago, if\xe2\x80\xa6 https://t.co/oySv4Q3yeQ"""
937860488641286145,2017-12-05 01:45:39,b'@OnlyOneGender Why you think there is a higher chance that I can be terrorist? Do you know me? because to my best k\xe2\x80\xa6 https://t.co/QTTJTi2Rr6'
937858212862287872,2017-12-05 01:36:37,b'Racism means to love somebody without reason and to hate somebody without reason. I am Iranian PhD student at NYU.\xe2\x80\xa6 https://t.co/j4v2xvYZp0'
937831745394761729,2017-12-04 23:51:26,b'@Haataari \xd9\x87\xd8\xa7\xdb\x8c*'
937831688566079488,2017-12-04 23:51:13,b'@Haataari \xd9\x85\xd9\x86 \xd8\xac\xd9\x88\xdb\x8c\xd9\x86\xd8\xaf\xda\xaf\xd8\xa7\xd9\x86 \xd8\xb1\xd9\x88 \xd9\x86\xd8\xaf\xdb\x8c\xd8\xaf\xd9\x85\xe2\x80\x8c\xd9\x88\xd9\x84\xdb\x8c \xd8\xae\xd8\xa7\xdb\x8c \xd9\x86\xd9\x88\xd9\x86 \xd8\xa7\xd8\xb2 \xd8\xa8\xd9\x87\xd8\xaa\xd8\xb1\xdb\x8c\xd9\x86 \xd9\x81\xdb\x8c\xd9\x84\xd9\x85\xd9\x87\xd8\xa7\xdb\x8c\xdb\x8c\xd9\x87 \xd8\xaf\xdb\x8c\xd8\xaf\xd9\x85\xd8\x8c \xd9\xbe\xd8\xb1\xd9\x88\xdb\x8c\xd8\xb2 \xd8\xb4\xd9\x87\xd8\xa8\xd8\xa7\xd8\xb2\xdb\x8c \xd8\xb9\xdb\x8c\xd8\xa7\xd8\xb1 \xdb\xb1\xdb\xb4 \xd8\xb1\xd9\x88 \xd8\xa7\xd8\xb2 \xd8\xb1\xd9\x88 \xd8\xa7\xdb\x8c\xd9\x86 \xd8\xb3\xd8\xa7\xd8\xae\xd8\xaa\xd9\x87'
937471298426626049,2017-12-03 23:59:09,b'@SarahStanley_11 @SaeedBarabadi @bahmandaroshafa \xd8\xa8\xd9\x84\xd9\x87 \xd8\xa7\xd9\x88\xd9\x86\xd9\x88\xd9\x82\xd8\xaa\xdb\x8c \xda\xa9\xd9\x87 \xd9\x86\xd9\x88\xd8\xb4\xd8\xaa\xd9\x85 \xd9\x85\xd8\xaa\xd9\x88\xd8\xac\xd9\x87 \xd8\xa7\xdb\x8c\xd9\x86 \xd9\x85\xd9\x88\xd8\xb6\xd9\x88\xd8\xb9 \xd9\x86\xd8\xa8\xd9\x88\xd8\xaf\xd9\x85!'
937452239274348549,2017-12-03 22:43:25,b'@Footballcast1 \xd8\xa7\xd8\xac\xd8\xb1\xd8\xaa\xd9\x88\xd9\x86 \xd8\xa8\xd8\xa7 \xd8\xae\xd8\xaf\xd8\xa7!'
937450867552342017,2017-12-03 22:37:58,b'@rezaarzn \xd8\xae\xd8\xb7\xd9\x88\xd8\xb7 \xd9\x87\xd9\x88\xd8\xa7\xd9\xbe\xdb\x8c\xd9\x85\xd8\xa7 \xd9\x85\xd8\xab\xd9\x84 \xd8\xb1\xd8\xaf \xda\x86\xd8\xa7\xd9\x82\xd9\x88\xdb\x8c\xdb\x8c \xd9\x87\xd8\xb3\xd8\xaa\xd8\xb4 \xda\xa9\xd9\x87 \xd8\xaa\xd9\x86 \xd8\xa2\xd8\xb3\xd9\x85\xd9\x88\xd9\x86 \xd8\xb1\xd9\x88 \xd8\xae\xd8\xb1\xd8\xa7\xd8\xb4\xdb\x8c\xd8\xaf\xd9\x87'
937327520592158720,2017-12-03 14:27:50,b'@Haataari \xd8\xaa\xd9\x88 \xd8\xae\xd9\x88\xd8\xaf\xd8\xaa \xd8\xac\xd9\x88\xd8\xa7\xd8\xa8\xd8\xaa \xda\x86\xdb\x8c\xd9\x87\xd8\x9f'
937316530345398272,2017-12-03 13:44:09,b'@HosseinNikPayam @chamiillaa \xd9\x86\xd9\x87 \xd9\x86\xdb\x8c\xda\xa9\xe2\x80\x8c\xd9\xbe\xdb\x8c\xd8\xa7\xd9\x85\xd8\x8c \xd9\x85\xd8\xb1\xd8\xb3\xdb\x8c \xd8\xa2\xd9\x84\xd9\x85\xd8\xa7\xd9\x86\xdb\x8c\xd9\x87\xd8\x8c \xd9\x85\xd9\x86 \xd8\xa7\xdb\x8c\xd9\x86\xd8\xac\xd8\xa7 \xdb\x8c\xd9\x87 \xd8\xaf\xd9\x88\xd8\xb3\xd8\xaa \xd8\xa2\xd9\x84\xd9\x85\xd8\xa7\xd9\x86\xdb\x8c \xd8\xaf\xd8\xa7\xd8\xb1\xd9\x85 \xd9\x87\xd9\x85\xd8\xb4 \xd9\x85\xdb\x8c\xda\xaf\xd9\x87\xe2\x80\x8c \xd9\x85\xdb\x8c\xda\xaf\xd9\x87\xe2\x80\x8c\xd9\x85\xd8\xb1\xd8\xb3\xdb\x8c\xd8\x8c \xd9\xbe\xd8\xb3 \xd8\xa8\xd9\x86\xd8\xa7\xd8\xa8\xd8\xb1\xd8\xa7\xe2\x80\xa6 https://t.co/paAnH9U7eX'
937090489764937728,2017-12-02 22:45:57,b'@SaeedBarabadi @bahmandaroshafa \xd9\x85\xd9\x86\xe2\x80\x8c \xd9\x85\xd8\xaa\xd9\x88\xd8\xac\xd9\x87 \xd9\x86\xd9\x85\xdb\x8c\xd8\xb4\xd9\x85 \xda\xa9\xd8\xac\xd8\xa7\xd8\xb4 \xd8\xa7\xd8\xb4\xda\xa9\xd8\xa7\xd9\x84 \xd8\xaf\xd8\xa7\xd8\xb1\xd9\x87! \xd8\xb4\xd9\x85\xd8\xa7 \xd8\xa7\xda\xaf\xd8\xb1 \xd9\x88\xd8\xa7\xd9\x85 \xd8\xa8\xda\xaf\xdb\x8c\xd8\xb1\xdb\x8c\xd9\x86 \xd9\xbe\xd8\xb1\xd8\xaf\xd8\xa7\xd8\xae\xd8\xaa \xd9\x86\xda\xa9\xd9\x86\xdb\x8c\xd9\x86 \xd9\x82\xd8\xb3\xd8\xb7\xd8\xb4 \xd8\xb1\xd9\x88\xe2\x80\x8c \xd8\xa8\xd8\xa7\xdb\x8c\xd8\xaf \xd8\xb6\xd8\xa7\xd9\x85\xd9\x86\xe2\x80\xa6 https://t.co/tg4Hg8y5sX'
936666977854283776,2017-12-01 18:43:04,b'@maryam_zohdi @majazestan \xf0\x9f\x98\x82\xf0\x9f\x98\x82'
936590086371774465,2017-12-01 13:37:32,b'@Haataari 2014 \xd8\xae\xd9\x88\xd9\x86\xd9\x87 \xd8\xa2\xd8\xb1\xd8\xb4 \xd9\x85\xd8\xb3\xdb\x8c\xd8\xad\xd9\xbe\xd9\x88\xd8\xb1 \xd8\xa8\xd9\x88\xd8\xaf\xd9\x85 \xd9\x85\xd9\x86 \xd8\xa8\xd8\xa7 \xd8\xa7\xd8\xb1\xd8\xb3\xd9\x84 \xd9\x88 \xd8\xa7\xdb\x8c\xd9\x86\xd8\xa7\xd8\x8c \xd8\xaa\xd9\x88 \xd9\x87\xd9\x85 \xd8\xa7\xd8\xad\xd8\xaa\xd9\x85\xd8\xa7\xd9\x84\xd8\xa7 \xd8\xa8\xd9\x88\xd8\xaf\xdb\x8c'
934781845052493825,2017-11-26 13:52:13,b'@Haataari \xda\x86\xd9\x87 \xd8\xb2\xdb\x8c\xd8\xa8\xd8\xa7 (\xd8\xa7\xd8\xb2 \xda\xa9\xd9\x88\xd8\xb2\xd9\x87 \xd8\xa8\xd8\xb1\xd9\x88\xd9\x86\xe2\x80\x8c\xd9\x87\xd9\x85\xd8\xa7\xd9\x86 \xd8\xaa\xd8\xb1\xd8\xa7\xd9\x88\xd8\xaf \xda\xa9\xd9\x87 \xd8\xaf\xd8\xb1 \xd8\xa7\xd9\x88\xd8\xb3\xd8\xaa)'
934779252603539456,2017-11-26 13:41:55,b'@Behzaadsh \xd8\xa8\xd9\x87 \xd8\xa8\xd8\xa7\xd9\x84\xd8\xb4 \xd9\x87\xd9\x85\xe2\x80\x8c \xd9\x85\xdb\x8c\xda\xaf\xdb\x8c\xd9\x85 \xd8\xa8\xd8\xa7\xd9\x84\xd9\x86\xd8\xac'
933837978132275200,2017-11-23 23:21:38,b'@Hkh_hossein :)))) \xd8\xaf\xdb\x8c\xd8\xaf\xdb\x8c \xd8\xaf\xd8\xb1 \xd9\x86\xd9\x87\xd8\xa7\xdb\x8c\xd8\xaa \xd8\xaa\xd9\x88 \xd8\xa8\xd8\xb1\xd9\x86\xd8\xaf\xd9\x87 \xd8\xb4\xd8\xaf\xdb\x8c'
933837163535523840,2017-11-23 23:18:24,b'@Hkh_hossein \xd8\xaa\xd9\x88 \xd9\x88 \xd8\xa8\xd8\xa7\xd8\xae\xd8\xaa \xd8\xaa\xd9\x88\xdb\x8c \xd8\xa8\xd8\xad\xd8\xab\xd8\x9f! \xd9\x85\xd8\xb3\xd9\x84\xd9\x85\xd8\xa7\xd9\x86 \xd9\x88 \xd8\xaf\xd8\xb1\xd9\x88\xd8\xba\xd8\x9f!'
933835532328669184,2017-11-23 23:11:55,b'@thedailybeast @channelBpodcast'
932963015015747584,2017-11-21 13:24:51,"b'@MadawiDr Of course they do, but they want to show the conflict as a religious one'"
932686427900477442,2017-11-20 19:05:47,b'@HosseinNikPayam @Haataari \xd9\x85\xd9\x86 \xdb\x8c\xd9\x87 \xd8\xb3\xd8\xb1\xda\x86\xdb\x8c \xda\xa9\xd8\xb1\xd8\xaf\xd9\x85 \xda\x86\xdb\x8c\xd8\xb2\xdb\x8c \xd9\x86\xd8\xaf\xdb\x8c\xd8\xaf\xd9\x85'
932586004271321088,2017-11-20 12:26:44,"b'@DaysofPalestine Iran, now nyc'"
932416588036431872,2017-11-20 01:13:32,b'@Haataari You wrote by yourself?'
932248582878584832,2017-11-19 14:05:57,b'@Hkh_hossein :))))'
932247245419896832,2017-11-19 14:00:38,b'@Haataari @dobeasqar \xf0\x9f\x98\x9d'
931877279898259456,2017-11-18 13:30:31,b'@Hkh_hossein @HosseinNikPayam \xd9\x85\xd9\x86 \xdb\x8c\xd9\x87 \xd8\xb1\xd8\xa7\xd9\x87\xd9\x86\xd9\x85\xd8\xa7\xdb\x8c\xdb\x8c \xd9\x85\xdb\x8c\xda\xa9\xd9\x86\xd9\x85\xd8\x8c \xd8\xa8\xd9\x87\xd8\xb2\xd8\xa7\xd8\xaf \xd8\xa8\xdb\x8c\xd8\xb4\xd8\xaa\xd8\xb1 \xd8\xa7\xd8\xb2 \xd9\x87\xd9\x85\xd9\x87 \xd8\xaf\xd9\x86\xd8\xa8\xd8\xa7\xd9\x84 \xda\x86\xdb\x8c\xd9\x87\xd8\x9f'
930814077366042624,2017-11-15 15:05:44,"b'@iamstephenwest Episodes 29 and 28 in iTunes are same, I think you have uploaded 29 wrong, both are Descartes pt1'"
930813757860777986,2017-11-15 15:04:28,"b'@iamstephenwest Hi, I am listening your podcast from beginning and now I am at episode 30, so far it was great. I am impressed'"
930550044666802176,2017-11-14 21:36:34,b'@Footballcast1 \xd8\xae\xdb\x8c\xd9\x84\xdb\x8c \xd9\x85\xd9\x85\xd9\x86\xd9\x88\xd9\x86 \xd8\xa8\xd8\xa7\xd8\xa8\xd8\xaa \xd8\xb2\xd8\xad\xd9\x85\xd8\xaa\xdb\x8c \xda\xa9\xd9\x87 \xd9\x85\xdb\x8c\xda\xa9\xd8\xb4\xdb\x8c\xd9\x86.\n\xdb\x8c\xda\xa9 \xd9\x86\xda\xa9\xd8\xaa\xd9\x87 \xda\xa9\xd9\x88\xda\x86\xdb\x8c\xda\xa9 \xd8\xaf\xd8\xb1\xd8\xa8\xd8\xa7\xd8\xb1\xd9\x87 \xd9\x85\xd9\x87\xd9\x85\xd8\xa7\xd9\x86 \xd8\xa8\xd8\xb1\xd9\x86\xd8\xa7\xd9\x85\xd8\xaa\xd9\x88\xd9\x86 \xd8\xa7\xdb\x8c\xd9\x86\xda\xa9\xd9\x87 \xd8\xae\xdb\x8c\xd9\x84\xdb\x8c \xda\xa9\xd9\x84\xd9\x85\xd9\x87 \xd8\xa7\xd9\x86\xda\xaf\xd9\x84\xdb\x8c\xd8\xb3\xdb\x8c \xd8\xa7\xd8\xb3\xd8\xaa\xd9\x81\xd8\xa7\xd8\xaf\xd9\x87\xe2\x80\xa6 https://t.co/DhtzDvUTti'
929394922821685248,2017-11-11 17:06:31,b'@HosseinNikPayam Yeah bro! They call him Baghdad Butcher!'
928971367294349312,2017-11-10 13:03:28,b'@MadawiDr I wish it was in NYC'
928247547617005569,2017-11-08 13:07:16,b'@aridil \xd8\xa7\xd8\xac\xd8\xa8\xd8\xa7\xd8\xb1\xdb\x8c \xd9\x88\xd8\xac\xd9\x88\xd8\xaf \xd9\x86\xd8\xaf\xd8\xa7\xd8\xb1\xd9\x87\xd8\x8c \xd9\x85\xdb\x8c\xd8\xb4\xd9\x87 \xd8\xaa\xd9\x86\xd9\x87\xd8\xa7 \xd8\xa8\xd9\x88\xd8\xaf'
927885184141324289,2017-11-07 13:07:21,b'@Haataari \xd8\xa7\xd8\xb5\xd9\x84 \xd8\xb4\xd8\xb9\xd8\xb1: https://t.co/7gv4UqV1Zx'
927879280427716610,2017-11-07 12:43:54,b'@Hkh_hossein \xd8\xac\xd8\xb1\xdb\x8c\xd8\xa7\xd9\x86 \xda\x86\xdb\x8c \xd8\xa8\xd9\x88\xd8\xaf\xd9\x87\xd8\x9f \xda\x86\xd9\x87 \xda\xa9\xd8\xb1\xd8\xaf\xdb\x8c\xd8\x9f'
927877446896103425,2017-11-07 12:36:37,b'@namvarha \xd8\xa8\xd9\x87 \xd9\x86\xd8\xb8\xd8\xb1 \xd8\xb4\xd9\x85\xd8\xa7 \xd9\x85\xd9\x88\xd9\x81\xd9\x82 \xd9\x85\xdb\x8c\xd8\xb4\xd9\x88\xd8\xaf \xdb\x8c\xd8\xa7 \xd8\xaa\xdb\x8c\xd8\xb4\xd9\x87 \xd8\xa8\xd9\x87 \xd8\xb1\xdb\x8c\xd8\xb4\xd9\x87 \xd8\xae\xd9\x88\xd8\xaf \xd9\x85\xdb\x8c\xd8\xb2\xd9\x86\xd8\xaf\xd8\x9f'
927875591952617474,2017-11-07 12:29:14,b'@Haataari \xd8\xa7\xd8\xb2 \xd9\x88\xd8\xb1\xd8\xb2\xd8\xb4\xda\xa9\xd8\xa7\xd8\xb1\xd8\xa7\xd9\x86 \xd8\xa8\xd8\xa7\xd9\x84\xd8\xa7\xdb\x8c \xd8\xa7\xd9\x88\xd9\x86 \xd8\xaf\xd9\x88\xd8\xb1\xd9\x87 \xd8\xb1\xd8\xb3\xdb\x8c\xd8\xaf\xdb\x8c\xd9\x85 \xd8\xa8\xd9\x87 \xd8\xa7\xd9\x85\xd8\xab\xd8\xa7\xd9\x84 \xd8\xb7\xd8\xa7\xd8\xb1\xd9\x85\xdb\x8c \xd9\x87\xd8\xa7'
927874965420068864,2017-11-07 12:26:45,b'@Hkh_hossein @Haataari @HosseinNikPayam \xd8\xa8\xd9\x87 \xd9\x87\xd9\x85\xdb\x8c\xd9\x86 \xd8\xb2\xd9\x88\xd8\xaf\xdb\x8c \xda\xa9\xd8\xb1\xd8\xac \xd8\xb1\xd9\x88 \xd9\x81\xd8\xb1\xd8\xa7\xd9\x85\xd9\x88\xd8\xb4 \xda\xa9\xd8\xb1\xd8\xaf\xdb\x8c\xd8\x9f!'
927513674948005888,2017-11-06 12:31:07,b'@Hkh_hossein \xd9\x85\xd8\xab\xd9\x84\xd8\xa7 \xda\x86\xd9\x87 \xda\xa9\xd8\xaa\xd8\xa7\xd8\xa8\xd8\xa7\xdb\x8c\xdb\x8c\xd8\x9f \xd9\x85\xdb\x8c\xd8\xb4\xd9\x87 \xd9\x86\xd8\xa7\xd9\x85 \xd8\xa8\xd8\xa8\xd8\xb1\xdb\x8c\xd8\x9f'
926952095265239040,2017-11-04 23:19:36,b'@Hkh_hossein  https://t.co/yhumGQzogc'
926779101582540800,2017-11-04 11:52:11,b'@majazestan \xd9\x85\xd9\x86 \xd8\xb4\xd9\x86\xdb\x8c\xd8\xaf\xd9\x85 \xd9\x85\xdb\x8c\xd8\xb2\xd8\xa8\xd8\xa7\xd9\x86\xdb\x8c \xd8\xae\xdb\x8c\xd9\x84\xdb\x8c \xd8\xae\xd9\x88\xd8\xa8\xdb\x8c \xd8\xb4\xdb\x8c\xd8\xb9\xdb\x8c\xd8\xa7\xd9\x86 \xd8\xb9\xd8\xb1\xd8\xa7\xd9\x82 \xd9\x85\xdb\x8c\xda\xa9\xd9\x86\xd9\x86\xd8\xaf\xd8\x8c \xd8\xaf\xd8\xb1 \xd8\xad\xd8\xaf\xdb\x8c \xda\xa9\xd9\x87 \xda\xa9\xd8\xb3\xd8\xa7\xd9\x86\xdb\x8c \xd8\xb1\xd8\xa7 \xda\xa9\xd9\x87 \xd9\x86\xd9\x85\xdb\x8c\xd8\xb4\xd9\x86\xd8\xa7\xd8\xb3\xd9\x86\xd8\xaf \xd8\xa8\xd9\x87 \xd8\xae\xd8\xa7\xd9\x86\xd9\x87 \xd8\xaf\xd8\xb9\xd9\x88\xd8\xaa \xd9\x85\xdb\x8c\xda\xa9\xd9\x86\xd9\x86\xd8\xaf \xd8\xaa\xd8\xa7 \xd8\xaf\xe2\x80\xa6 https://t.co/CeGqizA6Fj'
926527975121661954,2017-11-03 19:14:17,b'@HosseinNikPayam @Hkh_hossein \xd9\x85\xd8\xb4\xd8\xaa\xdb\x8c \xd9\x86\xdb\x8c\xda\xa9 \xd9\xbe\xdb\x8c\xd8\xa7\xd9\x85 \xd8\xa7\xd8\xb2 \xd9\x87\xd9\x85\xd9\x88\xd9\x86 \xd9\x84\xd8\xad\xd8\xb8\xd9\x87 \xd8\xa7\xd9\x88\xd9\x84 \xda\xa9\xd9\x87 \xd8\xa7\xd9\x88\xd9\x85\xd8\xaf\xd9\x85 \xd9\x81\xd8\xa7\xd9\x84\xd9\x88\xdb\x8c\xdb\x8c'
926521395605135360,2017-11-03 18:48:09,b'@Hkh_hossein \xd8\xaf\xd8\xa7\xd8\xaf\xd8\xa7\xd8\xb4 \xda\xa9\xd9\x88\xda\x86\xdb\x8c\xda\xa9\xd8\xaa\xd8\xb1 \xf0\x9f\x98\x81'
926521204109819905,2017-11-03 18:47:23,b'@Haataari \xd8\xae'
926520267106643968,2017-11-03 18:43:40,b'@Hkh_hossein \xdb\x8c\xd9\x87 \xd8\xb3\xd8\xa7\xd9\x84\xdb\x8c \xd9\x86\xd8\xb2\xd8\xaf\xdb\x8c\xd9\x85 \xd8\xa7\xd8\xb1\xd8\xa8\xd8\xb9\xdb\x8c\xd9\x86 \xd9\x85\xd9\x86 \xd8\xa7\xd8\xb2 \xd8\xaf\xd8\xa7\xd9\x87\xd8\xa7\xd8\xaa \xd9\x85\xdb\x8c\xd8\xae\xd9\x88\xd8\xa7\xd8\xb3\xd8\xaa\xd9\x85 \xd8\xa8\xdb\x8c\xd8\xa7\xd9\x85 \xd8\xaa\xd9\x87\xd8\xb1\xd8\xa7\xd9\x86 \xd8\xa7\xd9\x88\xd9\x85\xd8\xaf\xd9\x85 \xd8\xb4\xd9\x87\xd8\xb1 \xd8\xaf\xdb\x8c\xd8\xaf\xd9\x85 \xd8\xa7\xd8\xaa\xd9\x88\xd8\xa8\xd9\x88\xd8\xb3 \xd9\x86\xdb\x8c\xd8\xb3\xd8\xaa \xd9\x85\xd8\xac\xd8\xa8\xd9\x88\xd8\xb1 \xd8\xb4\xd8\xaf\xd9\x85 3 \xd8\xb4\xd8\xa8 \xd8\xaf\xdb\x8c\xda\xaf\xd9\x87 \xd8\xa8\xd9\x85\xd9\x88\xd9\x86\xd9\x85'
926417372877082624,2017-11-03 11:54:48,b'@Hkh_hossein \xf0\x9f\x98\x82\xf0\x9f\x98\x82'
