id,created_at,text
968500021434966016,2018-02-27 14:56:13,b'Students expressing their solidarity with the staff on #ucustrike. The demands are completely justified and if not\xe2\x80\xa6 https://t.co/X8yhJNEy7r'
968194170463703041,2018-02-26 18:40:53,"b'Very useful interactive session from Google #DigitalGarage team for understanding benefits of digital marketing, ar\xe2\x80\xa6 https://t.co/DfmZXXRCrV'"
967774745595928576,2018-02-25 14:54:14,b'RT @raj_omer: The #PSL is a case study for students on how a country came up with a financially viable alternate to home cricket on foreign\xe2\x80\xa6'
967147445854580736,2018-02-23 21:21:34,"b'RT @MirjaTervo: Gradfest-fun. At Cafe Scientifique serious talks about robots, cracks in science, and origins of psychopathy and sexual sad\xe2\x80\xa6'"
967147350048280577,2018-02-23 21:21:11,"b""@MirjaTervo @EmmaKEdDev @EAHPQMUL @JosiahSeaman Hope the talk about robots wasn't very serious :D"""
967138496321290246,2018-02-23 20:46:00,"b'RT @ValaAfshar: Robots could replace 800 million jobs by 2030.\n\n\xe2\x80\x9cEverything we teach should be different from machines.\xe2\x80\x9d\n\n\xe2\x80\x94Jack Ma, CEO @Al\xe2\x80\xa6'"
967135433019871232,2018-02-23 20:33:50,b'RT @STAJAFRI: Wonderful experience of organising #phdathalon in #gradfest @SamiQMUL @EAHPQMUL @abdullahhijaz @EngageQM @QMUL @QMULIntOffice\xe2\x80\xa6'
967076550461083650,2018-02-23 16:39:51,b'RT @EmmaKEdDev: QMUL folk interested in #Robotics - you should follow @samiqmul who is doing a PhD in it! @QMULSEMS https://t.co/ZjpO8YK9G4'
967075015211520001,2018-02-23 16:33:45,"b'Thanks @EmmaKEdDev for a very informative session, highly recommended! https://t.co/LmCspgR3n3'"
900428185074118657,2017-08-23 18:43:03,b'Peace Loving Pakistan \xe2\x80\x93 Making World a Safer Place to Live \n\nhttps://t.co/H5wDTSsXiP via @titantwister'
898505769221574656,2017-08-18 11:24:03,b'Testimonials of Foreigners visiting Pakistan for the first time!\n\nhttps://t.co/wPbStA8pxg via @titantwister'
897400312285327360,2017-08-15 10:11:21,"b'Milestone achievement for Pakistan! \nFirst amongst 45 other entities, to have honoured its forestry commitment.\n\nhttps://t.co/QCYf0YfRic'"
512838351691321345,2014-09-19 05:39:25,"b'RT @BBCNews: Scotland decides ""at this stage"" not to become independent, says Alex Salmond, accepting defeat http://t.co/ZA4Zo5laLZ #indyref'"
507919132197548032,2014-09-05 15:52:12,b'RT @paulocoelho: What other people think about you is none of your business'
335819675340505088,2013-05-18 18:10:24,"b'RT @TahirulQadri: If my petition was heard and the Constitution was taken into account, the #ECP would have had to be dissolved #Pakistan'"
275248528434024450,2012-12-02 14:42:18,b'Congratulations Muhammad Asif on winning the title of World snooker champions league 2012 http://t.co/94P76HvP'
262940129100967936,2012-10-29 15:33:06,b'@DeDarkPassenger Thanks :p'
262901448973627392,2012-10-29 12:59:24,"b'@MAwaisYounis Highly biased analysis, why did u overlook others?:p\nFollowing ppl frm diff spheres,who knows they could be next Sara Chaudhry'"
171573169214341120,2012-02-20 12:33:25,b'@HmXFactor Google .Adnan Sabzwari :)'
170928275848314880,2012-02-18 17:50:51,"b""A high school dropout has the honor of becoming the world's youngest scale modeler.Adnan Sabzwari ,a Pakistani the world would be proud of!"""
158270714875625472,2012-01-14 19:34:13,b'RIP Arfa Kareem'
158191531881267200,2012-01-14 14:19:34,"b""Things aren't the same if seen from someone else's shoes. \nEveryone has a story, be Considerate"""
156724323799928832,2012-01-10 13:09:25,b'@alibinWahid1 \nThanks'
153110593920958464,2011-12-31 13:49:44,"b'Pakistani woh qoum hai, jis k marny ka kisi ko koi afsos nhi hota......\nab khud un ko bhi nhi!'"
153019837491331072,2011-12-31 07:49:06,"b'Another fresh new year is here \nAnother year to live!\nTo banish worry, doubt, and fear,\nTo love and laugh and give!'"
153018776277884928,2011-12-31 07:44:53,b'@hana_bajrie yes :D\nhow is indonasia going? :)'
152488890308108288,2011-12-29 20:39:19,b'@AbeeraSiddiqui1 Beware :p'
152440255339970560,2011-12-29 17:26:03,"b'Met Dr. Ishfaq Ahmed today , huge asset of Pakistan.\n84 years old,but still going strong,respect sir!'"
