id,created_at,text
970161018822213633,2018-03-04 04:56:26,b'Great interview by @MerlinCrossley on @triplej Sunday science sesh explaining the future possibilities of CRISPR. A\xe2\x80\xa6 https://t.co/T3LLCGIFzm'
968809665583722497,2018-02-28 11:26:38,b'@NeilORobertson @lmo_girl @Mackay_Matthews sad to see you go!..... but appreciate the -80 space.  Best of luck across town!'
965876293706248193,2018-02-20 09:10:28,b'@CloudyKielkopf @lmo_girl @LorneProteins Thanks! @CloudyKielkopf'
965876130828861441,2018-02-20 09:09:49,b'@lmo_girl @LorneProteins Thanks Jacqui! @lmo_girl  A nice surprise to help overcome the inevitable terror thats com\xe2\x80\xa6 https://t.co/4IfyqFe0Wc'
962889350773026816,2018-02-12 03:21:25,"b""RT @Mackay_Matthews: Okay ladies, let's get in formation! \nManaged to get most of the Mackay Matthews ladies together for a picture to cele\xe2\x80\xa6"""
961190935810867205,2018-02-07 10:52:31,b'End of another great conference! @LorneProteins enjoying the celebrations! @ChristieLab_au @CloudyKielkopf https://t.co/82AJCQtUbP'
961102786858545154,2018-02-07 05:02:15,b'Up close and personal with the wildlife @LorneProteins nice surprise before the final session of a great conference! https://t.co/xoKNIrZRO7'
961092615415484417,2018-02-07 04:21:50,b'Congratulations @gavinjknott and co-authors. Awesome work! https://t.co/ByshDstg3o'
961062250122395649,2018-02-07 02:21:10,b'RT @Mackay_Matthews: Go Jason! https://t.co/waJRWv5wwu'
959998838374252546,2018-02-04 03:55:33,"b""@gavinjknott @LorneProteins Sad you couldn't make it Gavin!  Its *only* a 16 hour flight for you\xf0\x9f\x98\x89 next year for sure!"""
959955583527936000,2018-02-04 01:03:40,"b'Come for the science, stay for the view! @LorneProteins https://t.co/qSlNC841vj'"
959395624067129344,2018-02-02 11:58:36,b'RT @renaemryan1: Excited that our #transporter research has been highlighted in this @jbiolchem special issue with other @Sydney_Uni resear\xe2\x80\xa6'
959395597999460359,2018-02-02 11:58:29,b'RT @_DrCJM_: Have a read everyone! #aussiescience @LorneProteins @jbiolchem https://t.co/QeKT8MogKU'
959395221480996865,2018-02-02 11:57:00,b'RT @JoelPMackay: Ahhhh - a thing of great beauty appears this morning - very exciting (especially for Karishma and @sciJamesWalshe ). Yeee\xe2\x80\xa6'
959395160558682113,2018-02-02 11:56:45,b'RT @JoelPMackay: Yes - very chuffed for our paper on the NuRD complex to be included in this virtual @jbiolchem issue focused on Australasi\xe2\x80\xa6'
959392568143302657,2018-02-02 11:46:27,b'Congratulations to @Mackay_Matthews and @renaemryan1 for having their research featured in @jbiolchem/ special\xe2\x80\xa6 https://t.co/AcIpb59bRe'
958640645446320129,2018-01-31 09:58:35,"b""@GreinerBioOneUK Don't worry about it. It was almost certainly operator error!  Humerous though!"""
957420463281512448,2018-01-28 01:10:01,"b""It's all in the name really.... #rackiteasy #sciencefail @GreinerBioOneUK https://t.co/QowY07shZz"""
