id,created_at,text
969786832027238402,2018-03-03 04:09:33,"b""RT @maxplanckpress: Don't forget to rinse! : ) RT@phdcomics The Research Cycle: Read. Write. Rinse. Repeat. http://t.co/hVT4ZhUxiV #PhD htt\xe2\x80\xa6"""
960228467525632000,2018-02-04 19:08:01,"b'RT @MesutOzil1088: Congrats on your @Arsenal debut, Auba. \xf0\x9f\xa4\x9d\xf0\x9f\x8f\xbc\xe2\x9a\xbd #YaGunnersYa https://t.co/8Y2JDyzkgD'"
959980336913383425,2018-02-04 02:42:02,"b'RT @MesutOzil1088: A brilliant performance from the team today! Creative, delightful, free-flowing football \xf0\x9f\x98\x8e\xf0\x9f\x94\xa5 I am feeling positive now fo\xe2\x80\xa6'"
956364309407285248,2018-01-25 03:13:14,b'RT @Arsenal: \xf0\x9f\x8e\xb6 We\xe2\x80\x99re the famous Arsenal and we\xe2\x80\x99re going BACK to Wembley \xf0\x9f\x8e\xb6\n\nWe\xe2\x80\x99re into the @Carabao_Cup final! https://t.co/W2IpgxR2Nt'
956097477639208966,2018-01-24 09:32:56,b'RT @HenrikhMkh: First training with the team\xf0\x9f\x91\x8a\xf0\x9f\x8f\xbc @Arsenal https://t.co/63BzDWuOho'
956028479535046656,2018-01-24 04:58:46,b'RT @MesutOzil1088: Catch me if you can @mertesacker ... \xf0\x9f\x98\x9c\xf0\x9f\x8c\xaa #BFG #COYG @Arsenal https://t.co/ShJ8ilXOCQ'
955686300039786496,2018-01-23 06:19:04,"b""RT @TheZigZiglar: It's gonna get harder before it gets easier. But, it will get better. #Persevere #OvercomeYourObstacles #Ziglar https://t\xe2\x80\xa6"""
955505752151490560,2018-01-22 18:21:38,b'The Timeline of a Migraine Attack https://t.co/hZEixe2AEv'
955504816096034817,2018-01-22 18:17:55,b'RT @DamienKempf: That feeling when you wake up with a migraine https://t.co/rIibquH2Kz'
955384521133735936,2018-01-22 10:19:54,"b'RT @vijaytelevision: \xe0\xae\xa4\xe0\xae\xae\xe0\xae\xbf\xe0\xae\xb4\xe0\xae\xb0\xe0\xaf\x8d\xe0\xae\x95\xe0\xae\xb3\xe0\xae\xbf\xe0\xae\xa9\xe0\xaf\x8d \xe0\xae\xb5\xe0\xaf\x86\xe0\xae\xb1\xe0\xaf\x8d\xe0\xae\xb1\xe0\xae\xbf\xe0\xae\x9a\xe0\xaf\x8d\xe0\xae\x9a\xe0\xae\xbf\xe0\xae\xa9\xe0\xaf\x8d\xe0\xae\xa9\xe0\xae\xae\xe0\xaf\x8d! #\xe0\xae\x86\xe0\xae\xb8\xe0\xaf\x8d\xe0\xae\x95\xe0\xae\xb0\xe0\xaf\x8d_\xe0\xae\xa8\xe0\xae\xbe\xe0\xae\xaf\xe0\xae\x95\xe0\xae\xa9\xe0\xaf\x8d, #TheMozartOfMadras, \xe0\xae\x88\xe0\xae\x9f\xe0\xaf\x81\xe0\xae\x87\xe0\xae\xa3\xe0\xaf\x88 \xe0\xae\x87\xe0\xae\xb2\xe0\xaf\x8d\xe0\xae\xb2\xe0\xae\xbe #\xe0\xae\x87\xe0\xae\x9a\xe0\xaf\x88\xe0\xae\xaa\xe0\xaf\x8d\xe0\xae\xaa\xe0\xaf\x81\xe0\xae\xaf\xe0\xae\xb2\xe0\xaf\x8d @arrahman \xe0\xae\x89\xe0\xae\x9f\xe0\xae\xa9\xe0\xaf\x8d \xe0\xae\x87\xe0\xae\xa9\xe0\xae\xbf\xe0\xae\xa4\xe0\xaf\x87 \xe0\xae\x86\xe0\xae\xb0\xe0\xae\xae\xe0\xaf\x8d\xe0\xae\xaa\xe0\xae\xae\xe0\xae\xbe\xe2\x80\xa6'"
955101953029128192,2018-01-21 15:37:05,b'RT @rmdrk: the four book bundle is back in stock for $12. available via the link in the bio. #rmdrake https://t.co/1Vufi2ZVpa'
954859816710651905,2018-01-20 23:34:55,b'RT @Arsenal: And we have to keep doing that in the coming weeks \xf0\x9f\x91\x8a\n\nhttps://t.co/mg5CiAZABA'
954526382150754304,2018-01-20 01:29:58,"b""RT @thesecret: When you think you don't have enough to give, start giving. Give your time, give your energy, give your love. But show your\xe2\x80\xa6"""
954410562015735809,2018-01-19 17:49:44,b'RT @TheZigZiglar: Goals are dreams we convert into plans and take action to fulfill. Zig Ziglar #GoalsTakeAction #DreamBig #Ziglar https://\xe2\x80\xa6'
954406594271371264,2018-01-19 17:33:58,"b'RT @thesecret: Each morning before you get up, make it a habit to feel the feelings of gratitude in advance for the great day ahead, as tho\xe2\x80\xa6'"
765763115178946564,2016-08-17 04:12:08,b'A good read for the week... #themanwhoknewinfinity #goodread https://t.co/CmfAdUTfA3'
740543341083922432,2016-06-08 13:57:45,b'Agree with it...\xf0\x9f\x91\x8d\xf0\x9f\x98\x83\xf0\x9f\x98\x84 do you? https://t.co/GHWOVriKCN'
730994753244782592,2016-05-13 05:35:05,b'Just posted a photo https://t.co/2diQ56WUgP'
719872801356709888,2016-04-12 13:00:25,"b'RT @TheZigZiglar: ""Positive thinking will let you do everything better than negative thinking will.""-Zig Ziglar\xc2\xa0#ZigZiglarQuote https://t.c\xe2\x80\xa6'"
716112271261310977,2016-04-02 03:57:24,"b""I just uploaded 'Stock price and Foreign Exchange Rate in Malaysian Context' to @academia! https://t.co/UpKnub1U39"""
716106932734418944,2016-04-02 03:36:12,"b""I just uploaded 'Education Level and GDP Growth in Malaysia' to @academia! https://t.co/wL1fEOyCNO"""
701452438075736067,2016-02-21 17:04:28,b':-) ;-) =D&gt; https://t.co/JkjRY41xnC'
699677737691164672,2016-02-16 19:32:26,"b""RT @thesecret: Let go of anything you don't like about your life story and just keep the things you love! #RhondaByrne #ThePower https://t.\xe2\x80\xa6"""
688620821590323200,2016-01-17 07:16:12,b'Chinese politics: A crisis of faith https://t.co/LP18mwbuzO via @TheEconomist'
680448328606158848,2015-12-25 18:01:38,"b""RT @TheEconomist: Who's the weaker sex? Women now make up the majority of university studentshttp://econ.st/1YwoEDZ https://t.co/2TVjt8YSMT"""
678211819274661888,2015-12-19 13:54:32,b'Second paper officially published by Social Science Postgraduate\xe2\x80\xa6 https://t.co/WlCAvEwKB1'
667360781059686400,2015-11-19 15:16:23,b'Its ur life.. And u have all the rights and responsibilities to shape..\xf0\x9f\x98\x80\xf0\x9f\x98\x8a https://t.co/flne5HP4m9'
666197688145178625,2015-11-16 10:14:40,b'The euro-area crisis: Showing them the exit https://t.co/8Hr7NSwqgW via @TheEconomist'
665921802053398528,2015-11-15 15:58:24,b'RT @lawsoattraction: It\xe2\x80\x99s not your work to make anything happen. It\xe2\x80\x99s your work to dream it and let it happen.'
665725332041789440,2015-11-15 02:57:42,"b'RT @TheZigZiglar: ""To accomplish great things, we must not only act, but also dream. Not only plan, but also believe.""-Anatole France https\xe2\x80\xa6'"
