id,created_at,text
970693054024900608,2018-03-05 16:10:33,"b""RT @TorontoStar: 'For having the courage to share her story (of Driving While Black), Marci Ien is now placed in the centre of a circle of\xe2\x80\xa6"""
970427679274098693,2018-03-04 22:36:03,b'RT @NHenryFundi: The polarizing responses to Killmonger reflect our inability to deal with Black childhood trauma https://t.co/CVHDUb4HRS v\xe2\x80\xa6'
970043560904019968,2018-03-03 21:09:42,b'RT @AnthonyNMorgan: OPINION: Racism more prevalent than racists: Why Dal is bridging diversity gap | The Chronicle Herald https://t.co/yQfk\xe2\x80\xa6'
970043241931460608,2018-03-03 21:08:26,b'RT @CBCToronto: It takes a village to raise a child \xe2\x80\x94 and this York University prof proves it https://t.co/mpv9tkv61q https://t.co/toYRuIBi\xe2\x80\xa6'
969702957263544330,2018-03-02 22:36:15,"b""RT @ONTSpecialNeeds: Please RT! Don't judge a disability by its visibility! https://t.co/TIHEjT6CCo"""
969701236386750467,2018-03-02 22:29:25,"b""RT @DuckDuckGo: Another day, another court rules Facebook's privacy practices illegal, this time a Belgian court questioning whether Facebo\xe2\x80\xa6"""
969700181632466944,2018-03-02 22:25:14,b'RT @EDIualberta: Check out our EDI Week schedule. For more information go to: https://t.co/tiupHdzNTe https://t.co/bL5k9ojsKI'
969566737250254849,2018-03-02 13:34:58,b'Homeschooling is something that needs to be included in our educational discourses.  Especially in the GTA.\xe2\x80\xa6 https://t.co/S5WZlaCARf'
969566166908919808,2018-03-02 13:32:42,b'RT @NHenryFundi: \xe2\x80\x9cRooting for Everybody Black\xe2\x80\x9d and the Subversive Politics of Black History Month in Canada by Funke Aladejebi https://t.co\xe2\x80\xa6'
969346688593821702,2018-03-01 23:00:34,"b""RT @NHenryFundi: Teaching Black history all year long: Durham teachers have new resource at their fingertips - ETFO's 365 Black Canadian Cu\xe2\x80\xa6"""
969034733752672256,2018-03-01 02:20:58,"b""RT @CdnEncyclopedia: It's the last day of #BlackHistoryMonth! DYK that it was the Honourable Jean Augustine who introduced #BHM to Canada?\xe2\x80\xa6"""
969000567417819136,2018-03-01 00:05:13,b'What we need to know about the potential of internet censorship in Canada: https://t.co/Fkaj46fOtb'
968999897943953408,2018-03-01 00:02:33,b'RT @ksangha4: Uncovering the legacy of slavery in Canada and how this connects to present day anti-Black racism @HDSBEquity @NHenryFundi @e\xe2\x80\xa6'
968808986656067589,2018-02-28 11:23:56,b'RT @FashionweekNYC: LEGENDARY COVER: Iman &amp; Imaan Hammam cover the Vogue Arabia March 2018 Issue https://t.co/qjdEsXfqFm'
968543185172656128,2018-02-27 17:47:44,"b'RT @torontolife: ""We used to call living with your parents \'failure to launch.\' Now it\xe2\x80\x99s become a sign of economic responsibility and good\xe2\x80\xa6'"
968513656031006720,2018-02-27 15:50:24,b'RT @WatchCTVNews: .@MarciIen opens up about being questioned by a police officer in her own driveway: https://t.co/Xzujx6mD0Z'
968480745592381440,2018-02-27 13:39:37,b'RT @MatthewACherry: #ForTheCulture #BlackHistoryMonth https://t.co/3RqIoCHmiS'
968477047025819648,2018-02-27 13:24:56,b'RT @yorkuniversity: #BHM: @OsgoodeNews alumnus Michael Tulloch is the first black judge who was appointed to the Ontario Court of Appeal. R\xe2\x80\xa6'
968475705850957826,2018-02-27 13:19:36,"b'RT @C_Usih: \xe2\x80\x9cWhile it is easier to stick to the status quo, courageous leaders face the data and use them as a catalyst for improvement.\xe2\x80\x9d P\xe2\x80\xa6'"
968474453461078017,2018-02-27 13:14:37,"b'RT @Tribeca: ""You just do it... You force yourself to put one foot before the other, and God damn it, you refuse to let it get to you. You\xe2\x80\xa6'"
968352952648896512,2018-02-27 05:11:49,b'RT @MarciIen: It happened again. I had to write. https://t.co/Sj1PjPFqrn'
968018943708467200,2018-02-26 07:04:35,b'RT @blogTO: This is the #TTC fantasy map to end all #TTC fantasy maps https://t.co/vYjvb5uS78 https://t.co/bgrL08jnhY'
967460373728243712,2018-02-24 18:05:02,"b'RT @BlkCdnSA: CFP deadline Feb.28 - \nThe 4th Black Canadian Studies Association Conference CFP ""Reparations Start w/ a Formal Apology for S\xe2\x80\xa6'"
967459540856922112,2018-02-24 18:01:43,"b""RT @LeftOfBlack: This Teacher Created A \xe2\x80\x98Wakanda Curriculum' So Students Can Better Learn About African History, AfroFuturism https://t.co/\xe2\x80\xa6"""
967459498653777920,2018-02-24 18:01:33,"b'RT @Tribeca: \xe2\x80\x9cIt\xe2\x80\x99s important that you keep your dream alive, because you\xe2\x80\x99re going to encounter a lot of obstacles, and no one is going to d\xe2\x80\xa6'"
967433489393111041,2018-02-24 16:18:12,b'Dope piece about the role of churches in the development of the Caribbean diaspora in 1960s Toronto. https://t.co/ZloRp9rhuu'
967432911204044801,2018-02-24 16:15:54,b'RT @nurse_suzanne: Let this sink in for a minute... https://t.co/lIPHkZNPaL'
967432828639154178,2018-02-24 16:15:35,b'RT @MadameNguyen: Prof Carl James shares the conundrum of Black History Month #BlackHistoryMonth @PeelSchools https://t.co/mLQehkbwFg'
967432329135345670,2018-02-24 16:13:35,"b'RT @NHenryFundi: Spoke this evening at @BurmanUniv in Alberta, ""Black History is Canadian History: Stories from Across the Nation"". https:/\xe2\x80\xa6'"
966473152103702528,2018-02-22 00:42:10,b'RT @citeblackwomen: \xe2\x80\x9cmy job is to somehow make them curious enough or persuade them by hook or crook to get more aware of themselves and wh\xe2\x80\xa6'
966472583293042690,2018-02-22 00:39:54,b'For the educators: Wakanda Curriculum! https://t.co/wxiXPXrFpK'
965739221481902080,2018-02-20 00:05:47,b'https://t.co/am1uMXmDlW'
964511471559462912,2018-02-16 14:47:09,"b'RT @OgunyemiMD: Dr Odutayo of @uoftmedicine is a Rhodes Scholar &amp; helped establish a prep course, Biostats Enhancement, to help under-repre\xe2\x80\xa6'"
964495603496574976,2018-02-16 13:44:05,"b'RT @AishaJeff: At York U: A conversation with activist Angela Robertson, author Robyn Maynard and documentarian Dionne Brand. They reflect\xe2\x80\xa6'"
964257261437689856,2018-02-15 21:57:00,b'RT @shadowandact: 18 unforgettable films to watch during #BlackHistoryMonth\xc2\xa0 https://t.co/CYZ2F5K8Qt https://t.co/Zc09saueJu'
964145507483430913,2018-02-15 14:32:56,"b'RT @policingblack: Headed to New Brunswick to do a book talk this evening reading some crucial #blackhistory en route, taking a moment to c\xe2\x80\xa6'"
964145193975996419,2018-02-15 14:31:41,b'https://t.co/orlPtWXrqb'
963555698322890752,2018-02-13 23:29:15,b'RT @KeishaBlain: This is a great postdoctoral #research fellowship opportunity in my department. Feel free to send me a DM if you have ques\xe2\x80\xa6'
963552440061751296,2018-02-13 23:16:18,"b'RT @NHenryFundi: Our Mis(education): the Erasure of Blackness in Canadian Schools, with @policingblack: https://t.co/VVz7XQ2VHi'"
963542287715328001,2018-02-13 22:35:57,b'https://t.co/V3veY4UJZW'
963262711491686400,2018-02-13 04:05:01,b'RT @AAIHS: #Job Opening: Postdoctoral #Fellowship in #Race and #Gender History - @RutgersU https://t.co/9KVNRD1uLV #HigherEd #History https\xe2\x80\xa6'
963210930086666241,2018-02-13 00:39:15,"b'RT @Phil_Lewis_: So Ryan Coogler directed Fruitvale Station at 27, Creed at 29 and now Black Panther at 31 years old. Amazing. #BlackPanthe\xe2\x80\xa6'"
963210776919060480,2018-02-13 00:38:39,"b'RT @JamilSmith: ""#BlackPanther is poised to prove to Hollywood that African-American narratives have the power to generate profits from all\xe2\x80\xa6'"
963198863342530562,2018-02-12 23:51:19,b'Watching a prescreening of #BlackPanther in Toronto!  So exciting! #BlackPantherLive'
963062969872670720,2018-02-12 14:51:19,b'RT @blogTO: What the #TTC would look like if #Toronto stuck to plans https://t.co/1wFCeVw6ZK https://t.co/RNlhgqAs0Y'
962686030376824833,2018-02-11 13:53:30,b'RT @blogTO: Need to hit the books? Here are some cafes for studying in #Toronto https://t.co/2RqrAwpeGX https://t.co/LX3a7FngRL'
962685759710027776,2018-02-11 13:52:25,"b'RT @TAMU_SPMT: Thank you Dr. Akilah Carter-Francique from Prairie View A&amp;M for speaking to Dr. Singer\'s Social Issues seminar class about ""\xe2\x80\xa6'"
962569746804813825,2018-02-11 06:11:25,b'RT @NHenryFundi: Let\xe2\x80\x99s put an end to the delusion that Britain abolished slavery | Kenan Malik https://t.co/hThBvKxf0R'
961939713841037312,2018-02-09 12:27:54,"b""RT @HistoricaCanada: Even though Canada took steps to end slavery before some other countries, it's important to remember that thousands of\xe2\x80\xa6"""
961939637756481537,2018-02-09 12:27:36,b'RT @Blavity: We appreciate @Oprah all day everyday! But today marks the anniversary of her becoming the FIRST black woman to host a talk sh\xe2\x80\xa6'
961794775572713472,2018-02-09 02:51:58,b'RT @YorkUnews: #TBT: @YorkULAPS  History PhD candidate @NHenryFundi says the abolition of slavery in the British colonies in 1834 had a str\xe2\x80\xa6'
961794118086209537,2018-02-09 02:49:21,b'RT @Becauseofthem: Another hidden figure revealed! 87-year-old retired mathematician Gladys West was part of the team that developed the Gl\xe2\x80\xa6'
961793174510473216,2018-02-09 02:45:36,"b""RT @DuckDuckGo: If you ever get asked why you should use DuckDuckGo instead of Google, here's a definitive answer by @yegg:\n\nhttps://t.co/2\xe2\x80\xa6"""
961791836602937344,2018-02-09 02:40:17,"b'RT @ONheritage: Afua Cooper, Chair in Black Canadian Studies at Dalhousie University, feels inspired and defined by Ontario\xe2\x80\x99s Black history\xe2\x80\xa6'"
961789906191253504,2018-02-09 02:32:37,"b'RT @CBCNews: George Ramsay, 9th Earl of Dalhousie, called black refugees who fled the U.S. during and after the War of 1812 ""slaves by habi\xe2\x80\xa6'"
960280118919917570,2018-02-04 22:33:16,b'RT @hollieprattcamp: Important Canadians you should know: #BlackHistoryMonth highlights enduring legacy of African Canadians @NHenryFundi h\xe2\x80\xa6'
960245518218727424,2018-02-04 20:15:46,"b'RT @mefeater: 32 years ago today, the legendary Janet Jackson dropped her third studio album \xe2\x80\x98Control\xe2\x80\x99 \xe2\x9d\xa4\xef\xb8\x8f#JanetJacksonAppreciationDay https\xe2\x80\xa6'"
960243775745478656,2018-02-04 20:08:51,"b""Loving @G987FM 's coverage on @NHenryFundi, the epitome of #blackgirlmagic \xf0\x9f\x98\x8a"""
960210468085403648,2018-02-04 17:56:30,b'RT @tvonetv: We are here to #Represent for #JanetJacksonAppreciationDay \xe2\x9c\x8a\xf0\x9f\x8f\xbd https://t.co/WALDgyrhpn'
960210320496254977,2018-02-04 17:55:54,b'https://t.co/gYGARsRV8L'
959559435696902144,2018-02-02 22:49:31,b'RT @TheAtlantic: W. E. B. DuBois introduced the term \xe2\x80\x9cdouble-consciousness\xe2\x80\x9d in an 1897 Atlantic article to describe the internal conflict e\xe2\x80\xa6'
959099300579020800,2018-02-01 16:21:07,b'RT @Adavis777A: Great event at York U #lovehumanities https://t.co/mMWCIfGeu7'
958895097692778496,2018-02-01 02:49:41,b'RT @NHenryFundi: https://t.co/mkEAQN2ot1'
958760500849934336,2018-01-31 17:54:50,b'https://t.co/IwY3Cb3Oo8'
958758149313490946,2018-01-31 17:45:30,"b'RT @MAN_ANGE: Hey @alwaystheself @MaLumiere expanding on our conversation on blackness in France and #representation,  I just published \xe2\x80\x9cFi\xe2\x80\xa6'"
957850096288387072,2018-01-29 05:37:13,b'https://t.co/vqMZWJSQae'
957668296362512387,2018-01-28 17:34:49,b'RT @iteachm: This applies to high school students as well. https://t.co/rx4udV8rz4'
957461180087525376,2018-01-28 03:51:48,"b'RT @MalindaSmith: Diaspora Blackness in the Caribbean: Resource: \xe2\x80\x9cBlackness is often only discussed in an American context, without...its s\xe2\x80\xa6'"
957425229302812672,2018-01-28 01:28:57,"b'RT @KassamSalima: When the impact on Ss leads to the same push out for the same Ss, shouldn\xe2\x80\x99t we change what we\xe2\x80\x99ve been doing? @hgse https:\xe2\x80\xa6'"
957302243627294720,2018-01-27 17:20:15,"b'RT @MalindaSmith: \xe2\x80\x9cPhD candidate Chizoba Imoka says Black students should bring their cultural selves to the classrooms, and the school sys\xe2\x80\xa6'"
957302133883375616,2018-01-27 17:19:49,b'RT @DukeAAAS: Surviving Slavery in the British Caribbean: A New Book on Atlantic Slavery https://t.co/M9bdV7nbH9 via @AAIHS @BlkPerspective\xe2\x80\xa6'
957101571371945984,2018-01-27 04:02:51,b'RT @SonjahStanley: Call for Papers: Reggae Innovation and Sound System Culture https://t.co/0GmuqWkHhr'
957100805353549824,2018-01-27 03:59:48,"b""RT @womensart1: 'Cornrows, Afropuffs and Joy', Brooklyn, NY (2008) by Sierra Leonian  photographer Adama Delphine Fawundu #womensart \n\n#Fri\xe2\x80\xa6"""
956757914630238209,2018-01-26 05:17:17,"b'RT @NHenryFundi: Very widespread. In the GTA, TDSB stats show that Black Ss make up almost 36% of non-gifted spec. ed. Ss, 3x more than the\xe2\x80\xa6'"
956387979886497792,2018-01-25 04:47:17,b'RT @TheRoot: The 10 blackest things about this kid\xe2\x80\x99s journal entry roasting his teacher for lying about Christopher Columbus: https://t.co/\xe2\x80\xa6'
956387956805259264,2018-01-25 04:47:12,b'@TheRoot No lies detected...'
956386270997073920,2018-01-25 04:40:30,"b'RT @RadRoopa: For my Gr 11 Intro to Anthropology, Psychology, &amp; Sociology final exam: read an excerpt from @policingblack\xe2\x80\x99s new book, #Poli\xe2\x80\xa6'"
955901248003338242,2018-01-23 20:33:11,"b""RT @torontolife: Should Toronto's museums and galleries be free to the public? https://t.co/7dLplF3qit"""
955858242575437824,2018-01-23 17:42:18,"b'RT @SkyNews: White people who say ""they don\'t see race"" could be part of the problem, says @afuahirsch on #ThePledge https://t.co/XNEQ9qQzA6'"
955857871434059777,2018-01-23 17:40:50,b'RT @bhofme: Yes. You can tug on the bootstraps all you want but it\xe2\x80\x99s extra hard when the system is rigged against you. Disadvantaged youth\xe2\x80\xa6'
955830595728367616,2018-01-23 15:52:27,"b""RT @Essence: Congratulations to all of this year\xe2\x80\x99s #Oscar nominees! You know who we're rooting for! \xf0\x9f\x91\x8f\xf0\x9f\x8f\xbe https://t.co/jvUjIowZpz https://t.co\xe2\x80\xa6"""
955829974707179522,2018-01-23 15:49:59,"b'RT @TheRoot: Like her or not, Mo\xe2\x80\x99Nique does have a point. https://t.co/l1ThoihOpJ'"
955785293122056192,2018-01-23 12:52:26,b'RT @NHenryFundi: #BHM2018 https://t.co/eWSvJitnbV'
955551255077769217,2018-01-22 21:22:27,"b'RT @freeblackgirl: Wanda Sykes is on a Golden Globe-winning sitcom, and still got low-balled by Netflix. For all those saying Mo\xe2\x80\x99Nique shou\xe2\x80\xa6'"
955264295536877568,2018-01-22 02:22:10,b'RT @DukeAAAS: To trace the history of sugar is to draw a map of destruction -- by @NatHopkinson https://t.co/PvuBFMtyo8 via @HuffPost @cric\xe2\x80\xa6'
954360083818995713,2018-01-19 14:29:09,b'RT @doctafrancique: Day 2 Black Student Athlete Summit https://t.co/Trqe4M2Phx https://t.co/2E4IeWHqHV'
954357963564703745,2018-01-19 14:20:44,"b'RT @Rewire_News: Black infants in the NICU receive less steroid therapy for lung development, aren\xe2\x80\x99t given human breast milk as often, and\xe2\x80\xa6'"
954357182727966722,2018-01-19 14:17:38,"b'RT @YorkULAPS: 30 undergrads will receive $5,000 each to work with a prof on research this summer. To apply visit https://t.co/KYKdHkJNQg #\xe2\x80\xa6'"
953239187653832710,2018-01-16 12:15:07,b'RT @policingblack: looking forward to this #PolicingBlackLives book event at the #TorontoPublicLibrary featuring a panel with @AnthonyNMorg\xe2\x80\xa6'
953013921681674241,2018-01-15 21:19:59,"b'RT @BerniceKing: As you honor my father today, please remember and honor my mother, as well. She was the architect of the King Legacy and f\xe2\x80\xa6'"
952242837449527297,2018-01-13 18:15:58,"b""Interesting read, given Trump's recent, but unsurprising and problematic statements https://t.co/2NKi24yHAW"""
952241957484531713,2018-01-13 18:12:29,b'https://t.co/gEcRbMeUXj'
951954895577460737,2018-01-12 23:11:48,"b'RT @natalieisonline: Fascinating that media outlets find it easier to print ""shithole"" than ""racist"" or ""racism"".'"
951702723652739072,2018-01-12 06:29:45,"b'RT @CNNTonight: .@donlemon on President Trump: ""He is a racist ... but it\'s more important to be strategic than outraged"" https://t.co/I1Kf\xe2\x80\xa6'"
951701194141065216,2018-01-12 06:23:41,b'RT @Becauseofthem: Congratulations to the legendary @MaryJBlige on receiving her own star on the Hollywood Walk of Fame today! \n\nPS: Today\xe2\x80\xa6'
951701144295919616,2018-01-12 06:23:29,b'RT @NHenryFundi: ETFO is seeking curriculum writers for a new resource on culturally relevant pedagogy. Writers will need to be available t\xe2\x80\xa6'
951701012812910592,2018-01-12 06:22:57,b'RT @NHenryFundi: This article raises good questions that are equally applicable to Ontario -\nHitting the books: How Alberta Education is re\xe2\x80\xa6'
951699258373263360,2018-01-12 06:15:59,b'RT @SchomburgCenter: Front and Center: Celebrating Black Comics and Their Creators https://t.co/OLGtlAwoub'
951698913492439041,2018-01-12 06:14:37,"b'RT @julia_samaroo: @NHenryFundi\'s work on going ""Beyond Black History Month"" https://t.co/eB5I0yCnRP #OntEd #StudentIdentity'"
951698617357742080,2018-01-12 06:13:26,b'RT @TheRoot: New study finds that young black girls with \xe2\x80\x9cstrong racial identity\xe2\x80\x9d and positive feelings about blackness perform better in s\xe2\x80\xa6'
951698433328517122,2018-01-12 06:12:42,"b""RT @danielhill1336: 75% of white people have entirely white social networks, meaning they don't know any people of color. People often ask\xe2\x80\xa6"""
951676771056996352,2018-01-12 04:46:38,"b""RT @beequammie: @serenawilliams Advocating for yourself can be confusing, frustrating, and exhausting - and it's demoralizing when you stil\xe2\x80\xa6"""
951676747338174465,2018-01-12 04:46:32,"b""RT @beequammie: I'm working through something health-wise post-pregnancy - and reading about how @serenawilliams' complaints were initially\xe2\x80\xa6"""
951584097369051136,2018-01-11 22:38:23,"b'RT @RecyTaylorFilm: Our film is based on @dmcguire13\'s book ""At the Dark End of the Street: Black Women, Rape and Resistance"" \n\nWe\'re grate\xe2\x80\xa6'"
951584067392278529,2018-01-11 22:38:15,b'RT @RachelMordecai: Exciting news! @Refracting @shivhearne @kbjosephs @drbrowne https://t.co/GLugeY4es9'
951583888681394178,2018-01-11 22:37:33,b'RT @AnthonyNMorgan: Please support this. \n\nIt will help strengthen Black kids\xe2\x80\x99 ability to expand the horizons of their creative imagination\xe2\x80\xa6'
951583811132903424,2018-01-11 22:37:14,b'RT @NHenryFundi: University of Toronto Summer Medical School Mentorship Program. Great opportunity for high school students of Indigenous o\xe2\x80\xa6'
950833600169115653,2018-01-09 20:56:10,"b'RT @driftinghouse: ""Books leave gestures in the body; a certain way of moving, of turning, a certain closing of the eyes, a way of leaving,\xe2\x80\xa6'"
950684974822412288,2018-01-09 11:05:35,b'RT @Becauseofthem: Who was Recy Taylor? She was a civil rights hero who immediately sought justice after she was sexually assaulted by six\xe2\x80\xa6'
950181042253647872,2018-01-08 01:43:08,"b'RT @LBBarnoff: #AbdoulAbdi, who should be a Canadian citizen, who was abused by/in Canadian child welfare system, will be deported to a cou\xe2\x80\xa6'"
950038491454410755,2018-01-07 16:16:41,"b'RT @SchomburgCenter: Birthday of Zora Neale Hurston, anthropologist, folklorist and novelist (plus Booker T. Washington proponent) (1891) #\xe2\x80\xa6'"
950038442989277184,2018-01-07 16:16:30,"b""RT @historyinmoment: Muhammad Ali's hands after Cooper fight 1966. Photo by Gordon Parks. https://t.co/GwqlbWOLMf"""
949987544854335488,2018-01-07 12:54:15,b'RT @VashtiHarrison: Working through winter https://t.co/Inki5lff2K'
949987042045448192,2018-01-07 12:52:15,"b'RT @MalindaSmith: Toronto Book Launch: The Equity Myth: Racialization and Indigeneity at Canadian Universities. With Frances Henry, Enakshi\xe2\x80\xa6'"
949986572484726784,2018-01-07 12:50:23,b'RT @tuckeve: We are hiring youth researchers for a new study on growing up in social movements like #IdleNoMore and #BlackLivesMatter\nFind\xe2\x80\xa6'
949984460191227905,2018-01-07 12:41:59,b'RT @CaribbeanSAssoc: CALL FOR PAPERS\n\n3rd International Conference on Education and Humanities\nEmerging Realities in the Digital Age:... ht\xe2\x80\xa6'
949640447672102912,2018-01-06 13:55:00,b'https://t.co/JpeQzPsTFJ'
949405265660731392,2018-01-05 22:20:29,b'Food for thought ....https://t.co/24m1vqJCA1'
949384425460195333,2018-01-05 20:57:40,"b""Mood.  Pondering on black music and what it has,  hasn't, could have, and ultimately will become. https://t.co/g0eYR5Pnp7"""
949334870945402881,2018-01-05 17:40:45,b'@AishaJeff \xf0\x9f\x98\x91'
949334736366964737,2018-01-05 17:40:13,"b""RT @truthout: Too Terrified to Enter an Arena of Ideas? The Debate Over Cornel West's Critique of Ta-Nehisi Coates https://t.co/VkD6TwuSD3\xe2\x80\xa6"""
949334688996511750,2018-01-05 17:40:02,b'RT @NHenryFundi: Black Panther movie causing excitement around country\n\nhttps://t.co/ERXtzvv2WC'
948918560981749762,2018-01-04 14:06:29,b'https://t.co/9x59go0RhE'
948599645248335872,2018-01-03 16:59:14,b'RT @DeenaLadd: The numbers speak for themselves. This is why workers are pushing for a decent minimum wage - challenging the massive #inequ\xe2\x80\xa6'
948599257304649729,2018-01-03 16:57:41,"b'RT @HaitiMania: Happy Independence Day To The People Of Haiti. On January 1st, 1804 \xe2\x80\x94 #Haiti proclaimed its Independence and became the Fir\xe2\x80\xa6'"
948598503156146178,2018-01-03 16:54:41,"b'RT @wellreadblkgirl: ""We are a people. A people do not throw their geniuses away. And if they are thrown away, it is our duty as artists an\xe2\x80\xa6'"
948598417508401152,2018-01-03 16:54:21,b'RT @BlackOutdoors1: Plan you joy. Or it will disappear from you life along with you friends as you do the #PhD. #inspiration #NewYear'
948598228173381633,2018-01-03 16:53:36,b'RT @policingblack: one of my favourite memories of 2017 is of hosting the #AngelaDavisInConversationwithRobynMaynard event for the #Concord\xe2\x80\xa6'
948593930886635521,2018-01-03 16:36:31,"b'RT @demonicground: ""bodies"" to describe black people: this must stop.'"
947211244372668416,2017-12-30 21:02:13,"b'RT @melindista: York U prof Lorne Foster: ""implicit biases are ""much more dangerous than the old-fashioned prejudices and discrimination th\xe2\x80\xa6'"
946796962740953089,2017-12-29 17:36:01,"b'@blkatlanticCDN So, are you going to this neighbour to demand a copy of his acapellas? ;)'"
946796268013150209,2017-12-29 17:33:15,"b'RT @Becauseofthem: Happy 63rd bday to #DenzelWashington, who once said: ""Don\'t just aspire to make a living, aspire to make a difference.""\xe2\x80\xa6'"
945656518426406912,2017-12-26 14:04:18,"b""RT @soulphoodie: For Many Caribbean Immigrants, It Wouldn't Be Christmas Without Black Cake https://t.co/zzf4QmovKP https://t.co/eubykom17O"""
945119857057714176,2017-12-25 02:31:48,b'RT @BlackEdAgenda: I look forward to the day when Black genius is supported and celebrated as Black athleticism is. https://t.co/F87TVRHJEG'
944952877990207488,2017-12-24 15:28:17,"b""RT @TheRoot: Let's all go to Gullah Gullah Island! \n\n@Harvard has chosen to recognize the richness of Gullah Islands' language in a new int\xe2\x80\xa6"""
942329862995529728,2017-12-17 09:45:21,"b'RT @AishaJeff: \xe2\x80\x9cEach experience drain(s) my energy, sucking a little bit of life out of me, like death by a thousand cuts,\xe2\x80\x9d Caesar-Chavanne\xe2\x80\xa6'"
941766822231248900,2017-12-15 20:28:02,b'RT @blacklikewho: Agreed. This position gets interpreted as anti-data collection. When it is about the structures of data collection. How m\xe2\x80\xa6'
941764974266998785,2017-12-15 20:20:41,"b""RT @Adavis777A: Thankful to #YorkU for giving me a platform for change. Afroglobal Televisions's Renaissance Award #BestOf2017 https://t.co\xe2\x80\xa6"""
941122180523397122,2017-12-14 01:46:27,"b'RT @alwaystheself: Remember: If you ""cancel"" everyone who says or does something ""problematic"", you\'ll eventually have to cancel yourself,\xe2\x80\xa6'"
941120722658873344,2017-12-14 01:40:40,"b'RT @BoomerHarding: CFP: Telling the Stories of Race and Sports in Canada: A Symposium, University of Windsor. Proposals due Jan 15.   https\xe2\x80\xa6'"
939320128256335872,2017-12-09 02:25:44,b'RT @BDTSpelman: The 2017 edition is available at local bookstores and on-line. I think it\xe2\x80\x99s a great holiday gift! \xf0\x9f\x98\x8a https://t.co/1YcyU2SpFV'
939319955287404544,2017-12-09 02:25:03,b'https://t.co/hVfJCWEaze'
939277687889285121,2017-12-08 23:37:06,"b""RT @TorontoStar: If we want kids who can navigate the racially and ethnically diverse world they step into as adults, it's time for parents\xe2\x80\xa6"""
938905269928677376,2017-12-07 22:57:15,"b""RT @YorkUPresident: Congratulations to #YorkU's Yvette Munro on her appointment as Executive Director of the Ontario Council on Articulatio\xe2\x80\xa6"""
938184726602506240,2017-12-05 23:14:04,b'RT @AishaJeff: \xe2\x80\x9cMany racialized immigrants can thank the Black community for their tremendous resilience... and I thank all the activists w\xe2\x80\xa6'
936987896053198850,2017-12-02 15:58:17,b'https://t.co/NDbiHaLES3'
936987839954391041,2017-12-02 15:58:04,b'RT @TIFF_NET: The greatest onscreen dance scene in history: tap-dance gods The Nicholas Brothers moving to Cab Calloway and his orchestra i\xe2\x80\xa6'
936987729677692929,2017-12-02 15:57:37,b'RT @TheRoot: The senate passes major tax reform that proves Republicans are an enemy to the American people: https://t.co/rVmlbJYEEA #TaxSc\xe2\x80\xa6'
936823673012436992,2017-12-02 05:05:43,"b""RT @carolinehossein: York's Dr Kamala Kempadoo launches the indo feminist lecture out of UWI. Lets own the term Coolie. Lets own Dougla. #y\xe2\x80\xa6"""
936784213226921984,2017-12-02 02:28:55,b'RT @ArloKempf: More evidence that colour blind approaches to anti-racism aren\xe2\x80\x99t the best way forward- reminds us of George Dei\xe2\x80\x99s caution th\xe2\x80\xa6'
935644792775692289,2017-11-28 23:01:16,"b'RT @wellreadblkgirl: ""Our histories never unfold in isolation. We cannot truly tell what we consider to be our own histories without knowin\xe2\x80\xa6'"
934469986529239041,2017-11-25 17:13:01,b'https://t.co/dYYcfpEScO'
931965584337723399,2017-11-18 19:21:25,b'RT @JanelleBrady89: Written a few days ago from concerned college students to management about why faculty should vote NO \xe2\x80\x93 On The Line htt\xe2\x80\xa6'
931965192379957251,2017-11-18 19:19:51,"b""RT @Becauseofthem: #BlackGirlMagic: For the first time ever, Nigeria will be represented in the Winter Olympics by the women's bobsled team\xe2\x80\xa6"""
931965149002559490,2017-11-18 19:19:41,b'RT @RevJJackson: MAJOR ANNOUNCEMENT to my friends and supporters on my health and the future. https://t.co/JkuDNpxkix'
930888513708593153,2017-11-15 20:01:31,b'RT @JordanPeele: \xe2\x80\x98Get Out\xe2\x80\x99 is a documentary.'
930176065510739969,2017-11-13 20:50:30,"b'RT @MadameNguyen: ""Racism operates in institutions by denying its historical context"" #onpoli #onted #edchat #education'"
930175851781656582,2017-11-13 20:49:39,b'RT @AusWyche: We often let our masculinity limit how we interact and show love towards one another. We are often unavailable for our brothe\xe2\x80\xa6'
929897864033132546,2017-11-13 02:25:02,"b'RT @tweetOBHS: November 11th, Remembrance Day and today we honour the memory and legacy of Ontario Black History Society... https://t.co/F8\xe2\x80\xa6'"
929897623326199808,2017-11-13 02:24:04,"b""RT @HistoricaCanada: Introducing our brand new #HeritageMinute! Explore Toronto's Kensington Market like never before in the first ever ful\xe2\x80\xa6"""
929897254810476549,2017-11-13 02:22:36,b'RT @KassamSalima: How might this impact our students and their families that we serve? In what ways can we disrupt this narrative through c\xe2\x80\xa6'
929897072488218626,2017-11-13 02:21:53,b'https://t.co/VTPsJylT4u'
929333727280488448,2017-11-11 13:03:21,"b""RT @Becauseofthem: Happy 67th birthday to the nation's first woman and first African American neurosurgeon, Dr. Alexa Canady! #becauseofthe\xe2\x80\xa6"""
927974530781470721,2017-11-07 19:02:23,"b'RT @TubmanInstitute: Congratulations to Tubman member and York PhD student, Natasha Henry, for a great accomplishment! @NHenryFundi @yorku\xe2\x80\xa6'"
927233121417822208,2017-11-05 17:56:17,b'https://t.co/xFvKvpICGz'
926998833317498880,2017-11-05 02:25:19,b'https://t.co/s4QU2DGfZm'
926852772552757249,2017-11-04 16:44:55,b'https://t.co/re90Caoek5'
926852502754156544,2017-11-04 16:43:51,b'https://t.co/q3vCBsGY3w'
926852428703596544,2017-11-04 16:43:33,b'https://t.co/Hh3vhOmdKR'
926852298353061888,2017-11-04 16:43:02,b'https://t.co/aMqpwoTBgc'
926852147370778624,2017-11-04 16:42:26,b'https://t.co/AQ0EcSQmb2'
926851820101816321,2017-11-04 16:41:08,b'https://t.co/gdP9eSIyR8'
925888924815384577,2017-11-02 00:54:56,b'RT @ArloKempf: Has huge implications for schools as parent funding creates islands of private privilege in schools https://t.co/rDMovDAM0J'
925888528294338560,2017-11-02 00:53:21,b'RT @chrisemdin: Socioemotional learning spaces cannot exist within spaces that use oppressive curriculum and pedagogy #HipHopEd'
925491887359823873,2017-10-31 22:37:15,b'Census data released yesterday reveals that there is significant discrimination in pay and employment. #cdnpoli https://t.co/54TFfBuvUl'
924985485126193153,2017-10-30 13:04:59,"b""RT @NPR: Heart disease. Low birth weight. A professor says experiencing discrimination has a real effect on people's health. https://t.co/i\xe2\x80\xa6"""
924984583199879168,2017-10-30 13:01:24,b'RT @nytimes: Hurricane Irma forced the entire island of Barbuda to evacuate. Only about 35 residents have returned. https://t.co/vSKTJKRTx6\xe2\x80\xa6'
924983962610565120,2017-10-30 12:58:56,"b'RT @zellieimani: These three girls dressed up as the women portrayed in ""Hidden Figures"" are winners! https://t.co/cVFH71Hu7a'"
924982952056053760,2017-10-30 12:54:55,"b""RT @soledadobrien: They're protesting police brutality and racism, not the national anthem. https://t.co/GD3KgPdaHH"""
924982010397052928,2017-10-30 12:51:11,"b'RT @cjallday_7: Meet my grandfather, Charles E. Johnson. A Morgan State graduate who patented a detergent formula now known as Tide Deterge\xe2\x80\xa6'"
924981899449249792,2017-10-30 12:50:44,b'RT @AtheiaGrant: Congrats to my 17 yr old son for getting Top Science Student Award at his school son stay brilliant humble &amp; hardworking #\xe2\x80\xa6'
924980963561627651,2017-10-30 12:47:01,"b""RT @HuffPostPol: Puerto Rico's contract with Whitefish is as bad as it looks, say experts https://t.co/hRBEAolsTn https://t.co/IOVBRgoGba"""
924978747824050176,2017-10-30 12:38:13,b'https://t.co/SrIm2k4JTV'
924819221078474754,2017-10-30 02:04:19,"b'RT @SheIsRCGeorge: @amanda_parris\' play ""Other Side of the Game"" is a thought-provoking, nuanced, relevant, and critical piece of work. Exc\xe2\x80\xa6'"
924815291816824834,2017-10-30 01:48:42,b'@amanda_parris Great work!  It is a must see and extra dope!'
924812724093227008,2017-10-30 01:38:30,"b'@amanda_parris\' play ""Other Side of the Game"" is a thought-provoking, nuanced, relevant, and critical piece of work. Excellent! #osotgTO'"
923673929159454725,2017-10-26 22:13:20,b'RT @globeandmail: Canada\xe2\x80\x99s universities commit to diversity with plan to make demographic data public https://t.co/gkLYdw3XY6'
923673888365703171,2017-10-26 22:13:10,"b'RT @TorontoStar: A Kellogg\xe2\x80\x99s cereal box featured dozens of yellow corn pops, with one brown corn pop working as a janitor.\nhttps://t.co/MCJ\xe2\x80\xa6'"
923596061264023553,2017-10-26 17:03:55,"b""RT @shadowandact: #RobertGuillaume, 'Benson' actor and the voice of Rafiki in 'The Lion King,' dead at 89 https://t.co/dutx8gCS37 https://t\xe2\x80\xa6"""
923201094855086081,2017-10-25 14:54:27,b'Excellent piece on rethinking specialized programming in Toronto.'
922876674882113536,2017-10-24 17:25:20,"b'RT @TIFF_NET: Sidney Poitier, Lena Horne &amp; Denzel Washington in the roles that defined their careers &amp; redefined Blackness. #BlackStar come\xe2\x80\xa6'"
922875705196777473,2017-10-24 17:21:28,b'RT @NewBlackMan: UCLA Professor Uri McMillan talks Grace Jones and the Genealogies of Black Feminist Art and Performance https://t.co/8z93m\xe2\x80\xa6'
922681767676571648,2017-10-24 04:30:50,b'https://t.co/3jNc6UY3aS'
920855164206092288,2017-10-19 03:32:34,b'https://t.co/DmbbUowdbt'
920854728124321793,2017-10-19 03:30:50,"b'RT @Becauseofthem: Happy 61st birthday to the woman who dreamed big &amp; became the first Black woman to travel to outer space, @MaeJemison. h\xe2\x80\xa6'"
919299027711250432,2017-10-14 20:29:02,b'RT @TubmanInstitute: Debugging AR systems at the Young Inventors Augmented Reality Workshop! @yorku @Ian_Sun @lucidbard @lindencat  #Augmen\xe2\x80\xa6'
918576697187930113,2017-10-12 20:38:45,b'RT @HDSBEquity: @HaltonDSB Committed to building race literacy &amp; embedding black Canadian experiences in all classrooms with guidance from\xe2\x80\xa6'
918576602526646272,2017-10-12 20:38:23,b'RT @MissEWalsh: \xe2\x80\x9c...there is a universality to anti-blackness...and it shows up in our classrooms.\xe2\x80\x9d Raising critical consciousness with @NH\xe2\x80\xa6'
915641792221106178,2017-10-04 18:16:29,b'RT @UA_magazine: Universities need to submit action plans by year\xe2\x80\x99s end and to meet their @CRC_CRC diversity targets by 2019 https://t.co/d\xe2\x80\xa6'
915641346051989518,2017-10-04 18:14:43,"b'RT @TubmanInstitute: Youth Augmented Reality Weekend Workshop \xe2\x80\x94 October 13-14, 2017 https://t.co/Cq5jVfmx0u @yorku #AR'"
915496576113692672,2017-10-04 08:39:27,"b'RT @teachergoals: When students come to their own conclusions and understandings, we create thinkers and lifelong learners #teachergoals ht\xe2\x80\xa6'"
915376652712075264,2017-10-04 00:42:55,b'RT @emilynussbaum: Langston Hughes\xe2\x80\x99 \xe2\x80\x9cTired.\xe2\x80\x9d https://t.co/Ncc9f63xVf'
911346144667725825,2017-09-22 21:47:07,b'RT @PLloydHenry: The moment you sit for a brief respite &amp; your colleague &amp; friend is on the cover of the newspaper @NHenryFundi @PAACEonthe\xe2\x80\xa6'
905219791505559553,2017-09-06 00:03:11,b'https://t.co/sXks5SY8YB'
904715102057844737,2017-09-04 14:37:43,b'RT @NHenryFundi: Thank you Neil for writing a great summary of my presentation at the York U Faculty of Education Summer Institute #FESI201\xe2\x80\xa6'
904713931863838724,2017-09-04 14:33:04,b'RT @AnthonyNMorgan: Underscoring the role of education in confronting anti-black racism | Art &amp; Leisure | Jamaica Gleaner https://t.co/9bH3\xe2\x80\xa6'
904713809012645888,2017-09-04 14:32:35,b'https://t.co/2KuTYs3shp'
904713720152162304,2017-09-04 14:32:14,"b'RT @PAACEonthemove: @PAACEonthemove Parent Engagement Event in collab w/@PeelSchools , takes place on Sept. 16 to support Black students &amp;\xe2\x80\xa6'"
903783727758807040,2017-09-02 00:56:46,b'https://t.co/5zrB5n3Gkh'
899811972568449024,2017-08-22 01:54:26,"b""RT @csalegalclinic: 2/7 #CERD Day 1 impressions: @ACLC_Ontario's Mobafa Baker on anti-black racism in child welfare, schools &amp; crim justice\xe2\x80\xa6"""
899810965469921280,2017-08-22 01:50:26,"b'RT @NHenryFundi: Educators should play a more important role in the fight against racism, says UBC professor https://t.co/hmasCIGEjf'"
899810925368270849,2017-08-22 01:50:16,b'RT @PocketsofHope: Teaching is a political act. Period. Silence is a choice. How will u interrupt racism and white supremacy? https://t.co/\xe2\x80\xa6'
899810897912373249,2017-08-22 01:50:10,"b'RT @connie_walker: Teachers lack confidence to talk about residential schools, study says https://t.co/CoVexTOhcq'"
899113027118800896,2017-08-20 03:37:05,"b'RT @Tribeca: ""The most difficult thing to get people to do is to accept the obvious."" \xe2\x80\x94 Dick Gregory #RIP https://t.co/DhaiyjhiRe'"
899112281681928192,2017-08-20 03:34:07,b'RT @Essence: It is with heavy hearts that we announce the passing of activist and comedian Dick Gregory. Our thoughts are with his family a\xe2\x80\xa6'
899112252061732870,2017-08-20 03:34:00,b'RT @RevJJackson: He taught us how to laugh. He taught us how to fight.He taught us how to live.Dick Gregory was committed to justice.I miss\xe2\x80\xa6'
899110663209050116,2017-08-20 03:27:41,b'RT @Becauseofthem: Rest in power #DickGregory. Thank you for your lifelong commitment to social justice and using your platform to make us\xe2\x80\xa6'
898907078034640896,2017-08-19 13:58:42,"b'RT @pruthcameron: For Black students, school is not a neutral space https://t.co/QJnatTzX6G via @MetroNewsCanada'"
898906821972422658,2017-08-19 13:57:41,b'RT @AnthonyNMorgan: A timeline of racism and hate in Canada https://t.co/AGnNo8LM3T via @vicenews'
898906555621535744,2017-08-19 13:56:38,b'RT @Becauseofthem: What an incredible sight! Future attorneys of the Howard University School of Law Class of 2020. (Photo via: @PatSmith04\xe2\x80\xa6'
897953100605960193,2017-08-16 22:47:57,b'#BlackGirlMagic @NHenryFundi https://t.co/vjcsiz7thg'
897952670928863232,2017-08-16 22:46:14,b'RT @blkatlanticCDN: Shout-out to the Jamaican government for encouraging this monument to Emancipation. https://t.co/n7ZdutW9vz'
892855614581473280,2017-08-02 21:12:21,"b'RT @NHenryFundi: Emancipation Day event taking place in Oakville on Monday, August 7: https://t.co/t5T6kYFGDV'"
892645657848287237,2017-08-02 07:18:04,"b'RT @MuhammadAli: ""Impossible is not a declaration. It\'s a dare."" #MuhammadAli #MondayMotivation #DontCrackUnderPressure https://t.co/92832t\xe2\x80\xa6'"
892645296093745152,2017-08-02 07:16:37,"b'RT @CBCToronto: Kisko Freezies celebrates 40 years in the business by building a school in Jamaica, where the company started: https://t.co\xe2\x80\xa6'"
892645228695498752,2017-08-02 07:16:21,b'RT @NHenryFundi: Learn more about the extensive history of #EmancipationDay in Canada &amp; Black Cdns ongoing fight for full freedom &amp; citizen\xe2\x80\xa6'
890946406890041344,2017-07-28 14:45:51,"b""RT @capetownbrown: Today's Google Doodle recalls the Silent Parade of 1917, one of the first mass protests against lynching and anti-black\xe2\x80\xa6"""
890946207933239296,2017-07-28 14:45:03,b'Excellent critique!\nhttps://t.co/dLdPQ7w0HJ'
890944987348824064,2017-07-28 14:40:12,b'No lies detected!\nhttps://t.co/10rB3DvpFX'
888271508006617090,2017-07-21 05:36:45,b'RT @MarvaWisdom: Shared experiences help bind us together. #BEP_GTA #ShareYourStory #quote https://t.co/tQgKkTJbVr'
888271364112531457,2017-07-21 05:36:11,"b'RT @MarvaWisdom: Learn more on the Black Experience Project, featured at https://t.co/Pc7TLdf1ca via @TorontoStar #BEP_GTA #Toronto'"
886298301557026817,2017-07-15 18:55:56,b'RT @TrusteeMcDonald: The writing team is assembled. The work has begun @PeelSchools we R serious about inclusion https://t.co/ixa1Vx9eMs'
885508262736560129,2017-07-13 14:36:36,b'RT @TeralynP: We Rise Together Summer Writing Team @PeelSchools #wrt2017 https://t.co/IMk4RiH4lv'
885307119670636544,2017-07-13 01:17:20,"b'RT @idilatweets: Encore screening  and panel discussion of #ItTakesARiot July 27, 2017 details below. #TheAkuaBenjaminLegacyProject https:/\xe2\x80\xa6'"
884383163799285761,2017-07-10 12:05:51,"b""RT @AdriaQuinones: NYC teen writers: The Langston Hughes Institute has free week-long workshops for middle and HS students. It's not too la\xe2\x80\xa6"""
884144985444163585,2017-07-09 20:19:25,"b'RT @funnomad: Marcus Garvey spoke in St. Catharines 79 years ago, celebrating the 105th Emancipation Day picnic. H/t @NHenryFundi https://t\xe2\x80\xa6'"
884144824840048641,2017-07-09 20:18:47,"b'RT @mere_lesueur: Fellow Canadians: let\'s learn our racist history. We enslaved, we had KKK, we can\'t just think ""Underground Railroad"" and\xe2\x80\xa6'"
884144744640675840,2017-07-09 20:18:28,"b""RT @NHenryFundi: @Donnella_P @jennphillipstx @GregBCurran @mdawriter @albertateachers Slavery's systemic manifestations are beyond politica\xe2\x80\xa6"""
884142491003371520,2017-07-09 20:09:31,"b'RT @NHenryFundi: 2017 marks the 183rd year of Emancipation Day celebrations in Canada, Jamaica, Trinidad, &amp; some places in the US. Learn mo\xe2\x80\xa6'"
884142490898640898,2017-07-09 20:09:31,"b'RT @NHenryFundi: 2017 marks the 183rd year of Emancipation Day celebrations in Canada, Jamaica, Trinidad, &amp; some places in the US. Learn mo\xe2\x80\xa6'"
878417932367298560,2017-06-24 01:02:09,"b""RT @vicecanada: We met some of the students at Canada's first black graduation. https://t.co/b2hDVOfLld"""
878307768708497409,2017-06-23 17:44:24,b'RT @HUEMANBOOKS: What We Are Teaching Black Children https://t.co/8fiyWZoO78 #sad'
878277496285917184,2017-06-23 15:44:07,b'RT @Ms_Sarafina: All this black excellence at #uoftblackgrad https://t.co/X6fAn0VIGw'
878277389607993345,2017-06-23 15:43:41,"b'RT @shharine: ""Many of these institutions must recognize you exist and you had to overcome many barriers to get in"" \n\xe2\x80\x94 Dr. Akua Benjamin @\xe2\x80\xa6'"
878277274516062208,2017-06-23 15:43:14,"b'RT @shharine: ""This is not just a graduation ceremony. This is a physical display of what resistance looks like""\n\xe2\x80\x94 @_hudahassan\'s speech at\xe2\x80\xa6'"
874653054020276224,2017-06-13 15:41:53,"b""RT @CAU: Check out @WNBA world champion and new Lady Panthers head basketball coach Yolanda Moore in this month's e-edition of the @atlanta\xe2\x80\xa6"""
874652938823663617,2017-06-13 15:41:25,"b'RT @j_boyd_ii: The official White House painting of the 44th President of the United States, Barack Obama.\n\nBRUH!!!! https://t.co/dbIiJVMZA8'"
867868504049029121,2017-05-25 22:22:30,"b""RT @TonikaMorgan_: I'm overwhelmed by the outpouring of love from across the interwebs! In 1hr, I'll be on CBC's @metromorning discussing t\xe2\x80\xa6"""
867868034014347266,2017-05-25 22:20:38,b'RT @AnthonyNMorgan: Cops-in-schools program needs an independent review: Editorial  https://t.co/83lZ16Ep2R via @torontostar'
867448356855066624,2017-05-24 18:32:59,b'The Intersectionality Wars - The Chronicle of Higher Education https://t.co/NG5kAQXDfm via @chronicle'
867361812534132736,2017-05-24 12:49:05,"b'No, I Won\xe2\x80\x99t Stop Saying White Supremacy https://t.co/zgaMKR0Npu'"
867361462125244421,2017-05-24 12:47:42,b'A Note on Call-Out Culture via @briarpatchmag https://t.co/jJxcET94Xx'
867356958763962370,2017-05-24 12:29:48,b'RT @LeftOfBlack: As Summer approaches Some Thoughts on Youth Sports with \n@DukeCoachYoung + @NewBlackMan + William Monden https://t.co/pDFa\xe2\x80\xa6'
867355505982939137,2017-05-24 12:24:01,b'RT @OISEUofT: Canadian universities have a serious data gap on race https://t.co/OcNKURPZg1'
867354676118908928,2017-05-24 12:20:44,"b'RT @LordPhD: UofT Black Graduation Celebration Class of 2017 Thu, 22 Jun 2017 at 6:00 PM @UTSC @UTM @UofT  https://t.co/v49hLUmH0l'"
867353697986252801,2017-05-24 12:16:50,b'RT @blkatlanticCDN: My latest piece on navigating Toronto public schools as a black student... #streamedtofail #builtforsuccess\n\nhttps://t.\xe2\x80\xa6'
863591865530159104,2017-05-14 03:08:40,"b'RT @NHenryFundi: Topic of my presentation today w/ @SheIsRCGeorge at @BCSABrandon2017, exploring this trend in the GTA #BlackCanadianStudie\xe2\x80\xa6'"
863403518350299136,2017-05-13 14:40:14,b'RT @LookingBackInto: @NHenryFundi answering questions about her presentation on enslaved Africans in Ontario. #informative #inspiring  @BCS\xe2\x80\xa6'
863402998072053760,2017-05-13 14:38:10,"b'RT @TubmanInstitute: Summer Institute 2017: \xe2\x80\x9cAfrican Diasporas: Peoples, Cultures, Institutions\xe2\x80\x9d https://t.co/o8vZliIaKj @NYU @Yorku'"
862661854354690050,2017-05-11 13:33:08,"b'RT @NHenryFundi: @SheIsRCGeorge &amp; I presenting ""Where do We Go from Here? Black Homeschooling as a Form of Epistemological Resistance"" @BCS\xe2\x80\xa6'"
857757559477981184,2017-04-28 00:45:13,b'RT @AnthonyNMorgan: #streamedtofail https://t.co/h4RxR5zN1O'
857757477257064448,2017-04-28 00:44:53,b'RT @AnthonyNMorgan: #streamedtofail https://t.co/HINxaSoMqO'
857756933285191682,2017-04-28 00:42:43,"b""RT @blkatlanticCDN: Shoutout to @AnthonyNMorgan for starting #streamedtofail. It's important to share our stories publicly and let people k\xe2\x80\xa6"""
857756895473520640,2017-04-28 00:42:34,b'RT @TrendsToronto: #streamedtofail is now trending in #Toronto\n\nhttps://t.co/L2BFdhaALe https://t.co/ppeRyvVaPl'
857756858743967744,2017-04-28 00:42:26,b'RT @MelissaNShaw: guidance counselor suggested gen. math knowing it would stop me from going to uni. Took adv. math. In my final yr of my P\xe2\x80\xa6'
857756663440429060,2017-04-28 00:41:39,b'RT @RenuMandhane: We have invited Carl James &amp; @DiversityMusing to present their report to @OntHumanRights staff #streamed2fail'
857756592749637634,2017-04-28 00:41:22,"b'RT @SamTecle: Predominantly white Art Schools, streamed in general &amp; applied, half black students suspended in HS career, too few graduate\xe2\x80\xa6'"
857756238389620737,2017-04-28 00:39:58,"b'RT @SamTecle: Check my Supervisor Carl James speaking on anti-blackness of schools, CTV Interview, #streamedtofail \nhttps://t.co/9sIoARceol'"
857744932605394944,2017-04-27 23:55:02,b'RT @CBCToronto: Report on academic streaming brings back painful memories for black students schooled in Toronto https://t.co/Qa7YwDwZu3 ht\xe2\x80\xa6'
857278635883061249,2017-04-26 17:02:08,b'RT @DiversityMusing: #GTABlackStudents #streamedtofail https://t.co/LoDBBjC4ZZ'
856923478204829696,2017-04-25 17:30:52,"b'RT @rachelagiese: Similar demographics in French immersion, alternative schools and gifted programs in TDSB -- they mainly benefit white, w\xe2\x80\xa6'"
856770165408755712,2017-04-25 07:21:40,b'RT @NHenryFundi: U of T launches free MCAT prep course for students in financial need: https://t.co/gpwKDRznhu'
856769983606644737,2017-04-25 07:20:56,b'RT @BlackEdAgenda: If you care about the education of Black children please complete the survey https://t.co/NplqQ25D7V'
856769936265543680,2017-04-25 07:20:45,b'Toronto public art schools need to check their white privilege https://t.co/H6gFGaZrQp'
856769228099203072,2017-04-25 07:17:56,"b""RT @OISEUofT: Toronto's publicly-funded schools: Nearly twice as many white, wealthy students, new OISE study finds. https://t.co/ZPr2WkEpB\xe2\x80\xa6"""
856769114387480576,2017-04-25 07:17:29,"b'RT @OISEUofT: TDSB\xe2\x80\x99s arts high schools: Nearly twice as many white, wealthy students, @OISEUofT study finds. https://t.co/phURLs0ypW #TDSB\xe2\x80\xa6'"
856768281839120384,2017-04-25 07:14:11,b'https://t.co/e4R5Dnx3YK'
852259314131755009,2017-04-12 20:37:09,b'RT @blkatlanticCDN: My piece on the deliberate erasure of Black British Women from UK Black Power Movement history... https://t.co/3ok4PREr\xe2\x80\xa6'
852229890648702976,2017-04-12 18:40:14,b'Black Women Were Vital to the UK\xe2\x80\x99s Black Power Movement Even Though \xe2\x80\x98Guerrilla\xe2\x80\x99 Doesn\xe2\x80\x99t Show It #blackgirlmagic https://t.co/9DmcbvQXRp'
844242652111523841,2017-03-21 17:41:48,b'RT @SamTecle: Congratulations to my Supervisor for being awarded the #YorkU FGS teaching Award https://t.co/3WfWf3yrQb #gradlife'
839702176297545729,2017-03-09 04:59:34,"b""Ontario's Black Youth Action Plan https://t.co/GXlmXhoGu6"""
839115242969907200,2017-03-07 14:07:18,"b'RT @Ayee_its_Aquaa: 1. On March 6, 1957, Ghana became the first Sub-Saharan African country to gain its Independence from colonial rule. ht\xe2\x80\xa6'"
838421801592041473,2017-03-05 16:11:49,b'RT @RashadShabazz: Looking forward to being at York! https://t.co/MaNpiEq6y4'
838420325721309184,2017-03-05 16:05:57,"b""RT @FalafelDad: This is wild.\n \nI've never heard W. E. B. Dubois' voice before. https://t.co/fxmsE5DIOl"""
836556115332706305,2017-02-28 12:38:15,b'RT @HenryLouisGates: #AfricasCivilizationsPBS is on NOW for U.S. viewers on the East Coast. Watch on your @PBS station or online! https://t\xe2\x80\xa6'
835719834637905920,2017-02-26 05:15:10,b'RT @G987FM: Today G98.7FM celebrates the achievements of Canadian civil rights activist Dudley Laws. https://t.co/y3zKwqe9z4'
834574333859262464,2017-02-23 01:23:21,b'https://t.co/rTRt2KibD5'
834096040907268096,2017-02-21 17:42:47,b'RT @mefeater: Happy Birthday to the legendary Nina Simone! https://t.co/f7QlTlRREo'
834052483618050048,2017-02-21 14:49:42,"b'RT @PaulForbesNYC: The question for us all, ""What are you going to do to get involved?"" #TheTalkPBS Where do we go from here? https://t.co/\xe2\x80\xa6'"
834046344432082945,2017-02-21 14:25:19,b'RT @Lost_Lyrics: Why CBC is featuring 150 black women in HERstory in Black https://t.co/SZjKltdzFk'
834046116945678336,2017-02-21 14:24:24,b'RT @happyblackwoman: \xe2\x80\x9cDoing the best at this moment puts you in the best place for the next moment.\xe2\x80\x9d \xe2\x80\x94 Oprah Winfrey'
830129595651325954,2017-02-10 19:01:33,b'RT @AnthonyNMorgan: Toronto Black Film Festival launches five-day program | Toronto Star https://t.co/ldMpthyoOM'
825431598363459584,2017-01-28 19:53:23,"b'RT @SCMirror: Toronto Black Film Festival, with 40 films, is on during Black History Month. https://t.co/MEQV53KPtI @TOBlackFilmFest #Black\xe2\x80\xa6'"
804403315996000257,2016-12-01 19:14:30,"b'RT @demonicground: Let\'s rethink the term ""climate change"" and instead use the clunkier ""ecocides of racial capitalism"" or something like t\xe2\x80\xa6'"
802235176550072320,2016-11-25 19:39:05,"b'RT @MissiNewsRoom: Student census coming to Peel board, data on race, sexual orientation could be collected\nhttps://t.co/sAbwrabLRn https:/\xe2\x80\xa6'"
802234965090037760,2016-11-25 19:38:15,b'https://t.co/5pgnAgUa8j'
798252291476324352,2016-11-14 19:52:31,"b'RT @SamTecle: Profs, Teachers, TAs, community orgs. post-US election convos reveal urgency &amp; necessity for critical political education. Le\xe2\x80\xa6'"
797580514844672001,2016-11-12 23:23:07,"b'RT @PBS: What if #MartinLutherKingJr woke up &amp; asked ""what happened since I\'ve been gone""? Explore answers in #BlackAmericaPBS Tue @ 8/7c o\xe2\x80\xa6'"
795761592583458816,2016-11-07 22:55:22,b'Disadvantaged gifted students in Rhode Island are finally getting the chance to show it https://t.co/BCCk4pntTg'
795761404317929472,2016-11-07 22:54:37,"b'RT @EdWeekTeacher: Teachers should differentiate for children academically, socially and emotionally, @JohnTroutMcCran writes. https://t.co\xe2\x80\xa6'"
795138556935213057,2016-11-06 05:39:39,"b'RT @DiversityMusing: Wow! Overflow for the convo on Black student success in Peel. Thank you parents, students, Trustees and educators. htt\xe2\x80\xa6'"
794493929194483712,2016-11-04 10:58:08,b'RT @historyinmoment: Michael Jordan playing against Michael Jackson 1992 https://t.co/v7oyzFql1W'
794431533595684864,2016-11-04 06:50:12,b'RT @TheAgenda: When Bathurst was Blackhurst: the Black history of Mirvish Village https://t.co/NoTYbanS5D #Blackhurst https://t.co/NEQWKujC\xe2\x80\xa6'
794430710450974720,2016-11-04 06:46:55,b'RT @historyinmoment: Shaq dunks over Michael Jordan and Scottie Pippen in 1995 https://t.co/bZxpk7s8zo'
794288746220818432,2016-11-03 21:22:48,b'RT @ProfessorTechie: #ColinKaepernickSyllabus https://t.co/nhPeipLUgT'
794287616396959745,2016-11-03 21:18:19,b'RT @AnthonyNMorgan: UN experts troubled \nby treatment of black people - Toronto Star Touch https://t.co/8EaUat8v9A via @torontostar'
794286210705301504,2016-11-03 21:12:44,b'RT @Madeleine_Pape: #NASSS2016 @NASSSport Harry Edwards: sport reproduces broader power relations &amp; ideologies. We invest in sport BECAUSE\xe2\x80\xa6'
794285537230077952,2016-11-03 21:10:03,"b'""Younger athletes need to learn to dream with their eyes open."" - Dr. Harry Edwards #NASSS2016 #keynote'"
793896396525035521,2016-11-02 19:23:45,b'RT @JackNigro: This will be a game-changer.\nhttps://t.co/mqpEDscK9v via @CityNews'
793230280710643712,2016-10-31 23:16:51,b'RT @CTLOISE: PhD candidate Anthony Briggs explores systemic #racism Black males face transitioning from school to the workforce.\n@OISEUofT\xe2\x80\xa6'
791792651146104833,2016-10-28 00:04:13,"b'""It\'s always the secrets that break us"" - Dr.  Joy Degruy #BDN2016'"
791787067445485569,2016-10-27 23:42:02,b'Great presentation by Dr. @HadiyahNicole about groundbreaking cancer treatment research! Website/donate: https://t.co/bZt769SK4O #BDN2016'
790850224382181376,2016-10-25 09:39:21,b'RT @BlackEdAgenda: Teachers and parents play a vital role in the education of Black youth. Join one of our consultations to discuss https:/\xe2\x80\xa6'
790850077153714176,2016-10-25 09:38:46,b'RT @BlackEdAgenda: What every parent needs to know about anti-Black racism in K-12 schools https://t.co/8TpCjluQBo'
790849958991855616,2016-10-25 09:38:18,"b'RT @DiversityMusing: Young black men report racism, lowered expectations in Peel classrooms https://t.co/Oz2Of7SkgW'"
790848945673105408,2016-10-25 09:34:16,b'RT @historyinmoment: This is why you never give up https://t.co/47mvcO37jx'
790848888777404416,2016-10-25 09:34:03,"b'Carolyn Cooper | Shabba Ranks, Peter Tosh and Miss Lou receive national honours: https://t.co/xmp7xKmN9G'"
790249470168563712,2016-10-23 17:52:10,b'RT @DiversityMusing: Use these instructions to access the Peel report on Black students https://t.co/MpJ2p8ulfg'
790249357861908480,2016-10-23 17:51:43,b'RT @DiversityMusing: @SheIsRCGeorge https://t.co/O3seXjSwJ2'
790247845848907776,2016-10-23 17:45:43,b'RT @historyinmoment: Muhammad Ali Michael Jackson https://t.co/wsM7FDPKYU'
790247812831252480,2016-10-23 17:45:35,b'RT @historyinmoment: Brilliant photo of Michael Air Jordan at the 1985 Slam Dunk Contest . https://t.co/T2s8GJBHl4'
790247093659205632,2016-10-23 17:42:43,b'RT @BlackEdAgenda: Anti-Black Racism in #Canada Being Studied By #UN Working Group:\n\nhttps://t.co/dKulgNEDCp\n\n#NSpoli #NovaScotia #racism #\xe2\x80\xa6'
790247001581576192,2016-10-23 17:42:21,b'RT @BlackEdAgenda: Please register to join us to discuss Black student education in Ontario #racism #onted https://t.co/1rbAqNj1fP'
789968120668618757,2016-10-22 23:14:11,b'Wonderful Dr. making huge advances in cancer treatment. Check her out: https://t.co/Yz8VS4rFCk'
789963415758528512,2016-10-22 22:55:29,b'RT @NHenryFundi: Should Ontario institutions collect race-based data? - CityNews https://t.co/vhU5ubMxNH via @CityNews'
789840322876547072,2016-10-22 14:46:22,"b'Houston, we have a problem! https://t.co/y4fpkwb6RN'"
789838439978000384,2016-10-22 14:38:53,b'Race impacts gifted referrals https://t.co/IoxquUInRG'
789836193517232129,2016-10-22 14:29:57,b'RT @RamonSanVicent2: TDSB students talk about streaming #tdsb @malloy_john https://t.co/qWMkfGzVkR'
789836048658333696,2016-10-22 14:29:23,b'RT @NHenryFundi: @DiversityMusing @SheIsRCGeorge &amp; I r continuing our research on the experiences of gifted/ high ability Black Ss in the G\xe2\x80\xa6'
789221432014278658,2016-10-20 21:47:07,b'@DiversityMusing @NHenryFundi @SheIsRCGeorge'
788453814177333253,2016-10-18 18:56:52,b'RT @Caribvibetv: Welcome to Blackhurst St is a free exhibit that celebrates the Black history of Bathurst &amp; Bloor. https://t.co/qKOTUmWXN0\xe2\x80\xa6'
786766824037814272,2016-10-14 03:13:22,"b'RT @CSA_Education: Thanks for all the submissions so far! Submit your abstracts to: educluster.csa@gmail.com with subject line ""Soc of Ed C\xe2\x80\xa6'"
786266669781884928,2016-10-12 18:05:56,"b'RT @BlkHistStudies: ""Do the best until you can know better. Then, when you know better, do better"" -  Dr Maya Angelou https://t.co/pFZ1g2t1\xe2\x80\xa6'"
786266529914433536,2016-10-12 18:05:23,b'Summer enrichment programs let teens get a head start https://t.co/VJ9FyyBKAU'
782905452216586240,2016-10-03 11:29:40,b'RT @BlackEdAgenda: .@SheIsRCGeorge Join us in Oct and Nov to discuss Black student success in the GTA. Reg at https://t.co/i1VwgUymPQ https\xe2\x80\xa6'
782904961189437440,2016-10-03 11:27:43,"b'RT @NHenryFundi: My article on Harriet Tubman and her life in St. Catharines, Canada. https://t.co/qRKrJKykFm'"
781599610477408260,2016-09-29 21:00:43,b'RT @TubmanInstitute: Dr. Andrea Davis explores race and gendered migration in Caribbean novels #tubtalks @yorku https://t.co/Qvt2j6Pwkb'
781258378911879168,2016-09-28 22:24:47,b'RT @CSA_Education: Send us your abstracts for the 2nd Annual Canadian Sociology of Education Conference @McMasterU to educluster.csa@gmail.\xe2\x80\xa6'
781256431483908096,2016-09-28 22:17:02,b'RT @BlackEdAgenda: Attend our community consultations to talk about what we are going to DO to increase Black student success in Ont https:\xe2\x80\xa6'
781256407530209285,2016-09-28 22:16:57,b'RT @DiversityMusing: The #AntiRacism Directorate will focus on systemic racism and creating racial equity. Will build on learnings from var\xe2\x80\xa6'
781256379487191040,2016-09-28 22:16:50,b'RT @NHenryFundi: Where Are the Gifted and Talented Black Students? https://t.co/KYSrsxX9Xo via @amprog'
778300388579667968,2016-09-20 18:30:47,"b""RT @teachergoals: It's more than fluency/comprehension. Why are they reading it, who wrote it &amp; why, is it accurate? #thinkcritically https\xe2\x80\xa6"""
778300141929394177,2016-09-20 18:29:48,b'RT @CSA_Education: The 2nd Annual Canadian Sociology of Education Conference will be @mcmasteru on 1/27/2017 #savethedate #SociofEd #mac'
778048048630988800,2016-09-20 01:48:04,b'RT @BlackEdAgenda: @NHenryFundi @SheIsRCGeorge https://t.co/TMJnFi4UrO'
774610230810476545,2016-09-10 14:07:25,"b""Stop 'shady practice' of stealing our star athletes, Canadian school tells NCAA https://t.co/VFtbe5gQtR"""
774003276635176961,2016-09-08 21:55:36,"b""@DiversityMusing @NHenryFundi  Thanks for this! Definitely uncharted territory in the Canadian context. It's on my list for future research."""
774002195176062976,2016-09-08 21:51:18,"b'RT @DiversityMusing: @NHenryFundi @SheIsRCGeorge Looks like Black home schooling is increasing in Canada, the US and UK https://t.co/sY4WAr\xe2\x80\xa6'"
771836517559984128,2016-09-02 22:25:40,b'@DiversityMusing @BlackEdAgenda Excited about this important work! Looking forward to it ;) !'
771835822752563200,2016-09-02 22:22:54,"b""RT @globeandmail: What does race mean to you? Canadians don't talk about race, and we hope to change that. #ColourCode debuts Sept. 6. http\xe2\x80\xa6"""
768941888795795457,2016-08-25 22:43:27,b'RT @SamTecle: Troubling and destablizing concept of mentoring as a means of systemic change at #YCECSI2016'
768941120097230848,2016-08-25 22:40:23,"b'RT @NHenryFundi: I\'m co-presenting ""Young, Gifted &amp;... Black? An Examination of Race, Space &amp; Academic Opportunity in the GTA"" w/ @SheIsRCG\xe2\x80\xa6'"
768940544626200576,2016-08-25 22:38:06,b'RT @KassamSalima: Power panel#ycecSI2016 redefining educational success @CWJefferysCI @ParthiKandavel @REXforYouth @SheIsRCGeorge https://t\xe2\x80\xa6'
768940515135987714,2016-08-25 22:37:59,b'RT @NHenryFundi: @SheIsRCGeorge sharing our research on what educational success should be 4 high-ability Black learners #YCECSI2016 https:\xe2\x80\xa6'
768940207618031617,2016-08-25 22:36:46,b'RT @youthleaps: Shout out @SheIsRCGeorge and Natasha Henry on their great presentation re: representation of black students in gifted progr\xe2\x80\xa6'
768939992739643392,2016-08-25 22:35:55,"b'RT @julia_samaroo: How do we construct Black learners? Usually as ""at-risk"" rather than high achievers. - @SheIsRCGeorge #YCECSI2016'"
768939954680594433,2016-08-25 22:35:46,b'RT @brandonzoras: .@SamTecle pushing the conversation further at #YCECSI2016 @YCEC_YorkU always great to share the space with him! https://\xe2\x80\xa6'
766681034649964544,2016-08-19 16:59:37,"b'RT @NHenryFundi: I\'m co-presenting ""Young, gifted &amp;... Black? An Examination of Race, Space &amp; Academic Opportunity in the GTA"" w/ @SheIsRCG\xe2\x80\xa6'"
763217068183396352,2016-08-10 03:35:03,"b'RT @KassamSalima: Thurs. pm panel @ https://t.co/mb9tjtKCuR includes @ParthiKandavel, @REXforYouth Cyril, @CWJefferysCI Dr. Gala, Rhonda Ge\xe2\x80\xa6'"
762080840155271168,2016-08-07 00:20:05,b'RT @NHenryFundi: Peep me on The Greatest Freedom Show on Earth by @FreedomDoc1833 tonight Aug. 6 at 9pm on @tvo .  #EmancipationDay https:/\xe2\x80\xa6'
757306038387372032,2016-07-24 20:06:44,b'Taking in @NHenryFundi on @G987FM discussing the historical significance of Emancipation Day! :) #tunein #emancipationday #bigthings #Canada'
755380298100146176,2016-07-19 12:34:32,b'RT @NicsGiftBaskets: Emancipation Day: Celebrating Freedom in Canada by @nhenryfundi https://t.co/N45H0vV4Tj\n#BlackLivesCDNSyllabus'
747976408136290304,2016-06-29 02:14:07,b'RT @SamTecle: Honored to be invited as a special guest at Lawrence Heights 2016 Grad. Giving out the Abshir Hassan Community Award https://\xe2\x80\xa6'
747975861555585024,2016-06-29 02:11:56,b'@SamTecle Go Sam! Proud of all the work you do!'
739840454343200768,2016-06-06 15:24:44,b'RT @MuhammadAli: Greatness goes the distance. #MondayMotivation https://t.co/5x2iU4Lvp2'
739838851850600448,2016-06-06 15:18:22,"b""Check out @NHenryFundi 's summer course on teaching African Canadian history in the classroom #toronto #education https://t.co/cNZtYClQVk"""
737404985973964800,2016-05-30 22:07:03,b'RT @espinet_maria: @SheIsRCGeorge examine es athl\xc3\xa8tes noir f\xc3\xa9minines Canadiennes et les bourses athl\xc3\xa8tiques am\xc3\xa9ricaine @csa_sociology #SCEE\xe2\x80\xa6'
737404871133925377,2016-05-30 22:06:36,b'RT @JanelleBrady89: Great presentation on black Canadian female athletes and US athletic scholarships by @SheIsRCGeorge at @csa_sociology #\xe2\x80\xa6'
735865040004349952,2016-05-26 16:07:51,b'Dr. Carl James Is New Jean Augustine Chair And Has Major Plans For It https://t.co/ydAhdIpvHP'
735864803873411072,2016-05-26 16:06:55,b'RT @CBCToronto: BREAKING: #RTZ claw out 2nd win against Cavs 105-99 #WeTheNorth https://t.co/ne9IShjdHf  https://t.co/tIqgYnH7Oy https://t.\xe2\x80\xa6'
729172633934278656,2016-05-08 04:54:37,b'@NHenryFundi @TubmanInstitute @Tubman_GradCon Yes! Thank you for having us. It was a wonderful conference!'
729049924097150981,2016-05-07 20:47:01,"b'RT @Tubman_GradCon: Rhonda George &amp; Natasha Henry: problematic relationship b/w race and socioeconomic status is reflected in education, es\xe2\x80\xa6'"
729049855885201414,2016-05-07 20:46:45,"b'RT @TubmanInstitute: Excellent digital map on race, place and gifted learning opportunities on Toronto @NHenryFundi  @Tubman_GradCon https:\xe2\x80\xa6'"
729049812239257600,2016-05-07 20:46:34,"b'RT @MadameNguyen: Questioning what it means to be Young, Gifted, and Black for students in the GTA with @NHenryFundi &amp; R.C George. https://\xe2\x80\xa6'"
