id,created_at,text
969409492361228289,2018-03-02 03:10:08,"b'RT @WebMD: You may need to work up to it, but three 20-second sprints, with 2-minute breaks in between, may be as good for you as 50 minute\xe2\x80\xa6'"
969350831479734272,2018-03-01 23:17:02,b'RT @PHDcomics: Honest acknowledgement https://t.co/pY0fCVIsld https://t.co/doHXfGcaJW'
969350611429867522,2018-03-01 23:16:10,"b'RT @NatRevNeurol: ""Brain \xce\xb2-amyloidosis alone did not predict progression to prodromal Alzheimer\'s disease within 30 months"" - findings of t\xe2\x80\xa6'"
969252694903881728,2018-03-01 16:47:04,"b'Psychologists on the narcissistic spectrum model: The higher the narcissist\xe2\x80\x99s self-entitlement and grandiosity, the\xe2\x80\xa6 https://t.co/UtIAWEWWWd'"
969199232988008451,2018-03-01 13:14:38,"b'RT @NeuroscienceNew: Over Years, Depression Changes the Brain\n\nA new study reports those who suffer from persistent depression lasting more\xe2\x80\xa6'"
969198931727998976,2018-03-01 13:13:26,"b'RT @NeuroscienceNew: How the Temperature of Your Nose Shows How Much Strain You Are Under\n\nFacial temperature, specifically the temperature\xe2\x80\xa6'"
969198535009714177,2018-03-01 13:11:52,b'RT @NatRevNeurol: Plaque-dependent morphological and electrophysiological heterogeneity of microglia in Alzheimer disease https://t.co/UPqK\xe2\x80\xa6'
968947248397631488,2018-02-28 20:33:20,"b'Neuroimaging and post mortem evidence of BBB breakdown in neurodegenerative diseases, incl. AD, MS, ALS, and HD (Na\xe2\x80\xa6 https://t.co/3gIeiJF4bB'"
968930757707104256,2018-02-28 19:27:49,"b""RT @OpenMediaOrg: ICYMI: The case against @Bell coalition's website blocking plan illustrated (adapted from @mgeist's blog series).\nMore re\xe2\x80\xa6"""
968677827510902784,2018-02-28 02:42:45,b'RT @hartmannpsy: #mentalhealth Depression is associated with dimensional and categorical effects on white matter pathways - Background Diff\xe2\x80\xa6'
968596761056079872,2018-02-27 21:20:38,b'@BITSlabNYU @joannejw_li Congrats @joannejw_li!! Very exciting work!!'
968596538321547264,2018-02-27 21:19:45,"b'RT @BITSlabNYU: Wow, huge congrats to @joannejw_li, who has been recognized for the top student platform presentation at #motorspeech18! ht\xe2\x80\xa6'"
968264112114360320,2018-02-26 23:18:48,b'RT @YunusovaLab: Congrats @steph_tc on your second place in platform presentations at #motorspeech18 #WomenInScience'
968229868558196736,2018-02-26 21:02:44,b'See the forest for the trees #BigPicture'
967906638437871619,2018-02-25 23:38:20,b'Interesting- TIL Coyotes use their howls and yipping to create a kind of census of coyote populations. If their how\xe2\x80\xa6 https://t.co/ypttDWlWRn'
967857026222010369,2018-02-25 20:21:11,b'@MefferdLab @YunusovaLab Thank you! P.S. It was SO great seeing you again. See you in 2020!'
967856453481512960,2018-02-25 20:18:55,b'RT @DarynSparrow: Bandini: sentence repetition and labial movements are among most sensitive tasks/measures in video-based analysis of spea\xe2\x80\xa6'
967855668693581824,2018-02-25 20:15:47,b'@speechworksdiva Thank you!!'
967855393375268864,2018-02-25 20:14:42,b'Heard this new phrase across many fields at #motorspeech18 - \xe2\x80\x9cGround Truth\xe2\x80\x9d (direct observation vs. info by inferen\xe2\x80\xa6 https://t.co/Axn62DES0C'
967854337249562624,2018-02-25 20:10:30,"b'It can be so refreshing to get a taste of a different part of the world, but nothing quite beats coming back home \xe2\x9d\xa4\xef\xb8\x8f #Toronto #tdot'"
967850997778235392,2018-02-25 19:57:14,"b""RT @wileyneuro: Genetic risk factors for cognitive decline in Parkinson's disease: a review of the literature - read this top accessed 2017\xe2\x80\xa6"""
967769074036961281,2018-02-25 14:31:42,b'RT @theaknowles: Mefferd: decoupling independent tongue vs jaw movements in PD speech reveals that tongue appears to be more relatively imp\xe2\x80\xa6'
967532238635192321,2018-02-24 22:50:36,b'Best poster presentation (2nd place) at the Motor Speech Conference in Savannah!  #motorspeech18 https://t.co/Isl2hqs2B1'
967521007958360064,2018-02-24 22:05:58,b'Thank you! https://t.co/PZUPZRIwNy'
967513223007268865,2018-02-24 21:35:02,b'Dr. Bandini from @YunusovaLab: Clinical application of video-based facial tracking technology in ALS https://t.co/yV653CRKTr'
967465813828489216,2018-02-24 18:26:39,b'TIL I haven\xe2\x80\x99t had REM sleep since February 15th'
967444347242401797,2018-02-24 17:01:21,b'RT @tricmc: Rogers cites @EQUATORNetwork as a repository of reporting checklists #motorspeech18'
967433867312365568,2018-02-24 16:19:42,"b'Currently enjoying a very insightful panel session with Drs. Green, Dromey, Strand, and Yorkston #motorspeech18 https://t.co/NlmJiLB6b0'"
967401223736496129,2018-02-24 14:09:59,"b'RT @jaehyunkim240: Systematic reviews as partial or entire basis for a PhD thesis?: ""Acceptance of a systematic review as a thesis: survey\xe2\x80\xa6'"
967400989396492293,2018-02-24 14:09:03,b'Came across some incredible work at this morning\xe2\x80\x98s poster session- Feeling #inspired! #motorspeech18'
967277458943827970,2018-02-24 05:58:12,b'@iamscicomm @tricmc Neuroimaging and neuropathology in bulbar ALS #MySciencein6words'
967271686813945856,2018-02-24 05:35:15,b'RT @ek_kearney: Is augmented visual feedback effective for motor rehab in #parkinsonsdisease? How can we optimize the tx effects? Our syste\xe2\x80\xa6'
967271439786303488,2018-02-24 05:34:16,"b'RT @YunusovaLab: Dr. Andrea Bandini, post-doc at the Speech Production Lab, shared his research on video-based facial tracking for assessme\xe2\x80\xa6'"
967271412015788032,2018-02-24 05:34:10,b'RT @YunusovaLab: Our trainees #motorspeech18 Best of luck with your presentations and lots of learning! https://t.co/66hmmmF20X'
967271380919123969,2018-02-24 05:34:02,b'RT @ek_kearney: Shellikeri: Bulbar motor ALS may be related to cognitive linguistic deficits as seen on MRI and brain tissue histology @Yun\xe2\x80\xa6'
