id,created_at,text
969412201386713088,2018-03-02 03:20:54,b'Testing how the shape of a volcano effect explosion height with #berkeley  #beascientist. Explosions are fun for 7t\xe2\x80\xa6 https://t.co/i4y43c1Sre'
936345954399035393,2017-11-30 21:27:26,"b""It's full-on winter for the streams at the #angelo #UCreserve! #pittag antennas didn't miss me, but I missed this p\xe2\x80\xa6 https://t.co/DsFzltB5M1"""
936049822464749568,2017-11-30 01:50:43,"b'Snorkeling with giant freshwater eels in the Vaima spring, Tahiti, with the one and only Vince Resh! Thanks Cheryl\xe2\x80\xa6 https://t.co/5ChYfeg20j'"
915770153144479744,2017-10-05 02:46:33,b'A bonito landed at the Gump Station! #UCBMoorea #Moorea2017 https://t.co/uSfsrQI299'
913994668815159296,2017-09-30 05:11:24,b'@GeochemJulia way easier'
913827543723106304,2017-09-29 18:07:19,"b""Great talk by @EmmaJMcIntosh at the Gump Station! Tropical islands and motu forests aren't just coconut plantations\xe2\x80\xa6 https://t.co/S6ASJFbIUo"""
909988859525529600,2017-09-19 03:53:45,b'Baby gecko at the Gump Station #UCBMoorea #Moorea2017 https://t.co/RLnGjwerN9'
908942023662563328,2017-09-16 06:34:00,"b'Even the plane looks tropical! En route to the UC Gump Station, Moorea. https://t.co/zVqrX9HbbN'"
900523429148975113,2017-08-24 01:01:31,b'Carlson lab group with such a big fish!!!! #cleatus #afs147 @nussles @M_helvetiae https://t.co/ME7nLMZv9K'
900455200321933312,2017-08-23 20:30:24,"b""Summer rain storm at #AFS147! We're not in California any more.... https://t.co/41JLeqmmpD"""
851472012329472002,2017-04-10 16:28:41,b'Snow on the ground after an unusual slush storm at the Angelo Coast Range Reserve! https://t.co/wUtsh7IgR1'
850115104532119554,2017-04-06 22:36:49,b'All fish considered at @CalNevaAFS https://t.co/ThWVv0H8tn'
834488679661834240,2017-02-22 19:42:59,"b'Visit to the warm springs hatchery today in the Russian river watershed, CA to collect samples #steelheadrun\xe2\x80\xa6 https://t.co/c3sAzKkXwe'"
832274872277405700,2017-02-16 17:06:07,"b'Plunge pool below the falls on Elder Creek, CA is full of adult steelhead! https://t.co/6CBf3XvXiq'"
822995864658378752,2017-01-22 02:34:39,b'RT @fishteph: Trains packed headed to #WomensMarch in Oakland! https://t.co/YesVIF11hF'
751811240863813632,2016-07-09 16:12:22,"b""@SolomonRDavid when nature gives you surprises, there's much more work to be done!"""
657235875491766272,2015-10-22 16:43:38,b'New paper on #rapture (Rad capture) method! check it out on pre-prints #rainbowtrout #fishgenetics\nhttps://t.co/PoKAHR8tuS'
649102910488342528,2015-09-30 06:06:08,"b'RT @fishteph: And, because we are who we are, we HAD to sample the intermittent stream running through the @hendrywine property! http://t.c\xe2\x80\xa6'"
584816195800432640,2015-04-05 20:33:41,b'Rough skin newts out and about on an Easter egg hunt this rainy Sunday in the East bay hills! http://t.co/bmX1KB9JOv'
573247958738591744,2015-03-04 22:25:38,"b""RT @crscience: Women Who've Made Breakthrough Scientific Contributions #WomenInSTEM http://t.co/aZ7pBHqYqy http://t.co/ZJKpxLBmFM"""
571453871723126785,2015-02-27 23:36:34,b'RT @USGS: Using Every Drop of Information: the Open Water Data Initiative: http://t.co/GSDNUpJLRa http://t.co/9DFfqkITKv'
570453887481552896,2015-02-25 05:22:59,"b'Thanks, @KathyCottingham ! Looking forward to exploring the world of twitter in the meantime'"
570389596485263360,2015-02-25 01:07:31,b'Fish ecologists at work at the Carlson Power lab meeting http://t.co/s99TsEhTgD'
