id,created_at,text
964667064542613504,2018-02-17 01:05:25,b'Thank you to the Nursing Review for publishing my article in their upcoming issue. \xe2\x9d\xa4\xef\xb8\x8f https://t.co/QaaA9YFMjf'
962430587842699265,2018-02-10 20:58:27,"b""RT @holly_a_harris: What's the fuss about? Find out via our new Open Access paper https://t.co/RHn8g7UJuc"""
960427638165725184,2018-02-05 08:19:27,"b'@mollytelfordMRX @robin_h_p Molly, may I use this quote also? It is a lovely adjunct to my research in early life e\xe2\x80\xa6 https://t.co/czBECYMDzn'"
955992519434579968,2018-01-24 02:35:52,b'RT @Juxi: How can technology and #robotics help to create healthy behaviour change @qut @qut_ihbi exciting final seminar of @NicoleRobinson\xe2\x80\xa6'
950099963547013120,2018-01-07 20:20:57,"b'RT @WHO_Europe: The New Year is almost here! But before 2018 begins, take a look back through the major health events, announcements, chall\xe2\x80\xa6'"
950098867927728128,2018-01-07 20:16:36,"b'RT @healthgovau: Start 2018 with a healthy eating plan, not a fad diet. Find out more at https://t.co/EZ0Pk5Cpx0 https://t.co/83AOaMNm69'"
950098237838450688,2018-01-07 20:14:06,"b""RT @rosestant70: Advertising banned, drinks taxed, vending machines removed: doctors' plan for war on sugar https://t.co/9qk8aldzop via @smh"""
940803088046346241,2017-12-13 04:38:30,"b""Feeling a lot like Christmas at CCHR @ Children's Health Queensland\xe2\x80\xa6 https://t.co/9OIYPlPir6"""
939036400556556291,2017-12-08 07:38:19,b'@DebFrecklington @TimNichollsMP @LNPQLD @TimManderMP All the best Deb!'
939035619736543234,2017-12-08 07:35:12,b'@_M_S_Harrison Well done Michelle!'
937473377282826240,2017-12-04 00:07:25,"b""Thank you again to the Children's Hospital Fund for supporting my research into early life eating behaviour.\xe2\x80\xa6 https://t.co/3mQWPeLl7j"""
936111898948284416,2017-11-30 05:57:23,b'RT @jnl_nutdiet: Protein supplements and adolescent athletes - what do they know about risks? https://t.co/PApRLxJYSC @GavWhitehouse\xc2\xa0@Tanya\xe2\x80\xa6'
936111510803308544,2017-11-30 05:55:50,"b'RT @DAA_feed: Fad diets come and go: #SeeAnAPD for long-term, evidence-based support. Check out our latest hot topic on fad diets: https://\xe2\x80\xa6'"
935711308174856192,2017-11-29 03:25:35,b'@Dr_C_Llewellyn Great work!'
935711228302782464,2017-11-29 03:25:16,b'RT @Dr_C_Llewellyn: Our Tips for Tots work - how to support health profs initiate and manage conversations with parents about preschool chi\xe2\x80\xa6'
932548117810966530,2017-11-20 09:56:11,"b""World Children's Day: Pink\xe2\x80\x99s \xe2\x80\x98What About Us\xe2\x80\x99. Celebrating World Children's Day 2017. Theme: 'Kids Take Over', to be\xe2\x80\xa6 https://t.co/TvY16gPUtO"""
925549075432275968,2017-11-01 02:24:30,"b""@childhealthqld research symposium: a textual analysis of children's mealtimes in early childhood education and care https://t.co/ObuxTLtksU"""
917166134926835712,2017-10-08 23:13:41,"b'I\'m going to ""Culture for Kids: Integrating communities and systems"".  See you there? https://t.co/ny2GnIXwE5 via @Eventbrite'"
910238282704855040,2017-09-19 20:24:52,"b""RT @SandroDemaio: Read this.\nThen read it again.\nPrevalence of obesity has doubled in 73 countries since 1980.\nHere's why...\nhttps://t.co/2\xe2\x80\xa6"""
908633384292777984,2017-09-15 10:07:35,b'@JudyBauerUQ Nice work Angela!!!'
904175324908228608,2017-09-03 02:52:50,"b""This used to hang in Dad's waiting room. In loving memory of one of the good guys on Father's Day. Always missed. https://t.co/ComMIMQUH3"""
903745543733526528,2017-09-01 22:25:03,"b""RT @simonejaustin: I had a chat with @bodyandsoul what are the nutritional differences between almond milk and cow's milk?\nHow many a\xe2\x80\xa6 http\xe2\x80\xa6"""
903729455134195712,2017-09-01 21:21:07,b'RT @pennutrition: Tips on feeding a 6-12 year old picky eater [3/3] https://t.co/588oDz0UeW'
903729356337422336,2017-09-01 21:20:43,"b'RT @SandroDemaio: New study:\nHigher fruit, vegetable, &amp; legume consumption -\nLower total mortality risk.\n(Incl 135K people, 7 regions)\nhttp\xe2\x80\xa6'"
903728410152677376,2017-09-01 21:16:58,b'RT @DrElenaJansen: Latest paper is out. The Feeding Practices and Structure Questionnaire can be used equally well in Mums and Dads. https:\xe2\x80\xa6'
902707244319391744,2017-08-30 01:39:13,b'https://t.co/QdIEWD0m9z #7Studios'
874732066205773826,2017-06-13 20:55:50,"b""@AngelaByrnesAPD Thanks Ang, it's been fun and great learning opp, hope all going well 4 you too. Let's have coffee soon.."""
874678496878002177,2017-06-13 17:22:59,b'@MAINN17'
874678193332027392,2017-06-13 17:21:46,b'Thank you for the opportunity to present at MAINN17 conference Cumbria - an inspiring congress of researchers! https://t.co/gQZA50z33v'
874644269109309441,2017-06-13 15:06:58,"b'RT @ForsythAdrienne: Thanks to @Scottbteasdale, @SMHarte1, @Marx_Wolf and our @latrobe nutrition students + fabulous support from @JudyBaue\xe2\x80\xa6'"
874643593931182080,2017-06-13 15:04:17,b'RT @Dr_BeckB: @ISBNPA Modelling vegetable intake after our #fussyeating symposium #HealthyChoice #ISBNPA2017 @holly_a_harris @DrElenaJansen\xe2\x80\xa6'
874539306211266560,2017-06-13 08:09:53,"b'Day 2 of the Maternal and Infant Nutrition &amp; Nurture conference, Cumbria #MAINN17 https://t.co/MGkEJf5NjH'"
873880503660818433,2017-06-11 12:32:02,"b'@bungulla6409 @ISBNPA I remember that. Such a beautiful part of the world, I cld easily live there, just arrived London, UK!'"
873703136300367872,2017-06-11 00:47:14,b'@bungulla6409 @ISBNPA Thanks Brad - had a great time in BC'
873667867517964288,2017-06-10 22:27:06,b'Thank you @ISBNPA for a great conference and presentation opportunity #ISBNPA2017 https://t.co/90o2ywpmQs'
873624497852628992,2017-06-10 19:34:46,b'Great work Michelle @ISBNPA @mlmarcinow https://t.co/YfEJOX3pm5'
873413475170631680,2017-06-10 05:36:14,"b'Nice work Holly Harris, fantastic work at ISBNPA 2017! https://t.co/ygitPKY8ob'"
873413184194920448,2017-06-10 05:35:05,b'Lovely Finale - thanks Dr Rebecca Byrne for excellent research representation! https://t.co/lOPovTlNGe'
872536798232104960,2017-06-07 19:32:38,b'Child care @EPAO assessment and best practice workshop #ISBNPA2017'
868242762214195202,2017-05-26 23:09:40,"b""Thank you Children's Hospital Foundation @childrensorgau for supporting my research with funding. #Earlylifeeating #grassrootsnutrition"""
852643108093284352,2017-04-13 22:02:12,b'RT @AHealthSocNZ: The politics of food: who influences what we eat? https://t.co/fgWyYMilsP via @PhilBakerNZ'
852642063946469376,2017-04-13 21:58:04,"b'RT @Prevention1stAU: Great start to #CBR preventive health forum with @MeeganFitzMLA saying she will be brave, but needs us all to be brave\xe2\x80\xa6'"
852641584529063936,2017-04-13 21:56:09,b'RT @PhilBakerNZ: After a post-doc in #food &amp; #nutrition policy? @Deakin Alfred Deakin Post-Docs now open. Please PM me if interested https:\xe2\x80\xa6'
851297358591664128,2017-04-10 04:54:41,b'RT @K_Cullerton: Our latest paper is out \xe2\x80\x93 examining the role of brokers in nutrition policy in Australia. https://t.co/7U9WEcCc30 https://\xe2\x80\xa6'
788528514081230848,2016-10-18 23:53:42,b'Harte Suzie ECEC_CNRC_FINAL https://t.co/yivdscxzbg via @SlideShare'
784895564424949760,2016-10-08 23:17:39,b'What is the first regular eating environment for Australian children outside of the home? 83% of Australian Children attend Long Day Care.'
784571198369853440,2016-10-08 01:48:44,b'#beinshape2016 learning so much about health research from fellow postgrad.'
784570559875153920,2016-10-08 01:46:12,b'#beinshape 2016 postgrad conference'
779829450535993344,2016-09-24 23:46:44,b'Fantastic event for LPF Riverfire 2016 #lpfriverfire @ Room 360 Qut\xe2\x80\xa6 https://t.co/XGMxha3J30'
779825529197330432,2016-09-24 23:31:09,"b'Sends chills! Fantastic flying skills! @ Room Three Sixty, Qut\xe2\x80\xa6 https://t.co/aMWkUQsp5d'"
722663777427144708,2016-04-20 05:50:45,b'RT @TheKateringShow: THE KATERING SHOW OFFICIAL APOLOGY VIDEO TO NON-AUSTRALIA  #KATESSHOWS https://t.co/My7z6mdgCH'
662515463843278849,2015-11-06 06:22:50,"b'Introducing Grass Roots Nutrition, Ascot + Albany Creek. @sharte https://t.co/monSr9xQKj'"
580483116319522817,2015-03-24 21:35:34,b'Here at LPF breakfast! Inspired! #lpfbreakfast'
566460238325239808,2015-02-14 04:53:39,b'@GrassRootsNutrition_Newsletter http://t.co/XAD9szX04N'
566381233785929728,2015-02-13 23:39:43,"b'Accredited Dietitian, for consultation Brisbane Northside. #GrassRootsNutrition. Allergies, Medical Nutrition Therapy, Weight Management.'"
501099011084808193,2014-08-17 20:11:28,b'Testing... http://t.co/P0O5Vfts3l'
480494381884256256,2014-06-21 23:36:02,"b""I've just updated my professional profile on LinkedIn. Connect with me and view my profile. http://t.co/TGGMaDBnGJ #in"""
468727911738920962,2014-05-20 12:20:17,b'@catherinemaths Travel always sounds exciting! Hope the conference goes well. What is the theme?'
468724355388555264,2014-05-20 12:06:09,"b""@catherinemaths We'll soon find out! Am also trying some new things on FB.. What's happening with you?"""
468717038089695233,2014-05-20 11:37:04,b'@catherinemaths I am about to start a project incorporating social media marketing (online health precinct). Playing phase now!'
468715502487863296,2014-05-20 11:30:58,"b""@catherinemaths Hi Catherine! Sorry it's taken me so long to read this, am a bit slow on the uptake for this communication medium!"""
468714672477065217,2014-05-20 11:27:40,"b'Finding the right balance, family/work/life/food/play.. hopefully a bit closer!'"
404468965654548480,2013-11-24 04:38:10,b'Hi @AngusAadnam.'
