id,created_at,text
965270801795682305,2018-02-18 17:04:27,"b'RT @julieebeck: all tv is genre fiction based in the sci-fi reality where people communicate their feelings clearly, succinctly, and face t\xe2\x80\xa6'"
963809509415276549,2018-02-14 16:17:48,b'@NPRinskeep hello I see u reminding everyone it\xe2\x80\x99s Valentine\xe2\x80\x99s Day on @MorningEdition + I hear the note of urgency i\xe2\x80\xa6 https://t.co/4zajvXB2bC'
963096441538433025,2018-02-12 17:04:19,"b'RT @jbouie: For today in \xe2\x80\x9cAmerican Policing is Totally OK,\xe2\x80\x9d a West Virginia police officer is fired after choosing not to shoot a (black) p\xe2\x80\xa6'"
962033267405864961,2018-02-09 18:39:39,"b""RT @RogueNASA: If you're feeling overwhelmed and anxious today, remember that this is Leland Melvin's official NASA picture. https://t.co/c\xe2\x80\xa6"""
960993029246111746,2018-02-06 21:46:07,b'is there cosmic significance to the fact that I have heard Superfreak by Rick James ft. the Temptations on 2 differ\xe2\x80\xa6 https://t.co/PpnEUQBZW2'
958454414368477190,2018-01-30 21:38:34,b'i find it very suspicious when someone answers their phone in the quiet section of the library and has a full conve\xe2\x80\xa6 https://t.co/0EUW7RCSzY'
955508284970106884,2018-01-22 18:31:42,b'RT @mleekanterr12: first drafts are allowed to be bad. first drafts are allowed to be bad. first drafts are allowed to be bad. first drafts\xe2\x80\xa6'
954854211187040256,2018-01-20 23:12:38,b'RT @evilhag: thank you @LIFEWTR for keeping me alive at #sundance2018 you are literally the only thing i need to keep me alive in this worl\xe2\x80\xa6'
954090199251857410,2018-01-18 20:36:44,b'Do you know how many books there are about capitalism and social history that use the pun ~labor of love~ in their\xe2\x80\xa6 https://t.co/MQPctBjFrI'
953292637997498369,2018-01-16 15:47:30,"b'@mollylroberts addresses the ""grey area"" with the complexity, precision and care ive been craving (and her hyperlin\xe2\x80\xa6 https://t.co/TpPN71w9qG'"
950188722556948480,2018-01-08 02:13:39,b'RT @rgay: Daniel Kaluuya was robbed. I just. Ok.'
950180849647083520,2018-01-08 01:42:22,"b""RT @LFB27: I am going to be honest and love the calls, acknowledgement and speeches for women's stories, but let's get this right: It's not\xe2\x80\xa6"""
940984332642148352,2017-12-13 16:38:42,"b""RT @ChrissyCole: Ya'll play too much lmaooooo https://t.co/dHW0ueKdA3"""
940672087613673473,2017-12-12 19:57:57,b'thank u giggleguy.me for sending me a meme about my two favorite subjects: history and meat \xf0\x9f\xa5\xa9\xe2\x80\xa6 https://t.co/vzNrMt9YY1'
940659888237277186,2017-12-12 19:09:28,"b'cat person is a lovely and frightening and so deeply *same same same* piece, reveals why fiction is powerful. so re\xe2\x80\xa6 https://t.co/StsDstdyoM'"
940642074118025218,2017-12-12 17:58:41,b'RT @thatgirlsalina: bruno mars look like he trynna convince you to give him just a lil head https://t.co/jp2bn0vWAa'
940641680704798721,2017-12-12 17:57:07,b'RT @ACLU: What\n\nif\n\none\n\nparty\n\ncontrolled\n\ntwo\n\nbranches\n\nof\n\ngovernment\n\nand\n\nyou\n\nwanted\n\nto\n\nprotest\n\nthem\n\nbut\n\nthe\n\npage\n\nyou\n\nwere\xe2\x80\xa6'
940600320627040256,2017-12-12 15:12:46,b'RT @eveewing: everyone is talking about Cat Person. Do I have to read it? The photograph has been so off-putting that I haven\xe2\x80\x99t been able t\xe2\x80\xa6'
940388574884704256,2017-12-12 01:11:22,b'RT @Remember_Sarah: In 1982 an artist named Agnes Denes grew a two-acre wheatfield next to the World Trade Center and I think about it almo\xe2\x80\xa6'
940387251929968641,2017-12-12 01:06:07,b'RT @ashleyfeinberg: Please...... let me die https://t.co/jYZGVyMKa4'
940387190680571904,2017-12-12 01:05:52,"b'there is 0% easily accessible information on this woman, i think we have a mystery on our hands so plz keep your ea\xe2\x80\xa6 https://t.co/JJlsstvo8w'"
940386188615176192,2017-12-12 01:01:53,b'update this is kate turabian she 100% looks like a witch wth https://t.co/B9EubL8aCb'
940384134437986304,2017-12-12 00:53:43,b'im so confused as to why i cant find an image of kate turabian on google i think she was a witch? also this seems s\xe2\x80\xa6 https://t.co/iYSAAY3sH6'
940082092628512775,2017-12-11 04:53:31,b'RT @poetastrologers: The moon is a gay icon'
940080843363459073,2017-12-11 04:48:33,"b'@zotero thanks for bein u babe, always there 4 me \xf0\x9f\x98\x98 #finals https://t.co/o23J7JmO3Z'"
938645026841792513,2017-12-07 05:43:08,"b'#charmed is equal parts tommy wiseau, almodovar, and the girl scouts handbook, mixed with diet sprite and rail whis\xe2\x80\xa6 https://t.co/cGMAPIqcIP'"
938052788495450112,2017-12-05 14:29:47,b'this gif &lt;3 https://t.co/QkqkJzcKHu'
936293949236445186,2017-11-30 18:00:47,b'RT @rosemcgowan: Psychedlic. @QuinnSutherland https://t.co/OVYe3rA4dD'
932652180649148416,2017-11-20 16:49:42,b'i just really want an hermes christmas scarf and some caviar blintzes who can hook a girl up? #seriousquestion'
930481540529885185,2017-11-14 17:04:21,b'RT @poetastrologers: Aquarius in 280 characters: like gender language is a construct also I love this party called https://t.co/Ve9GTcjKd3\xe2\x80\xa6'
930480052051021825,2017-11-14 16:58:26,"b""haven't paid my BGE bill yet but i have called glossier to see why my boy brow / haloscope combo hasn't come in the\xe2\x80\xa6 https://t.co/T9H40NkkKR"""
906214290264338432,2017-09-08 17:54:58,b'!!!!!! some goods news finally !!!!!! https://t.co/YYCtxVnOrR'
906212062174613504,2017-09-08 17:46:06,b'break up news cycle: feel bad / feel good / tell everyone u feel good / feel bad again/ order sushi and watch the west wing.'
837345145339195392,2017-03-02 16:53:34,b'tfw yr @evernote archive is a catalogue of drafted meme texts + unsent love letters to someone who dumped u 4 yrs ago'
836107778733260800,2017-02-27 06:56:43,b'RT @lsarsour: Thanks to @ReignOfApril for sending that #OscarsSoWhite memo. It reached somebody. \xf0\x9f\x99\x8c\xf0\x9f\x8f\xbd #MahershalaAli #ViolaDavis #Oscars2017'
836107689197518848,2017-02-27 06:56:21,"b'RT @BossLadyTV: Cannot stop thinking about @ReignOfApril starting #OscarsSoWhite and its very, very real momentum. Endless appreciation for\xe2\x80\xa6'"
815538505808039936,2017-01-01 12:41:46,"b'RT @poetastrologers: Aquarius 2017 resolutions: Get a PhD in Physics, learn how to feel, buy a sex swing that functions as a dining room ta\xe2\x80\xa6'"
796456460943327232,2016-11-09 20:56:32,"b""RT @offbeatorbit: I mean, I'm just upset that nobody in the media is using this as a time to critique the electoral college. This is absolu\xe2\x80\xa6"""
796228098937208832,2016-11-09 05:49:06,"b'same goes for nannies, babysitters and caregivers. we gotta show up for them. https://t.co/Kz4OZahvIJ'"
796227198017531904,2016-11-09 05:45:31,"b""RT @ThomasLS: All night, I've had an apartment full of wonderful, kind, concerned, conscientious people. And that's a blessing, this little\xe2\x80\xa6"""
796227118363447296,2016-11-09 05:45:12,"b""RT @mrkravin: I'm more scared of Pence. Trump is easily impeachable, Pence has openly and actively hated gay people."""
788924756871356421,2016-10-20 02:08:14,b'RT @WBJenna: The nicest thing I can say about Donald is that he could be added to my very fave website https://t.co/K5x4R8ssoG'
788923598689796098,2016-10-20 02:03:38,"b'RT @juliacarriew: Cathy Heller told her story to the Guardian in February, long before Clinton was running against Trump. https://t.co/uFLQ\xe2\x80\xa6'"
788923555782139904,2016-10-20 02:03:27,b'just like FYI https://t.co/JdTcHNDDuI'
788922228477861888,2016-10-20 01:58:11,"b""RT @EileenMyles: He says she's lied."""
788921136625033216,2016-10-20 01:53:51,"b""tbt when marian wright edeleman was hil cli's boss @ChildDefender wish I was there......"""
788919778349948928,2016-10-20 01:48:27,"b'""they actually fact checked it and they said I WAS RIGHT!""'"
788911838029381632,2016-10-20 01:16:54,"b'it\'s called ""equivocation""'"
785305264073248768,2016-10-10 02:25:39,b'RT @brokeymcpoverty: i would drink hard liquor with hillary clinton.'
785303975234895872,2016-10-10 02:20:32,b'RT @anyaparampil: Emphasizes the trippiness and insanity of the debate. https://t.co/RVdpW8VVAB'
785303460530892800,2016-10-10 02:18:29,b'RT @NelStamp: Martha said this morning... not today #debate https://t.co/6jWskrdugH'
785303145496743936,2016-10-10 02:17:14,b'RT @evepeyser: what is an inner city?'
785302840910548992,2016-10-10 02:16:02,b'RT @Nettaaaaaaaa: This audience member asks will they be devoted to all people in this country. Trump responds by talking about inner citie\xe2\x80\xa6'
785297010727358464,2016-10-10 01:52:52,"b'RT @evepeyser: i agree with trump, he knows nothing about russia'"
785295864872902656,2016-10-10 01:48:18,b'RT @ChrissyCole: fear mongering fear mongering fear mongering fear mongering #debate'
785295355013242880,2016-10-10 01:46:17,b'RT @brokeymcpoverty: Raddatz/Cooper 2016'
785294888883453953,2016-10-10 01:44:26,"b'RT @SkipperClay: I think this dude just flipped to ""decided voter"" https://t.co/h6WRytOhEs'"
785294754523127808,2016-10-10 01:43:54,"b'RT @slb79: I hate when ppl claim someone ""would\'ve been alive today"" if they\'d been involved. It\'s wildly narcissistic and delusional.'"
785293754475216896,2016-10-10 01:39:55,"b""RT @chrislhayes: That is just a lie that many people saw the bombs in San Bernadino. It's slander against Muslims."""
785293172721057796,2016-10-10 01:37:37,"b""RT @karawrite: ANDERSON'S TEACHER VOICE FOR PRESIDENT."""
785292976071200768,2016-10-10 01:36:50,b'RT @Lesdoggg: YOU HAVE NOTHING TO SAY!! PAY YOUR TAXES!!'
785292191618863104,2016-10-10 01:33:43,"b""RT @harinef: it's weird that hearing secretary clinton break down policy in a level-headed way feels like a revelation. that's what a #deba\xe2\x80\xa6"""
785290476924440576,2016-10-10 01:26:54,b'RT @annehelen: Is Trump doing an impersonating Alec Baldwin impersonating him'
782990989447327745,2016-10-03 17:09:33,b'RT @kludt: A truly fantastic comment on a brownie recipe. https://t.co/LZ41A2UExI'
781571349982638080,2016-09-29 19:08:25,b'ahhhhhhhhhhh \xf0\x9f\x8d\xb0\xf0\x9f\x8d\xb0\xf0\x9f\x8d\xb0 https://t.co/qGr5kAPaVI'
781569991342747648,2016-09-29 19:03:01,b'really so all about season 2 of cuffing jokes.'
780625784742502400,2016-09-27 04:31:05,b'RT @offbeatorbit: I love this so much like same TBH. https://t.co/C7tA0vetwV'
780625421096382464,2016-09-27 04:29:38,"b""RT @danibucaro: hillary: looks into the camera like she's on the office https://t.co/voySp73zxQ"""
780625200694042624,2016-09-27 04:28:45,b'RT @sxglatt: Me when the doors open at the Joanna Newsom concert https://t.co/3C7QpxPi9S'
780588199148154880,2016-09-27 02:01:43,b'RT @theferocity: Hillary: I think you just accused me of preparing for this debate. *politely blinks*\n\nMy translation: OH YOU FEELIN\xe2\x80\x99 FROGG\xe2\x80\xa6'
780587718405488640,2016-09-27 01:59:49,b'RT @ChrissyCole: How problematic is it that the issue of race turned into an issue of gun control? #DebateNight'
780585730678616064,2016-09-27 01:51:55,"b'RT @Essence: Lester reminds @realDonaldTrump that Stop-and-Frisk was ruled unconstitutional.\nTrump: ""You\'re wrong.""\n#debatenight \nhttps://t\xe2\x80\xa6'"
780583011016331264,2016-09-27 01:41:07,"b'""ugh, she\'s mentioned drapery production twice"" --- my aunt'"
780582808498515969,2016-09-27 01:40:18,"b'RT @slb79: ""Our airports are like a third. world. country."" https://t.co/j3JiRNfUMm'"
780582373121363968,2016-09-27 01:38:34,b'bragadocious'
780579220422549504,2016-09-27 01:26:03,"b'RT @JoshSneed: This is the longest I\'ve seen @SNL go before saying, ""Live From New York, It\'s Saturday Night!"" #DebateNight https://t.co/bk\xe2\x80\xa6'"
780578975185764352,2016-09-27 01:25:04,b'RT @bust_magazine: trump seems defensive and angry. He should smile more. #debatenight'
780578846072594434,2016-09-27 01:24:34,"b""RT @rgay: You can tell she took approx. 33 Xanax and he won't faze her nary a bit."""
780578561816133632,2016-09-27 01:23:26,"b'""Well Donald I know you live in your own reality,"" damn she is cucumber cool'"
780576551901487105,2016-09-27 01:15:27,b'donald sure is sniffly...:'
779454653197156352,2016-09-23 22:57:25,b'the memes are too damn long.'
779043316985888768,2016-09-22 19:42:55,b'joyce joyce joyce joyce scott \xf0\x9f\x92\x9c\xf0\x9f\x92\x9c\xf0\x9f\x92\x9c https://t.co/ey65PybSmq'
745119071365009408,2016-06-21 05:00:04,"b""masculine men, don't say that shit to the person who loves you. \xe2\xac\x87\xef\xb8\x8f\xe2\xac\x87\xef\xb8\x8f\xe2\xac\x87\xef\xb8\x8f"""
745118711766364160,2016-06-21 04:58:39,"b'guys on cell walks by and says into phone ""but you\'re missing the bigger picture""'"
739494370437664768,2016-06-05 16:29:31,"b'biggest fear: sitting on the toilet and having there be a snake coiled in the basin, who then crawls into me as I pee.'"
715018408383889408,2016-03-30 03:30:47,"b""so surreal when ur momentarily unemployed &amp; r like wow wut a crazy night can't believe I hav work tomorrow. And then ur like, oh, I don't."""
711998925234954241,2016-03-21 19:32:26,"b""the dearth of white cheddar cheeto availability at the grocery store is really troubling. @GiantFood what's up??"""
710840368582041600,2016-03-18 14:48:45,b'Just a reminder that everyone starts somewhere \xf0\x9f\x92\x97\xf0\x9f\x92\x97\xf0\x9f\x92\x97 https://t.co/n3kA3G4efj'
708143482276343808,2016-03-11 04:12:17,b'RT @ParagCED: I think that @marcsteiner might be winning tonight\xe2\x80\x99s #BaltimoreDebates'
700538025969733632,2016-02-19 04:30:55,b'Here\xe2\x80\x99s 20% off your first purchase at Glossier! Beauty basics that leave you fresh and glowing right away.  https://t.co/HeDBlqQO1D'
697785897530613760,2016-02-11 14:14:56,b'did I dream that they made flamin hot pepsi? #FlamingHotCheetos on the brain'
691632999549505536,2016-01-25 14:45:31,b'RT @MayorSRB: Now is not the time to make a fashion statement. Wear proper shoes/pay attention/ice/uneven conditions. https://t.co/DSpUfeXP\xe2\x80\xa6'
690035186952724480,2016-01-21 04:56:23,b'8 out of 8 no issues https://t.co/rGJuRUJPcQ via @officialkls @buzzfeed'
687663082169102337,2016-01-14 15:50:29,"b""RT @ReignOfApril: It's actually worse than last year. Best Documentary and Best Original Screenplay. That's it. #OscarsSoWhite"""
687662897720352768,2016-01-14 15:49:45,b'RT @joseiswriting: Not one person of color nominated in any acting category.\n#OscarNoms #OscarsSoWhite @emergingUS \nhttps://t.co/d0bBL5KbKI'
687036693854162944,2016-01-12 22:21:26,"b""RT @SorahyaM: Because y'all don't use seasoning.  https://t.co/4WeXrbdJ6p"""
686935769987039232,2016-01-12 15:40:24,"b""RT @Chelsea_Fagan: if u can't afford therapy an alternative is to go to a bar w some girlfriends &amp; dance to robyn while closing ur eyes n h\xe2\x80\xa6"""
686629907582038021,2016-01-11 19:25:01,b'RT @sur__back: https://t.co/4VZHZ4wgUl'
686629692468772864,2016-01-11 19:24:10,b'RT @TheDailyShow: Happy Monday! Here\xe2\x80\x99s Thomas Jefferson getting fondled by Trevor Noah. #MondayMotivation\nhttps://t.co/pDwPaxW2L7'
685812410503004160,2016-01-09 13:16:35,"b'RT @harikondabolu: I haven\'t seen ""Making A Murderer"" yet. Is it about U.S. foreign policy?'"
685811979416637440,2016-01-09 13:14:52,b'RT @MagicRealismBot: A depressed math teacher falls in love with jazz music.'
685811411444994048,2016-01-09 13:12:36,b'lol what party did these people go to I wanna come https://t.co/1yujjvAJjF'
685809573337366528,2016-01-09 13:05:18,"b'when I buy a book, get stressed bc its all effed up&amp;annotated, then 10 pages in the text is pure&amp;clean. good job colleging english majors.'"
685504263469035520,2016-01-08 16:52:07,b'The Funny Thing About Abusive Relationships https://t.co/P8wSzR6kmg via TheCut'
685478432038350848,2016-01-08 15:09:28,"b""RT @deray: This is the best State of The Union advertisement I've ever seen. https://t.co/K0UxTb2TYX"""
685477674320572416,2016-01-08 15:06:27,"b'""dig deep to examine your own internalized racism, the assumptions you make, the beliefs you have"" https://t.co/Vuo7uCsIQi # via blackvoices'"
685196101918547968,2016-01-07 20:27:35,"b'RT @kitchensisters: ""I do not weep at the world I am too busy sharpening my oyster knife."" -Zora Neale Hurston https://t.co/ecYuEBYH67'"
685191588675477504,2016-01-07 20:09:39,b'RT @BmoreBloc: LOVE from \n#Baltimore to #Palestine...\n#Ayotzinapa to #Rojava...\nLETS GET FREE\n#DeColonize'
685191433473671168,2016-01-07 20:09:02,b'RT @mama_uu: @CommishKDavis literally turned his back on community he says he wants to build trust with. #KeithDavisJr  https://t.co/0gCS8q\xe2\x80\xa6'
685188196439842818,2016-01-07 19:56:10,"b'RT @NYTMetro: Homeless people need housing, \xe2\x80\x9cnot someone telling them when to sleep and what to eat.""  https://t.co/7kfsTKevT0 https://t.co\xe2\x80\xa6'"
645960434156216320,2015-09-21 13:59:03,b'oops I tinder matched the entire mica student body \xf0\x9f\x8e\xa8'
636359970280353792,2015-08-26 02:10:14,b'Do you ever think something and TOO LATE because somebody already made an NPR story about it? #disappointment'
634905976664145920,2015-08-22 01:52:35,"b'""Crepes, yo. Street food. It\'s like having a hot dog but yuppie and french."" drunk guy outside club charles.'"
634340212383064068,2015-08-20 12:24:26,b'RT @NPR: Suit says trauma is a disability &amp; schools are required to make accommodations. @NPRCoryTurner\nhttp://t.co/01fhM44ai5 http://t.co/\xe2\x80\xa6'
634339971915190272,2015-08-20 12:23:29,"b'""mice love baby feces. rats too. you better empty your trash can of diapers daily when you have kids."" -- Ms. Evelyn. #lovemyjob'"
631453450711236608,2015-08-12 13:13:29,b'what do yall think: can I quit smoking by eating flaming hot cheetos instead?'
606953015044644864,2015-06-05 22:37:30,b'I would say 50% of my problems come from not waiting long enough for glue to dry.'
606946215230603264,2015-06-05 22:10:28,b'Whenever I listen to the news I start to feel like #scandal is the most reliable news source in America.'
