id,created_at,text
970635556647469057,2018-03-05 12:22:04,"b""@VeryHelpers I don't see a live chat button on the page provided?"""
970622669090631681,2018-03-05 11:30:52,"b'@verynetwork For such a large company, your customer support is absolutely awful. After 25 minutes on phone, the ru\xe2\x80\xa6 https://t.co/oVX1fjwMW5'"
969868673530908672,2018-03-03 09:34:45,"b'@JPrestonUoW Hey! Surprising, I did, about 95% attended. I think if I was teaching yesterday it would have been low\xe2\x80\xa6 https://t.co/cLExu91o6l'"
969583083040190466,2018-03-02 14:39:55,b'Americans in 2015 made over 3.5 billion dollars from the sharing economy https://t.co/2TVtNm6s5t'
969581668322463746,2018-03-02 14:34:18,b'Who else is tempted to put their Christmas tree back up?'
969147412081270784,2018-03-01 09:48:43,"b""Made it through the bitterly cold wind and snow. Now, let's see if my students turn up to class \xf0\x9f\x98\x83\xe2\x9d\x84\xef\xb8\x8f\xe2\x9d\x84\xef\xb8\x8f https://t.co/BzMMF4c9lZ"""
968499510275080192,2018-02-27 14:54:11,b'Nearly snowman time! \xe2\x9b\x84 https://t.co/EwaD3S5o8S'
968275844702658560,2018-02-27 00:05:25,b'RT @BeanBaag: Made a new @CodePen. Working on a new project and this is the mobile menu used in it. Think it looks pretty clean \xf0\x9f\x98\x80 https://t\xe2\x80\xa6'
968042880261611521,2018-02-26 08:39:42,b'Tiny snowflake! \xe2\x9d\x84\xef\xb8\x8f\xe2\x9d\x84\xef\xb8\x8f\xe2\x9d\x84\xef\xb8\x8f https://t.co/UnvYO2dl7x'
967811845708009472,2018-02-25 17:21:39,b'@JPrestonUoW \xf0\x9f\x98\x82 https://t.co/upW5rmp3Ir'
967375603488968705,2018-02-24 12:28:11,b'RT @lukew: but I get it. https://t.co/i0sKKtRnni'
967354272613654528,2018-02-24 11:03:25,"b""RT @brad_frost: I'd like for you all to witness the comically atrocious user experience of trying to buy Radiohead tickets on Ticketmaster'\xe2\x80\xa6"""
967218243021758464,2018-02-24 02:02:53,b'\xe2\x80\x9cAnnouncing Dart 2: Optimized for Client-Side Development\xe2\x80\x9d by @anders_sandholm https://t.co/cRBi9viGra'
967216790676885505,2018-02-24 01:57:07,"b""It's nearly 2am and I'm still reading Twitter.... \xf0\x9f\x98\xb2\xf0\x9f\x98\xb4"""
967213384482639873,2018-02-24 01:43:35,b'@drpgroup @PRCA_UK @AskNationwide Congratulations @drpgroup!'
967211855717502977,2018-02-24 01:37:30,b'@ConnorHolyday Congratulations @ConnorHolyday! Best of luck in your new job!'
965739104901193734,2018-02-20 00:05:19,b'RT @jensimmons: Browser support for CSS Grid is now at 83% globally! https://t.co/Fvu8iOxQYM'
965738614343729152,2018-02-20 00:03:22,"b'RT @Real_CSS_Tricks: ""It\'s easy even for great teams building great products to make big UX mistakes because it\'s not always clear what\'s g\xe2\x80\xa6'"
965611736777854976,2018-02-19 15:39:12,"b'@Ethos_io Keep up the good work, looking forward to a release!'"
965598209354731521,2018-02-19 14:45:27,b'Blockchain technology + sharing economy = https://t.co/CiJsAEIQLF @CryptobnbIco'
965597481059979265,2018-02-19 14:42:34,b'One potential solution to reduce discrimination within peer-to-peer / sharing accommodation platforms - @Innclusive https://t.co/E73hKdi2mQ'
965577799640731648,2018-02-19 13:24:21,b'RT @Ethos_io: Introducing Ethos. The people-powered cryptocurrency platform. The future belongs to everyone. #ETHOS https://t.co/NiKTXUvcnY'
965574974529527809,2018-02-19 13:13:08,b'Teaching the University of Worcester students today how to interact with the @textlocal (a Worcestershire-based com\xe2\x80\xa6 https://t.co/xSK3acaOJX'
965156597143080960,2018-02-18 09:30:39,"b'RT @WriteThatPhD: How to write a #PhD, what examiners &amp; supervisors expect + viva questions &amp; content checklists https://t.co/c4W7oWyBeR #p\xe2\x80\xa6'"
965003501247107078,2018-02-17 23:22:18,"b""I've been a member of Twitter for some time, but I thought it about time I create one focusing on my research and lecturing! \xf0\x9f\x8e\x93\xf0\x9f\x93\x9c"""
