id,created_at,text
966329416480645125,2018-02-21 15:11:01,"b'Much like the Black Mirror episode ""Hated in the Nation"". Scary times. https://t.co/FrbrkVCe42'"
966328783996407808,2018-02-21 15:08:30,b'Might actually be easier than messing with the 2nd amendment! https://t.co/ap4VfEZyiZ'
18690927849,2010-07-16 14:43:53,b'@arjunghosh all my best wishes for your dad...'
18690779052,2010-07-16 14:41:53,"b""@chetanbhagat 's last one which i retweeted is a total bullshit....fail 2 understand hw 1 man can spk volumes of rubbish!"""
18183759021,2010-07-10 08:23:28,b'deadline: learn CSS in 1 hour!!!'
18019506312,2010-07-08 08:10:27,b'@chetan_bhagat & speaking abt our great tv serials...dey r such an insult to all girls with a healthy mentality!'
18019382490,2010-07-08 08:07:19,b'@chetan_bhagat only d figure conscious dumb headed chirpy bitchy(no offence) girls do so...'
18019324111,2010-07-08 08:05:51,"b""@chetan_bhagat not really u kno...its the comfort level dat matters...even if sum1 calls me fat i'd luv 2 wear my favourite comfy dress..."""
17890846591,2010-07-06 19:34:49,b'@H_for_souvick perfect!'
17890808017,2010-07-06 19:34:08,"b""@stan_1989 hah! & I'm doing comp engg! upload a video sumtym in youtube & snd a link here 4 every1 to watch...will b nice.... :)"""
17890367495,2010-07-06 19:26:38,b'@stan_1989 u trying 2 dance???? #joke ;) oops sry... :P'
17890263524,2010-07-06 19:24:51,b'@arjunghosh sick? down with fever? get well soon :)...'
17889833333,2010-07-06 19:17:51,b'@H_for_souvick aha! philosophy!'
17889694324,2010-07-06 19:15:36,b'@H_for_souvick @sahaanirban have u 2 gone totally nuts???'
17888959725,2010-07-06 19:05:14,"b""@H_for_souvick yup i'm tweeting...just went dormant for sum tym...."""
17888264730,2010-07-06 18:54:05,b'@H_for_souvick wats d H stand for? & must say u pay gud attention to ur looks... :P'
16989424058,2010-06-25 04:51:36,"b""'confusion' is a life threatning demon!"""
16989383023,2010-06-25 04:50:51,b'@H_for_souvick The purpose of life is a life OF purpose... :)'
16989181219,2010-06-25 04:47:07,"b""RT @Otioz: Being nice to someone you dislike doesn't mean you're fake. It means you're mature enough to tolerate your dislike towards th ..."""
9733598345,2010-02-27 15:44:58,"b""@sahaanirban o btw....can u give me barnan da's contacts from anywhere?"""
9733579452,2010-02-27 15:44:29,b'@sahaanirban hey by now i got it....u love shopping!!!!'
8192922831,2010-01-25 14:14:43,b'@sahaanirban its not xctly a bad habit...wait makes evrythng sweeter...but the fear of not reaching there is dampening...'
8192754058,2010-01-25 14:09:30,b'@sahaanirban me too! was watching antaheen in the afternoon...the music is soul-touching...more so is the english translation.'
8102230205,2010-01-23 06:16:23,"b""@sahaanirban @sayani_m @praveenpuglia @souvickmazumder wassup??? i'm into my same lethargic mood... :(( sigh..."""
8102188143,2010-01-23 06:14:40,"b""@sahaanirban thanks abt 'pieces of my heart'....felt good... :)"""
8102176050,2010-01-23 06:14:10,b'@sahaanirban wat made u start family planning so urgently & so soon??? u r just 20 man!!!! anyway....keep us posted abt ur advances... ;)'
7797407420,2010-01-15 18:43:01,"b""@avii13 thanks....how's u? at kol?"""
7797353371,2010-01-15 18:41:15,"b""@cpranab u got my spelling wrong...its sreyasi...not sreyashi....saw u referred my blog to sum1 4 kvpy...bt wrong url.... anyway...how's u?"""
7602454369,2010-01-10 19:50:04,b'@cpranab will seek ur opinion latr...gud nite.'
7601647260,2010-01-10 19:20:58,b'@cpranab actually i go bit mentally disbalanced at tyms....any remedy doctor?'
7600859171,2010-01-10 18:53:27,"b""@cpranab okays....life's..umm....mixed bag....nt feeling vry joyous rite now....lamenting on y i'm living..."""
7600617284,2010-01-10 18:45:03,"b""@cpranab ok ok no sobs....u'll b btr nxt tym....tk cr"""
7600125453,2010-01-10 18:28:08,b'@cpranab ki xam chilo aj?'
7599895622,2010-01-10 18:19:47,"b""@sahaanirban definitely nt! c i face the same prob at home...so i can undrstand ur plight...bt i'm sure finally u can answer ur calling..."""
7599612087,2010-01-10 18:09:41,"b""@sahaanirban hard luck...but i'm sure u'll be able to convince ur dad abt CAT"""
7597680280,2010-01-10 16:57:22,b'@sahaanirban wats up? still hiding ur feelings?'
7525167816,2010-01-08 17:05:54,"b""@sahaanirban @sayani_m @praveenpuglia ami ekmot praveen'er sathe....wats up wit both of u? don't wanna share?"""
7525140749,2010-01-08 17:05:05,b'@stan_1989 ok thn....tk cr...'
7525125644,2010-01-08 17:04:38,b'@sayani_m 11th ei firbo....i need to kno more abt d training....will spk to u in colg....cum to wave....we 3 r dr...'
7524861976,2010-01-08 16:56:39,b'@sayani_m mood off? kobe fircho?'
7524763886,2010-01-08 16:53:40,b'@stan_1989 hey wats wrong? if its so severe u shud tell ur parents! how can u get scholded for getting sick?!? Get well soon...'
7524348881,2010-01-08 16:40:54,b'@sahaanirban wait karo....wave korchi....'
7524314258,2010-01-08 16:39:52,"b""@praveenpuglia @sahaanirban wud've luved to....bt ds concrete jungle!!!"""
7523905901,2010-01-08 16:27:33,"b""@praveenpuglia o yeah will check ur blog in a few minutes bro.... & i'm nt watching...its my sis!"""
7523664974,2010-01-08 16:20:21,"b""@sahaanirban u'r sick? ur ligament again? or headache? or fever?"""
7523617521,2010-01-08 16:18:56,b'@sahaanirban gimme d link of d photowalking facebook acc'
7523603868,2010-01-08 16:18:31,"b""@sahaanirban wen don't u advertise ur blog? ;)"""
7441240418,2010-01-06 13:56:29,b'@sahaanirban @praveenpuglia going now...will be back latr...'
7441228230,2010-01-06 13:56:00,"b""@praveenpuglia change korbo re....vry soon....bt sms pathano'r rate will be same....ds is cald lethargy... ;)"""
7441207212,2010-01-06 13:55:11,b'@sahaanirban o again...thanks...'
7441091662,2010-01-06 13:50:46,b'@sahaanirban went to coffee house today...felt gr8...but it was filled with cigarette smoke...when will ppl grow up! its so hard to breathe!'
7441048301,2010-01-06 13:49:06,"b""@praveenpuglia janish'e ami sms'e ektu kipte.... :D"""
7441039063,2010-01-06 13:48:44,"b""@praveenpuglia hi praveen :)! i'm gr8! @sahaanirban o yeah....juat a slip of fingrs ;)"""
7440623404,2010-01-06 13:32:35,"b""@avii @sahaanirban @praveen puglia @souvickmazumder i'm alive!"""
7440609648,2010-01-06 13:32:03,"b""@sayani_m hi sayani di....i'm fine....just knd of boring at home...hw r u?"""
7408495531,2010-01-05 16:54:54,b'@cpranab....hi! nice to get a comment frm u :) ! will catch up wit u in twitter...i missed twtup ds tym...:('
7245260548,2009-12-31 19:42:07,b'@sahaanirban r u dr? need sum enlightenment...'
7244297194,2009-12-31 19:10:08,b'@sahaanirban @sayani_m @praveenpuglia @souvickmazumder everyone gone?'
7209530935,2009-12-30 21:33:49,b'@sahaanirban @sayani_m @praveenpuglia will miss u ppl a lot...'
7209053557,2009-12-30 21:16:48,b'@stan_1989 dats gr8....yeah luvly song...'
6459820155,2009-12-08 10:01:28,"b""@praveenpuglia u r in college? i thot u'r at home! how's ur head-ache?"""
6105678256,2009-11-27 07:06:11,b'@sayani_m thank u! happy studying & enjoy d winter! r u dozzing off? :D'
6105622755,2009-11-27 07:02:41,"b""@sahaanirban thanks for the wish...its just freaking me out...lyf's 1st big interview!"""
6105592432,2009-11-27 07:00:50,"b""@sahaanirban dat's d common picture... 4 me dis happens B4 the xams...1 of my teachers 1ce said  it's out of tension & d attitude 2 escape.."""
6086746808,2009-11-26 17:12:44,b'@sayani_m y r u burning?'
6046840721,2009-11-25 11:04:37,b'@praveenpuglia why did u want to kno if it was matlab? reply via sms...'
5644004512,2009-11-12 07:51:02,b'@sahaanirban @sayani_m going for lunch...bye...wats the press-work progress?'
5643966387,2009-11-12 07:47:56,b'@sahaanirban @sayani_m got it! Kamlesh Kumar Shah...'
5643936869,2009-11-12 07:45:28,b'@sahaanirban did u post about ebiosketch in the blog? Ami i getting the spelling of ebiosketch wrong?'
5643917336,2009-11-12 07:43:58,b'@sayani_m...searched...no results....'
5643582321,2009-11-12 07:18:16,"b""@sayani_m @sahaanirban didn't find ebiosketch in BCET_ERPC blog...am i getting the spelling wrong? tweet soon..."""
5643258808,2009-11-12 06:55:13,b'@arjunghosh can you plz help me out with cloud computing...some e-books and links\n?'
5643231250,2009-11-12 06:53:17,b'@arjunghosh good afternoon arjun da...'
5552755854,2009-11-09 06:23:38,b'@praveenpuglia send the link of bcet bloggers workshop at kolkatamirrors...'
5552455533,2009-11-09 06:02:50,b'@praveenpuglia hey wats on with director sir?'
5536216423,2009-11-08 17:35:30,b'@sayani_m wats unsaid is meant to be unsaid! :)'
5536184241,2009-11-08 17:33:57,b'@sayani_m honestly! we follow Gandhism!'
5528413898,2009-11-08 08:58:48,b'@sahaanirban plz check http://sreyasi09.wordpress.com for the header image....i cant c it...can u? flickr again! photobucket creating probs!'
5528388355,2009-11-08 08:56:29,b'@sahaanirban entire bcet for apkgk?'
5528384085,2009-11-08 08:56:07,b'@sahaanirban which film? u both at city center?'
5528273507,2009-11-08 08:46:24,"b""@sahaanirban cine club was my brainchild..cine fest was yours...we'll work 2gethr..wats d rsponse? blogged it? i did.."""
5528146411,2009-11-08 08:35:26,b'@sahaanirban u know abt the project i submitted for a scholarship at KVPY...got selected for interview...'
5528137290,2009-11-08 08:34:41,b'@sahaanirban missed the moon yersternight...was googling!'
5528120137,2009-11-08 08:33:15,"b""@sahaanirban @sayani_m @praveenpuglia wat abt apik mukher-ji epic episode? are we giving 'peace a chance'?"""
5512400808,2009-11-07 18:56:24,b'got an interview call from KVPY! All thanks to Prof. S. K. Ghoshal!'
5501922188,2009-11-07 07:47:21,"b""yepee!!! finally i'm a tweep!"""
5501698273,2009-11-07 07:28:18,"b""I'm tweeting from Matlab...just discovered d net connection!!"""
