id,created_at,text
970684033251332097,2018-03-05 15:34:42,b'RT @BlkNrdProblems: When Wakandans abroad see one another in the same place #Oscars #Oscars90 #WakandansAbroad https://t.co/Pkqz2jICWy'
970673976795172865,2018-03-05 14:54:44,b'RT @juliaccarpenter: Remember: Jordan Peele says he quit writing \xe2\x80\x9cGet Out\xe2\x80\x9d 20 different times. \n\nAnd then he finished it. \n\nAnd then he won\xe2\x80\xa6'
970673503174385664,2018-03-05 14:52:52,b'RT @DrPhilGoff: An \xe2\x80\x9cinclusion rider\xe2\x80\x9d is a clause in an actor\xe2\x80\x99s contract that requires the cast and crew be diverse in order to retain the a\xe2\x80\xa6'
970673371720704006,2018-03-05 14:52:20,b'\xf0\x9f\x98\xad\xf0\x9f\x98\xad\xf0\x9f\x98\xad https://t.co/6LvQiUh3OL'
970668816920449025,2018-03-05 14:34:14,b'RT @womensmarch: For anyone wondering what an #InclusionRider is:\n\nhttps://t.co/q2kWKAKNqZ'
970367327509282821,2018-03-04 18:36:14,b'RT @nowthisnews: Lupita Nyong\xe2\x80\x99o and Viola Davis are teaming up for a movie about African warriors \xf0\x9f\x99\x8c\xf0\x9f\x8f\xbf https://t.co/GtM7p62qeN'
970009299991912450,2018-03-03 18:53:33,b'RT @fivefifths: Been a pretty stunning lack of coverage of the WV strike and environmental activism from the class of writers who over the\xe2\x80\xa6'
969990325866586113,2018-03-03 17:38:09,b'Some stranger child just told me that I have a kind face. I\xe2\x80\x99m gonna cry.'
969959908874637312,2018-03-03 15:37:17,b'Wow. I feel this. https://t.co/IoTqJgORID'
969718859824590848,2018-03-02 23:39:27,b'RT @IBJIYONGI: And don\xe2\x80\x99t just hire white American and foreign national women https://t.co/RRVVWzcv4Q'
969718602046853121,2018-03-02 23:38:25,"b'RT @BLMLansing: ""The Black Census Project is the first step in transforming Black communities into constituencies that build... https://t.c\xe2\x80\xa6'"
969600837784829954,2018-03-02 15:50:28,b'1. We have enough science to confirm that cannabis is not \xe2\x80\x9cfilth\xe2\x80\x9d. 2. Your \xe2\x80\x9cBruce bonus\xe2\x80\x9d should probably not be abo\xe2\x80\xa6 https://t.co/dycw1N8AvB'
969590596179517442,2018-03-02 15:09:46,b'RT @wallahi: Agent Ross after leaving Wakanda https://t.co/SfmIaVhePE'
969275426244882432,2018-03-01 18:17:24,b'MY CHEST https://t.co/mexi5BAwpI'
969053725150019586,2018-03-01 03:36:26,b'Wake\xe2\x80\x99s first response. Speaks to the common shock of the Wake Forest community as we revisit these events from 16 m\xe2\x80\xa6 https://t.co/owWyqUYfxC'
969028049256767489,2018-03-01 01:54:25,b'@SevensSecret @wolfeonpolitics @TuckerCarlson The students will clarify with their response.'
969025637892665344,2018-03-01 01:44:50,b'#Tucker https://t.co/HkIF9qlW4N'
969025609178537985,2018-03-01 01:44:43,b'#Tucker https://t.co/SdmgYrXUI2'
969025568002985984,2018-03-01 01:44:33,b'All students involved are still currently enrolled at Wake Forest. @TuckerCarlson'
969025307780018177,2018-03-01 01:43:31,"b'@TuckerCarlson, @wolfeonpolitics leaves out major portions of the story. \xe2\x80\x9cWhat I took away from\xe2\x80\x9d a dean\xe2\x80\x99s message i\xe2\x80\xa6 https://t.co/2Tyjx3uZCC'"
969024850261102595,2018-03-01 01:41:42,"b'How about a chance to for the students involved to respond, @TuckerCarlson?'"
969013692271644674,2018-03-01 00:57:22,b'@FoxNews We are alumnae of Wake Forest University seeking contact on behalf of students involved in the Wake Forest\xe2\x80\xa6 https://t.co/Hc4JdejB4P'
969013366520983553,2018-03-01 00:56:04,b'@TuckerCarlson We are alumnae of Wake Forest University seeking contact on behalf of students involved in the Wake\xe2\x80\xa6 https://t.co/pSsYfDwfGu'
969004590782930944,2018-03-01 00:21:12,b'\xe2\x80\x9cA nearby school canceled classes\xe2\x80\x9d is not what you read just 6 months after Charlottesville. https://t.co/LdVz6n30EI'
969003309825740800,2018-03-01 00:16:06,b'@BeccaSteiner @allieraechase This is consistently relatable.'
969003154225451008,2018-03-01 00:15:29,"b'So far, an empty notice on \xe2\x80\x9cinterdisciplinary scholarship\xe2\x80\x9d from the provost and an addition to Wake emeritus obitua\xe2\x80\xa6 https://t.co/4tmSnctl73'"
968975681915899906,2018-02-28 22:26:19,b'Random kids saving me every day with this kind of joy https://t.co/0BPFn7eoSc'
968974016735334402,2018-02-28 22:19:42,b'RT @MuslimIQ: Florida Education Rank:\n\xe2\x80\xa2Reading: #32\n\xe2\x80\xa2Pre-K: #41\n\xe2\x80\xa2Math: #42\n\xe2\x80\xa2HS Graduation Rate: #43\n\xe2\x80\xa2Overall K-12: #40\n\nThis matters why?\xe2\x80\xa6'
968966437267300352,2018-02-28 21:49:35,"b'RT @cmMcConnaughy: But if he had been made to spend the time and energy to own his workplace actions, would he really have had the time to\xe2\x80\xa6'"
968957329038348288,2018-02-28 21:13:24,"b'2018, the year a 17 y/o stuck a nail into @marcorubio\xe2\x80\x99s coffin. #Parkland https://t.co/NAxMtHD86E'"
968906787998130176,2018-02-28 17:52:34,"b'Close, but this is the \xe2\x80\x9cfree\xe2\x80\x9d market and @DICKS has every legal right to choose what products to sell and not to se\xe2\x80\xa6 https://t.co/NsBoJGDMN0'"
968713568676925442,2018-02-28 05:04:47,b'RT @IBJIYONGI: Will colleges make room for Black kids incarcerated because of Black Lives Matter protests?'
968710659071410176,2018-02-28 04:53:13,"b'RT @thehill: Dwayne Wade on Florida shooting victim buried in his jersey: ""This is why we will not just shut up and dribble"" https://t.co/y\xe2\x80\xa6'"
968629849614110720,2018-02-27 23:32:07,"b'@I_am_BigDaddy I was talking about the 45 days I have on you in age, but if the shoe fits I mean \xf0\x9f\x98\x82'"
968627766383075328,2018-02-27 23:23:50,b'@I_am_BigDaddy Lmao PLZ \xe2\x80\x9clil\xe2\x80\x9d cuz \xf0\x9f\x98\x82\n\nI\xe2\x80\x99m playing \xe2\x9d\xa4\xef\xb8\x8f Blessings'
968609738941517824,2018-02-27 22:12:12,"b'Me, when I \xe2\x80\x9cstart\xe2\x80\x9d to \xe2\x80\x9cgrasp\xe2\x80\x9d things in a new discipline https://t.co/AARA0Eusev'"
968595656578420739,2018-02-27 21:16:14,b'My heart https://t.co/omGMuIluxC'
968575866874802177,2018-02-27 19:57:36,b'@shonfaye @transadvocate Can we get a CW for rape and transphobia next time? No need to subject our friends to this trauma. Thx!'
968575209828646912,2018-02-27 19:54:59,"b'RT @CliftonKinnie: When we organized in Ferguson, we were labeled thugs &amp; criminals. 800 of us walked out for #MikeBrown. The media said we\xe2\x80\xa6'"
968556196977348608,2018-02-27 18:39:26,"b'Me to my letter writers: \xe2\x80\x9cIt worked! TYSM!\xe2\x80\x9d \nAllan, my MA advisor: \xe2\x80\x9cThis is very cool.\xe2\x80\x9d'"
968549986937065473,2018-02-27 18:14:46,b'Didn\xe2\x80\x99t our appeals court JUST rule on this? Discrimination on the basis of sexual orientation is a function of disc\xe2\x80\xa6 https://t.co/2q0DSurXZ9'
968296673171640320,2018-02-27 01:28:11,b'Locked out of my other account! Follow me here =)'
