id,created_at,text
969274243568500736,2018-03-01 18:12:42,b'RT @tillyflint29: The next remote data session will be on Friday the 16th of March at 1pm GMT with data presented by Yuhan Li (University o\xe2\x80\xa6'
968146564815507456,2018-02-26 15:31:43,b'RT @LegoAcademics: SOME ASSEMBLY REQUIRED! The @LegoAcademics support the #UCUStrike\n\n#solidarity #usstrike #strikeforuss #usstrikes #ucust\xe2\x80\xa6'
967890521392910338,2018-02-25 22:34:17,b'The next remote data session will be on Friday the 16th of March at 1pm GMT with data presented by Yuhan Li (Univer\xe2\x80\xa6 https://t.co/5AxhWZznDn'
967731393492070401,2018-02-25 12:01:58,"b""RT @Babelzine: The Babel Lecture 2018, with Susie Dent - 'The -ize have it'\n\nPlaces going fast - book your (free!) seats at https://t.co/FL\xe2\x80\xa6"""
966633605249282048,2018-02-22 11:19:45,"b'RT @professor_dave: If you are a student, please ask your university what is happening to your fees if your teaching gets disrupted. They a\xe2\x80\xa6'"
966254222391037953,2018-02-21 10:12:13,b'@YSJSandA @YSJNetballClub @YSJ_LingSoc Congrats @YSJ_LingSoc!'
962021172924710912,2018-02-09 17:51:35,"b""RT @ZoraSaskova: It's national pizza day!! If you are still in your office, come and join us for some PhD social time!! #PhDlife https://t.\xe2\x80\xa6"""
956275354360074240,2018-01-24 21:19:45,b'#TimesUp https://t.co/gjM7RUjcQG'
946394809417203712,2017-12-28 14:58:00,"b'RT @_bethbethbeth_: My Dad\xe2\x80\x99s just told me that on New Year\xe2\x80\x99s Eve, every single adult in the world will have been born in the 20th century a\xe2\x80\xa6'"
942759504730640384,2017-12-18 14:12:36,b'#CAday2017 baking prizes presented to @BogdanaHuma and @EMdoesCA. https://t.co/Sm83J0gg2L'
942758411418169344,2017-12-18 14:08:15,b'Prizes are presented at #CADay2017 https://t.co/1PrfBQN7DZ'
941767967565631489,2017-12-15 20:32:35,"b""MA by Research Viva done and passed!! \n\nI'm absolutely over the moon! And I've loved my last four years\xe2\x80\xa6 https://t.co/fkhEYHH661"""
939943503441944578,2017-12-10 19:42:49,b'#sjxmas @Joulesclothing my favourite piece of clothing is my pink joules raincoat https://t.co/za0951UB6g'
918151483652235266,2017-10-11 16:29:06,b'@CatrinSRhys giving a talk on her research on NHS Complaints @YSJLangLing @YSJ_LingSoc https://t.co/TC5wj4fDA1'
908068908925640704,2017-09-13 20:44:33,b'RT @rolsi_journal: Full set of highlighters at the ready - @tillyflint95 pores over a cold call transcript #DARGresistance https://t.co/9kP\xe2\x80\xa6'
893575116835127296,2017-08-04 20:51:24,b'@ajmerrison @JackBJoyce This quotation is a huge part of my MA thesis! (also introduced to me by @ajmerrison)'
888422314693578752,2017-07-21 15:36:00,b'A brief history of medical authority with John Heritage #IPrA2017 https://t.co/f9vuVzXzm7'
888420117402595328,2017-07-21 15:27:16,b'Final #IPrA2017 plenary! https://t.co/QalRxsFqCU'
888385196176945152,2017-07-21 13:08:30,b'@comeonkids presents at #IPrA2017 https://t.co/jiaX5Rl2RF'
888378092728852480,2017-07-21 12:40:17,b'Vicky Crawley on verbalising being self in BSL/English interpreted interactions #IPrA2017 https://t.co/Wdr7id4nRT'
888376952956100608,2017-07-21 12:35:45,b'RT @DoctorJRo: Stancetaking #ipra2017 https://t.co/iWg2FS7JJl'
888376936422047745,2017-07-21 12:35:41,"b'RT @rolsi_journal: Next Tilly Flint, Michael Haugh &amp; Andrew Merrison. Affective stance &amp; affiliation. Steps to affiliation: align, accept,\xe2\x80\xa6'"
888376909620490240,2017-07-21 12:35:35,b'RT @rolsi_journal: Flint: but declining to do the accept or support stages requires accounting. #IPRA2017'
888376860308107266,2017-07-21 12:35:23,"b'RT @rolsi_journal: Flint: compare UK &amp; Australian practices: [all lab interactions, not sure how many] example of an Aus case of extended a\xe2\x80\xa6'"
888376844013244416,2017-07-21 12:35:19,"b'RT @rolsi_journal: Flint: even in these lab interactions, the effort speakers put in shows a preference for affiliation or accounting for i\xe2\x80\xa6'"
888376814200135680,2017-07-21 12:35:12,b'RT @DoctorJRo: this #ipra2017 talk is very relevant to your interests in initial interactions @JackBJoyce ! https://t.co/yA83zxNmRz'
888375530147516421,2017-07-21 12:30:06,b'RT @ajmerrison: Tea or coffee at #IPrA2017 with @tillyflint95 https://t.co/0AMnKB1Z4B'
888375505539534849,2017-07-21 12:30:00,b'RT @ajmerrison: @tillyflint95 with Michael Haugh and @ajmerrison doing accounting for disaffiliation at #IPrA2017 https://t.co/yDyRzsSt8o'
888127523376123904,2017-07-20 20:04:36,b'RT @AdoKerrison: Local chair @CatrinSRhys going above and beyond as the piano stand to help a virtuoso performance of Danny Boy #IPrA2017 h\xe2\x80\xa6'
888019785325441024,2017-07-20 12:56:30,"b""RT @rolsi_journal: Pilllet-Shore: Referrer will reference others' things positively (your shrt's so cute!) but own negatively (it's messy i\xe2\x80\xa6"""
888016905382100993,2017-07-20 12:45:03,b'Danielle Pillet-Shore on making the sensory social at #ipra2017 https://t.co/x710KjQ79N'
887956050909036544,2017-07-20 08:43:14,b'RT @LizStokoe: Burping: what happens next? \n\n@alexahepburn and Jenny Mandelbaum @RutgersU on the preference for atoning @ipra2017 #IPrA2017\xe2\x80\xa6'
887575923830251521,2017-07-19 07:32:45,"b""Bethan Benwell introduces @LizStokoe at #IPrA2017 'when conversation starts' https://t.co/PofoSr6BhJ"""
887575303626862592,2017-07-19 07:30:17,"b""RT @rolsi_journal: Getting ready for @LizStokoe's plenary, Bethan Benwell to introduce @LboroSocSci @lboroCRCC https://t.co/6u47iAX4va"""
887353186306097152,2017-07-18 16:47:40,"b'RT @AdoKerrison: Finding myself aligning to, agreeing with, and supportive of this talk on Affiliation in NHS Complaints by Benwell &amp; @Catr\xe2\x80\xa6'"
887346642227257345,2017-07-18 16:21:40,b'RT @ajmerrison: @helenjattwood and @ajmerrison at #IPrA2017 https://t.co/hxuNRxXEFg'
887289732077670401,2017-07-18 12:35:31,"b'RT @helenjattwood: Lunch time discussion \xe2\x80\x93 what do you call an accidental joke? (This is not the FPP to a punchline, btw). #IPrA2017'"
887252476386213888,2017-07-18 10:07:29,b'RT @federicalancs: Belfast at night #IPrA2017 https://t.co/42SBQLwfHZ'
886925371630866432,2017-07-17 12:27:41,b'#IPrA2017 delegates are enjoying the warm Belfast weather https://t.co/VLvnPIRnQw'
886895682879148032,2017-07-17 10:29:43,"b""Preference for self-remedy isn't the bystander effect - but gives a reason why someone in a position to help may not do so @kobin #IPrA2017"""
886889393604239360,2017-07-17 10:04:43,"b""RT @rolsi_journal: Kendrick kicks off with a sidelight on the notorious Kitty Genovese case. Shows 'preference for self-help'. [hmm]. #IPRA\xe2\x80\xa6"""
886861391587672064,2017-07-17 08:13:27,"b""Mandelbaum et al recruit @kobin's assistance with tech troubles. A real-world example in the recruitment of assistance panel  #IPrA2017"""
886858146832166912,2017-07-17 08:00:33,b'RT @ISCAupdates: Paul Drew introduces panel on recruitment #Ipra2017 @kobin @mandelbaum_js @Kzhan66 @thisiswanwei https://t.co/gDZ9jQY7Eh'
886653638520733696,2017-07-16 18:27:55,b'Fantastic reception venue #IPrA2017 https://t.co/NQ7aGJShXk'
886637017056071684,2017-07-16 17:21:52,b'@ajmerrison is very happy with his personalised vegan food at #IPRA2017 https://t.co/nubqPKHpon'
886612773152665600,2017-07-16 15:45:32,"b'RT @rolsi_journal: John J Gumperz Lifetime Achievement Award - goes to Sandy Thompson. A wonderful, fully deserved choice. Excellent. #IPRA\xe2\x80\xa6'"
886591432512999424,2017-07-16 14:20:44,"b""RT @rolsi_journal: Cameron: women need to be treated as individuals, and their presence normalised - but their language doesn't need fixing\xe2\x80\xa6"""
886578947751915520,2017-07-16 13:31:07,b'First plenary is about to begin #IPrA2017 https://t.co/QBmAb2SkRo'
886577460292313089,2017-07-16 13:25:13,"b'RT @RacAgain: #IPrA2017: ""pragmatics will never die"" says IPrA president \xf0\x9f\x98\x8a'"
886575927299379202,2017-07-16 13:19:07,"b'RT @DoctorJRo: About 1,300 people are here for #ipra2017 https://t.co/RHitsBASB5'"
886569827124596736,2017-07-16 12:54:53,b'All registered and ready for the conference opening of #IPrA2017 https://t.co/uM4JEtvJeS'
886548666470846464,2017-07-16 11:30:48,b'Documenting the documenting of the #IPrA2017 experience with @ajmerrison @rolsi_journal @helenjattwood https://t.co/3snotq1MWd'
886003082030702592,2017-07-14 23:22:50,"b'3 fantastic (and tiring) days @SymPol10, excited to be heading to @ipra2017. Looking forward to the variety of papers! #SymPol10 #ipra2017'"
885990288413663234,2017-07-14 22:32:00,b'RT @Prof_DawnArcher: Great conference organised by bu wonderful people @SymPol10'
885990085048635393,2017-07-14 22:31:11,b'RT @AlexDoesWords: Thank you so much to @ajmerrison and @tillyflint8 at @YorkStJohn for organising the wonderful @SymPol10 conference this\xe2\x80\xa6'
885990047815806977,2017-07-14 22:31:02,b'RT @SymPol10: Thank you to all #SymPol10 delegates. Looking forward to seeing some of you again very soon @ipra2017 and in Valencia next ye\xe2\x80\xa6'
885875009683689473,2017-07-14 14:53:55,b'RT @SymPol10: Our final session at #SymPol10. A round table discussion of INTER* disciplinary fusion amongst other interesting questions an\xe2\x80\xa6'
885800180192354304,2017-07-14 09:56:34,"b""RT @SymPol10: For those who weren't at #SymPol10 this is what you missed on. Oh. And some pretty good talks, too. https://t.co/lKScpmZKwX"""
885748566362382338,2017-07-14 06:31:29,b'Expect more tweets today from #SymPol10. Check out @SymPol10 for regular updates throughout our final day of conference!'
885748151424086017,2017-07-14 06:29:50,b'RT @SymPol10: Michael Haugh - our first plenary of #SymPol10 - talking about relationality in initial interactions @YorkStJohn https://t.co\xe2\x80\xa6'
885748118477733888,2017-07-14 06:29:42,b'RT @ibi_reichl: first conference! great programme and a goodie bag filled with the stuff PhD students really need \xf0\x9f\x98\x81#SymPol10 https://t.co/R\xe2\x80\xa6'
885748088731840515,2017-07-14 06:29:35,b'RT @SymPol10: Thank you to all of those who attended at #SymPol10 today. A day of sharing ideas &amp; engaging discussion. Looking forward to m\xe2\x80\xa6'
885748049120833536,2017-07-14 06:29:25,b'RT @SymPol10: Books and journals are on display in the De Grey Foyer at #SymPol10 https://t.co/vsMxK07wAW'
885748014165487616,2017-07-14 06:29:17,b'RT @SymPol10: Wonderful conference dinner at #SymPol10 @lasiguanas. Looking forward to seeing everyone bright and early for our final plena\xe2\x80\xa6'
885748000684994560,2017-07-14 06:29:14,b'RT @samanthaford473: Thoroughly enjoyed presenting @SymPol10 @YorkStJohn for my first professional conference! Thank you for the invite @aj\xe2\x80\xa6'
885265417413021698,2017-07-12 22:31:37,b'RT @JamesMelville: Note to all journalists: Andy Murray will call you out over casual sexism.\nWords matter.\n#wimbledon \nhttps://t.co/8SYFWf\xe2\x80\xa6'
885265386798817281,2017-07-12 22:31:30,"b""RT @BBCSport: 'First male player'.\n\nAndy Murray corrects a journalist's 'casual sexism'.\n\nWatch here: https://t.co/dIPn63MiXY https://t.co/\xe2\x80\xa6"""
884742460357980160,2017-07-11 11:53:34,"b""RT @SymPol10: Less than 24 hours until registration opens for #SymPol10 @YSJLangLing \n\nDe Grey Foyer @YorkStJohn on Lord Mayor's Walk from\xe2\x80\xa6"""
882228388156641280,2017-07-04 13:23:33,b'RT @bbcthree: Wait for it.\n\n#Wimbledon https://t.co/0JFaqbMEXd'
881130737675710464,2017-07-01 12:41:53,b'@sue_wilkinson &amp; @KitzingerCelia talk about the importance of advance decisions @XNdying https://t.co/pvAOa9ZkUZ'
881126807327698946,2017-07-01 12:26:16,"b'RT @sue_wilkinson: .@dremcintosh of @YorkStJohn Uni outlines religious, philosophical &amp; ethical issues around #eol @XNdying conf York https\xe2\x80\xa6'"
881126351100620800,2017-07-01 12:24:27,"b'RT @KitzingerCelia: ""Death is the next great transition....  We need to prepare for it + reclaim it"" - Sheila Kitzinger @XNdying \nhttps://t\xe2\x80\xa6'"
881126228463431680,2017-07-01 12:23:58,"b""RT @KitzingerCelia: Reflecting on death means asking 'what is it to be human?', what's life about? - love, compassion, interconnectedness @\xe2\x80\xa6"""
879263006516969472,2017-06-26 09:00:11,b'RT @SymPol10: SymPol10 programme now available!\nSee our facebook post: https://t.co/75Vz9UbL6C'
870217666392403968,2017-06-01 09:57:14,b'RT @kobin: The ICCA website is now live! Check out the plenary speakers and pre-conference workshops #icca2018 https://t.co/8A9KQuFueO http\xe2\x80\xa6'
863400469821050881,2017-05-13 14:28:07,b'RT @Babelzine: Are you an aspiring young linguist? Get scribbling and win the chance to be published in Babel!\n\nMore info at https://t.co/J\xe2\x80\xa6'
863103779431960576,2017-05-12 18:49:11,b'Congratulations @Rhian_Barton https://t.co/H9UkGvCTOo'
855027848138174465,2017-04-20 11:58:19,"b'Brilliant repair presentation at #ConversationAnalysisYork from @Gyuzel_G (and Reem, Ying and Stefanie) https://t.co/VqaV07RFVW'"
854654091938721792,2017-04-19 11:13:08,b'Another CA visual aid at #ConversationAnalysisYork https://t.co/gXXmCfbGUB'
854650833719480320,2017-04-19 11:00:12,b'The robin and the penguin are making a return @ajmerrison #ConversationAnalysisYork https://t.co/pTVS6rnNLY'
853624095786901504,2017-04-16 15:00:18,"b""RT @SymPol10: We've had lots of submissions, but there's still time to submit an abstract! Details attached: https://t.co/LOfBmlSkND"""
850659319704158209,2017-04-08 10:39:20,b'@l_m_walz examining category negotiation at #iMean5 https://t.co/1aspA11xVV'
850658766722928641,2017-04-08 10:37:09,b'@l_m_walz on an MCA-inspired approach to identity construction in expatriate blogs #iMean5 https://t.co/o3pMltSCnb'
850656916288270336,2017-04-08 10:29:47,b'Exciting talk from @l_m_walz at #imean5 up next https://t.co/xdQgwzWJhI'
803944803046215681,2016-11-30 12:52:32,b'Time to get the coloured pens out for a Virginia data session at #ConversationAnalysisYork Turn-Taking course https://t.co/DL9JffGABE'
799640946916921344,2016-11-18 15:50:33,b'@YorkStJohn @YSJLangLing The past 3 years have been amazing thanks to so many people. So proud to read the vote of\xe2\x80\xa6 https://t.co/NLpzAv3HCs'
798126007421169664,2016-11-14 11:30:43,"b'RT @ajmerrison: @YSJLangLing \nListening to @tillyflint8 at the 11th YSJ PG Research Methodologies Conference about how ""close looking helps\xe2\x80\xa6'"
791952691605803008,2016-10-28 10:40:10,b'RT @GabbyWilson15: Students as Researchers vacancies are up at #YSJURC https://t.co/5l1x5ZUzpm'
783330069867560960,2016-10-04 15:36:56,b'RT @YSJLangLing: Our undergrad and PhD students using the fantastic resources in the linguistics lab. https://t.co/xvrZ18crL1'
770340344533753856,2016-08-29 19:20:25,b'Great day at @greatfooddrink @NewsteadAbbey. Will definitely be attempting this lemon cheesecake by @nancybbakes. https://t.co/rTodOjg2PR'
763830571575500800,2016-08-11 20:12:54,"b""RT @WayneDavid81: Apparently hugging is not very 'manly'. This backward view of gender behaviour and casual homophobia has to stop. https:/\xe2\x80\xa6"""
759881313675452416,2016-07-31 22:39:57,b'RT @rolsi_journal: Super advert for a really good undergraduate course (with excellent EM / CA teaching) at York St John. https://t.co/oTli\xe2\x80\xa6'
759852430104244224,2016-07-31 20:45:11,"b'RT @YorkStJohn: ""... wring the juices out of life"" when you study Languages &amp; Linguistics with us https://t.co/mPRt9CJ5Ak'"
754048297480884224,2016-07-15 20:21:38,"b'RT @LizMarsden_AS: loved this talk, the data was so classically awkward! https://t.co/PbOkC12qfF'"
754045670810681344,2016-07-15 20:11:12,b'@therudelinguist - famous friends changing the UK tea drinking habits one person at a time - https://t.co/tWIIFPwefo'
754045194052435968,2016-07-15 20:09:18,"b""RT @LizMarsden_AS: well, I was convinced! I entirely blame @tillyflint8 and @ajmerrison's data for this purchase! #impoliteness https://t.c\xe2\x80\xa6"""
753883245683638272,2016-07-15 09:25:46,"b'RT @rachelmapson: @LIAR4Conference Day 3 - impolite politeness, pleaselessness, badger rescue and a sales pitch for hibiscus tea #impoliten\xe2\x80\xa6'"
753534027479613442,2016-07-14 10:18:06,b'RT @helenjattwood: #impoliteness @LIAR4Conference @tillyflint8 on disaffiliations about buzzfeed and tea drinking https://t.co/v1OegOuUmK'
753174812596592640,2016-07-13 10:30:43,"b'RT @therudelinguist: #impoliteness managers using mockery in meetings, and staff doing co-mocking. Rapport work at work doing eork related\xe2\x80\xa6'"
752200933430403072,2016-07-10 18:00:52,b'RT @Wimbledon: Etched into history.\n\n#Wimbledon https://t.co/hMfPT8BMq8'
747753999059787776,2016-06-28 11:30:20,b'RT @AbbieReichardt: When You Realise You Have To Wait 10 Months For Season 7 #GoTFinale https://t.co/ojg58UqRUS'
746289513689939968,2016-06-24 10:31:00,"b""RT @jk_rowling: I don't think I've ever wanted magic more.  https://t.co/gVNQ0PYIMT"""
746289132247388160,2016-06-24 10:29:29,b'RT @jk_rowling: Proud to be part of #TheIndecentMinority https://t.co/wb91hJm1n8'
746262799609925632,2016-06-24 08:44:50,"b""RT @Jack15194: I'm not angry, I'm disappointed in the UK. I am thankful I live in a place that voted remain."""
745403095627272192,2016-06-21 23:48:41,b'RT @ajmerrison: Three 2-hr CA data sessions happening Thurs 23 June at York St John. Contact @ajmerrison if interested in details. #Convers\xe2\x80\xa6'
744877119839342594,2016-06-20 12:58:39,b'RT @Jack15194: Sophie Walker (@YorkStJohn) on  what happens after peer feedback #ieci2016 https://t.co/nPlHZOuoE1'
744849277223043072,2016-06-20 11:08:00,b'RT @comeonkids: First invited speaker today: Jan Hardman from @UniOfYork #IECI2016 https://t.co/S6fACBc7Yr'
743051660545695744,2016-06-15 12:04:55,b'RT @helenjattwood: Stripes in homage to Sacks. #ConversationAnalysisYork https://t.co/3JwYvLSQwB'
743049750736457728,2016-06-15 11:57:20,"b'RT @ajmerrison: ""Tilly ain\'t no lady!""\n\nIt didn\'t take long for @KitzingerCelia to get a feel for her CA Summer School students!\n\n#Conversa\xe2\x80\xa6'"
743018705282555904,2016-06-15 09:53:58,b'RT @sue_wilkinson: Natalie Flint on repair to person ref in her data #ConversationAnalysisYork https://t.co/SYn6ibcNhq'
743018694121558017,2016-06-15 09:53:55,"b""RT @ajmerrison: What? \nYou don't know who TILLY is? \nShould've been in York doing CA today!\n(FYI: she's the lady who helped us!)\n\n#Conversa\xe2\x80\xa6"""
742670926655946753,2016-06-14 10:52:01,"b'RT @ajmerrison: Sue Wilkinson: \n""Work at the CENTRE of the collection, not the periphery (robins, not penguins!)""\n\n#ConversationAnalysisYork'"
732156534529134592,2016-05-16 10:31:35,"b'RT @wicaksono: York St John SU awards 2016 - Best Faculty Chair: Grace Mason, Best Student Rep: Sophie Walker, Award for Teaching Excellenc\xe2\x80\xa6'"
710115591009538048,2016-03-16 14:48:44,b'RT @ajmerrison: @andylaw31 @AdamCSchembri @tillyflint8 Adam is speaking IN ENGLISH. But with terps INTO BSL. 17:00 doors open. Lecture star\xe2\x80\xa6'
687749394809143297,2016-01-14 21:33:28,b'RT @Mattdavelewis: I was at Leavesden Studios today when I heard the news. As I walked through the canteen I\xe2\x80\xa6 https://t.co/tvOqG8EfjE'
687749368204623872,2016-01-14 21:33:21,"b""RT @jk_rowling: My thoughts are with Rima and the rest of  Alan's family. We have all lost a great talent. They have lost part of their hea\xe2\x80\xa6"""
687749306611273728,2016-01-14 21:33:07,b'RT @EmWatson: #alanrickman https://t.co/4WXwnoUtM7'
687748865806708736,2016-01-14 21:31:22,b'RT @tommcfly: So sad to hear that we\xe2\x80\x99ve lost Alan Rickman. What a brilliantly talented man. Countless amazing performances. What a sad week.'
687748681425104897,2016-01-14 21:30:38,"b""RT @Evy_Lynch: I'll also never forget how scary it was to accidentally bump into him as Snape. And how he made us love Snape so much!\xe2\x9d\xa4\xef\xb8\x8fRest\xe2\x80\xa6"""
687748662584279041,2016-01-14 21:30:33,"b""RT @Evy_Lynch: Am not prepared for a world without Alan Rickman. Such a beautiful soul. He was so kind &amp; generous in the moments he wasn't \xe2\x80\xa6"""
687644176524120064,2016-01-14 14:35:22,"b""RT @jk_rowling: There are no words to express how shocked and devastated I am to hear of Alan Rickman's death. He was a magnificent actor &amp;\xe2\x80\xa6"""
687631698700406784,2016-01-14 13:45:47,"b""RT @stephenfry: What desperately sad news about Alan Rickman. A man of such talent, wicked charm &amp; stunning screen &amp; stage presence. He'll \xe2\x80\xa6"""
687630001915707392,2016-01-14 13:39:02,"b'RT @RollUpHills: Rest in peace, Alan Rickman. #RaiseYourWands https://t.co/9JqsN4HzmP'"
672941270436827138,2015-12-05 00:51:16,b'RT @antanddec: YEAH! D \n#CelebrityMasterChef #ImACeleb'
672941199003660288,2015-12-05 00:50:59,b'RT @ITV: Did someone mention #CelebrityMasterChef?\n\n@TheTonyHadley @antanddec @imacelebrity @ITV #ImACeleb https://t.co/TpP2AwC6g9'
672941066513858562,2015-12-05 00:50:27,"b""RT @OK_Magazine: Is THIS the best #ImACeleb moment EVER? Dec's victory run is EVERYTHING! https://t.co/racOmCAv9V @antanddec https://t.co/W\xe2\x80\xa6"""
623629753585635329,2015-07-21 23:04:54,"b'@Jack15194 \xe2\x80\x9c@LordSnow: King Baymax, First of His Name. http://t.co/pRtOElmZMb\xe2\x80\x9d'"
589942106648666113,2015-04-20 00:02:13,"b'RT @ajmerrison: #ULAB2015 is dead. Long live #ULAB2016! (Well, for a year at least!)'"
589768978802810881,2015-04-19 12:34:16,"b'RT @ajmerrison: #ULAB2015 An Investigation into the Achieved Audience Design through Comments on a Customer Driven, Anonymous Public Forum.\xe2\x80\xa6'"
589567427102507008,2015-04-18 23:13:22,b'RT @Puchowskijk: #ULAB2015 - discussing the procedure behind meme cultivation with Hannah Purnell'
582310483937648640,2015-03-29 22:36:52,b'RT @GoT_Tyrion: It is all relative http://t.co/po9IPTSbqa'
569618822812082176,2015-02-22 22:04:45,b'RT @EmWatson: WORLD \xe2\x99\xa5 Remember that little talk we had about not believing everything written in the media?!'
562679103569276929,2015-02-03 18:28:47,b'RT @LingStudents: The plenaries for ULAB5 are: Dr Diane Nelson @UniversityLeeds Prof. Paul Drew @LboroSocSci @lborouniversity &amp; Prof. Peter\xe2\x80\xa6'
549260962973614080,2014-12-28 17:49:53,"b'RT @GoT_Tyrion: ""@sunfyree: Checking my presents like"" http://t.co/ayESBjApCL'"
539568901496270848,2014-12-01 23:57:05,b'RT @antanddec: I could get used to this.. \nA http://t.co/4aVE4GCunb'
526697034850779136,2014-10-27 11:28:53,b'RT @YSJTEL: How #YSJURC Was Won http://t.co/X0m2wFmDDo Ft. @til_dawn8 @HazelnutinYork @Jack15194 @Thomas29Jackson @JaimeRaynor @risedotglob\xe2\x80\xa6'
525282951047958528,2014-10-23 13:49:49,b'RT @stephenfry: And very sticky floors they must be too... http://t.co/0thd4i6Qrn'
524934429484261376,2014-10-22 14:44:55,"b""\xe2\x80\x9c@HazelnutinYork: #YSJURC it's getting very competitive now!\xe2\x80\x9d Game on!"""
524933572751532032,2014-10-22 14:41:31,b'RT @HazelnutinYork: #YSJURC you have totally put me off a PhD... # thanks'
524933229657485312,2014-10-22 14:40:09,"b""RT @HazelnutinYork: #YSJURC please don't make me finish third @til_dawn8"""
524932948894965760,2014-10-22 14:39:02,"b""RT @Jack15194: @til_dawn8 It's been fixed! Aha!"""
524932587077505024,2014-10-22 14:37:36,b'When did this happen? #YSJURC http://t.co/lwtB9gsoQ4'
524932481368461312,2014-10-22 14:37:11,b'RT @HazelnutinYork: #YSJURC really enjoyed today. It has definitely been very helpful and useful.'
524932461047078913,2014-10-22 14:37:06,b'RT @MandyAsghar: @Jack15194 you could always come back next year!'
524927344444981248,2014-10-22 14:16:46,"b""RT @MandyAsghar: Not sure I can cope with linguistics over my head. Didn't know you could get so involved over can and could #YSJURC"""
524923934933008384,2014-10-22 14:03:13,"b""RT @HazelnutinYork: #YSJURC love this guy's accent"""
524923613900972032,2014-10-22 14:01:56,b'RT @HazelnutinYork: @til_dawn8 #selfie #YSJURC http://t.co/EeW3EOZcOy'
524922878102601730,2014-10-22 13:59:01,b'PhD? Scary stuff #YSJURC http://t.co/nt6m6mKMzB'
524907033943109633,2014-10-22 12:56:03,b'RT @Jack15194: #YSJURC http://t.co/da4ZoAVsMd'
524907032315695104,2014-10-22 12:56:03,b'RT @Jack15194: Colloquium tonight with Liz Holt #YSJURC'
524906950572900352,2014-10-22 12:55:43,b'RT @Jack15194: Cakes. #YSJURC http://t.co/CHO1D9GQpo'
524906757005799424,2014-10-22 12:54:57,"b'RT @PhilVincent: @til_dawn8 woo, your YSJ Undergraduate Research Conference score is 16 making you #4 for now! https://t.co/RF2BLNm9P0 #YSJ\xe2\x80\xa6'"
524906733102452737,2014-10-22 12:54:52,b'Refreshments. #YSJURC http://t.co/jbSCnIVZAA'
524892114350772224,2014-10-22 11:56:46,"b""RT @Jack15194: Blanca ain't got a chance #YogaFire #lol http://t.co/3VNdIfPZ1L"""
524878988465152000,2014-10-22 11:04:37,b'RT @Jack15194: The lady who threw a sandwich at @ajmerrison last year is here at #YSJURC'
524858329869611008,2014-10-22 09:42:31,b'RT @Jack15194: #YSJURC http://t.co/2P1TSxB27k'
524858302342377472,2014-10-22 09:42:25,b'RT @Jack15194: Workshop people #YSJURC http://t.co/cCrzcCg4wm'
524856934684704768,2014-10-22 09:36:59,b'RT @Jack15194: #YSJURC'
524856923024556032,2014-10-22 09:36:56,b'RT @Jack15194: At the #YSJURC'
524856917869735936,2014-10-22 09:36:55,b'RT @Jack15194: Today is the #YSJURC'
524856909984452608,2014-10-22 09:36:53,b'RT @Jack15194: Keynote at #YSJURC'
524856901209972736,2014-10-22 09:36:51,b'RT @Jack15194: Lots of linguists at the #YSJURC'
524856895388282880,2014-10-22 09:36:49,b'RT @Jack15194: Keynote over at #YSJURC'
524856844716892160,2014-10-22 09:36:37,b'RT @Jack15194: #YSJURC http://t.co/aZucDCLpb8'
524856836005326848,2014-10-22 09:36:35,"b'RT @Jack15194: Remember, you are backpack?? #YSJURC'"
524856804824858625,2014-10-22 09:36:28,b'RT @Jack15194: #YSJURC http://t.co/HUgtHnbfHv'
509724834008666112,2014-09-10 15:27:25,b'RT @GoT_Tyrion: Current mood http://t.co/rkyAAq6iwZ'
505101455825436672,2014-08-28 21:15:46,b'RT @davidschneider: Forget Game of Thrones. Bake Off was the most shocking thing ever on British TV #gbbo\n(ta @davidlberesford) http://t.co\xe2\x80\xa6'
502036242708844545,2014-08-20 10:15:42,"b'RT @qikipedia: Word of the day: CRABBIT \xe2\x80\x93 (Scottish) in a bad mood, especially first thing in the morning.'"
501765328213655552,2014-08-19 16:19:11,"b""RT @ProblemsAtUni: School students: Summer is over.. \xf0\x9f\x98\xa9\xf0\x9f\x98\xad \n\nUni students: Are you sure I can't move in two weeks early?"""
500752336407764993,2014-08-16 21:13:55,"b'RT @gittisun: RT @amylou4442: James blunt is amazing, cant belive how close he was! http://t.co/Og9kRqM6xg #bluntontour #MoonLanding'"
500752149962563586,2014-08-16 21:13:10,b'RT @Carolynne1970: @DoncasterRaces #jamesblunt  #MoonLanding #bluntontour #northerners #doncaster http://t.co/RHSnOkuDeZ'
500387971044872193,2014-08-15 21:06:03,"b'@mgrace159, you have watched me suffer this! http://t.co/4O5dN9q6aU via @9GAG'"
499148690213576704,2014-08-12 11:01:36,b'RT @stephenfry: Devastating news about @robinwilliams \xe2\x80\x94 knew him a little and liked him a whole lot more. A brain wired like no other and s\xe2\x80\xa6'
498919795581267968,2014-08-11 19:52:03,"b'RT @daraobriain: God, the ending of Monsters U. is so sad! \xe2\x80\x9cWe\xe2\x80\x99re going to be Scarers!\xe2\x80\x9d Nope, I\xe2\x80\x99ve seen Monster Inc. You didn\xe2\x80\x99t make it. No\xe2\x80\xa6'"
498446838903496704,2014-08-10 12:32:41,"b""RT @AlfieBoe: Good morning to all in the UK. Still dancing to Dexy's Midnight Runners here in the States. Let's dance together no matter th\xe2\x80\xa6"""
497509041107898368,2014-08-07 22:26:13,b'RT @GoT_Dany: Valar Morghulis--but we are not men. http://t.co/joxQwNikoW'
496693071174971393,2014-08-05 16:23:50,b'RT @BeatingHerUnder: My Summer Has Been Like http://t.co/QOURlfswLh'
496692958251741184,2014-08-05 16:23:24,b'RT @_Snape_: Tuesday is just second Monday.'
496414930393133056,2014-08-04 21:58:37,"b'RT @BritishBakeOff: Ready, steady... wait! Two days to go... #GBBO http://t.co/0tCP0Zh5gD'"
496355538268336128,2014-08-04 18:02:36,"b'RT @SimsLogic: ""Oops I slipped!"" \n\n*shoves entire hand up girl\'s vagina* http://t.co/nQ2R0n9AaD'"
495285308582133760,2014-08-01 19:09:54,b'http://t.co/8hX5TOdBLZ'
494880212728176640,2014-07-31 16:20:11,b'RT @BritishBakeOff: Whenever we try to read these words we get hypnotised by *those* blue eyes. Six... days... to... ? #GBBOCountdown http:\xe2\x80\xa6'
494572841527181312,2014-07-30 19:58:48,b'RT @GameThroneReact: When boys are like brothers to you ... http://t.co/WHVUYSCgvP'
493024108675100672,2014-07-26 13:24:42,b'RT @GoT_Tyrion: Walking into the club like... http://t.co/6FAvyI9des'
490248806458720256,2014-07-18 21:36:38,b'RT @NorthernerLogic: A North/South divide can be depicted in a Waitrose store locator http://t.co/N4oXsP5jKy'
488441391614558208,2014-07-13 21:54:37,b'RT @bbcdoctorwho: And if you\xe2\x80\x99re just joining us after the #WorldCupFinal\xe2\x80\xa6 It\xe2\x80\x99s time for something much more important: http://t.co/EDuiT92F\xe2\x80\xa6'
488434915550449664,2014-07-13 21:28:53,"b'RT @bbcdoctorwho: LIFE RETURNS! #DoctorWho is back on @BBCOne on 23 August! See the incredible trailer, now! http://t.co/EDuiT92FUE http://\xe2\x80\xa6'"
486923810101538816,2014-07-09 17:24:17,"b""RT @LukeItsBatman: So glad @IanMcKellen will be playing a different spin on Sherlock Holmes - sounds great, can't wait!"""
486829094739267585,2014-07-09 11:07:55,"b'RT @mrchrisaddison: I love it to be a Germany v Argentina final, just to see the back page of the Sun explode with confusion.'"
486511006546685953,2014-07-08 14:03:57,b'@LukeItsBatman I remember skipping statistics for sleep and @pottermore  Never regretted that decision.'
485828103735095298,2014-07-06 16:50:20,b'RT @nusuk: The award for small and specialist union of the year goes to @YSJSU #NUSAwards14'
485559421792419842,2014-07-05 23:02:42,b'A Saturday night in with Tim Minchin is a Saturday night well spent. #tim #minchin #saturdaynight\xe2\x80\xa6 http://t.co/uehUpdUOYv'
485557270580035584,2014-07-05 22:54:09,"b""RT @timminchin: \xe2\x80\x9c@BBCOne: The new Doctor lands Saturday 23rd August. http://t.co/myxF0SvYAv\xe2\x80\x9d  It's about time. (And other things, but mostl\xe2\x80\xa6"""
485555509194653696,2014-07-05 22:47:09,b'RT @BBCOne: The new Doctor lands Saturday 23rd August. #DoctorWho http://t.co/HTuOzUdEhY'
