id,created_at,text
970703341310431232,2018-03-05 16:51:26,"b'for years, I never felt like my colleagues who were always nose to the grind and had several projects on the go...\xe2\x80\xa6 https://t.co/TzCwIiFGsM'"
968980601880510464,2018-02-28 22:45:52,"b'RT @NeuroscienceNew: For Some, Hearing Loss May Be Tied to Memory Loss\n\nA new study reveals people with central hearing loss are twice as l\xe2\x80\xa6'"
968600426437332994,2018-02-27 21:35:12,"b'first time teaching a three-hour lecture, finish in two hours... #timemanagement #oops'"
968522119737937920,2018-02-27 16:24:02,"b""I bought a laser pointer today. I'm moving up in the world. #gradschool https://t.co/6qw26birU0"""
967119853021626369,2018-02-23 19:31:55,b'RT @edmundlalor: A nice article and video about the paper we published today: https://t.co/20syfBiC5K'
967038900379226112,2018-02-23 14:10:15,"b""@iamscicomm how the brain 'fixes' misheard words #MySciencein6words"""
966661403225423872,2018-02-22 13:10:12,b'RT @helsinkiuni: What is morally right? What is acceptable? Do we have to put all of our inventions into practice? Researchers are longing\xe2\x80\xa6'
966485549484683264,2018-02-22 01:31:26,b'RT @AcademiaObscura: I love the smell of socially acceptable chemical dependence in the morning.'
965624949024215040,2018-02-19 16:31:42,"b""RT @r2rnow: {Featured video} If @LeeBartel's research is any indication, people with #Alzheimers could get a prescription for #music https:\xe2\x80\xa6"""
965374390174191616,2018-02-18 23:56:05,b'RT @AcademiaObscura: Excellent abstract writing advice for all papers. https://t.co/1kANZIJitG'
964746526361874432,2018-02-17 06:21:10,"b'as an intro, an EEG study on aging and auditory attention from our lab that I had the pleasure of helping out on: https://t.co/hgUQlYLWXo'"
964715608850993152,2018-02-17 04:18:19,"b""aaaaaaaand we're online! here's to trying this out and keeping it going."""
