id,created_at,text
969564414709063685,2018-03-02 13:25:44,"b""@MJVentrice @pppapin I can't keep track of how many times that happened to me during my more than two decades in Al\xe2\x80\xa6 https://t.co/FbbpV2LkAy"""
968988800650219521,2018-02-28 23:18:27,"b""@islivingston I suppose if you want your snowstorm, you'll want to see what the 18Z GFS/GEFS has to offer for next\xe2\x80\xa6 https://t.co/8obKTAzdQd"""
968964999627657216,2018-02-28 21:43:53,"b'@splillo Lance Bosart would refer to this as ""ring around the lowsie"".'"
968923518929956869,2018-02-28 18:59:03,"b'@wxmvpete Man, do I remember the April Fools\' Day 1997 storm. Over 16"" of heavy wet snow after a period of heavy ra\xe2\x80\xa6 https://t.co/5dZGgHuqXU'"
968219918461173761,2018-02-26 20:23:11,"b'@antmasiello It seems it was premature to state that the GFS is attempting to break down the block, but in my exper\xe2\x80\xa6 https://t.co/F5wdIzm9An'"
968155001729187845,2018-02-26 16:05:14,"b""@islivingston Yep, it'll probably be tough here too, but still holding out hope that something materializes. At lea\xe2\x80\xa6 https://t.co/4BZ5JWvhA7"""
968153999240257536,2018-02-26 16:01:15,"b'@islivingston Gotcha! Yes, that does look like a supportive pattern for that, too. Would be nice to get some form o\xe2\x80\xa6 https://t.co/Uh6ewxp5EI'"
968152635529408512,2018-02-26 15:55:50,"b""@islivingston That's definitely the general pattern you want to see for any sort of Mid Atlantic storm (snow???) po\xe2\x80\xa6 https://t.co/kquDr9JMEp"""
967989821217103872,2018-02-26 05:08:52,"b'@antmasiello Certainly quick to break down the block, although it remains the only model to depict such an evolutio\xe2\x80\xa6 https://t.co/X43cLCYe2r'"
967161063769767936,2018-02-23 22:15:41,"b""@islivingston For sure! Wasn't minding the ~80 degree weather a couple of days ago, though! \xe2\x98\x80\xef\xb8\x8f\xf0\x9f\x8c\xb4"""
967160166482313221,2018-02-23 22:12:07,"b""@islivingston Yeah, I'm keeping my fingers crossed! Still can't rule out a big snow event from DC to NYC in March,\xe2\x80\xa6 https://t.co/BbemRn7sRa"""
967159566533382147,2018-02-23 22:09:44,"b""@islivingston Yeah, at least from a pattern recognition standpoint, it's good. Given that the best window of opport\xe2\x80\xa6 https://t.co/KSYgA2udRx"""
967154290883203072,2018-02-23 21:48:46,"b""@islivingston Of course, that doesn't mean a storm is guaranteed, and we're fighting the upward seasonal adjustment\xe2\x80\xa6 https://t.co/Ba1aiaxOYe"""
967153976918577153,2018-02-23 21:47:31,"b'@islivingston I was just reading through one of your late Jan 2016 posts entitled ""Blizzard 2016: The art of sniffi\xe2\x80\xa6 https://t.co/g1odBwXOoA'"
966493152294195201,2018-02-22 02:01:38,"b""@pppapin @burgwx @WxJase @EricBlake12 Yep, that's caused much frustration in my years up there. I suspect past simi\xe2\x80\xa6 https://t.co/dyrK5EtJyZ"""
966111130270797824,2018-02-21 00:43:37,"b'@webberweather @antmasiello @WeatherInTheHud Also, there are instances in which biases of the same sign carry throu\xe2\x80\xa6 https://t.co/XwdUoLpct0'"
966110278151823362,2018-02-21 00:40:14,b'@webberweather @antmasiello @WeatherInTheHud You can get a sense of preferred bias states simply by looping through\xe2\x80\xa6 https://t.co/wETwyvN67v'
966097009542352897,2018-02-20 23:47:30,"b""@webberweather @WeatherInTheHud @antmasiello That's just to illustrate that biases assoc. with shorter timescale va\xe2\x80\xa6 https://t.co/CJocjtmPkG"""
966095805479301120,2018-02-20 23:42:43,b'@webberweather @WeatherInTheHud @antmasiello I make EPS and GEFS 2m temp bias plots for some consulting work I do.\xe2\x80\xa6 https://t.co/jcdZHCihIC'
966093979795296257,2018-02-20 23:35:28,b'@webberweather @WeatherInTheHud @antmasiello This is absolutely true. While models have climatological and mean sta\xe2\x80\xa6 https://t.co/zAZZknnDfu'
966090285896945664,2018-02-20 23:20:47,b'RT @AMS_Energy: The #AMS Energy Committee is planning a webinar - What would YOU want us to talk about?  We have ideas but would love to he\xe2\x80\xa6'
965999927506755584,2018-02-20 17:21:44,"b""@burgwx @joshtimlin Although this one doesn't quite meet your separation criterion (I think 70s to snow occurred ov\xe2\x80\xa6 https://t.co/0pDEZXst75"""
965407792487157761,2018-02-19 02:08:48,b'@KathieDello @pppapin @burgwx @ualbany Yes it is! The new football stadium can be seen in the background.'
965407583912816640,2018-02-19 02:07:59,"b""@burgwx @pppapin That would be something else, but I think it'll be difficult to do. The GFS suggests 75 or 76 is d\xe2\x80\xa6 https://t.co/NcWgX2d6uZ"""
965401672578150400,2018-02-19 01:44:29,b'@burgwx @pppapin I recall that we had full sunshine last February (2/24/17) when we shattered the all-time Feb/DJF\xe2\x80\xa6 https://t.co/AqhTrRFQOb'
965399530752630784,2018-02-19 01:35:59,"b""@pppapin Yep, and that'd still yield a crazy warm day for February 21st! The GFS has been consistently on the warm\xe2\x80\xa6 https://t.co/RvgZyaieuK"""
965396874650963968,2018-02-19 01:25:25,"b""@pppapin I bring this point up because having grown up there, I've experienced many instances in which either low-l\xe2\x80\xa6 https://t.co/KSc3WYLXlA"""
965396014491414528,2018-02-19 01:22:00,"b""@pppapin I think you're right, @pppapin. I think in order to set a new record, downsloping flow off the Catskills w\xe2\x80\xa6 https://t.co/2NPc9UR0iB"""
965039902160285696,2018-02-18 01:46:56,"b'@burgwx Yep, very reminiscent of that. Here in the city, it should be all gone by tomorrow evening.'"
965038589271822342,2018-02-18 01:41:43,"b'@burgwx Yeah, snow rates just across the river were even higher. Very large and wet snowflakes producing ~50 dBZ re\xe2\x80\xa6 https://t.co/D1drQZuVch'"
965037213904982016,2018-02-18 01:36:15,b'@burgwx We had a great pasting of snow in PHL. Came down very hard and very fast--enough to stick to the roadways.\xe2\x80\xa6 https://t.co/aJcCnMrOQo'
965035313230991360,2018-02-18 01:28:42,b'40 dBZ snow is great snow. Excellent thump here in PHL. \xe2\x9d\x84\xef\xb8\x8f'
964978093344555016,2018-02-17 21:41:20,b'First flakes are flying in the City of Brotherly Love! \xe2\x9d\x84'
964929414826995713,2018-02-17 18:27:54,"b'@burgwx Yeah, there will be BL issues in esp. urban areas and closer to the coast, but it should still be a fun eve\xe2\x80\xa6 https://t.co/pGRQEINebq'"
964926457087700992,2018-02-17 18:16:09,"b'@burgwx I agree, Tomer. Strong dynamics should offset marginal temps and mitigate ptype issues in the PHL metro. A\xe2\x80\xa6 https://t.co/vjOq7oq05E'"
964580957406793730,2018-02-16 19:23:15,"b""@MJVentrice Yep, and 1962 also had at least one similar short-lived period (according to CPC's daily indices). In b\xe2\x80\xa6 https://t.co/HkNFNAwjEV"""
964557096619577346,2018-02-16 17:48:27,b'@MJVentrice There was a similar period in late Feb/early Mar 2006. The first 15 days of March averaged out like thi\xe2\x80\xa6 https://t.co/iketRzfQPh'
963913701324677121,2018-02-14 23:11:49,"b'RT @cmclymer: I am a military veteran, a proud Texan, and a gun owner, and I am sick and tired of seeing ""thoughts and prayers"" tweets from\xe2\x80\xa6'"
963770029065101314,2018-02-14 13:40:55,b'RT @mikarantane: Typical post-#SSW pattern expected during next weeks. Current MSLP forecast is very similar to the MSLP anomaly from @DrAH\xe2\x80\xa6'
962843212548276225,2018-02-12 00:18:05,b'@jacquesmainguy Enjoy it! The Northeast has had plenty of luck in recent years (that depends a bit on where you liv\xe2\x80\xa6 https://t.co/n54KSuyd5P'
962838076702838784,2018-02-11 23:57:40,"b""@jacquesmainguy Definitely a bummer for folks in the E US who enjoy snow and cold. I'm okay with the warmup, but wo\xe2\x80\xa6 https://t.co/n30pIYlz4x"""
962362925175492609,2018-02-10 16:29:35,b'An historic #SSW event continues to unfold. https://t.co/BNrYJxNFJq'
961726267174289408,2018-02-08 22:19:44,"b""@alopezlang You're welcome, Andrea! As someone who studies other components of S2S variability and predictability (\xe2\x80\xa6 https://t.co/y1pfQhpyYV"""
961647711664721921,2018-02-08 17:07:35,b'https://t.co/BPoYLZL68W'
961646238943858688,2018-02-08 17:01:44,b'Philly Philly Dilly Dilly! https://t.co/ta8mViVLjo'
961628166912663553,2018-02-08 15:49:55,b'Down by Philadelphia City Hall for the Eagles parade. Seen here is only a very small fraction of the full turnout.\xe2\x80\xa6 https://t.co/x8ZC2qJVZt'
961335326131343363,2018-02-07 20:26:17,"b""@burgwx That's one of the strongest signatures I've ever seen up that way!"""
961266246674276353,2018-02-07 15:51:47,b'An excellent thread by @alopezlang re: why we should care about the stratosphere (and other S2S pattern drivers). T\xe2\x80\xa6 https://t.co/S3tu5fbDBW'
961088512811524096,2018-02-07 04:05:32,"b""@burgwx Yeah, it's a good reminder that cold does not guarantee lots of snow! This winter has been interesting--bel\xe2\x80\xa6 https://t.co/TotR6VTLeJ"""
961085531198230528,2018-02-07 03:53:41,b'@burgwx Sorry things have taken a bad turn for you guys \xf0\x9f\x99\x81. I know your frustration having lived on the edge of so m\xe2\x80\xa6 https://t.co/4K7j3TMFCa'
960912855896940545,2018-02-06 16:27:32,"b'@burgwx Yeah, it\'s a very nice setup! Even if a little PL mixes in, you\'ll still likely end up with a solid 8"" (and\xe2\x80\xa6 https://t.co/fphhHndcQT'"
960911627175546880,2018-02-06 16:22:39,"b""@burgwx Enjoy your snow tomorrow! It looks like it'll be a solid event!"""
960723232302292992,2018-02-06 03:54:02,"b""@antmasiello Yep, that's very true! Hoping it all aligns in our favor!"""
960722248788316162,2018-02-06 03:50:08,"b""@antmasiello I've been paying close attention to this signal as well. It's certainly the best I've seen in a while,\xe2\x80\xa6 https://t.co/RVmo5GgH4Q"""
960666686528610304,2018-02-06 00:09:21,b'RT @ametsoc: The program committee for #AMS2019 in Phoenix is seeking input from the AMS community for setting the scientific &amp; technical p\xe2\x80\xa6'
960381951004827648,2018-02-05 05:17:54,b'Philadelphia is lit tonight!!! #FlyEaglesFly #SuperBowl #Phinally'
960260072877232128,2018-02-04 21:13:36,"b""@burgwx It's definitely not favorable for the I-95 corridor. The interior Northeast has about 1 more week of winter\xe2\x80\xa6 https://t.co/Gch3WeMKEM"""
960245718479986689,2018-02-04 20:16:34,"b""@burgwx Yeah, that's a reasonable expectation! I lived there long enough to experience plenty of downsloping frustr\xe2\x80\xa6 https://t.co/fsomd1x9Ls"""
960243108486184960,2018-02-04 20:06:12,"b'@burgwx Another limiting factor to snow amounts for ALB is strong, unidirectional southwesterly flow aloft, which f\xe2\x80\xa6 https://t.co/c1NMk7zpkb'"
959425484693098498,2018-02-02 13:57:15,b'@wxjay @DTVaWeatherman @judah47 Things like increasing solar radiation and lack of snow cover also cause concern go\xe2\x80\xa6 https://t.co/q82dnHIN96'
959423751992627200,2018-02-02 13:50:22,"b'@wxjay @DTVaWeatherman @judah47 Of course, the current state and projected evolution of convective forcing historic\xe2\x80\xa6 https://t.co/0jEwUCjK3y'"
959422982035779586,2018-02-02 13:47:18,"b""@wxjay @DTVaWeatherman @judah47 I'm having a hard time seeing obvious pathways to eastern US cold even in the longe\xe2\x80\xa6 https://t.co/Gshhpfki24"""
958857053363232769,2018-02-01 00:18:30,"b""@EricBlake12 @mattlanza @afreedma I've studied the MJO for years, and still struggle to communicate it. It continue\xe2\x80\xa6 https://t.co/2LNmnz6o3L"""
958479084429987841,2018-01-30 23:16:36,b'@AliciaMBentley We were still overcast at sunset just a little up the road from you! No beautiful views here. \xe2\x98\x81\xef\xb8\x8f\xf0\x9f\x8c\x87'
958172309021450243,2018-01-30 02:57:35,"b'@burgwx Hey, your tornado is blowing away all my snow! \xf0\x9f\x98\x84'"
958138006208176134,2018-01-30 00:41:16,"b'While surface conditions across the Northeast have been rather tame all day, the roaring jet overhead has been prod\xe2\x80\xa6 https://t.co/DE22G2Rxo2'"
957984087481962497,2018-01-29 14:29:39,"b'@MJVentrice @cerebralv0rtex @webberweather Or, more generally, having a difficult time resolving nonlinear dynamics\xe2\x80\xa6 https://t.co/Htj05mbHXs'"
957651826710663169,2018-01-28 16:29:22,b'@MJVentrice The EPS (and other ens prediction systems) showed a similar tendency to deposit too much troughing/cold\xe2\x80\xa6 https://t.co/9Qjkt5k5Ib'
957460215762440192,2018-01-28 03:47:58,"b'@burgwx Also, to answer your question, yes, that type of pattern is historically favored in association with RMM ph\xe2\x80\xa6 https://t.co/ouZLwFGaCW'"
957459303383928832,2018-01-28 03:44:21,b'@burgwx There are instances in which the extratropical response to subseasonal/intraseasonal convective forcing is\xe2\x80\xa6 https://t.co/5UfNAwBvyp'
957441446835081216,2018-01-28 02:33:23,"b""@burgwx My thoughts exactly. I love snow, but I tolerate cold for snow. If it isn't going to snow, bring on the war\xe2\x80\xa6 https://t.co/4KXXnhjGRX"""
957437509402808321,2018-01-28 02:17:45,b'@burgwx Is this map custom made for me? \xf0\x9f\x98\x8a PHL was beautiful today! A high near 60\xc2\xb0F with lots of sun is tough to be\xe2\x80\xa6 https://t.co/nrx0duL617'
955272607506554880,2018-01-22 02:55:12,"b""Fireworks light up the Philadelphia sky following the Eagles' victory against the Vikings. Onward to Super Bowl 52! #FlyEaglesFly"""
954167756349468672,2018-01-19 01:44:55,b'Kudos to the @MikeAugustyniak and the @AMS_BPSM for organizing an engaging webinar that addressed the trajectory of\xe2\x80\xa6 https://t.co/Kj6uOIe4xG'
953719470912102400,2018-01-17 20:03:35,"b'@AliciaMBentley Congratulations, Dr. Bentley! ;)'"
953696312280735745,2018-01-17 18:31:34,b'@MJVentrice @splillo I should say that those thoughts pertain to the eastern 1/2 of the US.'
953695272516845568,2018-01-17 18:27:26,"b'@MJVentrice @splillo Certainly not as much widespread warmth as what was indicated, but a big change from late Dec/\xe2\x80\xa6 https://t.co/ybwECUbwhT'"
953693414884814850,2018-01-17 18:20:03,b'RT @MJVentrice: Well this encouraging for another high-impact winter pattern to set up over the U.S. during the latter half of February; CF\xe2\x80\xa6'
953676180942712832,2018-01-17 17:11:34,"b""Thankful to work with such committed and enthusiastic individuals through @AMS_Energy! I'm proud of everyone for co\xe2\x80\xa6 https://t.co/Yr33uvyU0G"""
950831655333318657,2018-01-09 20:48:26,b'RT @alopezlang: Have fun at the @UAlbanyDAES Alumni Reception at #AMS2018 in Austin.  Its from 6:00-9:00 PM in Rm 408 of the Hilton Austin\xe2\x80\xa6'
949683293284372482,2018-01-06 16:45:16,"b'Looking forward to a week filled with warmer weather, good food, great science, and awesome people at #AMS2018 in Austin, TX!'"
949666055298961409,2018-01-06 15:36:46,"b'While the next 2-3 weeks will feature some temp. variability across the CONUS, this period is very likely to averag\xe2\x80\xa6 https://t.co/ofbiU4AVQt'"
949462206290284544,2018-01-06 02:06:44,b'@wxjay @MJVentrice Definitely could get interesting if the stratosphere couples to the tropospheric signal favored\xe2\x80\xa6 https://t.co/jVqRxxFLnQ'
949434781670010880,2018-01-06 00:17:46,"b'@MJVentrice Given the expected progression of the MJO in the coming weeks, cold risks definitely return going into\xe2\x80\xa6 https://t.co/ImQvWFTLew'"
949425891989512194,2018-01-05 23:42:26,"b'Given the expected progression of MJO convection, our impending warmup will likely be short-lived (~2-3 weeks). Col\xe2\x80\xa6 https://t.co/fjxhLzno94'"
949333923229814789,2018-01-05 17:36:59,b'The beautiful city of #Philadelphia blanketed in a fresh snowfall the day after the great #Blizzardof2018. Taken ab\xe2\x80\xa6 https://t.co/aCjbmkMTJ6'
949333189557981184,2018-01-05 17:34:04,"b'RT @NWSEastern: Here is a look at the total snowfall for the January 3-5, 2018 Blizzard. https://t.co/GrhixWra5p'"
949002337321971712,2018-01-04 19:39:23,"b""@burgwx I'm a little worried about Saturday morning since it'll still be gusty, but I'm staying optimistic! I'm hop\xe2\x80\xa6 https://t.co/10G50MuFxK"""
949000478565822466,2018-01-04 19:32:00,"b""@burgwx Sure enough, flight cancelled. Won't be getting to AUS until Saturday."""
948953103411437569,2018-01-04 16:23:45,"b""@burgwx It looks like you'll still get brushed by that impressive band. The subsidence zone is setting up just east\xe2\x80\xa6 https://t.co/24FR3HkwjR"""
948951393104211968,2018-01-04 16:16:57,b'So close it hurts https://t.co/vQe28050uJ'
948950454532263941,2018-01-04 16:13:13,"b'RT @_Riskpulse: High-risk shipment destinations over the next 1.5 days based on 11,900 shipments in transit.  Notice the extent down to FL\xe2\x80\xa6'"
948944951672438784,2018-01-04 15:51:21,b'@burgwx My main concern is whether or not the plane taking me out of here tomorrow is able to get in later tonight!\xe2\x80\xa6 https://t.co/92xfSmP4lf'
948943224386842625,2018-01-04 15:44:29,"b""@burgwx It certainly hasn't been *bad* down here. I wish I could strap a rope around that coastal band and pull it\xe2\x80\xa6 https://t.co/NfAn09BmgC"""
948940171638132736,2018-01-04 15:32:22,"b'@burgwx That looks great! The radar looks much less anemic down here, too. More uniformly distributed SN/+SN. Hopin\xe2\x80\xa6 https://t.co/Ud7sEhqkyE'"
948939187742478336,2018-01-04 15:28:27,"b""@burgwx Seems like you're doing a lot better now!"""
948910960856756224,2018-01-04 13:36:17,"b""@burgwx Agreed that it's in no hurry to expand westward, but I'll remain optimistic for both of us!"""
948908480886460418,2018-01-04 13:26:26,"b""@burgwx PHL was there earlier, but we've managed to escape it for now. Looks like your situation will improve a bit\xe2\x80\xa6 https://t.co/8ckGQXoymE"""
948771315216994304,2018-01-04 04:21:23,b'@burgwx @antmasiello That screw zone you speak of has been targeting the PHL metro for many model cycles. It looks\xe2\x80\xa6 https://t.co/Dz3g3SMciD'
948740276444712961,2018-01-04 02:18:03,b'RT @NASA_SPoRT: Gravity waves propagating outward from deep convection associated with a #BombCyclone off the Carolina coast. @NOAA #GOES16\xe2\x80\xa6'
948710628407087104,2018-01-04 00:20:14,b'Extra data being collected in an effort to reduce forecast uncertainty associated with the developing major western\xe2\x80\xa6 https://t.co/RflNqE4v7p'
948685738677334017,2018-01-03 22:41:20,"b'Tonight, my own picture from the South Street Bridge. #Philadelphia is #phrozen. https://t.co/ekIpf2usVZ'"
948642344986927104,2018-01-03 19:48:54,b'A tough forecast at a very short lead time. https://t.co/E71YJtdIcT'
948571300641026048,2018-01-03 15:06:36,b'RT @bhensonweather: While the eastern U.S. is pummeled with Arctic-like weather...Arctic sea ice has quietly dipped to its lowest extent on\xe2\x80\xa6'
948548415545278464,2018-01-03 13:35:40,"b'@burgwx It sure will be! The PHL metro is likely to sit right on the precip gradient, which always makes me wary of\xe2\x80\xa6 https://t.co/ZzKudTk3pj'"
948546620936900608,2018-01-03 13:28:32,"b""@burgwx As much as I'd love to believe the 3km NAM...\xf0\x9f\x99\x84"""
948396600153526273,2018-01-03 03:32:24,b'Certainly not a common sight in Philadelphia. https://t.co/uP0pGN2dI3'
948391789421105153,2018-01-03 03:13:17,"b'RT @_Riskpulse: Breakdown of more than 5,000 active external threats to facilities in the U.S. supply chain.  #winter #analytics https://t.\xe2\x80\xa6'"
948371628035014656,2018-01-03 01:53:10,"b'RT @AliciaMBentley: According to an analysis of ECs in the NOAA GEFS reforecast dataset, strong ECs are consistently too fast &amp; right of tr\xe2\x80\xa6'"
945022931968647174,2017-12-24 20:06:39,b'Significant cold appears likely across much of the Northeast U.S. later this week. https://t.co/IdGKMCSPr9'
942932459913728001,2017-12-19 01:39:51,b'RT @MJVentrice: Hold onto your Winter hats... one of the most impressive arctic air masses of the season in store next week https://t.co/14\xe2\x80\xa6'
942790711006474240,2017-12-18 16:16:36,"b'RT @pppapin: Annotating the #Himawari water-vapor imagery, you can see step 1) in action by the #MJO, where the convective outflow via both\xe2\x80\xa6'"
942770101585145857,2017-12-18 14:54:42,"b'@pppapin Plenty of details yet to resolve, but the big picture is sound! These events typically evolve west-&gt;east,\xe2\x80\xa6 https://t.co/gvxEaWVWK6'"
942756031670685697,2017-12-18 13:58:48,b'Model forecasts align very well with time-of-year extratropical response patterns assoc. with tropical convective f\xe2\x80\xa6 https://t.co/hRkvcUzf62'
942754641225420801,2017-12-18 13:53:16,"b'@pppapin Worth noting that the mean state (ENSO) response has been largely dormant thus far, so subseasonal/intrase\xe2\x80\xa6 https://t.co/VXrwt9eHKc'"
942754340502110213,2017-12-18 13:52:04,"b'@pppapin The next forcing event will rapidly transit RMM phases 1-4, yielding a period of E. US warmth in the comin\xe2\x80\xa6 https://t.co/MuqapBkYxg'"
942752207379816450,2017-12-18 13:43:36,b'@pppapin Spot on! Have been watching this unfold since late Nov. Subseasonal variability has dominated forcing in r\xe2\x80\xa6 https://t.co/1B5HU0KCmg'
942502148759269377,2017-12-17 21:09:57,b'RT @burgwx: 3 different ways of interpreting the cold GFS 850mb temps next week:\n\n- anomaly: &gt;14C below avg across much of the US\n- normali\xe2\x80\xa6'
941810602925871105,2017-12-15 23:22:00,b'Any icy glaze covers roadways in Philadelphia after a quick two inches of snow accumulated during rush hour. Lots o\xe2\x80\xa6 https://t.co/PVEKXWlm6e'
941758787874148353,2017-12-15 19:56:06,"b'@pppapin Yeah, that ice potential is worrisome. Worth noting is that the most anomalous cold in the hemisphere grow\xe2\x80\xa6 https://t.co/Hw2WsuoKrp'"
941752864099184640,2017-12-15 19:32:34,b'@pppapin Sorry that you just missed out on it \xe2\x98\xb9\xef\xb8\x8f. The I-95 corridor (esp. northeast of DC) has had a great start to\xe2\x80\xa6 https://t.co/nvys3Im4Ov'
941751055259488256,2017-12-15 19:25:23,b'@burgwx Snow has increased in intensity in PHL over the past hour. Beautiful dendrites accompanying these narrow ba\xe2\x80\xa6 https://t.co/7AhSuKCfGP'
941740968163840002,2017-12-15 18:45:18,"b'Philadelphia\'s third snowfall in less than one week is now underway. A quick shot of 1-3"" will be followed by a mod\xe2\x80\xa6 https://t.co/ogMZqbzE3k'"
941154004121374720,2017-12-14 03:52:55,"b""Heavy snow on Philadelphia's doorstep in association with a quick-hitting but potent clipper #letitsnow https://t.co/99WUpBoZXW"""
938927082125570048,2017-12-08 00:23:55,b'@burgwx It certainly looks like PHL and other I-95 cities could do well if recent model trends hold.'
917085801623818246,2017-10-08 17:54:28,"b""Although I normally don't complain about high dew points, this is a little ridiculous for early October (and so is\xe2\x80\xa6 https://t.co/OsEDwQktLV"""
907781255554588675,2017-09-13 01:41:31,b'My grandmother experienced the wrath of #Irma as its eyewall traversed her home in #NaplesFlorida https://t.co/E9sIefio4o'
907775733451370497,2017-09-13 01:19:35,b'RT @wxbrad: This video out of Georgia is exactly why you take inland threats from tropical systems seriously. https://t.co/XXAyQuy5xu #Irma\xe2\x80\xa6'
907406569834414088,2017-09-12 00:52:39,"b""I'm going to start incorporating some of these abbreviations into my daily online article browsing routine https://t.co/LJkCRjpCkM"""
905413405418369028,2017-09-06 12:52:32,"b""RT @NASA_SPoRT: Late afternoon sun casting a shadow on Hurricane #Irma's eye. #GOES16 https://t.co/CQaSgHzVN6"""
905410350597668868,2017-09-06 12:40:23,b'RT @NOAA_HurrHunter: Video of a flight through the eye of #Irma on #NOAA42. Flights on both the WP-3D Orion and G-IV #NOAA49 continue. Cred\xe2\x80\xa6'
897521073037725697,2017-08-15 18:11:13,"b""View from the South Street bridge two evenings ago. I'm thrilled to call @Philadelphia my new home! https://t.co/WHk4u1cW3F"""
851465452203237377,2017-04-10 16:02:37,"b""Shame on you @united. You're a disgraceful airline. \n\nhttps://t.co/XuDTnwifay"""
809789836626456576,2016-12-16 15:58:36,"b""@fly2ohare I apologize. I'm sure you get unfairly blamed a lot."""
809777501304188928,2016-12-16 15:09:35,"b""@fly2ohare why can't de-icing be done at a remote stand? Many other airports do this!"""
809777156775624704,2016-12-16 15:08:13,b'@fly2ohare and the flight blocking is did so because it was de-icing at the gate. How inefficient!'
809776192282886145,2016-12-16 15:04:23,"b""@fly2ohare we've been waiting for a gate for 30 minutes, and nobody seems to be in a hurry."""
809775902469062661,2016-12-16 15:03:14,"b""@fly2ohare you have one of the worst ground operations I've ever witnessed. About to miss my connection."""
796016094624514049,2016-11-08 15:46:40,"b'Very inspiring, indeed! https://t.co/vBQE2QVPiD'"
796014239177703425,2016-11-08 15:39:18,b'RT @TropicalTidbits: My take on the election. #ElectionDay #Election2016 #python #vote https://t.co/hmm2GeHSWj'
794745228020293632,2016-11-05 03:36:42,b'The City of #Albany #NewYork offers some spectacular #nighttime #views. https://t.co/CpP0ziIqCr'
794548154310033408,2016-11-04 14:33:36,"b""RT @MJVentrice: 3 days into November and blood reds across the board. W/another week of the same, there's no coming back from this in the s\xe2\x80\xa6"""
792140394519793664,2016-10-28 23:06:01,b'#cheers https://t.co/eiCkAOD2fe'
791747269620068352,2016-10-27 21:03:53,b'@ualbany is a special place! #snow #winter https://t.co/vZGaC4DdwM'
791722244569346048,2016-10-27 19:24:27,"b""#Fall battles #Winter at @ualbany on this late #October day. That doesn't stop the #FallColors from putting on a sh\xe2\x80\xa6 https://t.co/xcgvMBjhlT"""
791653724376694784,2016-10-27 14:52:10,"b'Snow overspreads the Hudson Valley this late October morning. Time lapse taken atop Mohawk Tower at @ualbany, court\xe2\x80\xa6 https://t.co/Od48WpeTZT'"
791615230728138752,2016-10-27 12:19:13,"b""The first snowfall of the season is arriving on Albany's doorstep. #snow #winter https://t.co/oPDQXO7TNg"""
791464675175231488,2016-10-27 02:20:57,"b'RT @SouthwestAir: Fall is in the air, and so are we. Captured any autumn foliage from the window seat? https://t.co/R2flTL87q3'"
791424748102180868,2016-10-26 23:42:18,"b""Another day wraps up at @ualbany, as high clouds preceding tomorrow morning's snow increase overhead. Time lapse co\xe2\x80\xa6 https://t.co/PJqAd3Geuo"""
791420465206194176,2016-10-26 23:25:17,"b'RT @AmericanAir: We\xe2\x80\x99ll have a narrow-body A321, with two pumps of #avgeek love &amp; a splash of #pumpkin spice sunset. \xf0\x9f\x92\x81\xf0\x9f\x8f\xbc  \n\n#NationalPumpkinD\xe2\x80\xa6'"
791314814022852608,2016-10-26 16:25:28,"b'Beautiful morning view from atop Mohawk Tower at @ualbany, looking due west towards the Helderberg Escarpment.\xe2\x80\xa6 https://t.co/bjHDg6oThc'"
791313962172317696,2016-10-26 16:22:05,b'RT @HannahAttard: 180h fcst of 10hPa: (1) split polar vortex (2) &gt;+4sigma height anom at  pole (3) -2sigma zonal mean u anom (4) largest 10\xe2\x80\xa6'
790557936141627393,2016-10-24 14:17:54,b'The only way to start my day today is with @DeathWishCoffee. #Saratoga #coffee #Caffeine #Local #Monday https://t.co/gjMoZohyS5'
790321451945648128,2016-10-23 22:38:12,b'Spent the afternoon at #thacherpark. The #northeast wins #fall. #orange #red #yellow #autumn #UpstateNY #Albany #wow https://t.co/wSj5WGgUWB'
790293440777056257,2016-10-23 20:46:53,b'Keep it coming #fall https://t.co/O7l8SpEtPT'
790175615458615296,2016-10-23 12:58:42,b'@EricBlake12 thank you so much! Looking forward to all this year has to offer!'
789968770148294656,2016-10-22 23:16:46,b'@RosimarWx thank you so much!!!'
789967779080368128,2016-10-22 23:12:50,"b'Twenty eight down, many more to go. #twentyeight #birthday #October #cake https://t.co/2stnYMHoD5'"
789891529494163457,2016-10-22 18:09:50,b'Slushy drops all the way to the valley floor on this cold October day. #fall #winter #rainyday #slush https://t.co/UhT3P6sEmj'
789666156810493953,2016-10-22 03:14:17,b'Winding down a long week at @TroyKitchen. #gooseisland #sophie #TroyNY #enjoytroy https://t.co/t4oyQcDnxa'
789603339168194560,2016-10-21 23:04:40,"b'The last vestiges of warmth on a crisp, dark October evening. #autumn #fall #UAlbany #UpstateNY #warm #color\xe2\x80\xa6 https://t.co/g2aUjb51rX'"
789522056815706112,2016-10-21 17:41:41,b'Strong cold front pushing eastward with remarkable temperature gradient across NY and PA--GIF courtesy of\xe2\x80\xa6 https://t.co/gawngYC86O'
789286107120893952,2016-10-21 02:04:06,"b'RT @weatherchannel: The record warmth is over. Now, we have this to deal with: https://t.co/bCZvvO6XjB https://t.co/B4nXZk1L9P'"
789254846029434881,2016-10-20 23:59:53,b'Night color. #fallcolors #blackandyellow #UAlbany #UpstateNY https://t.co/zHfJLRuzfL'
789239299095031808,2016-10-20 22:58:06,"b'Okay @ualbany, you keep outdoing yourself! A sampling of the spectacular fall color on campus. #UAlbany #wow\xe2\x80\xa6 https://t.co/gKF6vwXcQZ'"
789181671773831168,2016-10-20 19:09:07,b'A timeless icon reaching skyward above the city that stole my heart. #johnhancockcenter #Chicago https://t.co/cgQf5GA4CQ'
789175892241068034,2016-10-20 18:46:09,b'Fall color juxtaposed with a grey sky lessens the gloom at @ualbany. #rainydays #Albany #UpstateNY #fall https://t.co/Xh7a307nTR'
788790049714253824,2016-10-19 17:12:57,"b'@AmericanAir thank you for providing great service, and a great photo opportunity!'"
788785447157792769,2016-10-19 16:54:40,"b'@Chicago skyline at sunrise from @fly2ohare, framed by two @AmericanAir tails. #Chicago #sunrise #fall https://t.co/hQf4lUPwsQ'"
788782117408890881,2016-10-19 16:41:26,b'@shabboshouse @ualbany a splash of color adds life to an already vibrant and photogenic campus!'
788770690987991040,2016-10-19 15:56:02,"b'@ualbany from above--19 October 2016. Taken on approach to ALB aboard AA3478, inbound from ORD. #upstateny  #fall https://t.co/FsVugWN76Z'"
649188256710545408,2015-09-30 11:45:16,b'Rainy morning in Upstate NY. http://t.co/DF2ny0o3Tx'
647486294663237632,2015-09-25 19:02:17,b'RT @nywxguy: @alanbrammer @upstateNYwxguy &amp; Nick S  lead our very well-attended computing group meetup! #DAESCG https://t.co/jtWPmfWka7'
486657225390567424,2014-07-08 23:44:58,"b'RT @astro_reid: A huge shout out to @RPI in Troy, NY from a \xe2\x80\x9997 grad on the #ISS http://t.co/vIjONG0lXG'"
484020786928566272,2014-07-01 17:08:42,b'Feeling amazing in the summer heat and humidity! #summer2014'
479817242486386688,2014-06-20 02:45:19,b'Hex clock--a clock that tells both what time and color it is! http://t.co/cElA9Ume6F'
479812686642180096,2014-06-20 02:27:13,"b'RT @UAlbanyNews: 2-floor fitness center, 400-seat auditorium, new dining services planned for Campus Center =&gt; http://t.co/sAvnyNZfTv http:\xe2\x80\xa6'"
