id,created_at,text
970450989374320640,2018-03-05 00:08:40,b'RT @ithinkwellHugh: Choosing a supervisor?\nMeet them a few times.\nDiscuss your proposed project.\nAsk about meetings.\nTalk to current studen\xe2\x80\xa6'
970358867065372673,2018-03-04 18:02:36,b'Traipsed around the Oregon coast teaching future petrologists! #geology #petrology #futuregeologists #teaching\xe2\x80\xa6 https://t.co/RwZAuYTYyR'
969667029618716673,2018-03-02 20:13:30,b'RT @USGSVolcanoes: AVO Cleveland ORANGE/WATCH - New explosion detected.Raising the alert level to ORANGE/WATCH. https://t.co/VnlRLpJzVQ'
969666771761250304,2018-03-02 20:12:28,b'RT @IAVCEI_ECRNet: So #Krakatau was chosen as nr 1 #volcano! Congrats K.! Feeling sad? Afraid of the enormous crater of emptiness #volcanoc\xe2\x80\xa6'
969600549006946304,2018-03-02 15:49:19,"b'RT @janinekrippner: After a number of 27,056 total votes for all volcanoes throughout the 2018 #VolcanoCup, I pronounce KRAKATAU, INDONESIA\xe2\x80\xa6'"
969580060456841217,2018-03-02 14:27:54,b'Warnings like this are possible because we have volcano monitoring! Stay safe out there!\n\n#Sinabung #seismograph https://t.co/SvC4Dt7KA7'
969449987410046977,2018-03-02 05:51:03,"b'RT @janinekrippner: *#VOLCANOCUP FINAL*\nWe have Taupo volcano, New Zealand, &amp; Krakatau volcano, Indonesia. Which is your champion &amp; why? Tw\xe2\x80\xa6'"
969449837304229888,2018-03-02 05:50:27,b'RT @PHDcomics: Honest acknowledgement https://t.co/pY0fCVIsld https://t.co/doHXfGcaJW'
969297309476376576,2018-03-01 19:44:21,"b'RT @OSUCEOAS: Geology &amp; Geophysics Seminar TODAY - Chris Harpel, Cascade Volcano Observatory ""Using a multidisciplinary approach to underst\xe2\x80\xa6'"
969263644595798016,2018-03-01 17:30:35,"b'RT @lavagirlnz: Ladies and gentlemen, can I have your attention, please. Today is the #VolcanoCup final. A Battle Royale of epic volcanoes.\xe2\x80\xa6'"
969249501402693632,2018-03-01 16:34:23,b'Aw baby Krakatoa and Mom \xf0\x9f\x98\x8d\xf0\x9f\x8c\x8b #VolcanoCup https://t.co/dsGqfn3cr3'
969249210724839424,2018-03-01 16:33:14,"b""RT @WriteThatPhD: Doing a #PhD? 3 important things you should know:\nWhat counts as 'originality'? https://t.co/ArFTxMz4Ex\nHow to write a #r\xe2\x80\xa6"""
969083099907674113,2018-03-01 05:33:10,"b'RT @OSUCEOAS: Student Seminar TODAY 2/26/18, 4pm, Burt 193 Katharine Solada-\xe2\x80\x9cStructural Resurgence of Samosir Isle. in Toba Caldera, Ind.\xe2\x80\x9d\xe2\x80\xa6'"
969072074374356992,2018-03-01 04:49:21,b'Current feeling:\n\n#phd #phdlife #phdcomics https://t.co/RIoU9T2m4M'
969062127397830656,2018-03-01 04:09:50,"b'In a matter of minutes, fast-moving walls of hot ash and rock called pyroclastic flows barreled down the side of Mo\xe2\x80\xa6 https://t.co/VKlGjdisHg'"
