id,created_at,text
969966413170577408,2018-03-03 16:03:08,b'Me while filling out my taxes today https://t.co/yTToAI7688'
969763629724831750,2018-03-03 02:37:21,b'RT @JBElsner: The first tornado climatology that explicitly controls for the population bias (reports are less numerous away from cities an\xe2\x80\xa6'
968995664519729152,2018-02-28 23:45:44,b'This is extremely satisfying. Difference in fall speed in the melting layer is exactly at the 3 km line #OCD https://t.co/xWKrnfOsbP'
967628334619414528,2018-02-25 05:12:27,b'Science! #dissertationing https://t.co/95Vsa4HGRh'
967409481821847553,2018-02-24 14:42:48,b'Come out to @RCWeatherFest today to check out how we study the atmosphere and other weather goodies! From 10a-4p at the UAH Charger Union'
966450186749915138,2018-02-21 23:10:54,b'MAX and RaDAPS all set up in Courtland for the approaching storms https://t.co/CCVdlC1p0g'
966187849430327297,2018-02-21 05:48:28,b'https://t.co/AHEX0PBlJd'
964559704503607299,2018-02-16 17:58:48,b'Pretty impressive vertical motion ahead of passage and turbulence aloft after passage https://t.co/pGn0CxchEU'
964552674682245120,2018-02-16 17:30:52,b'Pretty neat NCFR showing up on KHTX #alwx #tnwx https://t.co/47It9lFHzK'
962557148118048769,2018-02-11 05:21:22,b'Gravity waves leading to enhanced snowfall south of Chicago. Dad flew threw these on his back from Florida leading\xe2\x80\xa6 https://t.co/uTd2UktZLm'
961801688893009922,2018-02-09 03:19:26,b'I have found my suit for my next AMS talk https://t.co/lIHLG7jTww'
961771710721687553,2018-02-09 01:20:19,"b'@kayhoov_wx @TSRAven22 Hey if you get stuck in Ohare, there\xe2\x80\x99s plenty of good food options lol one of you guys want\xe2\x80\xa6 https://t.co/iR18AN6NG1'"
961668987376586752,2018-02-08 18:32:08,b'Lol good luck coming home from Florida this Saturday Dad https://t.co/HnncE4w30t'
959881152017420289,2018-02-03 20:07:55,b'This is absolutely fantastic. Especially the Gordon Ramsay one https://t.co/SUtb56EYrZ'
959431749322313728,2018-02-02 14:22:09,b'RT @UWCIMSS: Two moonlit winter scenes from Suomi NPP #VIIRS: the eastern U.S. &amp; location of the cold front overnight plus a close-up of th\xe2\x80\xa6'
958933421035806722,2018-02-01 05:21:58,b'When I was kid and would watch the weather scan channel (loop of the 88D Z) during any kind of precipitation https://t.co/Rp3OsMMTUI'
958704742309552129,2018-01-31 14:13:17,b'RT @UWCIMSS: How cool is this? @UWSSEC #GOESeast 5-min #GOES16 images+ 4-directional rooftop camera views of  gravity waves over #Madison t\xe2\x80\xa6'
958431347009376256,2018-01-30 20:06:54,b'It\xe2\x80\x99s amazing to see how far we\xe2\x80\x99ve come in technology and our understanding of the weather after reading a paper from 1985'
958194301825110016,2018-01-30 04:24:58,b'RT @weatherdak: Awesome spinners over @LakeSuperior. Beautiful. (via @CODMeteorology: https://t.co/KPQLhQDN9W) https://t.co/nyzuryEQah'
958192258376925184,2018-01-30 04:16:51,b'@HRRRison  https://t.co/EtBaVPIVVu'
958184521962270720,2018-01-30 03:46:06,b'@cschultzwx @VORTEXJeff @toweringCU Bruce Weber face? Yes. \n\nBruce Weber? No'
956973483778560000,2018-01-26 19:33:52,"b'RT @RCWeatherFest: Date and location set for Rocket City Weather Fest 2018!\n\nDate: February 24, 2018 from 10 am to 4 pm\nLocation: @UAHuntsv\xe2\x80\xa6'"
956693306225975296,2018-01-26 01:00:33,b'Well deserved! One of the best teachers I\xe2\x80\x99ve ever had https://t.co/mq9BYSvHgT'
955987983391494144,2018-01-24 02:17:51,"b""RT @wx_chip: Cheyenne #ksmesonet station was a bit on the weak side for winds today. That'll do 'er! Freezing rain impacted wind measuremen\xe2\x80\xa6"""
955578078910087172,2018-01-22 23:09:02,b'If only I could bring more of these with me back to Alabama every time I visit my dad back home https://t.co/XoxpHSE9t0'
951863775812079616,2018-01-12 17:09:43,b'Looks like the non-liquid precip is starting to fall https://t.co/CxnLSkc8Gj'
951559823442829318,2018-01-11 21:01:55,b'To those flying back to the Southeast tomorrow from #AMS2018 https://t.co/dY4OUpNucO'
949480549533528064,2018-01-06 03:19:38,b'FREE BREAD TWISTS #HuntsvilleHavoc #WeAreHSV'
949458381517058048,2018-01-06 01:51:32,b'Still find it odd that the only professional sports team in Huntsville AL is a hockey team. At least we\xe2\x80\x99re getting\xe2\x80\xa6 https://t.co/efCjtFS1Xs'
945065242643529728,2017-12-24 22:54:46,b'Friendly reminder to those who leave their car outside when it snows....BRUSH THE SNOW OFF YOUR ROOF'
945054924836098048,2017-12-24 22:13:47,b'Collection coefficient of the ground near 1 today #nerdjokes #precipPhysics https://t.co/HjFFODoeZz'
944950306407936001,2017-12-24 15:18:04,b'*insert reference to song about it snowing or having a white Christmas* https://t.co/07PnMf4xLw'
941063553607458817,2017-12-13 21:53:29,b'This perfectly describes grad school https://t.co/njmppZ1xnv'
938417105921331200,2017-12-06 14:37:27,b'This is by far the best movie line ever https://t.co/AYsbdvY8vp'
936129233931431937,2017-11-30 07:06:16,b'We\xe2\x80\x99ve hit that point in this project where we want to start adding a ton of word art into our presentations'
933850606573367296,2017-11-24 00:11:49,b'https://t.co/O41BjD8o4I'
933814581289463810,2017-11-23 21:48:40,b'\xe2\x80\x9cHey Griswold!!!\xe2\x80\x9d https://t.co/W69mZp4mvW'
933796751298957312,2017-11-23 20:37:49,b'It\xe2\x80\x99s that time of year where I can get away with quoting nothing but Christmas Vacation all day https://t.co/NQZ5ru8X4C'
932688092368076800,2017-11-20 19:12:24,b'Successfully passed the masters defense!! https://t.co/eZpCRFdQPU'
932632936951803904,2017-11-20 15:33:14,b'#MastersThesisDefense \n\nT minus 30 minutes https://t.co/Cw9y0RGWlt'
932031592557633536,2017-11-18 23:43:42,b'Circulation to the SW seems to be tightening a bit. @NWSHuntsville https://t.co/jm5qwbfexC'
932030990909956096,2017-11-18 23:41:19,b'@NWSHuntsville velocity image from MAX located at Tanner https://t.co/eivb0tmqRj'
932007470528106497,2017-11-18 22:07:51,b'Let\xe2\x80\x99s see what you give us today atmosphere https://t.co/K0VvTyybpr'
931756939423428609,2017-11-18 05:32:20,b'@HRRRison  https://t.co/z3QKr727ok'
931509247707361280,2017-11-17 13:08:05,b'Grad school becomes extremely less stressful once you realize that you can\xe2\x80\x99t know everything that everyone else knows about meteorology'
930280687340580865,2017-11-14 03:46:14,b'T-minus 1 week https://t.co/w6IPpWO3FJ'
928620732191473664,2017-11-09 13:50:10,b'Will take doing a semester project over an exam any day. https://t.co/2K1pT0ZpO1'
924703698814676992,2017-10-29 18:25:16,b'MPR showing an impressive cool down following the passage of the front through Huntsville https://t.co/S9H5hcW8wV'
923945572989657088,2017-10-27 16:12:45,b'First rough draft completed. Only 3 weeks till the defense https://t.co/JbaJ1VUmru'
923209485405118466,2017-10-25 15:27:48,b'Got my boarding pass to go to Mars. You can say that the trip is going to be out of this world https://t.co/9qqaE9VT7U'
922622480052817922,2017-10-24 00:35:15,b'@theweathermanda 10a isn\xe2\x80\x99t that early lol better than sitting around and waiting all day'
922553939656048641,2017-10-23 20:02:54,b'Defense date has been set \xf0\x9f\x98\xb3\xf0\x9f\x98\xb3 Nov 20 at 10a'
921473877762560000,2017-10-20 20:31:07,b'Gorgeous day for a meteorologist picnic https://t.co/yGB7vkOpQA'
920697486192381952,2017-10-18 17:06:01,b'RT @RadarAndStuff: Scanned the Azores ARM site for any #Ophelia effects. Was reminded that meteo data can be beautiful too. \n\nCloud radar t\xe2\x80\xa6'
918843494222974977,2017-10-13 14:18:54,b'When your code works fine for one file but then does something completely weird for a separate but almost identical\xe2\x80\xa6 https://t.co/MBJJWEHXJU'
916119699984961537,2017-10-06 01:55:31,b'Messaged them on Twitter. Still haven\xe2\x80\x99t heard back. https://t.co/SmKIMKJIDq'
915628155989319682,2017-10-04 17:22:18,b'@tjc_12  https://t.co/UsqlA0VIFW'
913932585709031427,2017-09-30 01:04:43,b'@cschultzwx I\xe2\x80\x99m sure there\xe2\x80\x99s someone in CU who\xe2\x80\x99s combo is that lol'
913931385391517697,2017-09-30 00:59:56,b'@cschultzwx That would require me being a blues fan lol at least two of the teams are trending up (not sold on the Bears yet)'
913590237691092992,2017-09-29 02:24:21,"b'Pays for 70 Mbps, gets 2.86. Reasons why I hate @Comcast https://t.co/KC2XPkP99w'"
908885602560602113,2017-09-16 02:49:48,b'Frohe Oktoberfest!! https://t.co/7fUsSVlIJN'
907026172890025985,2017-09-10 23:41:06,b'Some non-uniform beam filling action going on in KTBW (also @RadarScope should add differential phase as a product!) https://t.co/Xf4kZrvclR'
906742763718418432,2017-09-10 04:54:55,b'@HRRRison @PSU_RadarMeteo I wonder if what PR was seeing was birds too given the high zdr. Key west is seeing 0 or even negative zdr'
906742459518025728,2017-09-10 04:53:43,b'@HRRRison @PSU_RadarMeteo Only one explanation https://t.co/KeFKNxX699'
906741569453162496,2017-09-10 04:50:11,b'@HRRRison @PSU_RadarMeteo The stuff just SE of Guayama?'
906740154085277696,2017-09-10 04:44:33,"b'RT @ChristinaWHNTwx: Meanwhile, in #Atlanta: #TropicalStorm Watch in effect per @NWSAtlanta https://t.co/6Ndk3lCkwS #ATLwx https://t.co/Ijt\xe2\x80\xa6'"
906739905128275968,2017-09-10 04:43:34,"b'@HRRRison @PSU_RadarMeteo I have to dig it up, but I have data from owles where we saw sea spray in snow from the D\xe2\x80\xa6 https://t.co/9P9iV4Vtb6'"
906737512495886338,2017-09-10 04:34:04,b'Zdr seems to support smaller drops in that region https://t.co/dAtYTGwauw'
906737342064492549,2017-09-10 04:33:23,b'Any ideas what might be causing lower Rhohv like that? Sea spray being kicked up by winds? https://t.co/IRwpNy1qKl'
906689475446759425,2017-09-10 01:23:11,b'RT @fling40: Pressure continues to drop at the @NWSKeyWest office. Winds from the 00z \xf0\x9f\x8e\x88show a substantial increase. Staff working hard! #fl\xe2\x80\xa6'
906657365411471360,2017-09-09 23:15:35,b'Man it cleans up nice https://t.co/0BzIlaAyHW'
906565379639693313,2017-09-09 17:10:04,b'Seeing a lot of Florida license plates in the Huntsville area today #HurricanIrma'
905970299304325120,2017-09-08 01:45:26,b'https://t.co/EK3BdQMLdE'
905224112469151744,2017-09-06 00:20:21,b'Who could have guessed GOES-16 would have become this vital and useful so quickly to the meteorology field'
904755996148588544,2017-09-04 17:20:13,b'RT @paulythegun: Possible Irma impacts:\n*Wind\n*Rain'
904377800018321408,2017-09-03 16:17:24,b'Oof. #Harvey https://t.co/tP7xObSAHI'
903603333121929216,2017-09-01 12:59:57,"b""City skyline showing up really well on radar this morning (there's also a really strong lake breeze making it feel\xe2\x80\xa6 https://t.co/KRwM5x9eZu"""
903365763356139521,2017-08-31 21:15:56,b'Oh hello https://t.co/hnFCFvN9ed'
903084179050471424,2017-08-31 02:37:01,b'All ready for tomorrow. Giving it at 830a tomorrow in the Vevey room! #AMSRadar17 https://t.co/EnJHJVfDye'
903007751168806912,2017-08-30 21:33:19,b'Someone needs to take away my wallet before I buy everything https://t.co/8jowCIo7va'
902998860078960641,2017-08-30 20:57:59,b'Of course a bunch of meteorologists go and check out the science of storms exhibit https://t.co/uBcLbbf9A2'
902987453090459648,2017-08-30 20:12:40,b'U-505 at the Museum of Science and Industry Chicago https://t.co/lZrXo33nMq'
902724660000935936,2017-08-30 02:48:25,b'@muwxman  https://t.co/M0jmBwVgqg'
902723006539190273,2017-08-30 02:41:51,b'@muwxman hell at this point the Navy could just come and be as effective lol'
902722571954728960,2017-08-30 02:40:07,b'@muwxman Don\xe2\x80\x99t forget about the Air Force too. They sent in a ton of helicopters and supply planes'
902721000521031680,2017-08-30 02:33:52,b'Always a good day when you remember you have vertically pointing X-band radar data to use in your thesis https://t.co/HBYYXefn5Z'
902680252832468992,2017-08-29 23:51:57,b'Original banners from Chicago Stadium hanging in a Portillos downtown https://t.co/B6CaZ2o8Zy'
901958252883271681,2017-08-28 00:02:59,b'Home sweet home Chicago #AMSRadar17 https://t.co/L6nGVEpvl5'
901283052063797248,2017-08-26 03:19:59,b'Something funky is going on there. Nonuniform beam filling maybe? #HurricaneHarvey https://t.co/XZyj5Kkjg4'
901281694187180034,2017-08-26 03:14:35,"b""@tjc_12 Hope you stay safe down there and don't take on any damage buddy. Hopefully you get some sleep too!"""
901280262931271680,2017-08-26 03:08:54,b'Kdp field showing areas of greater rainfall within the eye wall #dualpolisfun #HurricaneHarvey https://t.co/WgvTqXF6pe'
901149469315657736,2017-08-25 18:29:10,b'RT @NASA_SPoRT: What an eye!! #Harvey #GOES16 https://t.co/vZdGnzK4Nb'
901140906237186052,2017-08-25 17:55:09,b'The weather channel should bring on steve harvey to do all of the coverage on hurricane Harvey'
900406158812434432,2017-08-23 17:15:31,b'RT @thisthomas: Data is beautiful. https://t.co/o1ULhw0XKU'
899790051676237825,2017-08-22 00:27:20,b'@toweringCU This is what it looked like in the field in totality (2C drop in T) https://t.co/KcTU5OEVkp'
899715381241290752,2017-08-21 19:30:37,b'That was pretty cool. Was like a 360 sunset #EclipseSolar2017 https://t.co/m3QAsak3P0'
899686731829714945,2017-08-21 17:36:46,b'Definitely should have bought a sun filter for my camera so I could have taken pictures'
899640058323632133,2017-08-21 14:31:19,"b""Today's secondary objective. Determining if a radar operating next to corn makes popcorn #Eclipse"""
899638623729012736,2017-08-21 14:25:37,b'Appropriate for today #Eclipse https://t.co/0xbUYxFHH7'
899595688933289984,2017-08-21 11:35:00,"b'After two years at UAH, I have finally found an excuse to use the microwave in MAX https://t.co/e5b434LycI'"
898966790566555653,2017-08-19 17:55:59,b'@toweringCU Gonna be fun driving the whole UAH MIPS/MAX fleet through there Monday night'
898693835626233856,2017-08-18 23:51:21,b'@VORTEXJeff  https://t.co/G5786ma3vT'
898660643103842304,2017-08-18 21:39:28,b'So what\xe2\x80\x99s the over/under of the number of people that are going to fry the sensor in their DSLR from the eclipse?'
897934661854343168,2017-08-16 21:34:40,b'Anyone know of any Latex table generators that handle text wrapping in a cell?'
888871450773475328,2017-07-22 21:20:42,b'Great example of storms initiating off of outflow boundaries #ordinaryconvection #alwx https://t.co/dhK0TjmI2V'
884933025557090304,2017-07-12 00:30:49,b'RT @wxJeffDuda: Did I say the above was impressive? Donut hole! #ndwx https://t.co/jRnnX67EdO'
883784782429159425,2017-07-08 20:28:06,b'USA USA USA https://t.co/NrJzr1Upgx'
882427771657629696,2017-07-05 02:35:50,b'Pretty neat being able to see smoke from the fireworks display on the MIPS ceilometer (Just after 2Z) https://t.co/UXZXJG8pa3'
882422778070171648,2017-07-05 02:15:59,b'Happy 4th of July!! https://t.co/uKB9FxmmoE'
876184659662647300,2017-06-17 21:07:56,b'Out with the old and in with the new. Happy birthday to myself! https://t.co/oHAqZ598ZP'
873296385474539521,2017-06-09 21:50:58,b'Current status of everyone who just finished their last prelim exam https://t.co/bEM9opC5qu'
873173380819820544,2017-06-09 13:42:11,b'Last day of #prelims!  https://t.co/pYE97wnl9D'
872298228955443200,2017-06-07 03:44:38,"b""If I had to sum up my life in one photo (I'd be the dog) https://t.co/azvDkWaca0"""
871545837771534337,2017-06-05 01:54:54,b'Who would have thought living 2 years in the South would get me interested in soccer. I didnt think this was the football theyre known for'
870433235679019008,2017-06-02 00:13:49,b'I have a derivation that takes up the whole white board #prelims #puns https://t.co/7jSWwprX9o'
869356728030294021,2017-05-30 00:56:10,b'Gorgeous sunset in Huntsville today #alwx #valleywx #sunset https://t.co/1mxhDtBLo8'
869187123752128512,2017-05-29 13:42:13,b'@muwxman They start next week. Studying dynamics 2 this week'
869012006220771332,2017-05-29 02:06:22,"b""I'll be lucky if I survive the rest of this week #prelims"""
866646198417068032,2017-05-22 13:25:29,b'@HRRRison @JayPraterCBM Yeah I always use the walking on a train example'
865981299378577410,2017-05-20 17:23:25,b'@VORTEXJeff Looks like Alabama'
865933061757730817,2017-05-20 14:11:44,b'RT @bill_line: #GOES16 split window difference and IR combo shows boundary collision leading to initiation in Texas. #txwx From: https://t.\xe2\x80\xa6'
865327223863209984,2017-05-18 22:04:21,b'Mammatus over SWIRLL associated with storm west of I65 #alwx #valleywx https://t.co/CDHxBxxACU'
864891058248978432,2017-05-17 17:11:11,b'Looks like the beginning of Toy Story outside today https://t.co/4VMGIiHM1k'
864660103651364864,2017-05-17 01:53:27,b'@theweathermanda From now till like November #ugh'
864657403383615488,2017-05-17 01:42:44,"b""Of course the AC in my car breaks the week it's supposed to be 90 and humid \xf0\x9f\x99\x83\xf0\x9f\x99\x83"""
863457562880036865,2017-05-13 18:14:59,b'https://t.co/1MwE3umFXg'
863194916545060864,2017-05-13 00:51:20,"b""@70_dbz That's the goal!!"""
863194282945105920,2017-05-13 00:48:49,"b""@70_dbz And soon a Portillo's. And of course they get it after I've graduated"""
863128386994155520,2017-05-12 20:26:58,b'Man I wish we had one of these in Huntsville https://t.co/f73Pq2tFuE'
863048447938711552,2017-05-12 15:09:19,b'@VORTEXJeff That looks like a newer/nicer van'
862819056897978368,2017-05-11 23:57:48,"b""RT @itsjondavis: I've never noticed this phenomenon before of low clouds from NE splitting around Hancock. @MikeHamernik @barrybutler9 @Chi\xe2\x80\xa6"""
862817805913268224,2017-05-11 23:52:49,"b""@HRRRison Haha there's someone near my office building that has a Dodge Ram covered in it. It's uh...interesting. E\xe2\x80\xa6 https://t.co/LBNbRWCQi6"""
862816814748901376,2017-05-11 23:48:53,b'RT @wxbrain: Do not condone this...but wow what a shot https://t.co/Qsvb0KoKGc'
862816583252660224,2017-05-11 23:47:58,b'@HRRRison Haha real chasers just cover their car in Rhino coating and ride it out'
862782770501890049,2017-05-11 21:33:36,b'@HRRRison Until it starts turning into hail....'
862779979104387074,2017-05-11 21:22:31,b'Will consider getting to ORD without a black eye a success #fightClub https://t.co/GMqKd7xJ8b'
862779970279624704,2017-05-11 21:22:29,b'Feels good to be back home in Chicago'
862159294350970880,2017-05-10 04:16:08,b'Live look at me realizing prelims are less than a month away https://t.co/Mc3Rd89Y9w'
861565950323302403,2017-05-08 12:58:24,b'RT @PeteBlackburn: Ducks-Oilers Game 6 recap: https://t.co/8l6T9jQixV'
861387348109668352,2017-05-08 01:08:42,b'Wow. Go Oilers #NHLPLAYOFFS'
860903852626804736,2017-05-06 17:07:27,b'RT @UWCIMSS: #GOES16 1-min (non-operational) meso imagery of #California offshore eddy! More on the CIMSS Satellite Blog at https://t.co/N5\xe2\x80\xa6'
860649400946880514,2017-05-06 00:16:21,b'@VORTEXJeff Is that on Netflix?'
860614141379268608,2017-05-05 21:56:15,b'Low ZDR showing location of the hail within NV storm. Caused by spherical shape of hail and tumbling of hail stones. https://t.co/z6GqcIFAZa'
860610217104613381,2017-05-05 21:40:39,b'@toweringCU A #VORTEXSE story'
860557167832727552,2017-05-05 18:09:51,b'Proud to announce that I have been selected to be a member of the @nwas Remote Sensing Committee!'
860517550953648129,2017-05-05 15:32:26,"b""RT @NOAANSSL: #VORTEXSE finishes Monday, May 8. See the progress with Project Manager Erik Rasmussen's blog: https://t.co/SFkqCVt6ra \n#Wx #\xe2\x80\xa6"""
860338426750664704,2017-05-05 03:40:39,"b'RT @VORTEXJeff: Announcing the Midwest Conference for Atmospheric Research at @DAS_Illinois October 7-8, 2017! Undergraduate and graduate s\xe2\x80\xa6'"
858018866567536641,2017-04-28 18:03:33,b'You do you HRRR https://t.co/fPMgA095NA'
857670384036061184,2017-04-27 18:58:48,b'@VORTEXJeff Day 1 involved targeting CAPE bullseye right?'
857604719354707968,2017-04-27 14:37:53,b'Supercell just SSW of KMXX showed a nice Kdp/Zdr separation before the formation of the TDS'
857438711725912065,2017-04-27 03:38:13,b'#NewProfilePic https://t.co/BbSRyfDU2B'
857278016128528384,2017-04-26 16:59:41,"b""Today's workstation https://t.co/UAItx7bH7k"""
857275630836215810,2017-04-26 16:50:12,b'How do you chase Arkansas? By using a plane. Flying in the P3 today!! https://t.co/cDIsYMrpI5'
855917979351085057,2017-04-22 22:55:23,b'Current velocity image from MAX near Sylvania AL @NWSHuntsville https://t.co/mDp2Ic50nV'
855917099671277568,2017-04-22 22:51:53,b'@cschultzwx Sylvania on sand mountain'
855909970658963457,2017-04-22 22:23:33,b'Some uhh....interesting visitors at MAX today #alwx #valleywx https://t.co/bTiHrFB4iM'
855505518240174080,2017-04-21 19:36:24,b'How do you make dynamics 2 fun? Talk about studying waves created by explosions'
854763803552120841,2017-04-19 18:29:06,b'Abstract for the #AMS radar conference has been submitted!'
854143536018726912,2017-04-18 01:24:22,"b""Apple TV has to be one of the best gifts I've ever received"""
853258472716201984,2017-04-15 14:47:27,b'@VORTEXJeff Seem to have had good luck there before'
852744105729839104,2017-04-14 04:43:32,"b""When Billy Goat Tavern is only a few blocks away from the hotel you're staying at for the Radar Conference https://t.co/NgA6e6RgrA"""
852564670309433344,2017-04-13 16:50:31,b'RT @stormchasernick: Is it bad I want to see a #GOES16 image of the #MOAB?'
852213262603218944,2017-04-12 17:34:09,"b""@DelCrossV @VORTEXJeff @WxDeFlitch and the part where 95% of the fan base didn't know the team existed before 2009"""
851280304559882241,2017-04-10 03:46:55,b'@HRRRison  https://t.co/57e6C1zWtO'
851279411680755713,2017-04-10 03:43:22,b'@HRRRison Chris Tucker is hilarious in these movies'
851278463872843776,2017-04-10 03:39:36,"b""@HRRRison That Rickey tan? That's a midget in a bath robe!"""
851277140695765001,2017-04-10 03:34:20,"b'@HRRRison It\'s so funny. ""Ike and Tina! They can get back together right?!""'"
851276343350222851,2017-04-10 03:31:10,b'Rush Hour 2 has to be one of the best movies made'
849776328178094080,2017-04-06 00:10:39,b'Topping off the deployment with a gorgeous sunset #VORTEXSE #alwx #valleywx #Sunset https://t.co/DHdjQGotRT'
849769037882118144,2017-04-05 23:41:41,b'Pretty neat to see the boundary coming through with the sun behind it #alwx #valleywx #VORTEXSE https://t.co/rszcHBunat'
849741907865591809,2017-04-05 21:53:52,b'@GabrielleWHNT @ChristinaWHNTwx Little bit windy out but still a pretty view!'
849740785050415105,2017-04-05 21:49:25,b'We see you @ChristinaWHNTwx https://t.co/YOpd8j2EmU'
849725373638221835,2017-04-05 20:48:10,b'And so it begins #VORTEXSE #valleywx #alwx #tnwx https://t.co/se5sPcupMQ'
849692758545756162,2017-04-05 18:38:34,"b""Sun is out shining here at Section, AL. Seems like breaking the cap won't be an issue #VORTEXSE #alwx #valleywx"""
849632451064475648,2017-04-05 14:38:56,"b'@reporterleighg We are set up in Section, AL at Weathington park'"
849590252599693312,2017-04-05 11:51:15,"b""Office for the day. #VORTEXSE operations for today's severe weather #alwx #valleywx https://t.co/3A68HFSRdg"""
849551911942586369,2017-04-05 09:18:54,"b'RT @NWSAberdeen: Great example here of a pyrocumulus cloud (from a prescribed burn) this past weekend near Odessa, MN! Courtesy of Amanda H\xe2\x80\xa6'"
849551447721168898,2017-04-05 09:17:03,b'Be safe out there today people. #VORTEXSE will be deploying today #valleywx #alwx https://t.co/YyGT2lCYeL'
849077964037816320,2017-04-04 01:55:36,b'@toweringCU @cschultzwx @CloudedInTexas @ZombieTrev5k And beaches!'
849077899600723969,2017-04-04 01:55:21,"b""@cschultzwx @cbh_17 Yeeeaaahhhh that was not a good feeling. For some reason it doesn't like other pulse widths besides .8"""
849076792640012290,2017-04-04 01:50:57,"b""@cschultzwx @CloudedInTexas @toweringCU @ZombieTrev5k Nothing broke so that's considered a success"""
848974868326608896,2017-04-03 19:05:56,b'@ChristinaWHNTwx @UAHSWIRLL @ULMweather @PurdueVORTEXSE I believe just the normal surface observations at SWIRLL. T\xe2\x80\xa6 https://t.co/gEr4t8ZgO3'
848873552128471041,2017-04-03 12:23:20,b'Pretty waves on ARMOR this morning #valleywx #alwx #VORTEXSE https://t.co/m3c8P3sL1P'
848574809957179396,2017-04-02 16:36:15,b'Imposter syndrome on over drive today'
847582846340517889,2017-03-30 22:54:32,b'@BamaBass Constant winds around 10m/s gusting up to 20'
847551044141887489,2017-03-30 20:48:10,"b""Today's MAX spot for #VORTEXSE deployment #valleywx #alwx #severeweather https://t.co/iaY6bRZn0o"""
846924080079097858,2017-03-29 03:16:50,b'RT @okmesonet: The 95mph 10-meter gust at El Reno is legitimate. The site also measured 79 mph @ 2 meters as bow &amp; embedded couplet passed\xe2\x80\xa6'
846785008186638336,2017-03-28 18:04:13,"b'@HRRRison we had a leaky AC unit inside the cab of our van. Flex sealed it shut. It worked, but smelled terrible lol'"
846784419109224448,2017-03-28 18:01:52,"b'@HRRRison as someone who has experience with this, would highly avoid. Unless you want your car to be filled with fumes @VORTEXJeff'"
846550553299693568,2017-03-28 02:32:34,b'Pretty neat to be able to see the updraft of this as it comes over MAX #valleywx #VORTEXSE #alwx https://t.co/H9VewWFAk3'
846521706013446144,2017-03-28 00:37:56,b'Range Height Indicator of the QLCS approaching from the north west over the tornado warned region #valleywx #alwx\xe2\x80\xa6 https://t.co/BfyQrUs3Ha'
846514074380849152,2017-03-28 00:07:37,"b""@muwxman we'll just one lol"""
846494354277629952,2017-03-27 22:49:15,b'@muwxman probably should. Or at least a BBQ or something. At least we got the TV working. https://t.co/gJpOlO9hC3'
846492905179140097,2017-03-27 22:43:30,b'Nice double rainbow after the first round of storms #valleywx #alwx #VORTEXSE https://t.co/XZKpqc7ZxE'
846478743971532800,2017-03-27 21:47:14,b'UAH MAX out scanning storms today near Browns Ferry power plant. #VORTEXSE #ValleyWx https://t.co/fMT5233nkg'
846414321433411585,2017-03-27 17:31:14,"b""Not everyday you get to deploy near a nuclear power plant. Hopefully we won't be glowing green when we're done https://t.co/C6HkTQtnYg"""
845985557218021376,2017-03-26 13:07:29,b'@JWernerScout unfortunately no lol'
845974300465225729,2017-03-26 12:22:45,"b'@JWernerScout D-1 hockey should also be something Whitman looks at. Lots of potential and given Hawks/Blues success, should have a good draw'"
844185995151138816,2017-03-21 13:56:40,b'Not a bad office view for the day #VORTEXSE #mediaday https://t.co/amCjg77nMN'
842414843865010176,2017-03-16 16:38:44,"b""@wischlist think he already has his guy wrapped up and waiting to announce? Esp. since Martin didn't get an offer it seems"""
841671348980207617,2017-03-14 15:24:21,b'When you put off work by doing other work https://t.co/79zx9xyXdH'
840270517772963840,2017-03-10 18:37:57,"b""BBQ two days in a row for lunch? Don't mind if I do"""
838040642345439233,2017-03-04 14:57:13,"b'RT @NWSBUFFALO: *Preliminary, non-operational data*\nTesting new #GOES16 satellite today: 1-minute imagery of meso-lows over eastern #LakeOn\xe2\x80\xa6'"
837874073568948224,2017-03-04 03:55:20,b'FINALLY #Blackhawks'
837850032942510080,2017-03-04 02:19:49,"b'As much as I love that movie, blasting Saving Private Ryan on max volume is NOT  a way to be a good neighbor #apartmentliving'"
837068086272475136,2017-03-01 22:32:38,"b'ARMOR is back up, made Deans list, and sampled some weather today. Not a bad Wednesday'"
836626709663338496,2017-02-28 17:18:46,b'@muwxman https://t.co/z1DPOJCGt4'
836624153759318016,2017-02-28 17:08:36,b'@muwxman throw in almost all radars in the TN Valley are down as well https://t.co/dlF5v5K4Bw'
836574555351187456,2017-02-28 13:51:31,"b""@VORTEXJeff @CloudedInTexas @toweringCU yeah it's gonna be a long couple days for us deployment wise"""
836573676531220480,2017-02-28 13:48:01,"b""@VORTEXJeff @CloudedInTexas @toweringCU you don't chase in N AL. You get chased"""
836083120092954624,2017-02-27 05:18:44,b'Watching #Twister just makes me want to go chase now'
836053827761672192,2017-02-27 03:22:20,b'Little bit later than everyone else but still watching it #RIPBillPaxton https://t.co/xd6s4SzUaz'
836024803308023808,2017-02-27 01:27:00,b'Love how NBCSN tries to play up Chi vs Pitt as a major hockey rivalry.'
835879908907880448,2017-02-26 15:51:14,b'Nooooo https://t.co/PeEJZv52gS'
835527114296332288,2017-02-25 16:29:22,b'UAH MAX and RaDAPS at Rocket city Weather fest! Come stop by and see how we study the weather! https://t.co/j6KWfbIyML'
832316481337692160,2017-02-16 19:51:27,b'@cschultzwx yeah being closed on Sunday sucks'
832097516778876929,2017-02-16 05:21:22,b'@cschultzwx Crickets &gt;&gt;&gt;&gt;&gt;&gt;&gt;&gt;&gt;&gt;&gt;&gt;&gt;&gt;&gt;&gt;&gt;&gt;&gt;&gt;&gt;&gt;&gt;&gt;&gt;&gt;&gt;&gt;&gt;&gt;&gt;&gt;&gt;&gt;&gt;&gt;&gt;&gt;&gt;&gt;&gt;&gt;&gt;&gt;&gt;&gt;&gt;&gt;&gt;&gt;&gt;&gt;&gt;&gt;&gt;&gt;&gt;&gt;&gt;&gt;&gt;&gt;&gt;&gt;&gt;&gt;&gt;&gt;&gt;&gt;&gt;&gt;&gt;&gt;&gt;&gt;&gt;&gt;&gt;&gt;&gt;&gt;&gt;&gt;&gt;&gt;&gt;&gt;&gt;&gt;&gt;&gt;&gt;&gt;&gt;&gt;&gt;&gt;&gt;&gt;&gt;&gt;&gt;&gt;&gt;&gt;&gt;&gt;&gt; Wingstop'
832097056223281152,2017-02-16 05:19:32,b'@tjc_12 https://t.co/SC3C8N1KQh'
832096665859452934,2017-02-16 05:17:59,"b""It's been almost a full year and I still can't believe Lovie Smith is the head coach of #Illini football."""
832082087637315584,2017-02-16 04:20:03,b'Love it. Bring on spring! #stormsabrewing https://t.co/UfJ8Zhco2L'
831667233826992130,2017-02-15 00:51:34,b'First Huntsville Havoc game of the year. #hockeyinthesouth https://t.co/6jkctc4wZb'
829725300225347585,2017-02-09 16:15:01,"b""RT @PSU_RadarMeteo: Depolarization in the snowband over eastern CT = strong electrification; wouldn't be surprised to see  #thundersnow. #C\xe2\x80\xa6"""
829493232732106752,2017-02-09 00:52:52,"b'Inside look of RaDAPS. A quick deploy profiling system that provides profiles of wind, temp, cloud hgt, and sfc data https://t.co/NEkwU09MSJ'"
829484429697499137,2017-02-09 00:17:53,"b""@cschultzwx @AdamWClayton lol I'm sure that's what he'd name it. Song was playing as we pulled in"""
829484198708858880,2017-02-09 00:16:58,"b'@Felix1028 Northeast Alabama Community College near Rainsville, AL'"
829482710867517440,2017-02-09 00:11:03,b'Currently sitting up on good ol Rocky Top in RaDAPS for deployment tonight! https://t.co/pZvrTG5gVS'
829400999249006603,2017-02-08 18:46:22,"b'RT @NBCOlympics: Get ready, the #WinterOlympics are one year away! #1YearToGo https://t.co/pl5WeARgPF'"
829190369082540033,2017-02-08 04:49:24,b'@VORTEXJeff currently going through radar data now from this case. HSI wrapping up and stretching is main thinking'
828611010428882945,2017-02-06 14:27:14,"b'RT @UWCIMSS: As the February #moon gets brighter, #VIIRS captures more cloud details. The DayNight Band also reveals moon glint, lightning\xe2\x80\xa6'"
828414784399929346,2017-02-06 01:27:30,b'Corporate sponsors. Bleh...'
828413370063867904,2017-02-06 01:21:53,b'RT @stormchasernick: When the storm dies out 15 miles southwest of you... https://t.co/KnseiIAzXR'
827908569446117378,2017-02-04 15:55:59,"b'@VORTEXJeff @cschultzwx I think it was one of those nights in Hobbs, NM we tried to convince you'"
827907408609546240,2017-02-04 15:51:22,"b""@cschultzwx @VORTEXJeff should go to this too. We tried to do this as an AMS chp fundraiser. He wouldn't do it lol"""
827177283047796737,2017-02-02 15:30:07,b'Excellent example of clear vs cloudy temperature at night. Almost 9F difference in .5 m and 10 m yesterday while &lt;\xe2\x80\xa6 https://t.co/rlyKwTNXSR'
826814733617598464,2017-02-01 15:29:28,b'@VORTEXJeff February is a good month lol the other cone shaped image looks familiar too....'
826808471148441601,2017-02-01 15:04:35,b'Hey look! I know that place https://t.co/1djtYlkXMk'
824820612086525952,2017-01-27 03:25:33,"b""Apple TV is one of the best things I've ever received as a Christmas gift"""
824680135806836736,2017-01-26 18:07:20,"b""@toweringCU wait...you're saying that @fakereedtimmer might not be real?"""
823259397631655936,2017-01-22 20:01:50,b'Sharknado? https://t.co/trWWwPca7O'
823220216553476097,2017-01-22 17:26:08,b'Think our pressure is a little low today https://t.co/XYCC3be44f'
823039747731980292,2017-01-22 05:29:01,b'Second trip echo seen on ARMOR tonight. Broken reflectivity on ARMOR is from precipitation outside of its max range. https://t.co/2yhRQuf7gj'
822869654758682624,2017-01-21 18:13:08,b'Gonna be a long day for us here in the SE. https://t.co/600K2O2Mmc'
822869330660642818,2017-01-21 18:11:51,b'RT @RyanMooreMS: More photos of extensive damage in downtown Hattiesburg. #mswx https://t.co/heeVfZ5XZy'
822866027826520064,2017-01-21 17:58:43,"b""@VORTEXJeff I mean....we kind of root for them. But only in regions where people don't live or don't cause damage to property"""
822614685145006081,2017-01-21 01:19:59,"b""@cschultzwx I have. About 6 or 7 times this week. Doesn't get any easier"""
822588241626992644,2017-01-20 23:34:54,"b'RT @DepressedDarth: Dear President Trump,\n\nIf you want people to respect you, play the Imperial March every time you walk into a room. \n\nSi\xe2\x80\xa6'"
822524288293072897,2017-01-20 19:20:46,b'Radar engineering sure has come a long way since the old 74-Cs https://t.co/x4vrrckr9D'
822173725193895936,2017-01-19 20:07:45,b'@HRRRison https://t.co/PTjMes0Pkz'
822087245398163456,2017-01-19 14:24:07,"b""Someone's playing with fire https://t.co/vg8SExQE7U"""
821724715186323456,2017-01-18 14:23:33,b'RT @UWCIMSS: Much of the U.S. was socked in by clouds last night while the #aurora danced lightly then brightly over Canada. #VIIRS #Northe\xe2\x80\xa6'
820875981527384065,2017-01-16 06:10:59,b'@toweringCU @VORTEXJeff even extending to up here along the state border'
820026090794131456,2017-01-13 21:53:50,b'Does climbing a 60 ft tower 3 times to service a radar count as my exercise for the day? https://t.co/FjeyHdkjGk'
819780394786570240,2017-01-13 05:37:31,b'Shots fired https://t.co/SpmZElR12P'
819632746331041795,2017-01-12 19:50:49,b'And we have officially hit 70F in HSV today. #alwx #hunwx https://t.co/Atc0Fp5A8o'
817110121184628737,2017-01-05 20:46:48,b'Current status while coding https://t.co/4aPQC9w8lH'
813595225402830848,2016-12-27 03:59:52,b'@VORTEXJeff definitely!'
813594935878385665,2016-12-27 03:58:43,b'@VORTEXJeff right next to the Adler Planetarium!'
813593661376172032,2016-12-27 03:53:39,"b""This city is still by far the best in my opinion. Also...photos aren't bad for being taken on an iPhone in the free\xe2\x80\xa6 https://t.co/42xRnrlk2X"""
813116725340278784,2016-12-25 20:18:28,"b""The door won't shut fully on our oven. I think we might need a new one https://t.co/xGfRrmExwv"""
810893127439577088,2016-12-19 17:02:41,b'Christmas party at SWIRLL today! https://t.co/cj7gKaItaB'
807973744702529540,2016-12-11 15:42:06,b'@VORTEXJeff they got* Bama'
807971569209315328,2016-12-11 15:33:28,b'#VORTEXSE Year 2 https://t.co/4L4uohzypw'
806995889445335040,2016-12-08 22:56:27,"b'Saw a possible sun dog today while out and about! Near Moulton, AL https://t.co/rxG1hHGYAl'"
806634746956709893,2016-12-07 23:01:24,b'@dcon691 @toweringCU small sliver of hope with how Tim Anderson developed'
805138888784285696,2016-12-03 19:57:24,b'Veering wind profile today seen on ARMOR and then the 915 wind profiler from MIPS https://t.co/FSJLYn747r'
804098772536061952,2016-11-30 23:04:21,"b""RT @wxlada: Radar loop of tonight's #tornado outbreak across the Southeast. @breakingweather https://t.co/M6zhT3kOTc"""
804010411469262848,2016-11-30 17:13:14,b'RT @supercellsigtor: Supercell (spawned a tornado in nern AL around midnight; 3 fatalities) tracked 650+ mi. from western LA (~12pm) to the\xe2\x80\xa6'
803911985901502464,2016-11-30 10:42:08,"b""MAX crew heading back 2 SWIRLL. Tough part about this job is knowing what you're trying to study impacts people's lives usually in a bad way"""
803845480463613954,2016-11-30 06:17:51,"b""@cschultzwx ZDR has been fairly uniform and high. Think that's artifact though."""
803842976837464065,2016-11-30 06:07:55,"b""There's some KDP for ya @cschultzwx https://t.co/goZMutlwNb"""
803839689211990020,2016-11-30 05:54:51,"b'Circulation to our north near Dutton, AL @NWSHuntsville https://t.co/uPbyyVxpfN'"
803834035093049344,2016-11-30 05:32:23,"b'Circulation near Grant, AL fairly decent on MAX @NWSHuntsville https://t.co/SdzUCZseco'"
803831566317318145,2016-11-30 05:22:34,"b'MAX showing decent rotation near Grant, AL #valleywx #alwx #hunwx https://t.co/G8kjBI1tVX'"
803829131469352960,2016-11-30 05:12:54,b'@cschultzwx @NWSHuntsville @ForecasterJGG tad difficult to see in MAX but its there https://t.co/kxSdyb9H2v'
803827886113357824,2016-11-30 05:07:57,b'Still seeing fairly decent circulation in far NE Jackson County @NWSHuntsville https://t.co/M2K2Tm5mKj'
803823824873648128,2016-11-30 04:51:48,b'@GoAskAScientist @VORTEXJeff definitely will!'
803817011361021952,2016-11-30 04:24:44,b'Gorgeous supercell to our N viewed from MAX https://t.co/SPyIjZSRJZ'
803805249567866881,2016-11-30 03:38:00,b'Tornado warned supercell over Madison County as viewed from MAX https://t.co/k5Wvu8ECEj'
803613673545601024,2016-11-29 14:56:44,b'RT @AlexJLamers: Yesterday was the first day with 50+ severe wx reports in nearly two months (6 Oct). Severe tstm risk continues today in t\xe2\x80\xa6'
803605155660738560,2016-11-29 14:22:54,b'RT @USGSstore: Its #FreeMapMonday! Retweet this tweet/follow for a chance to win a ECOREGIONS OF THE MISSISSIPPI ALLUVIAL PLAIN #USGSstore\xe2\x80\xa6'
803403974254723072,2016-11-29 01:03:28,b'Always feels good to be back with MAX. That and OH MY GOD ITS ACTUALLY RAINING IN N AL https://t.co/tX49DJu16o'
801496315016445967,2016-11-23 18:43:07,"b""RT @NWSNashville: The dew point is 19\xc2\xb0 at Nashville. Yes, 19\xc2\xb0. Don't get your hopes up for very much rain today. https://t.co/SNaCAaCg2X"""
800206054881722368,2016-11-20 05:16:05,b'#GOESR is gonna be amazing. Big step in the meteorology field. Excited to see all the new science that comes out of it'
799636354284027904,2016-11-18 15:32:18,b'@VORTEXJeff Hey might surprise with a win. Lovie doing better than Beckman did'
799634977344212992,2016-11-18 15:26:49,b'@VORTEXJeff HRRR? More like BRRRrrrrrrrr #winter'
798643876588175361,2016-11-15 21:48:32,b'Desktop at the office needed more stove pipes https://t.co/aXTrEMMFhj'
797322710414139392,2016-11-12 06:18:42,b'Safe and sound in HSV after a successful #SLS16'
797118887695294464,2016-11-11 16:48:47,b'Nice thing about being on the West Coast? Being able to see the 12Z GFS shortly after waking up #SLS16'
796982252173336576,2016-11-11 07:45:50,b'@HRRRison police are starting to put some CIN on it'
796973739413884928,2016-11-11 07:12:01,b'Live look in of the Chicago Bears https://t.co/CsTp5azisY'
796950523744120832,2016-11-11 05:39:46,"b""RT @PortlandPolice: Crowd headed westbound on NW Lovejoy. People reporting loud bangs, please be aware it's fireworks were being set off by\xe2\x80\xa6"""
796896682378018816,2016-11-11 02:05:49,b'@VORTEXJeff @nywxguy agreed. This was a major asset for #VORTEXSE this past year'
796893308685467648,2016-11-11 01:52:25,b'@stormchasernick 34F and rain #TopCausesOfTwitterDrama'
796848773993353216,2016-11-10 22:55:27,"b""Come check out poster 163 if you're out at #SLS16 ! https://t.co/p4W4fnWcBu"""
796567484400701440,2016-11-10 04:17:42,b'#SLS16 video night makes me realize I need to use my DSLR more often. And I need to get back to the plains'
796506633786429440,2016-11-10 00:15:54,"b""It's amazing how much one can learn at conferences compared to a classroom #SLS16"""
796506414185254912,2016-11-10 00:15:02,"b""@HRRRison that's why Chicago vs St Louis is tonight!"""
796415116832976896,2016-11-09 18:12:15,b'Tornado and Vortex dynamics. My head is about to start spinning in amazement'
796386993529765888,2016-11-09 16:20:30,b'I am now 100% certain that Earth is in fact a reality TV show manipulated by aliens. And yesterday was the season finale'
796237933778866176,2016-11-09 06:28:11,b'South Park next week is going to be fun'
796216408606535680,2016-11-09 05:02:39,"b""Looks like I'll be buying stocks tomorrow morning"""
795321383983071232,2016-11-06 17:46:08,b'Correction: Over the 5 year period of 2007-2012. https://t.co/P2fyEnYdN5'
795320135821053952,2016-11-06 17:41:11,"b'Kevin Laws: The states of AL and MS have seen 22,000 warnings over the past 5 years.\n\nThat\xe2\x80\x99s a lot of warnings'"
794787256204525568,2016-11-05 06:23:42,b'Safe and sound in Portland for SLS!'
789126472808140801,2016-10-20 15:29:47,b'What is this rain thing? #NALdrought #30dayswithnorain https://t.co/C4K9Qm9fSm'
786704633175609344,2016-10-13 23:06:15,b'RT @drnek60: Getting intense at Elbow Beach #HurricaneNicole @TDR_NEK @theauthenticEli @KBthetrainer @weatherchannel @JimCantore @LeeGoldbe\xe2\x80\xa6'
786281105892765696,2016-10-12 19:03:18,"b""@VORTEXJeff Yeah that's what I would go with. I'd say 10+ over a period of a couple of hours would satisfy it as well"""
786277654307766272,2016-10-12 18:49:35,b'Question of the day: What do you consider to be a tornado outbreak?'
784051057009754113,2016-10-06 15:21:53,b'Starting to see the eye on KAMX radar. Outbound velocities in the eye near 100 m/s. Oof https://t.co/2xF9U86yDP'
783863639077953536,2016-10-06 02:57:09,"b'Not only dealing with #Matthew, but also a decent chance of severe weather in KS tomorrow'"
783843447958536192,2016-10-06 01:36:55,"b""RT @mattlanza: These are some insane values. What's scarier is that they're realistic, contingent on exact track. Hope you're ready Florida\xe2\x80\xa6"""
783536056650063872,2016-10-05 05:15:27,b'00Z GFS got me like https://t.co/tvlhjNwd26'
782613625290752000,2016-10-02 16:10:03,b'#Matthew is producing EF-3 winds just outside of the eye-wall. Does that mean we can call it a wedge?'
781146938678865922,2016-09-28 15:01:57,b'Forecasting track of #Matthew is going to be interesting. All depends on the breakdown of cutoff low over MI currently'
780542477510082560,2016-09-26 23:00:03,"b""Can't wait to forecast for this city if #97L decides to skirt along the southern tip of Florida"""
780542096067428352,2016-09-26 22:58:32,b'@VORTEXJeff Not even worth serious consideration.'
780531864020848640,2016-09-26 22:17:52,b'And so it begins #WxChallenge'
780501683357057024,2016-09-26 20:17:56,"b""Just when one thinks you get away from @VORTEXJeff's puns...your office mate picks up right where he left off"""
780491523041492992,2016-09-26 19:37:34,b'RT @USGSstore: Its #FreeMapMonday! Retweet this tweet/follow for a chance to win a Landforms of the conterminous U.S. f#USGSstore https://t\xe2\x80\xa6'
780409173385285633,2016-09-26 14:10:20,b'Still ridiculously far out though so anything can change. Two days ago models were showing possible AL/FL landfall'
780408822099763201,2016-09-26 14:08:57,b'Seeing two different solutions between GFS and EPS with #97L from 0Z runs\n\nGFS trending eastward as well. https://t.co/IkSoATwOAj'
780160745434673152,2016-09-25 21:43:11,b'Model soundings near the eye wall of a hurricane are fun https://t.co/qU5iO1KbG8'
778642977203687424,2016-09-21 17:12:06,"b""RT @NWSPodunk: Keep talkin' trash about our office, but we're the only ones doling out Level III radar data right now. #GetOnOurLevel https\xe2\x80\xa6"""
778024521836093440,2016-09-20 00:14:35,b'Ugh.... https://t.co/2A6qCmJRD5'
775691306936987648,2016-09-13 13:43:13,"b'Set your calendars! Rocket City Weather Fest is scheduled for Feb 25, 2017! #alwx #hunwx'"
775346782926696448,2016-09-12 14:54:12,"b'RT @DanLindsey77: At the risk of breaking twitter, Super Typhoon #Meranti at 500 m resolution every 2.5 mins, via #Himawari VIS https://t.c\xe2\x80\xa6'"
770986326174859264,2016-08-31 14:07:19,b'Interesting pressure trace yesterday at UAH. Almost 5mb drop w/o any changes in temp or wind speed. Any thoughts? https://t.co/RoUqzcN2Mq'
770261124688310274,2016-08-29 14:05:37,"b'RT @WeatherBug: On this day in 2005- the costliest U.S, Natural Disaster, #hurricane #katrina made final landfall in La. and Miss. https://\xe2\x80\xa6'"
770095265223245826,2016-08-29 03:06:33,b'Good lord the amount of lightning with this thing in addition to the tornado is incredible https://t.co/vhK7KU8Mcz'
770046915853557761,2016-08-28 23:54:26,b'Storms initiating along an outflow boundary just south of Huntsville https://t.co/CD42Fwxw0o'
769964772657954816,2016-08-28 18:28:01,b'Everybody with 99L https://t.co/xLh6AMcvHa'
769335954796675072,2016-08-27 00:49:19,b'@TSRAven22 multiple RESET 1s were needed lol'
769327272415358976,2016-08-27 00:14:49,b'A look at the XPR data from the storms as they passed over HSV #alwx #hunwx https://t.co/tRBkKcvunk'
769314406396112896,2016-08-26 23:23:42,b'UAH ARMOR and XPR operations being conducted from inside of SWIRLL as storms pass over HSV https://t.co/wb81fgWiOU'
769306537776943104,2016-08-26 22:52:26,b'Why hello there shelf cloud https://t.co/ToOleQLBG4'
769175581451751426,2016-08-26 14:12:03,"b'RT @islivingston: This is how the \xe2\x80\x98surprise\xe2\x80\x99 Indiana and Ohio Tornado outbreak of August 24, 2016 happened https://t.co/idvQw0k3Kd'"
768820699813347337,2016-08-25 14:41:53,b'RT @markellinwood: More like 99LOL'
764233465760014336,2016-08-12 22:53:51,b'Beautiful shot of the rainbow from our 360 camera on top of SWIRLL (facing west) #alwx #hunwx https://t.co/AeEypyRnFJ'
753953004718612480,2016-07-15 14:02:58,"b""@wxmeddler it's a K band radar. Suggested range is 3.1 km but can be pushed up higher with larger gates"""
753754989579866112,2016-07-15 00:56:08,b'Picture of our new Micro Rain Radar (MRR) from atop of SWIRLL https://t.co/4EgF7ZdMgl'
753678401676972032,2016-07-14 19:51:48,b'Finally get some rain to test our new Micro Rain Radar. Strongest stuff misses SWIRLL #ofcourse #alwx https://t.co/Pc1yWqrcuv'
753278302098493440,2016-07-13 17:21:57,b'Abstract for SLS this November has been submitted!'
751946028773994496,2016-07-10 01:07:58,b'Thing actually has a decent base on it. Looking east towards Decatur https://t.co/eoMeImDZIA'
751943345853739009,2016-07-10 00:57:18,b'Well....might as well chase it on our way back to HSV lol https://t.co/Tbt8SsW8Jv'
751214816472080384,2016-07-08 00:42:23,"b'RT @wxdam: Not every day you get to see a full, intense tropical cyclone on radar like that. https://t.co/oM8OLlKUNZ'"
750720653070835712,2016-07-06 15:58:46,b'@VORTEXJeff @islivingston @skydrama @donkeydownburst @SeverePlains Tweetdeck is the way to go'
750187689627058176,2016-07-05 04:40:57,"b""RT @NASA: Success! Engine burn complete. #Juno is now orbiting #Jupiter, poised to unlock the planet's secrets.  https://t.co/YFsOJ9YYb5"""
750184400206389248,2016-07-05 04:27:53,b'This guy was strong enough to knock out my @comcast One heck of a lightning show https://t.co/3rkTKDlDw0'
748182574514712578,2016-06-29 15:53:20,b'Looks like @NWSPodunk has a challenge for the Biggest Polygon at the county fair this year https://t.co/kVtqYBwiXm'
748181710207057920,2016-06-29 15:49:54,b'What happens when you let high schools draw tornado warning polygons in awips2 #wereallgonnadie #Armageddon https://t.co/waAQYzuQEJ'
747166114917003264,2016-06-26 20:34:18,b'It looks like a clown slammed his faced into my plot https://t.co/faJqXBEdz7'
745785108590960640,2016-06-23 01:06:40,b'This thing is beast. Hope this thing keeps dropping south https://t.co/cktZq8d5KL'
745259248507043840,2016-06-21 14:17:05,b'Day 2 outlook for back home. Gonna be a rough day tomorrow with family and friends living in the Chicago area https://t.co/fbNuNeVVIT'
742097496940371968,2016-06-12 20:53:25,b'@willharbinwx there was actually an error w/ our surface station yesterday &amp; early today. Missing data was filled in w/last values recorded'
740188159833706497,2016-06-07 14:26:23,b'https://t.co/spDPQNRUt4'
739556431343407106,2016-06-05 20:36:08,b'Shelf cloud heading towards Huntsville https://t.co/WWsqCcdbNG'
738443033276977152,2016-06-02 18:51:53,b'Well this is a new one...\n\nhttps://t.co/XG0NjApCs3'
736939801790828544,2016-05-29 15:18:35,"b""RT @SciForbes: During Hurricane season, be mindful of 'spaghetti plots': https://t.co/kz6Ni0WUof https://t.co/DaVLyP7Qau"""
735495379358261249,2016-05-25 15:38:57,"b'RT @VORTEXJeff: Multiple instances of twin tornadoes near Minneola and Dodge City, Kansas, yesterday https://t.co/ApHrejdlnP'"
735242198292238341,2016-05-24 22:52:54,b'Watching satellite loops of convection forming never ceases to amaze me https://t.co/blIuBfeFJh'
735153227709206528,2016-05-24 16:59:22,b'No... https://t.co/VtWWiBvICT'
733692175154810880,2016-05-20 16:13:40,b'2016. The year of the Gulf Coastal MCS https://t.co/v7dfd7KByN'
730919327608807424,2016-05-13 00:35:22,b'Topped off with some mammatus and a rainbow! https://t.co/bZS0wcERcG'
730916796312784896,2016-05-13 00:25:18,b'And to top it off a lovely sunset https://t.co/y8VOSt6FmN'
730912882150494208,2016-05-13 00:09:45,b'Wind profiler data from RaDAPS at swirll. Notice the the pocket of higher wind speeds around 1.75 km https://t.co/6b7QQhwszM'
730906281897283585,2016-05-12 23:43:31,b'Amazing how the BWER looks on the XPR. Becoming one of my favorite instruments to work with'
730905751850487809,2016-05-12 23:41:25,b'XPR (vertically pointed radar) images from bowing segment as it went over HSV. 1st is reflectivity 2nd is velocity https://t.co/EFV8Ko83xT'
730900932813295617,2016-05-12 23:22:16,b'Shelf cloud heading towards SWIRLL. Some beautiful images off of the MIPS XPR. Stay tuned! https://t.co/wwZXQuh48B'
727974691428831232,2016-05-04 21:34:26,b'Panoramic shot of the shelf cloud as it approaches @UAHSWIRLL https://t.co/ImCPRBoRPg'
727972630859526144,2016-05-04 21:26:14,b'Shelf cloud approaching Huntsville with the line of storms https://t.co/iJ6Gz2OX5X'
726903000531345408,2016-05-01 22:35:55,"b""And that's a wrap for #VORTEXSE year 1! https://t.co/C4BqXYXYMb"""
726416657258807296,2016-04-30 14:23:21,"b""UAH RaDAPS set up at the Birmingham Weather Fest this morning! Come pay us a visit if you're in the area! https://t.co/lVJtBkfpJ6"""
726158568962035712,2016-04-29 21:17:48,b'RaDAPS all set up and operating in Double Springs AL for #VORTEXSE https://t.co/smY19vAHYW'
724634346691387392,2016-04-25 16:21:05,"b'RT @mapgirl18: Map of reports, watches, warnings of the April 2011 Super Outbreak. Map from: https://t.co/Y4WGBBZ30F https://t.co/0Cd2Xm25AW'"
723932643922944000,2016-04-23 17:52:46,b'@ChristinaWHNTwx @whnt most definitely!'
723902253195612160,2016-04-23 15:52:01,b'Some pretty neat K-H waves in Huntsville! https://t.co/6WzmqmF86Q'
723566291978694658,2016-04-22 17:37:01,"b""At this point we'll take anything... https://t.co/rwH5uQgIVO"""
720616223017472000,2016-04-14 14:14:30,b'06Z GFS not playing nice for #VORTEXSE'
717878400048881664,2016-04-07 00:55:22,b'Nothing like cleaning up radar data during a thunderstorm while listening to music from the 60s https://t.co/Vlajec8FYU'
716685106392510465,2016-04-03 17:53:39,b'Tin roofing stuck in a tree from the Hartselle AL tornado on Thursday https://t.co/n6Ut4EO6Gu'
715723284541743105,2016-04-01 02:11:43,b'Not a fan of that signature just near Hartselle AL'
715716489307889664,2016-04-01 01:44:43,b'@toweringCU Welcome to the South\xe2\x80\xa6.'
715703006948417536,2016-04-01 00:51:08,b'Nothing like spending a Thursday evening dodging possible tornadic circulations #VORTEXSE'
715699394964795393,2016-04-01 00:36:47,b'So many circulations. And right in one of our dual Doppler lobes #success #VORTEXSE https://t.co/TdfThEU8UP'
715693682792509440,2016-04-01 00:14:05,b'Rotation just SW of max https://t.co/okigeg2YKI'
715690224244891649,2016-04-01 00:00:20,b'Storms just SW Town Creek https://t.co/T148A6lAWr'
715686399547203584,2016-03-31 23:45:09,"b'RT @BTSullivan91: Cool volume view of tornadic circulation near New Hope, MS! #mswx https://t.co/LQvNaqThVc'"
715681820243668992,2016-03-31 23:26:57,b'@WxDcon Should clarify. Rotation associated with tornado WARNED storm to our north.'
715678027141742592,2016-03-31 23:11:52,"b'@acurreyLC2 does not mean funnel cloud on the ground however it is possible. Located just west of Pulaski, TN'"
715674949910994945,2016-03-31 22:59:39,b'Seeing hook echo associated with the tornado warned storm in TN https://t.co/Xyg7vCWnAf'
715672903216402433,2016-03-31 22:51:31,b'@ChristinaWHNTwx Yes it is!'
715672367595397120,2016-03-31 22:49:23,b'Seeing rotation associated with tornado in Tennessee https://t.co/pOar0PIV1H'
715671032749756416,2016-03-31 22:44:05,b'Seeing rotation associated with the tornado in S-Central TN #VORTEXSE https://t.co/qjBFnhK6z9'
715665270069727232,2016-03-31 22:21:11,"b'RT @ChristinaWHNTwx: Scanning in Courtland, @UAHSWIRLL mobile radar is sampling the atmosphere #ValleyWx #vortexse @whnt https://t.co/4ntYh\xe2\x80\xa6'"
715622897381978112,2016-03-31 19:32:49,b'Latest HRRR run trying to develop cells north of the larger system to our south around 5Z https://t.co/I1zMGeIgnF'
715619242696118272,2016-03-31 19:18:17,b'The part they never show on tv. The waiting game https://t.co/x3kgMklAqF'
715613403256119299,2016-03-31 18:55:05,b'All set up and ready to go! https://t.co/1sAuSoCLxx'
715589426701852672,2016-03-31 17:19:48,b'Currently sitting in MAX. At Cuortland AL. Clear skies all the way'
715544529798107137,2016-03-31 14:21:24,b'Nice try 4km NAM. \n\nA for effort. F for handling morning convection https://t.co/Pof19MtKaG'
715378015019130880,2016-03-31 03:19:44,b'@TSRAven22 well the GFS is always interesting. Just a matter of good-interesting or WTF-interesting lol'
715373230488489984,2016-03-31 03:00:43,b'Still hesitant on what the 4km NAM is showing. Still have trust issues after it over did events last week'
715371600393158657,2016-03-31 02:54:15,b'RT @USTornadoes: Tornadoes after #LaNina winter known to be possibly brutal. #ElNino years have been too: https://t.co/bFDaWgffdW https://t\xe2\x80\xa6'
715368058420871168,2016-03-31 02:40:10,"b""@VORTEXJeff right now looking like we'll recover between crapvection and the later show around 09Z"""
715367465895723008,2016-03-31 02:37:49,b'@VORTEXJeff Not down here! https://t.co/iM7Pk3nq2C'
715365477606952960,2016-03-31 02:29:55,b'Well this is somewhat....alarming https://t.co/1e36freYxj'
715189748969644032,2016-03-30 14:51:38,b'4km NAM sounding for KHSV ahead of cold front tomorrow. Could be an interesting Thursday night ahead of us https://t.co/mwPyKqgfZe'
714882259971678208,2016-03-29 18:29:47,b'@VORTEXJeff coming down to Huntsville I see? #wedgefest2016 #4kmNAMsolutions'
714877171064553473,2016-03-29 18:09:34,b'Think the 4km NAM is overdoing CAPE ahead of the front. Still worried about low-level convergence'
714876319889244160,2016-03-29 18:06:11,b'Tough forecast for Thursday. Leaning more towards of a stratiform w/embedded convection in N AL'
713107507271581696,2016-03-24 20:57:33,"b""@toweringCU and it's killing any chance of severe up here in Huntsville"""
713097355063607296,2016-03-24 20:17:12,b'Roaring QLCS across the coast doesn\xe2\x80\x99t help either'
713097087647367172,2016-03-24 20:16:09,b'Was concerned about role of morning convection yesterday limiting destabilization today. That\xe2\x80\x99s exactly what happened'
713073834203680769,2016-03-24 18:43:45,b'Possible area of rotation moving just north of MAX site about half and hour ago https://t.co/QBmO8tgel9'
713033249036058624,2016-03-24 16:02:28,b'Still seeing a pretty decent signal of updraft helicity as front comes through AL https://t.co/98M7zU0u08'
713027034201657344,2016-03-24 15:37:47,b'Latest HRRR run showing signs of possible redevelopment of cells along main front through N AL around 00Z https://t.co/o0Rvke7IDc'
713025569265434624,2016-03-24 15:31:57,"b'UAH MAX deployed out at Courtland, AL #VORTEXSE https://t.co/Bs8Wv8FGEJ'"
712747647472386049,2016-03-23 21:07:36,b'Curious to see how tomorrow evolves with the tornado threat. Morning convection will determine how much we can destabilize'
712110782117515264,2016-03-22 02:56:55,b'That is one big wind profiler https://t.co/JXjNL5Fg5m'
711981964153245696,2016-03-21 18:25:02,b'Gotta love forecasting for a severe weather IOP at least 5 days in advance'
708734048647127041,2016-03-12 19:18:59,b'First #VORTEXSE IOP weather briefing https://t.co/NqNYNbcphI'
707954900387434498,2016-03-10 15:42:56,b'I think sharppy is doing some wish casting here given that hodograph https://t.co/8n9Nsyu92z'
706514698632560640,2016-03-06 16:20:05,"b""RT @ALcomHuntsville: Hoping for tornadoes? South's largest tornado research project underway in Alabama https://t.co/rJA1k6JcHK"""
706171625142665216,2016-03-05 17:36:50,b'Looking like Mar 17 may be next biggest severe threat for HSV. Differences between 6Z and 12Z GFS on trough(s) after cutoff low moves out'
706151122948509697,2016-03-05 16:15:22,b'Seems like models are starting to come into some agreement about moving the cutoff low out by 3/13. But thats still 186 hrs out #fantasyland'
706150724376371200,2016-03-05 16:13:46,b'Southerly flow at 250 mb does not exactly produce favorable wind shear for severe weather in the SE'
706150178626076672,2016-03-05 16:11:36,"b'Cutoff low may actually help us with moisture return ahead of the next system, but not expecting severe w/ the cutoff low'"
706148665224777728,2016-03-05 16:05:36,"b""@VORTEXJeff I think the only wedges we'll be getting around here anytime soon will be potato wedges"""
706147061775908865,2016-03-05 15:59:13,b'Giving my third #VORTEXSE weather briefing today. Looking at a possible active period around March 14 https://t.co/kBEzp4OZdL'
704687326732161024,2016-03-01 15:18:45,b'@tjc_12 I blame autocorrect on that one lol'
704683527972003840,2016-03-01 15:03:40,b'Shake down mission today for #VORTEXSE Heading out to Scottsborough in MIPS attempting to map BL flows around Sand Mountain'
704441152523603968,2016-02-29 23:00:33,b'#WUTV filming here in Huntsville! https://t.co/r1SGUuFrci'
704377607853359104,2016-02-29 18:48:03,b'Giving the VORTEX SE weather briefing today. Oh boy https://t.co/y7xfZ9x2jo'
704317611253833728,2016-02-29 14:49:38,b'https://t.co/BSoTtY4y5B'
704074947463913474,2016-02-28 22:45:23,b'@UAHSWIRLL war room all ready for the #VSE media day tomorrow https://t.co/GuEc8ydKHQ'
704050744018673665,2016-02-28 21:09:12,b'@UAHSWIRLL fleet all ready to go for VORTEX-SE! https://t.co/u7IKMdOMzo'
701829118854168576,2016-02-22 18:01:15,b'@VORTEXJeff or in our case. A fine line between stove pipes and wedges'
700785296787554305,2016-02-19 20:53:29,b'Getting MAX all cleaned up for VSE! https://t.co/IXE5k8rlPH'
695441121212633090,2016-02-05 02:57:38,b'#HerbStein https://t.co/HMjPk2VAF7'
694706889280475136,2016-02-03 02:20:04,b'Research operations continuing as storms start to enter HSV area https://t.co/okmbbDoV4q'
694558133822345216,2016-02-02 16:28:58,b'Busy day here @UAHSWIRLL https://t.co/9MndgBrotV'
693473860583309312,2016-01-30 16:40:27,"b'RT @Climatologist49: McGrath, AK, METAR from Jan 13, 2008: \nPAMC 131853Z COR 00000KT 10SM CLR M38/ A3010 RMK AO2 MOOSE NEAR RWY SLP212 T137\xe2\x80\xa6'"
692567763886415873,2016-01-28 04:39:56,"b'Found another favorite weather term. ""Isodops"". Lines of constant Doppler velocities'"
690253661465894912,2016-01-21 19:24:31,b'Impressive convergence zone on radar. Red is moving away from radar and green towards radar. https://t.co/9wlMGZ0P4C'
689975710983835648,2016-01-21 01:00:03,b'@VORTEXJeff https://t.co/VAUbEQqSrN'
689883674540638209,2016-01-20 18:54:20,b'@VORTEXJeff nope. Had late starts issued last night by 8p'
689882762619285505,2016-01-20 18:50:42,b'@VORTEXJeff they shut down relatively easily. Lots of late starts today due to possibility of ice'
689881878246092800,2016-01-20 18:47:11,b'@VORTEXJeff and hitting us down here. So excited to see Southern drivers in snow!! #Not'
689881379874705408,2016-01-20 18:45:12,b'RT @EricBlake12: The Hurricane Hunters have a dropsonde mission on Thu in the Gulf of Mexico to collect data for the models #blizzard https\xe2\x80\xa6'
688795305467338753,2016-01-17 18:49:32,b'RT @NASA: And we have liftoff of the #Jason3 satellite to monitor sea level rise. Watch: https://t.co/KX5g7zfYQe https://t.co/zCNvwbN3rA'
687760241283313664,2016-01-14 22:16:34,"b""It's amazing to see how there's still damage left over from Katrina outside of downtown New Orleans."""
687757525291122689,2016-01-14 22:05:46,"b""And that's a wrap on #AMS2016 !!"""
687664389567074305,2016-01-14 15:55:41,b'Said over 86% of flights were cancelled out of MDW at least 2 hours before departure based on TAF forecast'
687664081088610305,2016-01-14 15:54:27,b'Presenter from @SouthwestAir at #AMS2016. Fog event back in May 2015 cost them between $45k and $228k for a 12 hour fog event'
686989913942659072,2016-01-12 19:15:33,b'Taping of @WXGeeksTWC at #AMS2016 ! https://t.co/VkxW9SqVU4'
686237374779658244,2016-01-10 17:25:14,b'Off to #AMS2016 !'
685312896235126785,2016-01-08 04:11:41,"b""@tlyzawx true. Have a feeling it was more because GFS didn't have as high dwpts inland as NAM did. But both still were sufficient"""
685308552131526656,2016-01-08 03:54:25,b'@tlyzawx there was still some uncertainty about that pocket of instability this morning. GFS was less impressive than the NAM'
685129567762280448,2016-01-07 16:03:12,b'RT @NWSOPC: low pressure continues to intensify off the SE coast; visible image reveals impressive satellite structure https://t.co/Daw7vwP\xe2\x80\xa6'
681528688626823169,2015-12-28 17:34:36,"b'RT @NWSMemphis: The second long-track tornado (EF-4) from last Wednesday, the 23rd has been determined to have a 73 mile path length.'"
681162841097801728,2015-12-27 17:20:51,b'Really cool example of seeing how winds veer with height on radar https://t.co/tJDg0puC3Y'
679850870012559360,2015-12-24 02:27:33,b'RT @USTornadoes: Supercell tracks of the past few hours show them continuing into favorable environments (blue) for tornadoes. https://t.co\xe2\x80\xa6'
679822556304683010,2015-12-24 00:35:02,"b'Seeing inbound velocities of about 132 mph just east of Linden, TN. \n\nInspector tool in Radarscope is pretty cool! https://t.co/y75NToqs9v'"
679792902910926849,2015-12-23 22:37:12,"b""@VORTEXJeff @bryanwx one downfall to giving longer lead times. People think they have time to flea when they really don't"""
679792220329787392,2015-12-23 22:34:29,b'@VORTEXJeff @bryanwx #MikeMorgan'
679791793659973632,2015-12-23 22:32:48,"b'Tornado signature near Holly Springs, MS. Can see lower ZDR from debris being lifted into atmosphere https://t.co/vLXj5OfsIe'"
679752022569123842,2015-12-23 19:54:46,b'Expecting a tornado watch to be issued sometime soon for a the MS and AL region.'
679750621403213825,2015-12-23 19:49:11,b'Cloud cover starting to break over Mississippi and Alabama. Will help destabilize atmosphere https://t.co/j2IxC0rbUO'
679548844942704640,2015-12-23 06:27:24,b'This is absolutely crazy to think that this set up exists in December https://t.co/Q7NsHT8LTB'
679521958401294336,2015-12-23 04:40:34,b'That being said...tomorrow has the potential to get really ugly really fast tomorrow. Be safe everyone'
679519297153142784,2015-12-23 04:29:59,b'Curious to see what #SPC does with Day 1 Outlook tomorrow. Would not be shocked to see 10% hatched tor given cape and shear values'
676321888591863808,2015-12-14 08:44:38,b'Wave train interacting with front as it moves across N AL. Interested to see how this looks on #ARMOR https://t.co/q0LhTBw45N'
676320937877381121,2015-12-14 08:40:51,b'Got a miniature BWER tonight! https://t.co/vq2M9eLvOW'
676239239831490560,2015-12-14 03:16:13,b'Primary objective is to capture front as it moves across the SE. Looking at shear instability as a possible source of tornadogenesis'
676238387351801857,2015-12-14 03:12:50,b'#MAX all set up and ready to go https://t.co/mG5PiOb8cV'
676202680864391169,2015-12-14 00:50:57,b'All ready for operations tonight! https://t.co/lQnMJITKqc'
674396992680931328,2015-12-09 01:15:47,b'RT @UW_OLYMPEX: The DOW truck raised to continue data collection in active weather pattern as lake level rises. (Photo: Josh Wurman) https:\xe2\x80\xa6'
672593756319842305,2015-12-04 01:50:22,b'Things you find in old filing cabinet drawers https://t.co/tGA0docF3k'
671869862910795777,2015-12-02 01:53:52,b'Guest speaker tonight in lecture for the class I\xe2\x80\x99m TAing in. Talked about UAS systems in meteorology. Pretty cool stuff!'
667168501153570817,2015-11-19 02:32:20,b'Getting some post frontal fog in HSV'
666953138000297985,2015-11-18 12:16:34,b'UAH MIPS is up and running for first IOP of the semester https://t.co/GUsANhXIN9'
666818757747212288,2015-11-18 03:22:35,b'Starting ops tomorrow at 5am as QLCS passes through HSV. Interested to see how terrain impacts intensity in N AL'
666415225885863937,2015-11-17 00:39:05,"b""Showing no signs of slowing down. Hope this doesn't run into DDC https://t.co/4eZqtdaKWT"""
662474064754319360,2015-11-06 03:38:19,b'@VORTEXJeff also curious to see how topography in the TN Valley impacts formation and maintenance'
662461812655419392,2015-11-06 02:49:38,b'@VORTEXJeff QLCS tornadoes too. Couple of good cases to look at before VORTEX SE.'
660100004988788736,2015-10-30 14:24:39,b'Talk about being a rain wrapped tornado. Sheesh https://t.co/pZ0Z3DFxlt'
660098763084689408,2015-10-30 14:19:43,"b'RT @VORTEXJeff: 7:36am: First potentially tornadic circulation occludes, wraps into rain, and dissipates while 2nd forms to NE #TXwx https:\xe2\x80\xa6'"
657569216367824896,2015-10-23 14:48:12,b'RT @philklotzbach: Automated satellite analysis from Univ. of Wisconsin-Madison indicates #Patricia stronger than #Haiyan https://t.co/3G61\xe2\x80\xa6'
657275676735774720,2015-10-22 19:21:47,"b'RT @NWSGrandRapids: How big is typhoon #Champi? Well, with a 60 mile wide eye, it would swallow West Michigan! #wmiwx #miwx https://t.co/gt\xe2\x80\xa6'"
655394649570476032,2015-10-17 14:47:15,b'Seeing lake effect precip just NW of Toronto off of Lake Huron. Most likely rain given temp obs. http://t.co/ppP5NQWf52'
655392345354014720,2015-10-17 14:38:06,b'Gorgeous day in Huntsville. Frontal passage leading to mid 60s highs and clear skies for the weekend #alwx'
