id,created_at,text
969613304485367813,2018-03-02 16:40:00,b'RT @ASHEoffice: We are excited to announce that #ASHE2018 proposal submission and conference registration are now open! Visit https://t.co/\xe2\x80\xa6'
969262427866091521,2018-03-01 17:25:45,"b'RT @NSF: #DYK Annie Jump Cannon cataloged around 350,000 stars\xf0\x9f\x92\xab in her lifetime, developed the modern stellar classification system:  https\xe2\x80\xa6'"
969068007564697600,2018-03-01 04:33:12,"b'Still not happy with it, but I\xe2\x80\x99m going to bed... #learn2write #PhDLife https://t.co/RrtfOSzS2W'"
968934129906659329,2018-02-28 19:41:13,b'So proud of this one! https://t.co/Ph270L5ZRr'
968685973063258112,2018-02-28 03:15:07,b'@EddieRCole Happy birthday!!'
968568121119379457,2018-02-27 19:26:49,"b'""Write 200 words every single day! "" 200*50=10,000! https://t.co/D2RuwWAJmd'"
968140344767500289,2018-02-26 15:07:00,b'@JP_Barber @pamelaleddy @wmhighered @WMSOE @EddieRCole I love this!!'
968134104771387392,2018-02-26 14:42:12,b'RT @CCJRP_Research: Call for Papers for special issue of research conducted by graduate student; guest editors: @swingle_ethan  @mariajosez\xe2\x80\xa6'
967041319842533376,2018-02-23 14:19:52,b'Higher ed group seeks key role in alternative credential landscape https://t.co/cRLhQo4yv7 To open our mind and sup\xe2\x80\xa6 https://t.co/1OTBioEtRp'
967040602683723776,2018-02-23 14:17:01,"b""New data show wage gap between professors and other advanced degree holders https://t.co/jpavr9lKrY $$$ isn't every\xe2\x80\xa6 https://t.co/cvenUDMkIG"""
966840179141963777,2018-02-23 01:00:36,b'Wow https://t.co/FuXZyqI7P4'
966124380689485829,2018-02-21 01:36:16,b'\xe2\x80\x9cBest teachers are best thieves. \xe2\x80\x9c'
965964400711684098,2018-02-20 15:00:34,b'How exciting!!! https://t.co/HpDJMDSDTU'
964134472848375808,2018-02-15 13:49:05,b'Most Professors Hate Post-Tenure Review. A Better Approach Might Look Like This. https://t.co/4oRFIouV5w It is all about reframing.'
964132646933749760,2018-02-15 13:41:50,"b""FBI director testifies on Chinese students and intelligence threats https://t.co/NEyjGFH8Y3 Can't figure out a bett\xe2\x80\xa6 https://t.co/YoVcXFTOYq"""
964002045899476992,2018-02-15 05:02:52,b'@amandarae88 Nice!!! I loved the young couple - rewrite the \xe2\x9c\xa8'
963999650767306752,2018-02-15 04:53:21,b'@amandarae88 Actually had my rewards first hahahah. Just came back from movies. Gosh so beautiful!!!!'
963957661749440517,2018-02-15 02:06:30,b'@amandarae88 Eager beaver is occupied now. Update: did an hour work but had 2 cups of desserts. #measureswrong'
961662688765071363,2018-02-08 18:07:06,b'RT @CGSGradEd: International graduate applications and first-time enrolment rates declined at US universities in 2017 for the first time in\xe2\x80\xa6'
961442072879353857,2018-02-08 03:30:27,b'@Alana_R_Davis Yes - and soon you will be a doctor in Philosophy - the terminal kind :) Can\xe2\x80\x99t imagine how many more\xe2\x80\xa6 https://t.co/QHt93MIVsE'
961269849568751616,2018-02-07 16:06:06,b'How Much Do Professors Work? One Researcher Is Trying to Find Out https://t.co/N6R7U53sjB Hmmm when combined with t\xe2\x80\xa6 https://t.co/dCOHXjevX6'
961262587051724800,2018-02-07 15:37:14,"b'Collaboration on the Academic Job Market | GradHacker https://t.co/1rqeCEwATK Fellas, we need not only a writing re\xe2\x80\xa6 https://t.co/Xm9rng52d6'"
961261619694227457,2018-02-07 15:33:24,"b""Study finds humanities majors land jobs and are happy in them https://t.co/sPOYwRKADF The surprising power of a 'us\xe2\x80\xa6 https://t.co/Y5fFC1Kgc6"""
960948244015497216,2018-02-06 18:48:09,"b'RT @WriteThatPhD: How to write the body, conclusions &amp; abstract sections of a humanities/interdisciplinary #thesis or #dissertation + time\xe2\x80\xa6'"
960572035318669312,2018-02-05 17:53:14,b'RT @AmyLiphd: Based on a sample of 30 tenure-track and tenured faculty back in 2014. Respondents work 60+ hours a week and the majority of\xe2\x80\xa6'
959537762050494464,2018-02-02 21:23:24,b'RT @WriteThatPhD: A mind map template to use when you have defined your #research question &amp; want to develop focus questions for your liter\xe2\x80\xa6'
958171057587998720,2018-01-30 02:52:36,b'Good company wouldn\xe2\x80\x99t be the same without a community of practice! https://t.co/sfX8V6dG0F'
958162540521050118,2018-01-30 02:18:46,b'@amandarae88 Cool beans! This morning I actually used this hashtag when writing an email LOL'
956592708948291585,2018-01-25 18:20:49,b'@CQuintanaDC Thanks for writing a great article!'
956502980240596993,2018-01-25 12:24:16,"b""A given discipline's perceived gender bias  -- is biggest predictor of whether women major in it\xe2\x80\xa6 https://t.co/hUxcPX1gbD"""
956501033840193538,2018-01-25 12:16:32,"b'Why Don\xe2\x80\x99t Professors Make More Money? The Flexibility They Enjoy, a Study Argues https://t.co/U6tFIeaQoA via\xe2\x80\xa6 https://t.co/xxEGFusWVc'"
956319470250872834,2018-01-25 00:15:03,b'Looking forward to it!! https://t.co/G55o1z6U4n'
955615054526844928,2018-01-23 01:35:58,b'@Alana_R_Davis Thank you! I\xe2\x80\x99m just sad that many are not seeing the bigger picture :( Hope you have a great class t\xe2\x80\xa6 https://t.co/YqpEinKAaG'
955500457576796165,2018-01-22 18:00:36,b'NSF report documents declines in international enrollments after years of growth https://t.co/jyeCFDlKPC'
955498486216187906,2018-01-22 17:52:46,b'State Spending on Higher Education Has Inched Upward. But Most Public Colleges Can\xe2\x80\x99t Celebrate. https://t.co/SY2J2rls1W via @chronicle'
955146013563654144,2018-01-21 18:32:10,b'@Alana_R_Davis Your input will be invaluable to share in class!'
953988085766909953,2018-01-18 13:50:58,"b'On the flip side, how candidates prepare and committees evaluate for the process might still need time to develop.\xe2\x80\xa6 https://t.co/CxKrznZ8I0'"
941333808275689472,2017-12-14 15:47:23,b'RT @CGSGradEd: We appreciate @SenatorShaheen calling attention to the importance of graduate education. \xe2\x80\x9cTax reform should be about helping\xe2\x80\xa6'
941333750918647809,2017-12-14 15:47:10,b'@johann_wm I\xe2\x80\x99m 1/4 way thru design for life! \xf0\x9f\x98\x8a'
941302106111270913,2017-12-14 13:41:25,b'Footnote relishes fact that no one will read it https://t.co/NozXFQDFRA \xe2\x80\x9cAnswers to these questions -- much like a\xe2\x80\xa6 https://t.co/RCM596edCu'
940225875525734400,2017-12-11 14:24:51,"b'Higher it goes, rarer it is to see diversity... Executive Compensation at Private and Public Colleges https://t.co/30KYV6sMcm via @chronicle'"
939292092102144001,2017-12-09 00:34:20,"b'RT @MariRodPhD: Gracias Dr. Mildred Garcia for your inspiring words including ""Together we stand as a testament to the transformative power\xe2\x80\xa6'"
939291703487348736,2017-12-09 00:32:47,b'Very grateful for the opportunity to serve the panel with great panelists! #CGS57 #CGSresearch https://t.co/err87aCerm'
939256260007833601,2017-12-08 22:11:57,b'RT @jackiewirz: Listen to the silence - how to address invisible diversity #CGS57'
939256215304990720,2017-12-08 22:11:46,b'RT @HironaoOkahana: Garcia: We have to listen to silences. #CGS57'
939213483345723392,2017-12-08 19:21:58,b'Task complete\xf0\x9f\x98\x8a Thanks everyone for showing up and supporting us graduate students who conduct research on grad ed a\xe2\x80\xa6 https://t.co/C1pSn7aC9l'
939172401241194496,2017-12-08 16:38:44,b'@akilbello @James_S_Murphy @DanePascoe Just to provide context for clarity and the speaker was explicit: this is by\xe2\x80\xa6 https://t.co/7rVdyAdXKF'
939172003117916160,2017-12-08 16:37:09,b'Just to provide context for clarity and the speaker was explicit: this is by no means a standard rubric but more so\xe2\x80\xa6 https://t.co/DlWG41ZKjn'
939160709971156992,2017-12-08 15:52:16,b'David Payne from ETS speaking about how to use GRE along with other qualitative measures to create holistic review\xe2\x80\xa6 https://t.co/h1xTYhay1V'
938825012944936960,2017-12-07 17:38:20,"b'President Crow speaking at #cgs57 about ASU\xe2\x80\x99s innovation, drawing heavily on higher ed history, philosophy, and fou\xe2\x80\xa6 https://t.co/ldDTbpKQET'"
938615454980964352,2017-12-07 03:45:37,b'@ah_ra_cho AERA sounds great! I can\xe2\x80\x99t wait! :) Thanks for being so inspirational!'
938614493264744449,2017-12-07 03:41:48,b'@ah_ra_cho In person \xf0\x9f\x98\x8a'
938614418509668352,2017-12-07 03:41:30,b'@ah_ra_cho Now I really want to meet you!'
938177903786889216,2017-12-05 22:46:57,b'The need for a theory of learning (opinion) https://t.co/gdWK2TaU0d'
938116481300287489,2017-12-05 18:42:53,b'Excited to be there soon! https://t.co/bPJRRYKfsX'
938070002921541633,2017-12-05 15:38:11,"b'RT @ah_ra_cho: Another great quote from article: ""We need to tap not only the content of the disciplines but also the character of their pr\xe2\x80\xa6'"
937382329546346496,2017-12-03 18:05:37,"b""I feel so depressed as I am preparing for an article brief for tomorrow's finance class... #GradStudentTax #HigherEducation"""
936646475538239489,2017-12-01 17:21:36,b'@amandarae88 I think so ;) It\xe2\x80\x99s a 1984 report on grad ed!'
936635947151749125,2017-12-01 16:39:46,b'After my history class I really thought I was done with archival data... Using a microfiche - check \xe2\x9c\x85 #geekout\xe2\x80\xa6 https://t.co/2Lqxj4zVWG'
936446864072888320,2017-12-01 04:08:25,"b'RT @yhao01: @ah_ra_cho Really apppreciated your thoughts on this! Didn\xe2\x80\x99t even think about GA/TA/RA\xe2\x80\x99s roles to students, faculty, Admin, and\xe2\x80\xa6'"
936446769671688192,2017-12-01 04:08:02,"b'@ah_ra_cho Really apppreciated your thoughts on this! Didn\xe2\x80\x99t even think about GA/TA/RA\xe2\x80\x99s roles to students, faculty\xe2\x80\xa6 https://t.co/O1QjgeJXR6'"
936446179709251584,2017-12-01 04:05:42,b'RT @ah_ra_cho: I would be curious how programs that rely on their graduate students have GAships such as higher education/student affairs p\xe2\x80\xa6'
936372333043961856,2017-11-30 23:12:15,b'Thanks to @ASHEoffice for capturing this fond moment of us catching up from summer. Miss my sounding board\xe2\x80\xa6 https://t.co/hyX4ltausp'
936286218534445056,2017-11-30 17:30:04,"b'RT @ah_ra_cho: ""Indeed, the top 5 skill categories rated most important by all 4 positions [in higher ed IT leaders] are all soft skills: c\xe2\x80\xa6'"
935287779914846209,2017-11-27 23:22:38,b'@amandarae88 Counseling is a healthy decision and no one should frown upon it!'
932059231095869440,2017-11-19 01:33:32,b'https://t.co/sGwFMnoqsh via @TEDTalks So no more excuse for procrastination!'
930824720194457600,2017-11-15 15:48:01,b'My news article about an awesome professional development held at W&amp;M for professionals at all career stages. Make\xe2\x80\xa6 https://t.co/8dVucdog1N'
929875703402676224,2017-11-13 00:56:58,"b""RT @ithinkwellHugh: #TimeManagement: There are only 168 hours in a week. \nYou can't have it all. Be careful where you spend yours. \n#ECRcha\xe2\x80\xa6"""
929564244823113730,2017-11-12 04:19:21,"b'Until next time! Good peeps, good energy, and good conversation! #ConferenceBond https://t.co/dTenPnKg7H'"
929525455287390208,2017-11-12 01:45:12,b'@mimirinis @pamelaleddy Thanks so much! Same to you! Look forward to reading it in print!'
929493255963709440,2017-11-11 23:37:16,"b'Presentation wen well! Enjoyed #ASHE2017 with mentors, peers, and friends. Hope to keep up the momentum of good wor\xe2\x80\xa6 https://t.co/Ta8CVAl32Q'"
929481462805647361,2017-11-11 22:50:24,b'RT @pamelaleddy: Talking about faculty as change Agents #ASHE2017 #sage2yc @wmhighered #wm601 https://t.co/jx2QpQ1CQA'
929376586767519744,2017-11-11 15:53:39,"b'Last but not the least - if you are still around for the last session, hope to see you at 3 pm! #SAGE2YC\xe2\x80\xa6 https://t.co/PAwxHcHe0X'"
929224081559490561,2017-11-11 05:47:39,b'RT @pamelaleddy: Up and coming scholars from W&amp;M #wm601 @wmhighered  #ashe2017 https://t.co/6ecqYIsUdh'
929145747890728960,2017-11-11 00:36:23,"b'W&amp;M higher ed faculty, students, and alum at #ASHE2017 @wmhighered @JP_Barber @pamelaleddy @amandarae88 https://t.co/E2dbDfCCK7'"
929031394097057793,2017-11-10 17:01:59,b'Listening to @amandarae88 talking about how her honors student voices and brings them to life through her understan\xe2\x80\xa6 https://t.co/JJ5jyYVCgK'
929012897346457600,2017-11-10 15:48:29,b'A fruitful and insightful conversation with three brilliant scholars! The idea of \xe2\x80\x9cintellectual playground\xe2\x80\x9d is now\xe2\x80\xa6 https://t.co/WAJjcADVJZ'
926516296002555904,2017-11-03 18:27:53,b'@generoche @DawnEdmiston @Johann_WM The teamwork makes the dream work! THANK YOU again!! https://t.co/NQkGCbr9qs'
926415993924186112,2017-11-03 11:49:19,b'@amandarae88 @EddieRCole Those words apply to our grant writing class as well\xf0\x9f\x98\x82'
926415807281815552,2017-11-03 11:48:35,"b'Still can\xe2\x80\x99t believe my paper is in. See you NYC in April,2018! https://t.co/9BIMi44Vib'"
924979768172400641,2017-10-30 12:42:16,"b'If you don\xe2\x80\x99t offer, how can women leverage the movability in their family? Decisions change behavior too! https://t.co/bAzjk39ADM'"
924271028662042624,2017-10-28 13:46:00,"b'Inspired by Dr. Falecia Williams, President of @valenciacollege talking about work ethics and how to remove barrier\xe2\x80\xa6 https://t.co/RpiUyPufHm'"
913131551856168961,2017-09-27 20:01:41,b'@Alana_R_Davis @chronicle You are one!'
912030921188167681,2017-09-24 19:08:10,"b""That's why I can't write my ideas in five days because they are constantly changing! UGH! https://t.co/7yl2PCweHV via @TEDTalks"""
910656096192356353,2017-09-21 00:05:07,b'RT @ashegrads: The William &amp; Mary Educational Review invites grad students to submit work for consideration for their 2018 issue. Submissio\xe2\x80\xa6'
910656010615967744,2017-09-21 00:04:46,b'RT @WMEdReview: 2 months out\xe2\x80\x94submit with us! Review our guidelines &amp; unique cohort-style peer-review process @ https://t.co/ag5aG9Pyyr http\xe2\x80\xa6'
904730201057353729,2017-09-04 15:37:43,b'Assumptions about #adultlearning. My independent study with @generoche is gonna be so much fun!! #makingsense https://t.co/TR1rv4XTX4'
904433532872912896,2017-09-03 19:58:52,"b'""When it comes to many of its core functions, higher education stubbornly resists productivity improvement."" #EPPL676'"
904018404172058624,2017-09-02 16:29:18,b'Come and hang out with us! https://t.co/ywjKTYtx1B'
903638418965573632,2017-09-01 15:19:22,b'We want you! #WMSOE https://t.co/v6cdlN9u2N'
903020190660792322,2017-08-30 22:22:45,b'Study says multiple factors work together to drive women away from STEM https://t.co/Ri3w2j8TqC'
902877902060052481,2017-08-30 12:57:21,"b""No Soup For You! | Confessions of a Community College Dean https://t.co/9sD9vzqzqw Dual enrollment shouldn't be stopped cos of food."""
901068709216890880,2017-08-25 13:08:15,b'A scholar pays tribute to an academic mentor (essay) https://t.co/rHlg6DN3nv Power of mentoring. Reminds me of many people as I read.\xf0\x9f\x99\x8f\xf0\x9f\x8f\xbb\xe2\x9d\xa4\xef\xb8\x8f'
900333091432136705,2017-08-23 12:25:11,b'Renewed debate over whether graduate students should publish https://t.co/qgthb83ZNE Why not change the whole tenure game rules??'
894950841869795329,2017-08-08 15:58:02,b'College Diversity Officers Face a Demanding Job and Scarce Resources https://t.co/oXGAKxIVte'
894904904048881664,2017-08-08 12:55:30,"b'Georgetown and Northwestern law schools announce they will accept GRE, not just LSAT https://t.co/yr6XsZmQJh Hmmmm...'"
893845730124804097,2017-08-05 14:46:43,"b'RT @WMEdReview: Hi followers! Be sure to also ""Like"" our new Facebook page for event and CFP updates: https://t.co/S6fzQitzLD'"
892365107312852992,2017-08-01 12:43:15,b'Helping diverse learners navigate group work  https://t.co/aVFELwIGLD There exists no such thing as good for all!'
890923290914639872,2017-07-28 13:13:59,b'Assessing the Intangible in Our Students - The Chronicle of Higher Education https://t.co/YmEEbWcRaP via @chronicle'
890564343619874816,2017-07-27 13:27:40,b'Why there\xe2\x80\x99s no such thing as a gifted child https://t.co/XAN4b4t6Ih'
890561322848591872,2017-07-27 13:15:39,b'Aiding the Writing-Stalled Professor https://t.co/cwFKNHKP02 Writing retreat is a great way to provide support to each other!'
889873882483761154,2017-07-25 15:44:01,b'RT @JenLaning: https://t.co/Q7afGWzzOg'
889871729769807872,2017-07-25 15:35:28,b'@Alana_R_Davis hahaha I have finished Grace and Frankie and am totally in love with her!'
888462770785705984,2017-07-21 18:16:46,b'Glad to be part of the fam! https://t.co/oLDaiX4zny'
888020079606210560,2017-07-20 12:57:40,b'Why Most Republicans Don\xe2\x80\x99t Like Higher Education https://t.co/rOQGEBJXat'
888016554893467648,2017-07-20 12:43:39,b'Former Top Official in Obama\xe2\x80\x99s Education Dept. Is Named President of ACE - The Chronicle of Higher Education https://t.co/eLiuifdGBy'
887291703845113856,2017-07-18 12:43:21,b'Grad School Is Hard on Mental Health. Here\xe2\x80\x99s an Antidote. - The Chronicle of Higher Education https://t.co/C8pJgug5BF Great article!'
886929731916115968,2017-07-17 12:45:01,"b'What Happens If Higher Ed Collapses? https://t.co/LuVmQgCKW1 ""Education is a very bad business complicated, inefficient, and expensive.""'"
886927063889977346,2017-07-17 12:34:24,b'Suggestions for Research | Confessions of a Community College Dean https://t.co/LN4YYE9q9J Interesting topics!'
886926820251230208,2017-07-17 12:33:26,b'Practical tips for improving performance and building endurance as a runner also apply to job searches (essay) https://t.co/YjshGYRF9B'
884809830539677696,2017-07-11 16:21:17,b'Trump Administration Considers Measure to Make Staying in U.S. Harder for Foreign Students https://t.co/PdvwM9fwqB via @chronicle What??'
884751613109440512,2017-07-11 12:29:57,b'Most Republicans Think Colleges Are Bad for the Country. Why? https://t.co/2k6cclNm8Y via @chronicle Is this a throwback to the 70s?'
884465661166145537,2017-07-10 17:33:40,b'Support builds for expanding Pell eligibility to short-term certificates https://t.co/bHpLsZ2zZP Reengage veteran students #adultlearning'
882939109936963584,2017-07-06 12:27:42,b'How to Talk to Famous Professors https://t.co/QL05NqkQQ9 via @chronicle'
882938702971928580,2017-07-06 12:26:05,"b""Anthropologist studies why professors don't adopt innovative teaching methods https://t.co/4fqwaVFwUJ The fear of failure"""
882064474785677312,2017-07-04 02:32:13,"b""RT @CGSGradEd: Upcoming CGS webinar topics: Int'l grad students, grad enrollment/degrees trends, ProfDev in humanities, and more https://t.\xe2\x80\xa6"""
881854526873104384,2017-07-03 12:37:57,b'Revisiting the same task/practice periodically is a great way to gauge improvement and track progress! #adultlearning'
880764033787449350,2017-06-30 12:24:44,b'The Benefits of Time Away https://t.co/Vy9ic4fe1T via @chronicle Points well-taken. Travel makes us approach things differently.'
880762377049911298,2017-06-30 12:18:09,b'Talk About Diverse Hiring Often Means Faculty. What About Staff? https://t.co/vQq5qqL0KT via @chronicle Good to see it happening'
879316063544119297,2017-06-26 12:31:01,b'Getting worse... California travel ban highlights dilemmas facing some academic conferences https://t.co/sOL0kDMTSn'
879314803105333249,2017-06-26 12:26:00,b'Just sanction everything. Academics alarmed by TSA plans to require books to be removed from carry-on luggage https://t.co/m4fFL2c2kS'
877906635682963456,2017-06-22 15:10:27,b'Thoughts of the day: the role of common sense is probably underestimated in data analyses and decision-making. #quantitativeissubjectivetoo'
877568330608943105,2017-06-21 16:46:09,b'RT @courosa: Possibly describes the process of writing a dissertation as well... #phdchat #higherEd https://t.co/K6wvTMhfgi'
877477162433040384,2017-06-21 10:43:52,b'5 Cocktail-Party-Conversation Findings From the 2016 College Presidents - The Chronicle  https://t.co/KACGAEhYyZ Not much diversity...'
877155953224953856,2017-06-20 13:27:30,"b'Agreed! In Improving Outcomes, Institutional Researchers Can Be an Untapped Resource - The Chronicle  https://t.co/GOHDyKj9Pp via @chronicle'"
875103752386093056,2017-06-14 21:32:47,b'Colorblindness - diversity - equity. #equitymindedness #sage2yc'
872769756461490176,2017-06-08 10:58:19,b'Study of faculty members with mental health issues finds mix of attitudes on disclosing and seeking assistance https://t.co/53WKxdsOSG'
867329087806865408,2017-05-24 10:39:03,b'Please lay your hands off education... What Trump\xe2\x80\x99s Proposed 2018 Budget Would Mean for Higher Ed https://t.co/AZ6vf2nywb via @chronicle'
861560145180020737,2017-05-08 12:35:20,b'RT @ASHEoffice: We need additional PhD reviewers for all the proposals we received! Please sign up here https://t.co/NXDajL6muJ'
852647076269838336,2017-04-13 22:17:59,b'Many thanks to you who are there supporting me!!\xf0\x9f\x98\x8a https://t.co/jR6ntNs4Ku'
852182193975721984,2017-04-12 15:30:42,b'RT @JP_Barber: Looking forward to @pamelaleddy discussing her new research! \ncc: @wmhighered @wmcild @WMSOE @williamandmary https://t.co/Pr\xe2\x80\xa6'
851405372640423936,2017-04-10 12:03:53,b'RT @tedfujimoto: High-trust organizations treat people like responsible adults. #science #culture #edleadership https://t.co/8yxJz1Vp3m'
850801418214793216,2017-04-08 20:03:59,b'@amandarae88 They are actually comfie and from Marshalls!'
850766147817541632,2017-04-08 17:43:50,"b'#CSCC2017 when you get to hang out with your advisor and her advisor, you understand how excited I am! https://t.co/MSNOQqfoNf'"
850757629936893952,2017-04-08 17:09:59,b'@amandarae88 @pamelaleddy I was too nervous!!! Ahhhh'
850755284050087937,2017-04-08 17:00:40,b'@pamelaleddy presenting with your advisor from different perspectives on the same project!! #CSCC2017 #SAGE2YC https://t.co/zMVOiyeEHm'
850100711903899648,2017-04-06 21:39:38,"b""@udijay used art to teach us on finding patterns and themes in NPR. I've actually seen this piece at Art Institute\xe2\x80\xa6 https://t.co/qcC83odMOI"""
849305682885181440,2017-04-04 17:00:28,"b""Picture of the day. Enough With the 'Lifelong Learning' Already - The Chronicle of Higher Education\xe2\x80\xa6 https://t.co/5dTcVUafOz"""
847597438357479424,2017-03-30 23:52:31,b'Awesome talk! https://t.co/smaoVCG04i'
846727913210810369,2017-03-28 14:17:20,b'RT @WMSOE: Professor Bruce Bracken delivers Legends in School Psychology address\n\nhttps://t.co/dGYCRSzN7d'
846724637375549440,2017-03-28 14:04:19,b'RT @EddieRCole: Thursday - 3/30 - @williamandmary.\n\nA discussion. #HigherEd #History https://t.co/neQHAC6SEV'
846724523407949827,2017-03-28 14:03:52,b'Why I donate? Because I love our program! I call it my second home and my cohort my extended family! @wmhighered\xe2\x80\xa6 https://t.co/XmlE0nTezS'
842814439946641408,2017-03-17 19:06:35,"b'Applause for Sean who did a fantastic session for @WMHESA on how to plan, apply, navigate, and negotiate through th\xe2\x80\xa6 https://t.co/czB32IgdnK'"
842521705297952768,2017-03-16 23:43:22,b'Awesome speakers! https://t.co/skn79wL0ev'
837680602782531585,2017-03-03 15:06:33,"b'""Life is larger than our categories"" (Mintzberg, 1994, p. 4) applies\xe2\x80\xa6 https://t.co/C2n5IC9MCA'"
834917675285557248,2017-02-24 00:07:40,b'#qualitative #groundedtheory #gradlife #weird #forsure\xe2\x80\xa6 https://t.co/dFikJgTuSh'
832249164100665344,2017-02-16 15:23:57,b'Lovely to visit Virginia Tech via conferencing. Gorgeous campus of a land grant institution. @EddieRCole taught me\xe2\x80\xa6 https://t.co/Zz3enbblhh'
831961008981864448,2017-02-15 20:18:56,b'#CHEP2017 @mdlnsmth89 Always in the spotlight and causing traffic! https://t.co/2MIDNZSAD4'
831901459511988224,2017-02-15 16:22:18,b'#CHEP2017 #reallypeerreview @amandarae88 and @mweave23 You girls are rocking it! https://t.co/65chCtIRFn'
831706387881267201,2017-02-15 03:27:09,b'@SarthakJohnson hi there!'
831226263503327232,2017-02-13 19:39:19,b'Please join us! https://t.co/a8HJ0s74cj'
803715878709760000,2016-11-29 21:42:52,b'The leadership untapped! https://t.co/S68uqZRNbC'
797532149532524544,2016-11-12 20:10:56,b'@k_tarantino very proud of this girl! Not only for her excellent scholarship but also her passion on graduate stude\xe2\x80\xa6 https://t.co/JIvwXMzBtW'
797129647452516356,2016-11-11 17:31:32,"b""Congratulations! I'm so blessed to have been able to work with and learn from you! https://t.co/c74Mc2vMKD"""
796892465924018176,2016-11-11 01:49:04,b'RT @k_tarantino: The GAs of @pamelaleddy !!! @yhao01 @k_tarantino and Tehmina! #ASHE2016 #wmhighered https://t.co/HbNfwkmsaz'
796866416121171968,2016-11-11 00:05:33,b'Want to take a moment to thank @SusanKGardner and @JuliePosselt for taking your time talking to doctoral students at #Ashe2016. Thank you!'
792374165240152064,2016-10-29 14:34:57,b'RT @pamelaleddy: Great day in DC. @wmhighered @WMSOE #gotribewonks https://t.co/hNvtTJvD77'
784045529403719680,2016-10-06 14:59:55,b'What a great opportunity last night to hear from Dr. Kendi himself! https://t.co/L7DiIQa3Ss'
713480184326930432,2016-03-25 21:38:26,b'RT @Alana_R_Davis: Excited to hear @yhao01 discuss curriculum design in Chinese honors colleges. #SOEresearch https://t.co/Eu13P5fLlA'
713356642935554049,2016-03-25 13:27:31,b'Thanks these amazing committee members for putting the symposium together! #soeresearch https://t.co/55YiTX75Ty'
690238375731814400,2016-01-21 18:23:47,"b""#soechat learning about Twitter with y'all! @MillerJamison @yfarah4 https://t.co/41YQPOaedQ"""
