id,created_at,text
967738546416177158,2018-02-25 12:30:23,"b'RT @theIHpodcast: NEW EPISODE - @samuelmoyn talked to us about his favorite #books, #neoliberalism, and why #humanrights are #notenough\nhtt\xe2\x80\xa6'"
966607556754989056,2018-02-22 09:36:14,b'RT @DrSophieSmith: Waseem Yaqoob is absolutely brilliant on the forthcoming @ucu strikes over at the @LRB blog: https://t.co/ZZBXPbYkDF'
964835882128887808,2018-02-17 12:16:14,b'RT @fasbraithwaite: Great and REALLY useful thread on what students can do to support the UCU strike https://t.co/vnWMjkWMlE'
964190340956778496,2018-02-15 17:31:05,"b""Versp\xc3\xbcre instinktives Misstrauen gegen\xc3\xbcber Texten, in deren Fu\xc3\x9fnoten das Wort 'Paginierung' zu finden ist\xe2\x80\xa6 https://t.co/dNjVKmeiw4"""
964148310125801475,2018-02-15 14:44:04,"b'RT @theIHpodcast: NEW EPISODE - Dr Banu Turnaoglu talked to us about #TurkishRepublicanism, the exchange of ideas between #East and #West,\xe2\x80\xa6'"
962006925213777920,2018-02-09 16:54:58,b'https://t.co/5KFx1TnEYr'
962004377706917894,2018-02-09 16:44:51,"b""Terrifying. All of it. '\xe2\x80\x9cAcademia doesn\xe2\x80\x99t foster friendship as much as it fosters  competition and risk of theft of\xe2\x80\xa6 https://t.co/f4nszlmpb5"""
961994138739671040,2018-02-09 16:04:10,"b'RT @halbsoschlimm: Important thread, &amp; not only for women, mothers, parents, or parents-to-be. Heartened at recent efforts on here vs. vari\xe2\x80\xa6'"
960878365925404672,2018-02-06 14:10:29,"b""RT @stephenwertheim: Two jobs just announced @BirkbeckHCA: Medieval history and modern European history. Feel free to get in touch if you'r\xe2\x80\xa6"""
960837415618347009,2018-02-06 11:27:46,b'RT @dani_allemann: Check out our New Episode! @zeincredibleowl  and @AntonJaegermm in conversation with @F_Waldmann https://t.co/XG6KkE9gkW'
960273289364074496,2018-02-04 22:06:07,"b'RT @infinite_milos: Berlin wall stood for 10316 days, and tomorrow is 10316 days since it is gone. https://t.co/9HdDrnXILx'"
959785710311047168,2018-02-03 13:48:39,b'@ljtost Point taken. But it sounds like the kind of bizarre experience that one simply must add to one\xe2\x80\x99s collection\xe2\x80\xa6 https://t.co/PcpqKzkCKG'
959719873868902400,2018-02-03 09:27:03,"b""Meanwhile in Bavaria, an opera about the love story of Arendt and Heidegger. Title: 'The Banality of Love'. Didn't\xe2\x80\xa6 https://t.co/KCLaEThQd6"""
957198947113754624,2018-01-27 10:29:47,"b'RT @Ethelmonster: PSA: Men who ask ""Can I even talk to women now"" are in fact, not allowed to talk to women.'"
956636857126842370,2018-01-25 21:16:14,"b'What if I was a Lady, huh? #titletalk https://t.co/2z3i4wNPLP'"
956103791539081216,2018-01-24 09:58:02,"b""RT @SaeBeverley: @ForbesUnder30 Why does this include documented abuser Matthew Baron? I don't find his actions very inspiring.\n\nI'm also c\xe2\x80\xa6"""
955759840156160005,2018-01-23 11:11:17,b'RT @theIHpodcast: Great to see our project mentioned in the latest @CamHistory alumni newsletter! https://t.co/42zp9jfYDG'
955465098860154880,2018-01-22 15:40:05,"b""RT @CamHistory: Join us to discuss 'How to Tackle the Extreme Right: American, British, and German Perspectives', Feb 12 1-4pm\nhttps://t.co\xe2\x80\xa6"""
955199140937588736,2018-01-21 22:03:16,"b""'History\xe2\x80\x99s expertise, and most dangerously its perspective, are being lost in our inability to look beyond the here\xe2\x80\xa6 https://t.co/eUjjGaS6GX"""
954782874254872577,2018-01-20 18:29:10,b'Dealbreaker if ever there was one https://t.co/4hqZ2FGyNW'
954782240633958408,2018-01-20 18:26:39,"b'RT @CamHistory: Want to work in a world class history faculty? Three posts currently available in @Camhistory, 2 lectureships( Modern Briti\xe2\x80\xa6'"
953005334112690176,2018-01-15 20:45:52,b'RT @RenaissanceNews: CALL FOR PAPERS: \xe2\x80\x98Aesthetics and Poetics in the History of Political Thought\xe2\x80\x99 @CamGradPTIH #CFP #Twitterstorians\nhttps\xe2\x80\xa6'
949722361556865024,2018-01-06 19:20:30,b'@Laura8tel Matt Levingers Enlightened Nationalism ist n\xc3\xbctzlich f\xc3\xbcr Verweise v.a. auf die englischsprachige Literatur'
949194118265233408,2018-01-05 08:21:27,"b'RT @CamGradPTIH: Here comes the #CFP for our grad conference: ""Aesthetics and Poetics in the History of Political Thought"" - please share w\xe2\x80\xa6'"
942517814312751104,2017-12-17 22:12:12,"b'@dani_allemann Ja was ist besser: keine Regierung oder eine, die nicht wei\xc3\x9f was sie tut'"
942351088535195648,2017-12-17 11:09:42,b'RT @OfficialBAAS: Apply for the position of Lecturer in Modern Gender and/or Race History at UCL by 2 January 2018 https://t.co/HTqrlcThtT'
942344085880352768,2017-12-17 10:41:52,b'Do I discern a certain #Brexit -related Schadenfreude in the German media? https://t.co/MuEcJiFn17'
941373661302480896,2017-12-14 18:25:45,b'RT @cambridge_cpt: JOBS! in IR and public policy at @Dept_of_POLIS here in Cambridge. (The challenge will be to get historians of political\xe2\x80\xa6'
940986175371833344,2017-12-13 16:46:01,"b'RT @qmHPT: CfP \xe2\x80\x94 Representation and Misrepresentation, 9th Annual London Graduate Conference in the History of Political Thought https://t.\xe2\x80\xa6'"
940212223028400128,2017-12-11 13:30:36,b'RT @Diderotesque: Intellectual historians and dix-huiti\xc3\xa9mistes!  Permanent lectureship in European History 1700-1850 @UCLHistory with a pre\xe2\x80\xa6'
936576919063203840,2017-12-01 12:45:12,"b""Feelin like there's something missing in your life? Like an insight what the history of law in 19th c Germany tells\xe2\x80\xa6 https://t.co/Ufmy34fPdq"""
935502685637349376,2017-11-28 13:36:35,"b'RT @theIHpodcast: NEW EPISODE - Ben Slingo talked to us about #earlymodern scholastic visions of #power, #republicanism, and the value of t\xe2\x80\xa6'"
931234957791514624,2017-11-16 18:58:10,b'RT @Chris_Manias: 5-year Modern German History Job at Queen Mary!  To cover for Christina von Hodenberg while she directs @ghilondon - http\xe2\x80\xa6'
930103951646773254,2017-11-13 16:03:57,b'@theIHpodcast Thanks ;) so proud to be here'
930081223078285314,2017-11-13 14:33:38,"b""@theIHpodcast @AntonJaegermm Ha. Why did I never get a shoutout? (Welcome Anton, great you're here!)"""
929862583993200643,2017-11-13 00:04:50,"b'RT @qmHPT: 15/11, 5:15pm, N304, IHR: Sam Zeitlin (University of California, Berkeley), Francis Bacon on Peace https://t.co/boslnqhrd8'"
928422897126985733,2017-11-09 00:44:02,b'This is not a tweet about Priti Patel or the 280 characters. Good night twitter.'
928268562262761472,2017-11-08 14:30:46,b'How did it never occur to me that #eighteenthbrumaire and the winter palace storming of the #RussianRevolution fall\xe2\x80\xa6 https://t.co/qXu4e8yCf9'
925680560483241984,2017-11-01 11:06:58,b'Second that https://t.co/2MNug8seZt'
923223587334643715,2017-10-25 16:23:50,"b'RT @StuartElden: Antonio Gramsci, The Prison Notebooks \xe2\x80\x93 exhibition in\xc2\xa0London https://t.co/AHTGITOcLU https://t.co/Gtl6aYcbJ9'"
922813272524578816,2017-10-24 13:13:23,b'@dani_allemann and I talked to @DrDuncanBell about his fascinating research. Tune in and learn about empire&amp;liberal\xe2\x80\xa6 https://t.co/ArTmLaQLxw'
912002079518003201,2017-09-24 17:13:34,b'Un\xc3\xbcberraschtes Entsetzen trifft stilles Grauen #BTWahl2017'
909793086565470209,2017-09-18 14:55:49,"b""RT @FromPhDtoLife: What's a common misconception about doing a PhD you'd like new or more junior grad students to know? #phdchat #withaphd"""
907532183941853184,2017-09-12 09:11:48,"b'RT @dfg_public: Seit wann tragen wir Uhren? Im #exkursDFG erkl\xc3\xa4rt Prof. S. Conrad, wie es zu unserem heutigen Zeitverst\xc3\xa4ndnis kam: https://\xe2\x80\xa6'"
905074431332163584,2017-09-05 14:25:34,"b""RT @elizabe66606485: Behringer, Clark, and Wierling each write on 'German History in Global and Transnational  Perspective' -  https://t.co\xe2\x80\xa6"""
899926708899520512,2017-08-22 09:30:21,"b'Valentina &amp; I talk to the wonderful @EmilyJonesVIII about Burke, conservatism, empire &amp; more on @theIHpodcast. Chec\xe2\x80\xa6 https://t.co/tcNaiZhlB3'"
895174439427592193,2017-08-09 06:46:32,b'It can honestly not be good sign when Trump starts talking like Danaerys Targaryen #fireandfury'
894447477239238656,2017-08-07 06:37:51,"b'RT @qmHPT: CfP: Crisis and Renewal in the History of Political Thought, deadline 30 September https://t.co/sd3akSY0LY'"
890889939675729920,2017-07-28 11:01:28,b'RT @CambridgeUCU: Membership of UCU is now free to *all* PhD students! Join us and make universities better places to work and learn: https\xe2\x80\xa6'
887243033191882752,2017-07-18 09:29:57,b'RT @qmHPT: Get a taste of the vibrant intellectual history community in London. Apply for our summer school with @UCLHistory. https://t.co/\xe2\x80\xa6'
881988394636763136,2017-07-03 21:29:54,"b'RT @CamHistory: Great to see new intellectual history podcast series Interventions, led by @CamHistory graduates - watch this space! https:\xe2\x80\xa6'"
880818447541776384,2017-06-30 16:00:57,"b""RT @DrDuncanBell: Martin Jay on Axel Honneth's new book on socialism\nvia @thenation https://t.co/uc188LvC2e"""
879840683837841408,2017-06-27 23:15:40,b'Check out our new podcast! https://t.co/rpG5cvqXEp'
874053653711249408,2017-06-12 00:00:04,b'RT @stephenwertheim: \xe2\x80\x9cAt least posh people in England have the decency to feel guilty\xe2\x80\x9d \xe2\x80\x94 @RichardvReeves via @nytopinion: https://t.co/CUxb\xe2\x80\xa6'
872131654286008321,2017-06-06 16:42:44,"b""Strongly worded critique of anti-Semitism in the British #LabourParty in German FAZ: 'the socialism of lunatics' https://t.co/5eIi95RqLf"""
872124054337187841,2017-06-06 16:12:32,b'No milestone philological achievement without the Grimms. Almost beats bringing us #SnowWhite and #Cinderella https://t.co/yyPqZpb538'
870445591440109575,2017-06-02 01:02:55,b'RT @jochenhung: The Vorw\xc3\xa4rts has been digitized for the years 1918-1933: https://t.co/bO6soobZPN'
869714252784955392,2017-05-31 00:36:51,"b'RT @HFranceWebsite: 3-Month Postdoctoral Fellowship in Modern and Contemporary History at Edinburgh, due 30 June \nhttps://t.co/A3NRCVpMmx]'"
869472846615109632,2017-05-30 08:37:35,b'RT @dani_allemann: TODAY: #CambridgePTIH Grad Workshop with @zeincredibleowl on #Rousseau #Herder &amp; the #nation 12:30 @CamHistory https://t\xe2\x80\xa6'
865523810526679044,2017-05-19 11:05:31,"b""RT @CamHistory: We're hiring! Temporary lectureships in American &amp; twentieth century British history\nhttps://t.co/ITVN7EtIw3 https://t.co/P\xe2\x80\xa6"""
865209052208529408,2017-05-18 14:14:47,"b'RT @tntwining: The history of thought ""as a kind of historical phenomenology\xe2\x80\x9d of particular moments. Excellent by Duncan Kelly.\n\nhttps://t.\xe2\x80\xa6'"
862368383509176320,2017-05-10 18:06:59,b'At least main political division in Germany is now past TINA #FutureofEurope https://t.co/aHDo3OTXhN'
862263096206819328,2017-05-10 11:08:36,"b""RT @CRASSHbible: REGISTRATION NOW OPEN: 'Theology &amp; Politics in the German Imagination, 1789-1848' | 10th-11th July | Cambridge\nhttps://t.c\xe2\x80\xa6"""
861956203366277124,2017-05-09 14:49:07,b'RT @ProSyn: .@rodrikdani doubts that @EmmanuelMacron can succeed unless Germany agrees to a eurozone fiscal union. https://t.co/OXYPRnH7GZ'
861936889418444800,2017-05-09 13:32:23,"b'Uuuuuuh, the gloves are coming off: Juncker is now speaking French because of #Brexit #lostintranslation https://t.co/WExGnvPq4q'"
860528895816335361,2017-05-05 16:17:31,b'Can historians succeed where critical theorists appear to have failed? #twitterstorians https://t.co/ObdPZ1Drdf'
859720710826205184,2017-05-03 10:46:04,"b'RT @TehilaSasson: Thrilled to share CFP: ""Sovereignty, Economy and the Global Histories of Natural Resources"" Spread the word! #twitterstor\xe2\x80\xa6'"
857273292499165184,2017-04-26 16:40:54,"b""RT @davies_will: Hobbes's final exam paper questions, Magdalen Oxford, 1608, apparently. https://t.co/Gyf0qLrdp2"""
856908852360605696,2017-04-25 16:32:45,"b'Indeed, a possibility I had never considered @PHMMcr #TomPaine #skeletonsinthecloset #historyfun https://t.co/35MXhabj3U'"
856878224068014080,2017-04-25 14:31:03,"b'RT @freddyfoks1: CFP: Histories of Anthropology: Transforming Knowledge and Power 1870-1970. 18th-19th Sept 2017, Cambridge. Keynote: @qual\xe2\x80\xa6'"
856536608740446208,2017-04-24 15:53:35,"b""RT @BerghahnHistory: For Reinhart Koselleck's birthday today, we're offering access to these relevant journal articles: https://t.co/1n2Crt\xe2\x80\xa6"""
854250303918616576,2017-04-18 08:28:38,"b""RT @juergenzimmerer: Opening of UN files on Holocaust will 'rewrite chapters of history', @owenbowcott reports. Catalogue to be online http\xe2\x80\xa6"""
852485277130141696,2017-04-13 11:35:03,"b""'Voting was done by ballad': Hilarious history of Europe through observations from student papers  https://t.co/EQbnj65jID #twitterstorians"""
850300565955514368,2017-04-07 10:53:47,b'Medieval and early modern Europe dominates the shortlist of the 2017 Wolfson History Prize https://t.co/PGsrsQWCbe #twitterstorians'
850298256626200577,2017-04-07 10:44:36,"b""Sheila Fitzpatrick on what's left of the Russian Revolution https://t.co/4Q6ihqphSm via @LRB"""
847870376004771840,2017-03-31 17:57:04,b'Bias against\xe2\x99\x80\xef\xb8\x8facademic instructors: \xe2\x80\x9cI think your feminist stances are slightly overcorrecting reality. You\xe2\x80\x99re a re\xe2\x80\xa6 https://t.co/CStC03cQCY'
843070280788533248,2017-03-18 12:03:13,b'Reminder that women entered elite institutions of #highered only a generation ago https://t.co/FrOoBX6WK7 @nybooks #WomensHistoryMonth'
841965581834321920,2017-03-15 10:53:32,"b'RT @andrewarsan: Th. 16 March, 6pm, Arjun Appadurai will give the 1st Sir Christopher Bayly Memorial Lecture. A poignant occasion to rememb\xe2\x80\xa6'"
839459494526652416,2017-03-08 12:55:14,"b'With a nod to history, happy #InternationalWomensDay https://t.co/VRmVTieelw'"
837294571289726978,2017-03-02 13:32:36,"b""Jeremy Adelman: 'we need narratives of global life that reckon with disintegration as well as integration' https://t.co/fvxYuGB0Ks"""
835081226310541313,2017-02-24 10:57:34,b'RT @GHIWashington: Happy birthday #WEBDubois! Humboldt-Universit\xc3\xa4t hosts 2 lecture series to honor its former student https://t.co/5ZPraPlW\xe2\x80\xa6'
833643755030904832,2017-02-20 11:45:34,"b""Rhyme: 'female professors tended to talk about the broader demands ...male interviewees focused ... more on the nee\xe2\x80\xa6 https://t.co/yVOE8bi6z6"""
831572303330811904,2017-02-14 18:34:21,"b'RT @ljtost: Leider bisher keinen anderen Artikel dazu gesehen: ""Freie Aktivisten Dresden"" \xc3\xbcberkleben Stolpersteine #dd1302\nhttps://t.co/v0l\xe2\x80\xa6'"
830382483288051712,2017-02-11 11:46:26,"b""RT @EZuelow: I lost my job in academia after having a baby \xe2\x80\x93 now I'm stuck https://t.co/wr8njJC6AZ #academia #highered"""
820920778245947392,2017-01-16 09:09:00,"b""RT @dani_allemann: Here's the program for this term's Grad Workshop @cambridge_cpt w/ @blancharder @PaulBurgo @urgeintheicebox https://t.co\xe2\x80\xa6"""
818516310871183360,2017-01-09 17:54:30,b'RIP Zygmunt Bauman. His incredible scholarship will forever remain with us. #inmemoriam https://t.co/3DpOyoDuzS'
816629622452391936,2017-01-04 12:57:28,b'With anticipation! https://t.co/GmlAUf8dtg'
806082544659795968,2016-12-06 10:27:09,"b""RT @Jonathan_Saha: #twitterstorians CfP for a workshop I'm helping to organise for BME historians. Please circulate widely! \nhttps://t.co/2\xe2\x80\xa6"""
796301933967474689,2016-11-09 10:42:30,"b'RT @_Stolpersteine_: Gedenktag 9. November - Den Opfern zur Erinnerung, den Lebenden zur Mahnung.  #9Nov #keinverblassen #Stolpersteine #De\xe2\x80\xa6'"
796301719307243522,2016-11-09 10:41:39,b'Reading Rousseau this morning #AmericanElection https://t.co/IbVjLdJkae'
796296449344606209,2016-11-09 10:20:42,b'RT @Der_Phil_B: Beruhigt Euch und zieht nach Brandenburg. Dort hat Clinton die US-Wahl gewonnen. https://t.co/npep0mKtTY'
796265892229369860,2016-11-09 08:19:17,b'The 18th Brumaire of Donald Trump https://t.co/7GQf9xGlNF'
793364143998898176,2016-11-01 08:08:46,b'Depressing https://t.co/VP9cKvyhlA'
792998553497038848,2016-10-31 07:56:03,b'\xe2\x80\x9cLecturer in History {...} and a tireless organiser of petitions and champion of lost causes.\xe2\x80\x9d @Telegraph https://t.co/ApfoAnBrWr'
788291028726022144,2016-10-18 08:10:01,"b'RT @logge_hh: Unsere Ausstellung ""Auf beiden Seiten der Barrikade"" er\xc3\xb6ffnet heute im #Herder-Institut Marburg #PublicHistoryHH https://t.co\xe2\x80\xa6'"
775748973793378304,2016-09-13 17:32:22,b'that moment when you realise that the pop artists you listen 2 in your weak moments are younger than you. i guess we all get there #agesoft'
775327687896395776,2016-09-12 13:38:20,b'RT @nils_gilman: A main effect of 1989 was to bury the memory of how much the West in the 1970s was beset by a sense of its own decline and\xe2\x80\xa6'
774549406318145536,2016-09-10 10:05:43,"b'Conference in Florence on new paths in Intellectual History, from the local to the global https://t.co/Wqkj3ejPyE'"
773972839309250560,2016-09-08 19:54:39,b'Did nation-states succeed empires? Michael Goebel challenges the revisionsists who have become mainstram. https://t.co/MyRGs8mpET'
772457106842746880,2016-09-04 15:31:40,"b'RT @yanisvaroufakis: Full transcript (+ video) of my discussion with Noam Chomsky on economics, politics, the US and Europe https://t.co/e9\xe2\x80\xa6'"
771002159441833984,2016-08-31 15:10:13,"b""RT @cambUP_History: Why are some parts of the world poor today, while others are rich? Find out in Joerg Baten's new book! https://t.co/a6m\xe2\x80\xa6"""
756593331879211008,2016-07-22 20:54:41,"b'5 years ago to the day Breivik shot 77 on #Ut\xc3\xb8ya, a reminder that terror draws on sources from across the IPO spectrum #Munich'"
756583068304048128,2016-07-22 20:13:54,b'RT @SZ_Muenchen: Polizeisprecher stellt klar: Aktuell gebe es keinerlei Hinweise auf einen islamistischen Hintergrund der Tat. #Muenchen'
756573702590959616,2016-07-22 19:36:41,"b'At least 5 dead, 3 shooters still on the run. Terror has struck in Germany #Munich  https://t.co/yJfc25mnQS'"
756572793160994817,2016-07-22 19:33:04,b'RT @guardian: #Munich shooting: at least three people killed - live updates https://t.co/g4MWEfreOM'
755698546620399616,2016-07-20 09:39:08,b'RT @DKultur: 50 Jahre Star Treck: Philosophieprof. Klaus Vieweg findet Gedanken von Kant und Hegel in der Serie wieder. #StarTrek\nhttps://t\xe2\x80\xa6'
755694857599975424,2016-07-20 09:24:28,"b""RT @TranscriBentham: Download 'Panopticon Pandemonium' now for free &amp; see how you fare running Bentham's prison!\n\nhttps://t.co/uLWS5QvG2B h\xe2\x80\xa6"""
752809133678747648,2016-07-12 10:17:38,b'RT @maksdelmar: Greatly looking forward (out in Oct): Gareth Stedman Jones @QMHistory on Marx &amp; his time: https://t.co/x14hlmTbLs https://t\xe2\x80\xa6'
752808169081012224,2016-07-12 10:13:48,"b'RT @maklimke: OUT NOW IN PBK: Honeck/Klimke/Kuhlmann, ""Germany and the Black Diaspora"" (Berghahn, 2016), https://t.co/QDWSUZBiXP https://t.\xe2\x80\xa6'"
752806619499618306,2016-07-12 10:07:39,"b'RT @RefugeMvingWrld: Oxford Handbook of Refugee &amp; Forced Migration Studies out in paperback! Only \xc2\xa330, w/ 30% off w/ ASFLYQ6 code online: h\xe2\x80\xa6'"
751371431926194176,2016-07-08 11:04:43,"b""Why direct democracy isn't a simple solution to the crisis of representative government #BrexitVote https://t.co/Zg2AT6uDvI"""
745881955644874752,2016-06-23 07:31:30,b'I hope Brit. citz. that as you go to the polling booths today you will remember:this decision is not just about you! #BrexitOrNot #Remain'
264131736722604032,2012-11-01 22:28:08,"b'having the choice, whether to volunteer ot not, tells us something about a certain power position from which we act #globalpov'"
263778574161563649,2012-10-31 23:04:47,b'Ryan budget cuts regional develpment+FEMA to 11 billion #globalpov http://t.co/BhU7iy83 (via @ABC)'
263775236581892096,2012-10-31 22:51:31,b'Paul Ryan Balances Storm Relief with Politics Just Seven Days Out http://t.co/ccu203Mt (via @ABC)'
262756584126558208,2012-10-29 03:23:46,b'something about knowledge reproduction #globalpov http://t.co/N1Y8vLqO'
262756415188373504,2012-10-29 03:23:06,b'something about knowledge reproduction http://t.co/nN0I5CH7'
241295678477852675,2012-08-30 22:05:47,"b'Easterly writes: ""the plan is to have no plan"" #globalpov'"
241289843278241793,2012-08-30 21:42:36,"b'they both assume that there is something like ""the"" good/bad governance, but is there? #globalpov'"
